{
"type": "FeatureCollection",
"name": "002-gatineau-gatineau-park",
"crs": { "type": "name", "properties": { "name": "urn:ogc:def:crs:OGC:1.3:CRS84" } },
"xy_coordinate_resolution": 1e-06,
"features": [
{ "type": "Feature", "properties": { "cls": "separated", "highway": "cycleway", "name": "Sentier du Lac-des-Fées" }, "geometry": { "type": "LineString", "coordinates": [ [ -75.738388, 45.427077 ], [ -75.738392, 45.427068 ], [ -75.738417, 45.427031 ], [ -75.738439, 45.426983 ], [ -75.738444, 45.426902 ], [ -75.738423, 45.426877 ], [ -75.738353, 45.426819 ], [ -75.738338, 45.426806 ], [ -75.738288, 45.42678 ], [ -75.73814, 45.426713 ], [ -75.737802, 45.426571 ], [ -75.737696, 45.426515 ], [ -75.737616, 45.426467 ], [ -75.737527, 45.426397 ], [ -75.737452, 45.426333 ], [ -75.737291, 45.426191 ], [ -75.737137, 45.426029 ], [ -75.736923, 45.425818 ], [ -75.736869, 45.425765 ], [ -75.736836, 45.42572 ], [ -75.736814, 45.425678 ], [ -75.736783, 45.425593 ], [ -75.736747, 45.425503 ], [ -75.736695, 45.425409 ], [ -75.736652, 45.425342 ], [ -75.736462, 45.42509 ], [ -75.736395, 45.424991 ], [ -75.736303, 45.42487 ], [ -75.736007, 45.42459 ], [ -75.735813, 45.42431 ], [ -75.735682, 45.424109 ], [ -75.735653, 45.424074 ], [ -75.735619, 45.42404 ], [ -75.735603, 45.424023 ], [ -75.735574, 45.424009 ], [ -75.735518, 45.42399 ], [ -75.735184, 45.423903 ], [ -75.735136, 45.423889 ], [ -75.735095, 45.423881 ], [ -75.735046, 45.423883 ], [ -75.734889, 45.423933 ] ] } },
{ "type": "Feature", "properties": { "cls": "shared", "highway": "cycleway", "name": "Sentier du Parc-de-la-Gatineau" }, "geometry": { "type": "LineString", "coordinates": [ [ -75.74208, 45.422509 ], [ -75.742104, 45.422521 ], [ -75.742159, 45.422551 ], [ -75.742208, 45.422571 ], [ -75.742265, 45.422584 ], [ -75.742343, 45.422584 ], [ -75.742467, 45.422577 ], [ -75.742597, 45.422559 ], [ -75.742699, 45.422561 ], [ -75.742755, 45.42257 ], [ -75.742822, 45.422593 ], [ -75.742867, 45.422617 ], [ -75.743013, 45.422755 ], [ -75.743081, 45.422821 ], [ -75.743142, 45.422865 ], [ -75.74324, 45.422896 ], [ -75.743341, 45.42292 ], [ -75.743538, 45.42296 ], [ -75.743786, 45.422999 ], [ -75.744155, 45.42304 ], [ -75.744267, 45.42306 ], [ -75.7443, 45.42307 ], [ -75.744326, 45.423084 ], [ -75.744399, 45.423134 ], [ -75.744503, 45.423213 ], [ -75.744844, 45.423453 ], [ -75.744967, 45.423551 ], [ -75.745064, 45.423657 ], [ -75.74515, 45.42377 ], [ -75.745219, 45.42388 ], [ -75.745275, 45.423985 ], [ -75.745328, 45.424085 ], [ -75.745346, 45.42416 ], [ -75.745357, 45.424237 ], [ -75.745362, 45.424311 ], [ -75.745352, 45.424409 ], [ -75.745332, 45.424481 ], [ -75.745222, 45.424691 ], [ -75.7452, 45.424754 ], [ -75.745187, 45.424819 ], [ -75.745179, 45.424896 ], [ -75.745204, 45.425005 ], [ -75.745358, 45.425378 ], [ -75.745392, 45.425556 ], [ -75.745387, 45.42567 ], [ -75.745345, 45.4258 ], [ -75.745298, 45.425968 ], [ -75.745266, 45.426053 ], [ -75.745255, 45.426104 ], [ -75.745328, 45.4263 ], [ -75.745401, 45.42658 ], [ -75.74538, 45.426869 ], [ -75.745332, 45.427044 ], [ -75.745293, 45.427164 ], [ -75.745281, 45.427224 ], [ -75.745341, 45.427405 ], [ -75.745404, 45.427495 ], [ -75.745478, 45.427571 ], [ -75.745641, 45.427685 ], [ -75.745715, 45.427763 ], [ -75.745757, 45.427833 ], [ -75.745798, 45.427901 ], [ -75.745812, 45.42797 ], [ -75.745794, 45.428066 ], [ -75.745753, 45.428191 ], [ -75.745697, 45.428348 ], [ -75.745699, 45.428432 ], [ -75.745714, 45.428516 ], [ -75.745747, 45.428588 ], [ -75.745796, 45.428664 ], [ -75.745976, 45.428781 ], [ -75.746324, 45.42898 ], [ -75.746469, 45.429094 ], [ -75.74662, 45.429203 ], [ -75.747011, 45.429363 ], [ -75.747131, 45.42942 ], [ -75.747512, 45.429631 ], [ -75.747709, 45.429754 ], [ -75.747852, 45.429863 ], [ -75.748101, 45.43014 ], [ -75.748169, 45.430221 ], [ -75.748281, 45.430309 ], [ -75.748457, 45.430417 ], [ -75.748757, 45.43067 ], [ -75.74892, 45.430893 ], [ -75.749083, 45.431086 ], [ -75.749186, 45.431299 ], [ -75.749216, 45.43139 ], [ -75.749246, 45.431489 ], [ -75.74928, 45.431574 ], [ -75.749341, 45.431655 ], [ -75.749425, 45.431724 ], [ -75.749697, 45.431964 ], [ -75.749829, 45.432079 ], [ -75.749867, 45.432117 ], [ -75.749908, 45.432153 ], [ -75.74993, 45.4322 ] ] } },
{ "type": "Feature", "properties": { "cls": "shared", "highway": "cycleway", "name": "Sentier du Parc-de-la-Gatineau" }, "geometry": { "type": "LineString", "coordinates": [ [ -75.74993, 45.4322 ], [ -75.750163, 45.432884 ] ] } },
{ "type": "Feature", "properties": { "cls": "shared", "highway": "cycleway", "name": "Sentier des Pionniers Pathway" }, "geometry": { "type": "LineString", "coordinates": [ [ -75.747938, 45.432622 ], [ -75.747075, 45.432608 ], [ -75.744908, 45.432558 ] ] } },
{ "type": "Feature", "properties": { "cls": "shared", "highway": "cycleway", "name": "Sentier des Pionniers Pathway" }, "geometry": { "type": "LineString", "coordinates": [ [ -75.750265, 45.433537 ], [ -75.750155, 45.433524 ], [ -75.749996, 45.433496 ], [ -75.749891, 45.433476 ], [ -75.74978, 45.433446 ], [ -75.749677, 45.433406 ], [ -75.749583, 45.433361 ], [ -75.749507, 45.43331 ], [ -75.749413, 45.433238 ], [ -75.749224, 45.433053 ], [ -75.748944, 45.432826 ], [ -75.748875, 45.432786 ], [ -75.74877, 45.432734 ], [ -75.748661, 45.432693 ], [ -75.748574, 45.432669 ], [ -75.748473, 45.432647 ], [ -75.748296, 45.432627 ], [ -75.74822, 45.432626 ], [ -75.747938, 45.432622 ] ] } },
{ "type": "Feature", "properties": { "cls": "shared", "highway": "cycleway", "name": "Sentier des Pionniers Pathway" }, "geometry": { "type": "LineString", "coordinates": [ [ -75.762508, 45.432146 ], [ -75.762505, 45.432147 ], [ -75.762447, 45.432176 ], [ -75.762417, 45.432218 ], [ -75.762414, 45.432253 ], [ -75.762423, 45.43229 ], [ -75.762451, 45.432368 ], [ -75.762483, 45.432448 ], [ -75.762621, 45.432697 ], [ -75.762722, 45.432979 ], [ -75.762782, 45.433229 ], [ -75.762822, 45.433419 ], [ -75.76282, 45.433639 ], [ -75.762802, 45.43369 ], [ -75.76276, 45.433743 ], [ -75.762705, 45.433781 ], [ -75.762638, 45.43381 ], [ -75.762544, 45.433828 ], [ -75.762054, 45.43384 ], [ -75.761737, 45.433843 ], [ -75.761423, 45.433843 ], [ -75.761067, 45.43386 ], [ -75.760963, 45.433858 ], [ -75.760819, 45.433854 ], [ -75.760731, 45.433858 ], [ -75.760653, 45.433866 ], [ -75.760515, 45.433884 ], [ -75.760368, 45.433911 ], [ -75.760079, 45.433952 ], [ -75.759237, 45.434075 ], [ -75.758792, 45.43413 ], [ -75.758381, 45.434181 ], [ -75.758175, 45.434206 ], [ -75.757945, 45.434223 ], [ -75.757483, 45.434235 ], [ -75.757315, 45.434235 ], [ -75.757127, 45.434225 ], [ -75.756758, 45.4342 ], [ -75.756645, 45.434192 ], [ -75.756522, 45.434176 ], [ -75.756359, 45.434125 ], [ -75.756169, 45.434059 ], [ -75.755961, 45.433981 ], [ -75.755833, 45.433935 ], [ -75.755705, 45.433883 ], [ -75.755283, 45.433646 ], [ -75.754846, 45.433422 ], [ -75.754648, 45.43332 ], [ -75.754609, 45.433303 ], [ -75.754558, 45.433284 ], [ -75.754488, 45.433265 ], [ -75.754405, 45.433246 ], [ -75.754371, 45.433238 ], [ -75.754334, 45.433238 ], [ -75.754252, 45.433246 ], [ -75.754205, 45.433262 ], [ -75.754166, 45.433281 ], [ -75.754147, 45.433301 ], [ -75.754128, 45.433321 ], [ -75.7541, 45.433362 ], [ -75.754074, 45.433417 ], [ -75.754062, 45.433503 ], [ -75.754045, 45.433607 ] ] } },
{ "type": "Feature", "properties": { "cls": "shared", "highway": "cycleway", "name": "Sentier des Pionniers Pathway" }, "geometry": { "type": "LineString", "coordinates": [ [ -75.754045, 45.433607 ], [ -75.754045, 45.434079 ] ] } },
{ "type": "Feature", "properties": { "cls": "shared", "highway": "cycleway", "name": "Sentier des Pionniers Pathway" }, "geometry": { "type": "LineString", "coordinates": [ [ -75.754045, 45.434079 ], [ -75.754044, 45.434201 ], [ -75.754024, 45.434282 ], [ -75.754017, 45.434299 ], [ -75.753991, 45.434355 ], [ -75.753895, 45.434503 ], [ -75.753805, 45.434643 ], [ -75.753603, 45.434816 ], [ -75.753398, 45.434993 ], [ -75.753267, 45.435124 ], [ -75.753109, 45.435301 ], [ -75.752913, 45.435582 ], [ -75.752718, 45.435897 ], [ -75.752596, 45.436128 ], [ -75.752551, 45.436198 ], [ -75.752505, 45.436258 ], [ -75.752468, 45.436291 ], [ -75.752416, 45.436316 ] ] } },
{ "type": "Feature", "properties": { "cls": "shared", "highway": "cycleway", "name": null }, "geometry": { "type": "LineString", "coordinates": [ [ -75.766014, 45.437479 ], [ -75.765952, 45.437499 ], [ -75.765917, 45.437521 ], [ -75.765854, 45.437579 ], [ -75.76576, 45.437647 ], [ -75.765651, 45.437706 ], [ -75.7654, 45.437801 ], [ -75.76516, 45.437939 ], [ -75.764885, 45.438129 ], [ -75.764661, 45.438279 ], [ -75.764464, 45.438395 ], [ -75.76424, 45.438506 ], [ -75.763858, 45.438658 ], [ -75.763503, 45.438777 ], [ -75.763126, 45.438899 ], [ -75.762439, 45.439121 ], [ -75.762251, 45.439196 ], [ -75.76204, 45.439329 ], [ -75.761983, 45.439352 ] ] } },
{ "type": "Feature", "properties": { "cls": "separated", "highway": "cycleway", "name": null }, "geometry": { "type": "LineString", "coordinates": [ [ -75.761983, 45.439352 ], [ -75.761919, 45.439377 ], [ -75.761895, 45.439386 ] ] } },
{ "type": "Feature", "properties": { "cls": "shared", "highway": "cycleway", "name": null }, "geometry": { "type": "LineString", "coordinates": [ [ -75.761781, 45.4394 ], [ -75.761752, 45.439454 ], [ -75.761725, 45.439501 ], [ -75.761721, 45.439533 ], [ -75.761732, 45.439568 ], [ -75.761758, 45.439644 ], [ -75.761779, 45.439687 ], [ -75.761786, 45.439708 ], [ -75.761785, 45.439747 ], [ -75.76177, 45.439794 ], [ -75.761763, 45.43981 ], [ -75.761756, 45.439836 ] ] } },
{ "type": "Feature", "properties": { "cls": "shared", "highway": "cycleway", "name": "Sentier du Parc-de-la-Gatineau" }, "geometry": { "type": "LineString", "coordinates": [ [ -75.76216, 45.439879 ], [ -75.762162, 45.439848 ], [ -75.762153, 45.43982 ], [ -75.761983, 45.439558 ], [ -75.76187, 45.439394 ] ] } },
{ "type": "Feature", "properties": { "cls": "separated", "highway": "cycleway", "name": null }, "geometry": { "type": "LineString", "coordinates": [ [ -75.762133, 45.440272 ], [ -75.762374, 45.440336 ] ] } },
{ "type": "Feature", "properties": { "cls": "shared", "highway": "cycleway", "name": "Sentier du Parc-de-la-Gatineau" }, "geometry": { "type": "LineString", "coordinates": [ [ -75.750163, 45.432884 ], [ -75.75018, 45.432996 ], [ -75.750195, 45.433092 ], [ -75.750207, 45.433177 ], [ -75.75024, 45.433447 ], [ -75.750265, 45.433537 ], [ -75.750332, 45.433673 ], [ -75.75043, 45.433833 ], [ -75.750525, 45.434025 ], [ -75.750581, 45.434146 ], [ -75.750632, 45.434259 ], [ -75.750664, 45.434334 ], [ -75.750695, 45.434404 ], [ -75.750791, 45.434567 ], [ -75.750837, 45.434635 ], [ -75.750892, 45.434696 ], [ -75.750967, 45.434766 ], [ -75.751041, 45.434841 ], [ -75.751133, 45.434925 ], [ -75.751321, 45.435096 ], [ -75.751343, 45.435116 ], [ -75.751421, 45.435203 ], [ -75.75157, 45.435402 ], [ -75.751823, 45.435756 ], [ -75.752028, 45.436005 ], [ -75.752206, 45.436228 ], [ -75.752252, 45.436305 ], [ -75.752273, 45.436377 ], [ -75.752276, 45.436444 ], [ -75.752266, 45.436547 ], [ -75.75225, 45.436654 ], [ -75.752247, 45.436681 ], [ -75.75225, 45.436708 ], [ -75.752263, 45.436722 ], [ -75.75229, 45.436736 ], [ -75.752373, 45.436751 ], [ -75.752491, 45.436777 ], [ -75.752657, 45.436816 ], [ -75.752806, 45.436854 ], [ -75.752904, 45.43689 ], [ -75.752977, 45.43692 ], [ -75.753102, 45.436984 ], [ -75.753307, 45.437094 ], [ -75.753569, 45.437217 ], [ -75.753815, 45.437309 ], [ -75.754053, 45.437389 ], [ -75.754395, 45.437482 ], [ -75.754746, 45.437564 ], [ -75.755095, 45.437644 ], [ -75.755346, 45.437699 ], [ -75.755578, 45.43775 ], [ -75.755824, 45.437799 ], [ -75.755928, 45.437822 ], [ -75.756156, 45.437877 ], [ -75.756323, 45.437953 ], [ -75.756445, 45.438019 ], [ -75.756529, 45.438077 ], [ -75.756617, 45.438173 ], [ -75.75666, 45.438246 ], [ -75.756687, 45.438291 ], [ -75.756732, 45.438348 ], [ -75.756803, 45.438453 ], [ -75.756861, 45.438536 ], [ -75.756923, 45.438623 ], [ -75.75698, 45.438684 ], [ -75.757055, 45.438739 ], [ -75.757142, 45.438797 ], [ -75.757227, 45.438829 ], [ -75.757328, 45.438837 ], [ -75.757464, 45.43883 ], [ -75.757615, 45.438807 ], [ -75.757709, 45.438798 ], [ -75.757757, 45.438796 ], [ -75.757854, 45.438802 ], [ -75.758017, 45.43882 ], [ -75.758194, 45.438843 ], [ -75.758297, 45.438837 ], [ -75.7584, 45.438822 ], [ -75.758788, 45.438718 ], [ -75.758931, 45.43869 ], [ -75.759126, 45.438672 ], [ -75.75922, 45.43867 ], [ -75.759304, 45.438662 ], [ -75.759451, 45.438623 ], [ -75.75953, 45.438594 ], [ -75.759617, 45.438572 ], [ -75.759696, 45.438562 ], [ -75.759778, 45.438563 ], [ -75.759841, 45.438571 ], [ -75.759891, 45.438587 ], [ -75.759952, 45.438625 ], [ -75.759988, 45.438662 ], [ -75.760012, 45.4387 ], [ -75.760023, 45.438738 ], [ -75.760021, 45.438781 ], [ -75.760015, 45.438834 ], [ -75.760001, 45.438945 ], [ -75.759952, 45.439077 ], [ -75.759954, 45.439124 ], [ -75.759972, 45.439161 ], [ -75.76, 45.439195 ], [ -75.760047, 45.439227 ], [ -75.760091, 45.439239 ], [ -75.760143, 45.43924 ], [ -75.760188, 45.439233 ], [ -75.76025, 45.439211 ], [ -75.760286, 45.439169 ], [ -75.760368, 45.439025 ], [ -75.760434, 45.438898 ], [ -75.760485, 45.438803 ], [ -75.760532, 45.438741 ], [ -75.760604, 45.438689 ], [ -75.76068, 45.438654 ], [ -75.760733, 45.438638 ], [ -75.760797, 45.438625 ], [ -75.7609, 45.438617 ], [ -75.760998, 45.438619 ], [ -75.761173, 45.438665 ], [ -75.761336, 45.438744 ], [ -75.761417, 45.438804 ], [ -75.761481, 45.438861 ], [ -75.76155, 45.438925 ], [ -75.761602, 45.43899 ], [ -75.761672, 45.439084 ], [ -75.761743, 45.439188 ], [ -75.76187, 45.439394 ] ] } },
{ "type": "Feature", "properties": { "cls": "shared", "highway": "cycleway", "name": "Sentier des Pionniers Pathway" }, "geometry": { "type": "LineString", "coordinates": [ [ -75.752416, 45.436316 ], [ -75.752364, 45.43634 ], [ -75.752328, 45.436357 ] ] } },
{ "type": "Feature", "properties": { "cls": "shared", "highway": "cycleway", "name": "Sentier des Pionniers Pathway" }, "geometry": { "type": "LineString", "coordinates": [ [ -75.752328, 45.436357 ], [ -75.752273, 45.436377 ] ] } },
{ "type": "Feature", "properties": { "cls": "shared", "highway": "cycleway", "name": null }, "geometry": { "type": "LineString", "coordinates": [ [ -75.756617, 45.438173 ], [ -75.756686, 45.437894 ] ] } },
{ "type": "Feature", "properties": { "cls": "shared", "highway": "cycleway", "name": null }, "geometry": { "type": "LineString", "coordinates": [ [ -75.757235, 45.440828 ], [ -75.759662, 45.440028 ], [ -75.761534, 45.439414 ], [ -75.761622, 45.439402 ], [ -75.76172, 45.439404 ], [ -75.761781, 45.4394 ], [ -75.76187, 45.439394 ], [ -75.761895, 45.439386 ] ] } },
{ "type": "Feature", "properties": { "cls": "shared", "highway": "cycleway", "name": "Sentier du Lac-des-Fées Pathway" }, "geometry": { "type": "LineString", "coordinates": [ [ -75.75272, 45.441744 ], [ -75.752831, 45.441755 ], [ -75.753014, 45.441761 ], [ -75.75307, 45.441761 ], [ -75.753135, 45.441772 ], [ -75.753179, 45.441796 ], [ -75.753319, 45.44202 ] ] } },
{ "type": "Feature", "properties": { "cls": "shared", "highway": "cycleway", "name": "Sentier du Lac-des-Fées" }, "geometry": { "type": "LineString", "coordinates": [ [ -75.75272, 45.441744 ], [ -75.752639, 45.441898 ], [ -75.752552, 45.442019 ], [ -75.752407, 45.442142 ], [ -75.752232, 45.442248 ], [ -75.751947, 45.442367 ], [ -75.751671, 45.442461 ], [ -75.751318, 45.442567 ], [ -75.751229, 45.442596 ], [ -75.751071, 45.442646 ], [ -75.750863, 45.442725 ], [ -75.750722, 45.442799 ] ] } },
{ "type": "Feature", "properties": { "cls": "shared", "highway": "cycleway", "name": "Sentier du Parc-de-la-Gatineau" }, "geometry": { "type": "LineString", "coordinates": [ [ -75.762233, 45.440061 ], [ -75.762251, 45.440104 ], [ -75.762259, 45.440126 ], [ -75.762259, 45.440137 ], [ -75.762255, 45.440151 ], [ -75.762236, 45.440178 ], [ -75.762189, 45.44022 ], [ -75.762133, 45.440272 ], [ -75.762111, 45.440294 ], [ -75.762095, 45.440319 ], [ -75.762084, 45.440346 ], [ -75.762048, 45.440478 ], [ -75.76201, 45.440592 ], [ -75.761904, 45.440846 ], [ -75.761831, 45.440981 ], [ -75.761734, 45.441092 ], [ -75.761614, 45.441213 ], [ -75.761284, 45.441447 ], [ -75.761021, 45.441636 ], [ -75.760773, 45.441812 ], [ -75.760655, 45.44194 ], [ -75.760547, 45.442073 ], [ -75.760313, 45.442407 ], [ -75.759648, 45.443316 ], [ -75.759444, 45.443658 ], [ -75.759412, 45.443735 ], [ -75.759393, 45.443816 ], [ -75.759396, 45.443925 ], [ -75.759416, 45.444033 ], [ -75.759449, 45.444121 ], [ -75.759494, 45.444192 ], [ -75.759582, 45.444278 ], [ -75.759627, 45.444312 ], [ -75.759692, 45.444346 ], [ -75.760051, 45.444472 ] ] } },
{ "type": "Feature", "properties": { "cls": "shared", "highway": "cycleway", "name": null }, "geometry": { "type": "LineString", "coordinates": [ [ -75.751051, 45.445514 ], [ -75.75106, 45.445594 ], [ -75.751085, 45.445718 ], [ -75.751122, 45.445798 ], [ -75.751162, 45.445862 ], [ -75.751199, 45.445903 ], [ -75.751249, 45.445941 ], [ -75.751368, 45.44603 ] ] } },
{ "type": "Feature", "properties": { "cls": "shared", "highway": "cycleway", "name": "Sentier du Parc-de-la-Gatineau" }, "geometry": { "type": "LineString", "coordinates": [ [ -75.760051, 45.444472 ], [ -75.760212, 45.444524 ], [ -75.760357, 45.444603 ], [ -75.760481, 45.444664 ], [ -75.760651, 45.444795 ], [ -75.760823, 45.444936 ], [ -75.760992, 45.44505 ], [ -75.76116, 45.445152 ], [ -75.761672, 45.44543 ] ] } },
{ "type": "Feature", "properties": { "cls": "shared", "highway": "cycleway", "name": "Sentier du Parc-de-la-Gatineau" }, "geometry": { "type": "LineString", "coordinates": [ [ -75.751331, 45.446095 ], [ -75.751368, 45.44603 ], [ -75.751389, 45.446018 ], [ -75.751466, 45.445995 ], [ -75.751577, 45.445963 ], [ -75.751669, 45.445935 ], [ -75.751872, 45.445898 ], [ -75.753331, 45.445734 ], [ -75.753557, 45.445709 ], [ -75.75469, 45.445635 ], [ -75.755724, 45.445586 ], [ -75.755825, 45.445581 ], [ -75.756494, 45.445538 ], [ -75.756731, 45.44551 ], [ -75.757006, 45.445508 ], [ -75.757259, 45.445472 ], [ -75.757644, 45.445367 ], [ -75.758105, 45.445329 ], [ -75.758202, 45.445303 ], [ -75.758284, 45.445259 ], [ -75.758529, 45.445026 ], [ -75.758637, 45.444948 ], [ -75.758881, 45.444815 ], [ -75.759014, 45.44476 ], [ -75.759113, 45.44474 ], [ -75.759268, 45.444738 ], [ -75.759698, 45.44482 ], [ -75.759816, 45.444808 ], [ -75.759905, 45.444762 ], [ -75.759962, 45.444696 ], [ -75.760051, 45.444472 ] ] } },
{ "type": "Feature", "properties": { "cls": "separated", "highway": "cycleway", "name": null }, "geometry": { "type": "LineString", "coordinates": [ [ -75.76156, 45.440941 ], [ -75.761611, 45.44099 ], [ -75.76168, 45.441048 ], [ -75.761734, 45.441092 ] ] } },
{ "type": "Feature", "properties": { "cls": "shared", "highway": "cycleway", "name": "Sentier du Parc-de-la-Gatineau" }, "geometry": { "type": "LineString", "coordinates": [ [ -75.761672, 45.44543 ], [ -75.762351, 45.445807 ] ] } },
{ "type": "Feature", "properties": { "cls": "shared", "highway": "cycleway", "name": null }, "geometry": { "type": "LineString", "coordinates": [ [ -75.763167, 45.446301 ], [ -75.763244, 45.446246 ] ] } },
{ "type": "Feature", "properties": { "cls": "shared", "highway": "cycleway", "name": "Sentier du Parc-de-la-Gatineau" }, "geometry": { "type": "LineString", "coordinates": [ [ -75.762351, 45.445807 ], [ -75.762803, 45.446062 ], [ -75.76312, 45.446249 ], [ -75.763167, 45.446301 ], [ -75.763155, 45.446412 ], [ -75.76306, 45.446514 ], [ -75.762811, 45.446646 ], [ -75.762657, 45.446743 ], [ -75.762597, 45.446923 ], [ -75.762597, 45.44708 ], [ -75.762597, 45.447255 ], [ -75.762666, 45.447399 ], [ -75.762775, 45.447477 ], [ -75.762906, 45.447526 ], [ -75.76316, 45.44755 ], [ -75.763416, 45.447545 ], [ -75.76381, 45.447467 ], [ -75.763913, 45.447465 ], [ -75.764012, 45.447481 ], [ -75.764189, 45.447554 ], [ -75.764291, 45.447635 ], [ -75.764375, 45.447763 ], [ -75.764433, 45.447901 ], [ -75.764462, 45.448043 ], [ -75.764466, 45.448114 ], [ -75.764427, 45.448292 ], [ -75.764357, 45.448427 ], [ -75.764354, 45.448535 ], [ -75.764398, 45.448638 ], [ -75.764489, 45.448725 ], [ -75.7646, 45.448799 ], [ -75.765204, 45.449073 ], [ -75.765647, 45.449319 ], [ -75.765935, 45.449524 ], [ -75.76608, 45.449645 ] ] } },
{ "type": "Feature", "properties": { "cls": "separated", "highway": "cycleway", "name": null }, "geometry": { "type": "LineString", "coordinates": [ [ -75.76608, 45.449645 ], [ -75.765977, 45.449774 ], [ -75.76556, 45.45001 ] ] } },
{ "type": "Feature", "properties": { "cls": "shared", "highway": "cycleway", "name": "Sentier du Parc de la Gatineau" }, "geometry": { "type": "LineString", "coordinates": [ [ -75.76608, 45.449645 ], [ -75.766209, 45.449669 ], [ -75.766345, 45.449679 ], [ -75.766522, 45.449666 ], [ -75.766688, 45.449692 ], [ -75.766956, 45.449858 ], [ -75.76717, 45.449944 ], [ -75.767648, 45.45002 ], [ -75.768216, 45.45023 ], [ -75.769016, 45.450358 ], [ -75.769138, 45.450394 ] ] } },
{ "type": "Feature", "properties": { "cls": "shared", "highway": "cycleway", "name": null }, "geometry": { "type": "LineString", "coordinates": [ [ -75.769138, 45.450394 ], [ -75.769185, 45.450265 ] ] } },
{ "type": "Feature", "properties": { "cls": "shared", "highway": "cycleway", "name": null }, "geometry": { "type": "GeometryCollection", "geometries": [ { "type": "LineString", "coordinates": [ [ -75.759594, 45.454199 ], [ -75.759764, 45.454269 ], [ -75.759862, 45.454318 ], [ -75.759991, 45.4544 ], [ -75.760133, 45.454515 ] ] }, { "type": "LineString", "coordinates": [ [ -75.764769, 45.456605 ], [ -75.764808, 45.456611 ], [ -75.764943, 45.456642 ], [ -75.765035, 45.456671 ], [ -75.765057, 45.456678 ], [ -75.765092, 45.456696 ], [ -75.765221, 45.456761 ], [ -75.76535, 45.456821 ], [ -75.765452, 45.456858 ], [ -75.765554, 45.456898 ], [ -75.765624, 45.456924 ], [ -75.765642, 45.456932 ], [ -75.765717, 45.456964 ], [ -75.765817, 45.457003 ], [ -75.76591, 45.457042 ], [ -75.765946, 45.457056 ], [ -75.766125, 45.457133 ], [ -75.766211, 45.457165 ], [ -75.766289, 45.457194 ], [ -75.766401, 45.457243 ], [ -75.76646, 45.457273 ], [ -75.766484, 45.457292 ], [ -75.766507, 45.457319 ] ] }, { "type": "LineString", "coordinates": [ [ -75.766769, 45.457672 ], [ -75.766802, 45.457733 ], [ -75.766827, 45.457784 ], [ -75.766853, 45.457865 ], [ -75.766872, 45.45792 ], [ -75.766984, 45.458478 ] ] }, { "type": "Point", "coordinates": [ -75.766757, 45.45765 ] }, { "type": "Point", "coordinates": [ -75.76654, 45.457357 ] }, { "type": "Point", "coordinates": [ -75.759174, 45.453952 ] } ] } },
{ "type": "Feature", "properties": { "cls": "shared", "highway": "cycleway", "name": null }, "geometry": { "type": "LineString", "coordinates": [ [ -75.767957, 45.459469 ], [ -75.767816, 45.459475 ], [ -75.767677, 45.459464 ], [ -75.767548, 45.459499 ], [ -75.767195, 45.459519 ] ] } },
{ "type": "Feature", "properties": { "cls": "separated", "highway": "cycleway", "name": null }, "geometry": { "type": "LineString", "coordinates": [ [ -75.789307, 45.450737 ], [ -75.789306, 45.450744 ], [ -75.789295, 45.450792 ] ] } },
{ "type": "Feature", "properties": { "cls": "shared", "highway": "cycleway", "name": "Sentier du Parc-de-la-Gatineau" }, "geometry": { "type": "LineString", "coordinates": [ [ -75.769138, 45.450394 ], [ -75.769146, 45.450485 ], [ -75.769208, 45.450659 ], [ -75.769286, 45.450793 ], [ -75.769566, 45.451176 ], [ -75.769773, 45.451336 ], [ -75.769986, 45.451539 ], [ -75.770142, 45.451726 ], [ -75.770211, 45.451779 ], [ -75.770379, 45.451863 ], [ -75.770472, 45.451891 ], [ -75.770672, 45.451925 ], [ -75.770876, 45.451921 ], [ -75.77118, 45.45196 ], [ -75.771273, 45.45199 ], [ -75.771432, 45.452083 ], [ -75.77157, 45.45219 ], [ -75.771777, 45.452439 ], [ -75.77197, 45.452607 ], [ -75.772211, 45.452884 ], [ -75.77253, 45.453119 ], [ -75.772603, 45.453184 ], [ -75.772637, 45.453247 ], [ -75.772688, 45.453559 ], [ -75.772796, 45.453723 ], [ -75.772914, 45.453962 ], [ -75.772998, 45.454052 ], [ -75.773264, 45.454223 ], [ -75.77336, 45.454307 ], [ -75.773615, 45.454737 ], [ -75.773718, 45.454816 ], [ -75.774129, 45.455033 ], [ -75.774477, 45.455345 ], [ -75.774987, 45.455589 ], [ -75.775344, 45.455848 ], [ -75.775637, 45.456101 ], [ -75.775945, 45.456293 ], [ -75.776216, 45.456396 ], [ -75.776406, 45.456451 ], [ -75.776952, 45.456554 ], [ -75.777226, 45.456654 ], [ -75.777385, 45.456745 ], [ -75.777603, 45.456944 ], [ -75.777813, 45.457103 ], [ -75.778165, 45.457312 ], [ -75.778834, 45.4575 ], [ -75.779361, 45.457725 ], [ -75.779679, 45.457843 ], [ -75.779797, 45.457913 ], [ -75.78004, 45.458099 ], [ -75.780543, 45.458351 ], [ -75.78064, 45.458434 ], [ -75.780769, 45.458783 ], [ -75.780895, 45.45894 ], [ -75.780999, 45.45902 ], [ -75.781404, 45.459241 ], [ -75.781592, 45.459364 ], [ -75.781802, 45.459524 ], [ -75.782021, 45.459724 ], [ -75.782129, 45.459888 ], [ -75.78223, 45.460205 ], [ -75.782349, 45.460362 ], [ -75.782462, 45.460436 ], [ -75.782757, 45.46058 ], [ -75.783041, 45.460837 ], [ -75.783114, 45.4609 ], [ -75.783208, 45.46096 ], [ -75.783345, 45.461029 ], [ -75.783623, 45.461144 ], [ -75.783691, 45.461153 ], [ -75.78375, 45.461158 ], [ -75.783871, 45.461161 ], [ -75.783948, 45.46115 ], [ -75.78403, 45.461138 ], [ -75.784159, 45.461098 ], [ -75.784229, 45.461071 ], [ -75.784477, 45.460965 ], [ -75.784591, 45.460941 ], [ -75.784687, 45.460925 ], [ -75.78494, 45.460891 ], [ -75.785153, 45.460861 ], [ -75.785353, 45.460827 ], [ -75.785578, 45.460773 ], [ -75.785648, 45.460767 ], [ -75.785679, 45.460771 ], [ -75.785707, 45.460784 ], [ -75.785735, 45.4608 ], [ -75.785754, 45.460822 ], [ -75.785758, 45.460836 ], [ -75.785757, 45.46085 ], [ -75.785755, 45.460864 ], [ -75.785747, 45.460876 ], [ -75.785706, 45.460905 ], [ -75.785652, 45.460929 ], [ -75.785581, 45.460955 ], [ -75.785498, 45.460989 ], [ -75.785422, 45.461035 ], [ -75.78537, 45.461068 ], [ -75.785318, 45.461128 ], [ -75.785306, 45.461154 ], [ -75.785298, 45.461181 ], [ -75.78529, 45.461224 ], [ -75.785293, 45.461267 ], [ -75.785334, 45.461419 ], [ -75.78541, 45.46174 ], [ -75.785448, 45.461807 ], [ -75.785467, 45.461841 ], [ -75.785553, 45.461931 ], [ -75.785669, 45.462004 ], [ -75.78658, 45.462321 ], [ -75.786807, 45.462432 ], [ -75.786953, 45.462535 ], [ -75.787075, 45.462652 ], [ -75.787348, 45.463002 ], [ -75.787451, 45.463207 ], [ -75.787477, 45.463314 ], [ -75.787519, 45.463566 ], [ -75.787537, 45.463893 ], [ -75.78752, 45.464111 ], [ -75.78745, 45.464469 ], [ -75.787427, 45.464519 ], [ -75.787386, 45.464568 ], [ -75.787319, 45.46463 ], [ -75.787184, 45.464703 ] ] } },
{ "type": "Feature", "properties": { "cls": "shared", "highway": "path", "name": "Trail 26" }, "geometry": { "type": "LineString", "coordinates": [ [ -75.783114, 45.4609 ], [ -75.782944, 45.460933 ], [ -75.782788, 45.460965 ], [ -75.782611, 45.460981 ], [ -75.782301, 45.460977 ], [ -75.781688, 45.460922 ], [ -75.781156, 45.46079 ], [ -75.780951, 45.460776 ], [ -75.780803, 45.460745 ], [ -75.780586, 45.460649 ], [ -75.78017, 45.460381 ], [ -75.779887, 45.460294 ], [ -75.779241, 45.460173 ], [ -75.77905, 45.460175 ], [ -75.778918, 45.460177 ], [ -75.778881, 45.460177 ], [ -75.778627, 45.460208 ], [ -75.778422, 45.460193 ], [ -75.778275, 45.460161 ], [ -75.7782, 45.460111 ], [ -75.778038, 45.459887 ], [ -75.777952, 45.459797 ], [ -75.777716, 45.459608 ], [ -75.777603, 45.459447 ], [ -75.777485, 45.459378 ], [ -75.777291, 45.459331 ], [ -75.77693, 45.45932 ], [ -75.77632, 45.459382 ], [ -75.77594, 45.459494 ], [ -75.775239, 45.459609 ], [ -75.774854, 45.459599 ] ] } },
{ "type": "Feature", "properties": { "cls": "shared", "highway": "cycleway", "name": null }, "geometry": { "type": "LineString", "coordinates": [ [ -75.77939, 45.464127 ], [ -75.779291, 45.464106 ], [ -75.779209, 45.4641 ], [ -75.77913, 45.464103 ], [ -75.779021, 45.464107 ], [ -75.778818, 45.464133 ], [ -75.778568, 45.464147 ], [ -75.777129, 45.464254 ], [ -75.777039, 45.464251 ], [ -75.776961, 45.46424 ], [ -75.77692, 45.464223 ], [ -75.776766, 45.464154 ], [ -75.776614, 45.464064 ], [ -75.776514, 45.464002 ], [ -75.776429, 45.463935 ], [ -75.776329, 45.463808 ], [ -75.775755, 45.463018 ], [ -75.775698, 45.462967 ], [ -75.775644, 45.462928 ], [ -75.775575, 45.462898 ], [ -75.775227, 45.462764 ], [ -75.775154, 45.462725 ], [ -75.775076, 45.462667 ], [ -75.774985, 45.462589 ], [ -75.774937, 45.462541 ], [ -75.774838, 45.462451 ] ] } },
{ "type": "Feature", "properties": { "cls": "shared", "highway": "cycleway", "name": null }, "geometry": { "type": "LineString", "coordinates": [ [ -75.77963, 45.464193 ], [ -75.779524, 45.464159 ], [ -75.77939, 45.464127 ] ] } },
{ "type": "Feature", "properties": { "cls": "shared", "highway": "cycleway", "name": "Sentier du Ruisseau-Leamy" }, "geometry": { "type": "LineString", "coordinates": [ [ -75.77963, 45.464193 ], [ -75.77978, 45.464232 ], [ -75.779875, 45.464261 ], [ -75.780128, 45.464383 ], [ -75.780283, 45.464424 ], [ -75.780677, 45.464424 ], [ -75.781085, 45.464448 ], [ -75.781217, 45.464504 ], [ -75.781396, 45.464631 ], [ -75.781818, 45.464762 ], [ -75.78211, 45.464909 ], [ -75.782628, 45.465067 ], [ -75.783174, 45.465281 ], [ -75.7835, 45.465362 ], [ -75.78373, 45.465416 ], [ -75.783791, 45.465425 ] ] } },
{ "type": "Feature", "properties": { "cls": "shared", "highway": "cycleway", "name": "Sentier du Ruisseau-Leamy" }, "geometry": { "type": "LineString", "coordinates": [ [ -75.783791, 45.465425 ], [ -75.783873, 45.465407 ], [ -75.783951, 45.465371 ], [ -75.78404, 45.465297 ], [ -75.784398, 45.465025 ], [ -75.784594, 45.464908 ], [ -75.784851, 45.464789 ], [ -75.785175, 45.46468 ], [ -75.785438, 45.464608 ], [ -75.785675, 45.464557 ], [ -75.785842, 45.464532 ], [ -75.785971, 45.464522 ], [ -75.786111, 45.464525 ], [ -75.78625, 45.464537 ], [ -75.786843, 45.464662 ], [ -75.787, 45.46468 ], [ -75.787184, 45.464703 ] ] } },
{ "type": "Feature", "properties": { "cls": "shared", "highway": "cycleway", "name": "Sentier du Parc-de-la-Gatineau" }, "geometry": { "type": "LineString", "coordinates": [ [ -75.787184, 45.464703 ], [ -75.787185, 45.464776 ], [ -75.787185, 45.46483 ], [ -75.787115, 45.465091 ], [ -75.787104, 45.465153 ], [ -75.787098, 45.465408 ], [ -75.787116, 45.465555 ], [ -75.787225, 45.465798 ], [ -75.787313, 45.465913 ] ] } },
{ "type": "Feature", "properties": { "cls": "shared", "highway": "cycleway", "name": "Sentier du Ruisseau-Leamy" }, "geometry": { "type": "LineString", "coordinates": [ [ -75.778907, 45.469122 ], [ -75.779022, 45.46905 ], [ -75.779068, 45.468999 ], [ -75.7791, 45.468946 ], [ -75.779125, 45.468888 ], [ -75.779131, 45.468828 ], [ -75.779129, 45.468788 ], [ -75.779123, 45.468747 ], [ -75.779104, 45.468661 ], [ -75.77908, 45.468571 ], [ -75.779072, 45.468517 ], [ -75.77908, 45.468463 ], [ -75.779093, 45.46841 ], [ -75.779113, 45.468357 ], [ -75.779195, 45.468224 ], [ -75.779309, 45.468064 ], [ -75.779394, 45.467982 ], [ -75.779502, 45.467899 ], [ -75.779632, 45.467821 ], [ -75.779788, 45.467748 ], [ -75.779938, 45.467691 ], [ -75.780074, 45.467635 ], [ -75.78014, 45.467599 ], [ -75.780185, 45.467572 ], [ -75.780216, 45.467536 ], [ -75.780248, 45.467478 ], [ -75.780288, 45.467376 ], [ -75.780341, 45.467185 ], [ -75.78039, 45.466995 ], [ -75.780404, 45.466913 ], [ -75.780411, 45.46683 ], [ -75.780416, 45.466664 ], [ -75.780404, 45.466613 ], [ -75.780374, 45.466562 ], [ -75.780148, 45.466243 ], [ -75.779998, 45.465963 ], [ -75.7799, 45.465731 ], [ -75.779864, 45.465627 ], [ -75.779854, 45.465411 ], [ -75.779809, 45.465347 ], [ -75.77968, 45.465239 ], [ -75.779348, 45.465101 ], [ -75.779282, 45.465046 ], [ -75.779225, 45.464946 ], [ -75.779226, 45.464839 ], [ -75.779271, 45.464746 ], [ -75.779358, 45.46462 ], [ -75.779498, 45.46446 ], [ -75.779587, 45.464282 ], [ -75.77963, 45.464193 ] ] } },
{ "type": "Feature", "properties": { "cls": "shared", "highway": "cycleway", "name": "Sentier du Parc-de-la-Gatineau" }, "geometry": { "type": "LineString", "coordinates": [ [ -75.787313, 45.465913 ], [ -75.787646, 45.466343 ], [ -75.787827, 45.466522 ], [ -75.788065, 45.466716 ], [ -75.788252, 45.466842 ], [ -75.788539, 45.467 ], [ -75.788852, 45.46713 ], [ -75.789182, 45.467239 ], [ -75.789783, 45.467353 ] ] } },
{ "type": "Feature", "properties": { "cls": "shared", "highway": "cycleway", "name": "promenade Sentier du Parc de la Gatineau" }, "geometry": { "type": "LineString", "coordinates": [ [ -75.790317, 45.465998 ], [ -75.79017, 45.466111 ], [ -75.790129, 45.466165 ], [ -75.790108, 45.466231 ], [ -75.790109, 45.466298 ], [ -75.790092, 45.466522 ], [ -75.790025, 45.466773 ], [ -75.789919, 45.467037 ], [ -75.789856, 45.467193 ], [ -75.789783, 45.467353 ] ] } },
{ "type": "Feature", "properties": { "cls": "shared", "highway": "path", "name": "Trail 26" }, "geometry": { "type": "LineString", "coordinates": [ [ -75.774854, 45.459599 ], [ -75.774668, 45.459594 ], [ -75.774313, 45.459585 ], [ -75.773955, 45.459615 ], [ -75.773285, 45.459635 ], [ -75.772825, 45.459597 ], [ -75.772603, 45.459588 ], [ -75.772492, 45.459583 ], [ -75.772395, 45.459583 ], [ -75.772252, 45.459593 ], [ -75.77215, 45.459613 ], [ -75.772087, 45.45963 ], [ -75.771958, 45.459669 ], [ -75.771872, 45.459701 ], [ -75.771816, 45.459727 ], [ -75.771777, 45.459749 ], [ -75.771738, 45.459777 ], [ -75.771697, 45.45981 ], [ -75.771653, 45.45985 ], [ -75.771612, 45.45989 ] ] } },
{ "type": "Feature", "properties": { "cls": "shared", "highway": "cycleway", "name": null }, "geometry": { "type": "MultiLineString", "coordinates": [ [ [ -75.767027, 45.458664 ], [ -75.767062, 45.458695 ], [ -75.767195, 45.459519 ], [ -75.767208, 45.459584 ], [ -75.767243, 45.459771 ], [ -75.767273, 45.4599 ], [ -75.767299, 45.46 ], [ -75.767335, 45.460099 ], [ -75.767388, 45.46019 ], [ -75.767436, 45.460246 ], [ -75.767549, 45.460356 ], [ -75.767664, 45.460462 ], [ -75.767712, 45.460507 ], [ -75.767788, 45.460569 ], [ -75.767866, 45.46063 ], [ -75.767983, 45.460722 ], [ -75.768056, 45.460788 ], [ -75.768125, 45.460867 ], [ -75.768224, 45.460985 ], [ -75.768295, 45.461055 ], [ -75.768346, 45.4611 ], [ -75.768428, 45.461163 ], [ -75.768485, 45.461212 ], [ -75.768642, 45.461346 ], [ -75.768846, 45.461541 ], [ -75.768956, 45.461639 ], [ -75.769133, 45.461787 ], [ -75.76941, 45.462021 ], [ -75.769484, 45.462082 ] ], [ [ -75.76972, 45.462271 ], [ -75.769735, 45.46228 ], [ -75.769783, 45.462322 ] ], [ [ -75.77012, 45.462588 ], [ -75.770165, 45.462605 ], [ -75.770242, 45.462649 ], [ -75.770297, 45.462695 ], [ -75.770617, 45.462928 ], [ -75.77065, 45.462956 ], [ -75.770678, 45.462998 ] ], [ [ -75.771015, 45.463245 ], [ -75.771568, 45.463627 ], [ -75.771712, 45.463757 ] ], [ [ -75.771782, 45.463809 ], [ -75.771896, 45.463876 ], [ -75.772012, 45.463943 ], [ -75.772743, 45.46442 ], [ -75.772955, 45.464559 ], [ -75.773074, 45.464644 ], [ -75.773169, 45.464728 ], [ -75.7732, 45.464769 ], [ -75.773213, 45.464804 ], [ -75.773219, 45.464828 ] ] ] } },
{ "type": "Feature", "properties": { "cls": "separated", "highway": "cycleway", "name": "Trail 27" }, "geometry": { "type": "LineString", "coordinates": [ [ -75.774838, 45.462451 ], [ -75.774657, 45.462274 ], [ -75.774597, 45.462243 ], [ -75.774534, 45.462225 ], [ -75.774478, 45.462214 ], [ -75.774316, 45.462221 ], [ -75.774267, 45.462216 ], [ -75.774216, 45.462189 ] ] } },
{ "type": "Feature", "properties": { "cls": "shared", "highway": "cycleway", "name": "Piste 25" }, "geometry": { "type": "LineString", "coordinates": [ [ -75.793936, 45.468689 ], [ -75.793683, 45.468571 ], [ -75.793353, 45.468487 ], [ -75.792913, 45.468355 ], [ -75.792569, 45.468329 ], [ -75.792285, 45.468277 ], [ -75.79186, 45.468268 ], [ -75.791677, 45.468214 ], [ -75.79133, 45.467988 ], [ -75.791169, 45.467919 ] ] } },
{ "type": "Feature", "properties": { "cls": "shared", "highway": "cycleway", "name": "Sentier du Ruisseau-Leamy" }, "geometry": { "type": "LineString", "coordinates": [ [ -75.778792, 45.469175 ], [ -75.778907, 45.469122 ] ] } },
{ "type": "Feature", "properties": { "cls": "shared", "highway": "cycleway", "name": "Sentier du Parc-de-la-Gatineau" }, "geometry": { "type": "LineString", "coordinates": [ [ -75.789783, 45.467353 ], [ -75.790114, 45.467427 ], [ -75.790536, 45.467528 ], [ -75.790774, 45.467618 ], [ -75.790938, 45.467721 ], [ -75.79113, 45.467863 ], [ -75.791169, 45.467919 ], [ -75.791226, 45.468099 ], [ -75.791326, 45.468344 ], [ -75.791432, 45.468578 ], [ -75.791547, 45.468799 ], [ -75.791748, 45.468999 ], [ -75.792019, 45.469175 ], [ -75.792237, 45.469305 ], [ -75.79239, 45.469375 ], [ -75.792498, 45.469414 ], [ -75.792593, 45.469427 ], [ -75.792889, 45.469458 ], [ -75.793302, 45.469484 ], [ -75.793351, 45.469492 ], [ -75.793411, 45.46951 ], [ -75.793443, 45.469522 ], [ -75.793461, 45.469545 ], [ -75.793471, 45.46956 ], [ -75.793479, 45.469607 ], [ -75.79348, 45.469648 ], [ -75.793457, 45.469852 ], [ -75.793444, 45.469948 ], [ -75.793441, 45.470058 ], [ -75.793464, 45.470231 ], [ -75.793502, 45.470463 ], [ -75.793493, 45.470543 ], [ -75.793485, 45.470606 ], [ -75.793455, 45.470704 ], [ -75.793366, 45.470895 ], [ -75.793197, 45.471273 ], [ -75.792973, 45.471818 ], [ -75.792893, 45.472016 ] ] } },
{ "type": "Feature", "properties": { "cls": "shared", "highway": "cycleway", "name": "Boulevard de la Cité-des-Jeunes" }, "geometry": { "type": "LineString", "coordinates": [ [ -75.781566, 45.472275 ], [ -75.781587, 45.472288 ], [ -75.781624, 45.472309 ], [ -75.781661, 45.47233 ], [ -75.781692, 45.472344 ], [ -75.781733, 45.472361 ], [ -75.781769, 45.472375 ], [ -75.781813, 45.472391 ], [ -75.781853, 45.472404 ], [ -75.781883, 45.472415 ], [ -75.781913, 45.472427 ], [ -75.781937, 45.472439 ], [ -75.78197, 45.472461 ], [ -75.782006, 45.472484 ], [ -75.78204, 45.472507 ], [ -75.782075, 45.472533 ], [ -75.782113, 45.472562 ], [ -75.782173, 45.472606 ], [ -75.782244, 45.472657 ], [ -75.782331, 45.472718 ], [ -75.782502, 45.472834 ], [ -75.782643, 45.472927 ], [ -75.782722, 45.472984 ], [ -75.782784, 45.473033 ], [ -75.782838, 45.473073 ], [ -75.782887, 45.473113 ], [ -75.782959, 45.473169 ], [ -75.783033, 45.473221 ], [ -75.783112, 45.473277 ], [ -75.783219, 45.473347 ], [ -75.783325, 45.473416 ], [ -75.783399, 45.47346 ], [ -75.783459, 45.473493 ], [ -75.783541, 45.473539 ], [ -75.783641, 45.473593 ], [ -75.783726, 45.473635 ], [ -75.783841, 45.473691 ], [ -75.783893, 45.473714 ], [ -75.783924, 45.473726 ], [ -75.783944, 45.473731 ], [ -75.783979, 45.473739 ], [ -75.784012, 45.473748 ], [ -75.784041, 45.473759 ], [ -75.784066, 45.473771 ], [ -75.784094, 45.473791 ], [ -75.78416, 45.473853 ], [ -75.784198, 45.47389 ], [ -75.784233, 45.473925 ], [ -75.784257, 45.473949 ], [ -75.784271, 45.473966 ], [ -75.784282, 45.473984 ], [ -75.784292, 45.474007 ], [ -75.784313, 45.474046 ], [ -75.784329, 45.474077 ], [ -75.784339, 45.47409 ], [ -75.784353, 45.474104 ], [ -75.784378, 45.474121 ], [ -75.784409, 45.474137 ], [ -75.784441, 45.474151 ], [ -75.784476, 45.474164 ], [ -75.784518, 45.474177 ], [ -75.784544, 45.474184 ], [ -75.78457, 45.474195 ], [ -75.784596, 45.474211 ], [ -75.784633, 45.474235 ], [ -75.784685, 45.474273 ], [ -75.784776, 45.47434 ] ] } },
{ "type": "Feature", "properties": { "cls": "shared", "highway": "cycleway", "name": "Piste 25" }, "geometry": { "type": "LineString", "coordinates": [ [ -75.797603, 45.474561 ], [ -75.797478, 45.474408 ], [ -75.797343, 45.474118 ], [ -75.797265, 45.474004 ], [ -75.796778, 45.473654 ], [ -75.79639, 45.473318 ], [ -75.796329, 45.473213 ], [ -75.796308, 45.47308 ], [ -75.796264, 45.472861 ], [ -75.796184, 45.472317 ], [ -75.796123, 45.471926 ], [ -75.796038, 45.471534 ], [ -75.795964, 45.471363 ], [ -75.795864, 45.471259 ], [ -75.79557, 45.471159 ], [ -75.795324, 45.471029 ], [ -75.795132, 45.470837 ], [ -75.795096, 45.470628 ], [ -75.79513, 45.470466 ], [ -75.795268, 45.470281 ], [ -75.795372, 45.470168 ], [ -75.795399, 45.46996 ], [ -75.795382, 45.46975 ], [ -75.795131, 45.469439 ], [ -75.794885, 45.469234 ], [ -75.794643, 45.469172 ], [ -75.794531, 45.469097 ], [ -75.794425, 45.468925 ], [ -75.794061, 45.46875 ], [ -75.793936, 45.468689 ] ] } },
{ "type": "Feature", "properties": { "cls": "shared", "highway": "path", "name": "Trail #15 Sentier du Parc de la Gatineau Park Pathway" }, "geometry": { "type": "LineString", "coordinates": [ [ -75.816986, 45.472483 ], [ -75.816769, 45.472387 ], [ -75.816391, 45.472145 ], [ -75.816293, 45.472127 ], [ -75.816191, 45.47213 ], [ -75.816049, 45.472171 ], [ -75.815737, 45.472408 ], [ -75.815304, 45.472663 ], [ -75.81513, 45.472739 ], [ -75.814746, 45.472842 ], [ -75.814583, 45.472929 ], [ -75.814477, 45.473007 ], [ -75.814304, 45.473084 ], [ -75.814007, 45.473141 ], [ -75.813597, 45.473148 ], [ -75.812884, 45.473217 ], [ -75.812394, 45.473325 ], [ -75.811826, 45.473493 ], [ -75.811421, 45.473542 ], [ -75.811124, 45.473601 ], [ -75.810871, 45.473632 ], [ -75.810678, 45.473681 ], [ -75.810591, 45.47372 ], [ -75.810099, 45.474031 ], [ -75.809837, 45.474461 ], [ -75.809638, 45.474624 ], [ -75.809554, 45.474754 ], [ -75.809426, 45.475103 ], [ -75.809417, 45.475212 ], [ -75.809425, 45.47549 ], [ -75.809429, 45.475644 ], [ -75.809461, 45.475748 ], [ -75.80943, 45.475924 ], [ -75.809457, 45.475991 ], [ -75.809411, 45.476202 ], [ -75.809365, 45.476369 ], [ -75.8093, 45.476417 ], [ -75.809005, 45.476427 ], [ -75.808858, 45.476445 ], [ -75.808732, 45.476524 ], [ -75.808371, 45.476828 ], [ -75.808263, 45.476905 ], [ -75.80802, 45.477038 ], [ -75.807783, 45.477224 ], [ -75.807528, 45.47737 ], [ -75.807317, 45.477379 ], [ -75.807138, 45.477315 ], [ -75.806668, 45.477049 ], [ -75.806318, 45.476838 ], [ -75.806124, 45.476791 ], [ -75.805869, 45.476773 ], [ -75.805252, 45.476772 ], [ -75.805049, 45.476794 ], [ -75.804707, 45.476872 ], [ -75.8044, 45.47689 ], [ -75.803893, 45.47695 ], [ -75.803744, 45.476928 ], [ -75.803627, 45.476859 ], [ -75.80351, 45.476741 ], [ -75.803401, 45.476466 ], [ -75.803293, 45.476343 ], [ -75.803178, 45.476109 ], [ -75.803136, 45.476044 ], [ -75.803008, 45.475846 ], [ -75.802822, 45.475675 ], [ -75.802712, 45.475599 ], [ -75.802665, 45.475584 ], [ -75.802462, 45.475568 ], [ -75.802256, 45.475574 ], [ -75.801451, 45.475685 ], [ -75.800938, 45.475678 ], [ -75.800545, 45.475763 ], [ -75.800187, 45.475904 ], [ -75.800086, 45.475912 ], [ -75.799988, 45.475893 ], [ -75.799868, 45.475825 ], [ -75.799541, 45.475551 ], [ -75.799431, 45.47543 ], [ -75.799258, 45.475168 ], [ -75.799243, 45.475062 ], [ -75.799277, 45.474994 ], [ -75.799465, 45.474823 ], [ -75.799497, 45.474756 ], [ -75.799494, 45.474684 ], [ -75.799444, 45.474584 ], [ -75.799374, 45.474532 ], [ -75.799284, 45.474499 ], [ -75.798979, 45.474468 ], [ -75.798466, 45.474485 ], [ -75.797755, 45.474536 ], [ -75.797603, 45.474561 ], [ -75.797349, 45.474682 ], [ -75.79687, 45.474811 ], [ -75.796518, 45.474864 ], [ -75.795959, 45.474917 ], [ -75.795281, 45.475084 ], [ -75.795078, 45.475108 ], [ -75.794977, 45.475099 ], [ -75.794895, 45.475058 ], [ -75.79483, 45.474923 ], [ -75.794865, 45.47471 ], [ -75.794847, 45.474568 ], [ -75.794777, 45.474471 ], [ -75.794619, 45.47438 ], [ -75.794603, 45.474348 ], [ -75.794603, 45.47424 ], [ -75.79464, 45.474136 ], [ -75.79477, 45.473981 ], [ -75.794834, 45.473844 ], [ -75.794821, 45.473665 ], [ -75.794762, 45.47349 ], [ -75.794651, 45.473327 ], [ -75.794631, 45.473185 ], [ -75.794557, 45.473049 ], [ -75.794423, 45.472947 ], [ -75.794089, 45.472628 ], [ -75.794082, 45.47252 ], [ -75.794172, 45.47239 ], [ -75.794295, 45.472276 ], [ -75.794295, 45.472133 ], [ -75.79424, 45.472073 ], [ -75.794119, 45.472006 ], [ -75.793966, 45.471992 ], [ -75.793511, 45.472042 ], [ -75.793101, 45.472019 ], [ -75.792893, 45.472016 ] ] } },
{ "type": "Feature", "properties": { "cls": "shared", "highway": "cycleway", "name": null }, "geometry": { "type": "LineString", "coordinates": [ [ -75.784776, 45.47434 ], [ -75.784757, 45.474353 ], [ -75.784744, 45.474357 ], [ -75.784729, 45.47436 ], [ -75.784712, 45.474359 ], [ -75.784699, 45.474356 ] ] } },
{ "type": "Feature", "properties": { "cls": "shared", "highway": "cycleway", "name": "Sentier du Parc-de-la-Gatineau" }, "geometry": { "type": "LineString", "coordinates": [ [ -75.792893, 45.472016 ], [ -75.792732, 45.47235 ], [ -75.792485, 45.472729 ], [ -75.792413, 45.472865 ], [ -75.792402, 45.472891 ], [ -75.792395, 45.472912 ], [ -75.792386, 45.472956 ], [ -75.792379, 45.472983 ], [ -75.792375, 45.473003 ], [ -75.792374, 45.473044 ], [ -75.792375, 45.473078 ], [ -75.79238, 45.473117 ], [ -75.792385, 45.473146 ], [ -75.792427, 45.473283 ], [ -75.792482, 45.47342 ], [ -75.79265, 45.473723 ], [ -75.792901, 45.474136 ], [ -75.793025, 45.474341 ], [ -75.793053, 45.474413 ], [ -75.793067, 45.474459 ], [ -75.793073, 45.474624 ], [ -75.793043, 45.474991 ], [ -75.793011, 45.475391 ], [ -75.792984, 45.475805 ], [ -75.792946, 45.476083 ], [ -75.792822, 45.47664 ], [ -75.792755, 45.476874 ], [ -75.792697, 45.47699 ], [ -75.792641, 45.477054 ], [ -75.792416, 45.477242 ], [ -75.792246, 45.477377 ] ] } },
{ "type": "Feature", "properties": { "cls": "shared", "highway": "cycleway", "name": null }, "geometry": { "type": "MultiLineString", "coordinates": [ [ [ -75.784776, 45.47434 ], [ -75.784986, 45.474502 ], [ -75.785204, 45.474653 ] ], [ [ -75.791097, 45.477127 ], [ -75.791244, 45.477129 ], [ -75.791345, 45.477136 ], [ -75.791396, 45.477142 ], [ -75.791435, 45.477153 ], [ -75.791498, 45.477178 ] ] ] } },
{ "type": "Feature", "properties": { "cls": "separated", "highway": "cycleway", "name": null }, "geometry": { "type": "LineString", "coordinates": [ [ -75.791498, 45.477178 ], [ -75.791625, 45.477237 ] ] } },
{ "type": "Feature", "properties": { "cls": "shared", "highway": "cycleway", "name": null }, "geometry": { "type": "LineString", "coordinates": [ [ -75.791625, 45.477237 ], [ -75.791643, 45.477246 ] ] } },
{ "type": "Feature", "properties": { "cls": "painted", "highway": "tertiary", "name": "Boulevard de la Cité-des-Jeunes" }, "geometry": { "type": "MultiLineString", "coordinates": [ [ [ -75.751553, 45.446915 ], [ -75.751636, 45.447007 ] ], [ [ -75.751636, 45.447007 ], [ -75.751793, 45.447134 ] ], [ [ -75.751793, 45.447134 ], [ -75.751946, 45.447225 ], [ -75.752105, 45.447323 ], [ -75.752366, 45.447474 ], [ -75.752977, 45.447831 ], [ -75.753253, 45.447994 ], [ -75.753263, 45.447999 ] ] ] } },
{ "type": "Feature", "properties": { "cls": "separated", "highway": "cycleway", "name": null }, "geometry": { "type": "LineString", "coordinates": [ [ -75.759991, 45.4544 ], [ -75.759964, 45.454416 ] ] } },
{ "type": "Feature", "properties": { "cls": "shared", "highway": "cycleway", "name": null }, "geometry": { "type": "Point", "coordinates": [ -75.774302, 45.465595 ] } },
{ "type": "Feature", "properties": { "cls": "shared", "highway": "path", "name": "Piste #35" }, "geometry": { "type": "LineString", "coordinates": [ [ -75.812089, 45.468884 ], [ -75.81219, 45.468882 ], [ -75.812278, 45.468894 ], [ -75.812449, 45.468926 ], [ -75.812543, 45.468957 ], [ -75.812962, 45.46917 ], [ -75.813054, 45.469202 ], [ -75.81348, 45.469467 ], [ -75.813883, 45.469696 ], [ -75.814184, 45.469839 ], [ -75.814322, 45.469947 ], [ -75.814409, 45.469986 ], [ -75.814857, 45.470078 ], [ -75.815064, 45.470087 ], [ -75.815479, 45.470068 ], [ -75.81553, 45.470072 ], [ -75.815619, 45.470109 ], [ -75.815677, 45.470168 ], [ -75.815718, 45.47031 ], [ -75.815842, 45.47047 ], [ -75.815847, 45.470505 ], [ -75.815804, 45.470644 ], [ -75.815786, 45.4707 ], [ -75.815747, 45.470825 ], [ -75.815741, 45.471043 ], [ -75.815761, 45.471115 ], [ -75.815828, 45.471213 ], [ -75.816035, 45.47132 ], [ -75.816235, 45.471487 ], [ -75.81663, 45.471996 ], [ -75.816847, 45.472152 ], [ -75.816937, 45.472241 ], [ -75.816986, 45.472483 ] ] } },
{ "type": "Feature", "properties": { "cls": "shared", "highway": "path", "name": "Trail 7" }, "geometry": { "type": "LineString", "coordinates": [ [ -75.844686, 45.4787 ], [ -75.844479, 45.478513 ], [ -75.844334, 45.478349 ], [ -75.844211, 45.478206 ], [ -75.844054, 45.478045 ], [ -75.843868, 45.477824 ], [ -75.843661, 45.477599 ], [ -75.8435, 45.477465 ], [ -75.843285, 45.477367 ], [ -75.843113, 45.47725 ], [ -75.842929, 45.477091 ], [ -75.842781, 45.476987 ], [ -75.842542, 45.476809 ], [ -75.842292, 45.47664 ], [ -75.842095, 45.476463 ], [ -75.84184, 45.476263 ], [ -75.84158, 45.476087 ], [ -75.84136, 45.475942 ], [ -75.841118, 45.475786 ], [ -75.840914, 45.475613 ], [ -75.840539, 45.475477 ], [ -75.840378, 45.475417 ], [ -75.840195, 45.475316 ], [ -75.839863, 45.474958 ], [ -75.839799, 45.474921 ], [ -75.839573, 45.474814 ], [ -75.839326, 45.474665 ], [ -75.839239, 45.474533 ], [ -75.839235, 45.474301 ], [ -75.839224, 45.474113 ], [ -75.839133, 45.473948 ], [ -75.838908, 45.473694 ], [ -75.838597, 45.473416 ], [ -75.838264, 45.473107 ], [ -75.838103, 45.472821 ], [ -75.837942, 45.472521 ], [ -75.83791, 45.47228 ], [ -75.83776, 45.472122 ], [ -75.837588, 45.471904 ], [ -75.837363, 45.471723 ], [ -75.837063, 45.471573 ], [ -75.836926, 45.47154 ], [ -75.836798, 45.471534 ], [ -75.836664, 45.471552 ], [ -75.836252, 45.471486 ], [ -75.835821, 45.47137 ], [ -75.835442, 45.471137 ], [ -75.835123, 45.470921 ], [ -75.835005, 45.470777 ], [ -75.834976, 45.470639 ], [ -75.834939, 45.470439 ] ] } },
{ "type": "Feature", "properties": { "cls": "shared", "highway": "path", "name": "Trail #15 Sentier du Parc de la Gatineau Park Pathway" }, "geometry": { "type": "LineString", "coordinates": [ [ -75.816986, 45.472483 ], [ -75.817209, 45.472521 ], [ -75.81741, 45.472634 ], [ -75.817513, 45.472714 ], [ -75.817651, 45.472905 ], [ -75.817795, 45.473053 ], [ -75.818077, 45.473263 ], [ -75.818342, 45.473433 ], [ -75.818644, 45.47357 ], [ -75.819218, 45.473928 ], [ -75.819387, 45.474009 ], [ -75.819531, 45.474048 ], [ -75.819683, 45.474066 ], [ -75.820095, 45.474055 ], [ -75.820274, 45.474097 ], [ -75.820445, 45.474095 ], [ -75.820566, 45.474034 ], [ -75.820667, 45.47391 ], [ -75.820836, 45.47383 ], [ -75.821375, 45.473711 ], [ -75.821578, 45.473696 ], [ -75.82162, 45.473716 ], [ -75.821638, 45.473747 ], [ -75.821677, 45.47396 ], [ -75.82169, 45.474176 ], [ -75.821757, 45.474312 ], [ -75.821866, 45.474434 ], [ -75.821978, 45.474508 ], [ -75.822605, 45.474823 ], [ -75.823164, 45.475139 ], [ -75.823421, 45.475258 ], [ -75.82356, 45.475305 ], [ -75.82386, 45.475356 ], [ -75.824002, 45.475398 ], [ -75.824346, 45.475556 ], [ -75.824954, 45.47575 ], [ -75.825745, 45.475908 ], [ -75.82651, 45.47612 ], [ -75.827358, 45.476264 ], [ -75.828123, 45.476476 ], [ -75.828907, 45.476748 ], [ -75.829556, 45.477041 ], [ -75.829738, 45.477108 ], [ -75.829785, 45.477117 ], [ -75.83002, 45.477229 ] ] } },
{ "type": "Feature", "properties": { "cls": "shared", "highway": "path", "name": "Trail #15 Sentier du Parc de la Gatineau Park Pathway" }, "geometry": { "type": "LineString", "coordinates": [ [ -75.83002, 45.477229 ], [ -75.830422, 45.477312 ], [ -75.831039, 45.477302 ], [ -75.831293, 45.477279 ], [ -75.831674, 45.477172 ], [ -75.831824, 45.47718 ], [ -75.831941, 45.477249 ], [ -75.831986, 45.477312 ], [ -75.832011, 45.477418 ], [ -75.832069, 45.477477 ], [ -75.832388, 45.477656 ], [ -75.83258, 45.477706 ], [ -75.833091, 45.477676 ], [ -75.833232, 45.477718 ], [ -75.833353, 45.477788 ], [ -75.833448, 45.47787 ], [ -75.83349, 45.477936 ], [ -75.8335, 45.478151 ], [ -75.833566, 45.478283 ], [ -75.83367, 45.478407 ], [ -75.833767, 45.478431 ], [ -75.833869, 45.478431 ], [ -75.834014, 45.478396 ], [ -75.834143, 45.478336 ], [ -75.83424, 45.478312 ], [ -75.834339, 45.478323 ], [ -75.834691, 45.47858 ], [ -75.834816, 45.478643 ], [ -75.834911, 45.47867 ], [ -75.835268, 45.478699 ], [ -75.83555, 45.478786 ], [ -75.8358, 45.478825 ], [ -75.835954, 45.478818 ], [ -75.836203, 45.478776 ], [ -75.836459, 45.478755 ], [ -75.836759, 45.478704 ], [ -75.836947, 45.478647 ], [ -75.837196, 45.47852 ], [ -75.837292, 45.478498 ], [ -75.837753, 45.478472 ], [ -75.837949, 45.478506 ], [ -75.838508, 45.478762 ], [ -75.838682, 45.478894 ], [ -75.838726, 45.478958 ], [ -75.838732, 45.479247 ], [ -75.838696, 45.479387 ], [ -75.8387, 45.479568 ], [ -75.838825, 45.479838 ], [ -75.838988, 45.480101 ], [ -75.83903, 45.480242 ], [ -75.839048, 45.480673 ], [ -75.839211, 45.480938 ], [ -75.839294, 45.481029 ], [ -75.839382, 45.481065 ], [ -75.839531, 45.481093 ], [ -75.83994, 45.481119 ], [ -75.84052, 45.481264 ], [ -75.840916, 45.481342 ], [ -75.841371, 45.481399 ], [ -75.841611, 45.481462 ], [ -75.841777, 45.481547 ], [ -75.842039, 45.481719 ], [ -75.842174, 45.481828 ], [ -75.842252, 45.481921 ], [ -75.842332, 45.482202 ], [ -75.842447, 45.482321 ], [ -75.842584, 45.482428 ], [ -75.842751, 45.482512 ], [ -75.842846, 45.482538 ], [ -75.843394, 45.482636 ], [ -75.843649, 45.48266 ], [ -75.843939, 45.482731 ], [ -75.84402, 45.482775 ], [ -75.844082, 45.482832 ], [ -75.84429, 45.483016 ], [ -75.844405, 45.483194 ] ] } },
{ "type": "Feature", "properties": { "cls": "shared", "highway": "path", "name": "Trail 7" }, "geometry": { "type": "LineString", "coordinates": [ [ -75.846242, 45.484139 ], [ -75.846299, 45.484077 ], [ -75.846294, 45.484 ], [ -75.846288, 45.483918 ], [ -75.846229, 45.483703 ], [ -75.846237, 45.48361 ], [ -75.846369, 45.483475 ], [ -75.846382, 45.483363 ], [ -75.846337, 45.48328 ], [ -75.846287, 45.483194 ], [ -75.846276, 45.483126 ], [ -75.846285, 45.48298 ], [ -75.846284, 45.482869 ], [ -75.846247, 45.48272 ], [ -75.846172, 45.482584 ], [ -75.846195, 45.482416 ], [ -75.846204, 45.482299 ], [ -75.846275, 45.482187 ], [ -75.84641, 45.48199 ], [ -75.846467, 45.481897 ], [ -75.846653, 45.481592 ], [ -75.846726, 45.481432 ], [ -75.846763, 45.481329 ], [ -75.846801, 45.48122 ], [ -75.846779, 45.481068 ], [ -75.846742, 45.480968 ], [ -75.84674, 45.480711 ], [ -75.846765, 45.480599 ], [ -75.846844, 45.480434 ], [ -75.846841, 45.480344 ], [ -75.846768, 45.480279 ], [ -75.846645, 45.480132 ], [ -75.846458, 45.479897 ], [ -75.846335, 45.47972 ], [ -75.846129, 45.479532 ], [ -75.845893, 45.479338 ], [ -75.845718, 45.479226 ], [ -75.845457, 45.479149 ], [ -75.845198, 45.479024 ], [ -75.844978, 45.478889 ], [ -75.844686, 45.4787 ] ] } },
{ "type": "Feature", "properties": { "cls": "shared", "highway": "path", "name": "Sentier du Parc de la Gatineau Park Pathway #15" }, "geometry": { "type": "LineString", "coordinates": [ [ -75.844405, 45.483194 ], [ -75.843731, 45.483158 ], [ -75.841685, 45.482918 ], [ -75.840951, 45.482834 ], [ -75.839722, 45.482741 ], [ -75.839463, 45.482817 ], [ -75.839247, 45.483022 ], [ -75.839221, 45.483333 ], [ -75.839326, 45.483931 ], [ -75.839451, 45.484348 ], [ -75.839659, 45.484802 ], [ -75.8399, 45.485316 ], [ -75.840197, 45.48576 ] ] } },
{ "type": "Feature", "properties": { "cls": "shared", "highway": "path", "name": "Sentier du Parc de la Gatineau Park Trail #30" }, "geometry": { "type": "LineString", "coordinates": [ [ -75.842029, 45.490785 ], [ -75.842256, 45.491187 ], [ -75.842332, 45.491309 ], [ -75.842459, 45.491479 ], [ -75.842505, 45.491536 ], [ -75.842566, 45.491615 ], [ -75.842616, 45.491673 ], [ -75.8427, 45.49175 ], [ -75.842785, 45.491818 ], [ -75.842845, 45.491869 ], [ -75.842895, 45.491926 ], [ -75.842939, 45.491993 ], [ -75.842981, 45.492062 ], [ -75.843024, 45.492148 ], [ -75.843054, 45.492231 ], [ -75.843075, 45.492334 ], [ -75.84307, 45.492432 ], [ -75.843059, 45.492534 ], [ -75.843027, 45.492641 ], [ -75.843027, 45.492813 ], [ -75.84305, 45.492907 ], [ -75.84312, 45.493055 ], [ -75.843202, 45.493207 ], [ -75.843295, 45.493363 ], [ -75.84336, 45.493496 ], [ -75.843382, 45.493592 ], [ -75.843385, 45.493677 ], [ -75.843381, 45.493771 ], [ -75.843377, 45.493842 ], [ -75.843365, 45.49392 ], [ -75.843358, 45.494038 ], [ -75.843397, 45.49418 ], [ -75.843455, 45.494363 ], [ -75.843499, 45.494486 ], [ -75.843508, 45.494658 ], [ -75.843582, 45.494752 ], [ -75.843728, 45.494848 ], [ -75.843936, 45.494964 ], [ -75.844155, 45.495037 ], [ -75.844303, 45.49505 ], [ -75.844452, 45.495025 ], [ -75.844628, 45.494954 ], [ -75.844793, 45.494884 ], [ -75.844928, 45.494804 ], [ -75.845094, 45.494696 ], [ -75.845213, 45.494639 ], [ -75.845333, 45.494594 ], [ -75.845534, 45.494541 ], [ -75.84572, 45.494529 ], [ -75.845844, 45.494573 ], [ -75.845785, 45.49471 ], [ -75.845772, 45.494866 ], [ -75.845704, 45.495033 ], [ -75.845624, 45.495142 ], [ -75.845374, 45.49521 ], [ -75.845125, 45.495276 ], [ -75.844889, 45.495393 ], [ -75.844644, 45.495583 ], [ -75.844313, 45.495799 ], [ -75.844181, 45.495896 ], [ -75.843884, 45.496104 ], [ -75.843709, 45.496269 ], [ -75.843514, 45.496508 ] ] } },
{ "type": "Feature", "properties": { "cls": "shared", "highway": "path", "name": "Trail #1" }, "geometry": { "type": "LineString", "coordinates": [ [ -75.843514, 45.496508 ], [ -75.843681, 45.49652 ], [ -75.843872, 45.49653 ], [ -75.844024, 45.496548 ], [ -75.844259, 45.496632 ], [ -75.844466, 45.496752 ], [ -75.844549, 45.496905 ], [ -75.844581, 45.497136 ], [ -75.844657, 45.497291 ], [ -75.844777, 45.497427 ], [ -75.844942, 45.497589 ], [ -75.8451, 45.497739 ], [ -75.845173, 45.497868 ], [ -75.845259, 45.49805 ], [ -75.845401, 45.498288 ], [ -75.84539, 45.498435 ], [ -75.84537, 45.498581 ], [ -75.845399, 45.498671 ], [ -75.845446, 45.498729 ], [ -75.845609, 45.498881 ], [ -75.845758, 45.49902 ], [ -75.845926, 45.499176 ], [ -75.846164, 45.499342 ], [ -75.846417, 45.499508 ], [ -75.846619, 45.499714 ], [ -75.84696, 45.499865 ], [ -75.847336, 45.499927 ], [ -75.847708, 45.499932 ], [ -75.847942, 45.499851 ], [ -75.84821, 45.499758 ], [ -75.848489, 45.499669 ], [ -75.848803, 45.499635 ], [ -75.849107, 45.499681 ], [ -75.849134, 45.499685 ], [ -75.849579, 45.499741 ], [ -75.849871, 45.499769 ], [ -75.850298, 45.49976 ], [ -75.850664, 45.499733 ], [ -75.851104, 45.499699 ], [ -75.851382, 45.499643 ], [ -75.85177, 45.499587 ], [ -75.852208, 45.49955 ], [ -75.85277, 45.499522 ], [ -75.853164, 45.499492 ], [ -75.853517, 45.499476 ], [ -75.853737, 45.499467 ], [ -75.854355, 45.499404 ], [ -75.854989, 45.499305 ], [ -75.855354, 45.499188 ], [ -75.85554, 45.499019 ], [ -75.855799, 45.498932 ], [ -75.856193, 45.498868 ], [ -75.856692, 45.498839 ], [ -75.856934, 45.498841 ], [ -75.857074, 45.498883 ], [ -75.857412, 45.498983 ], [ -75.857723, 45.499038 ], [ -75.858001, 45.499054 ], [ -75.85822, 45.499052 ], [ -75.858555, 45.499069 ], [ -75.858942, 45.499158 ], [ -75.859154, 45.499196 ], [ -75.859451, 45.499257 ], [ -75.859904, 45.499365 ], [ -75.860188, 45.499473 ], [ -75.860371, 45.499631 ], [ -75.86045, 45.499821 ] ] } },
{ "type": "Feature", "properties": { "cls": "shared", "highway": "path", "name": "Trail #1" }, "geometry": { "type": "LineString", "coordinates": [ [ -75.816536, 45.504355 ], [ -75.816658, 45.504354 ], [ -75.816734, 45.504396 ], [ -75.816856, 45.504507 ], [ -75.817036, 45.504579 ], [ -75.817384, 45.504638 ], [ -75.81776, 45.504756 ], [ -75.818101, 45.504918 ], [ -75.818407, 45.505112 ], [ -75.818574, 45.505196 ], [ -75.818953, 45.505311 ], [ -75.819102, 45.505338 ], [ -75.819308, 45.50535 ], [ -75.81951, 45.505322 ], [ -75.819737, 45.505237 ], [ -75.819835, 45.505216 ], [ -75.820092, 45.505197 ], [ -75.820453, 45.505206 ], [ -75.820711, 45.505196 ], [ -75.820917, 45.505184 ], [ -75.821091, 45.505167 ], [ -75.821235, 45.505131 ], [ -75.82138, 45.505028 ], [ -75.82144, 45.50491 ], [ -75.821524, 45.504613 ], [ -75.821807, 45.504188 ], [ -75.821929, 45.503951 ], [ -75.822086, 45.503534 ], [ -75.822156, 45.503398 ], [ -75.82226, 45.5032 ], [ -75.82238, 45.502998 ], [ -75.822425, 45.502933 ], [ -75.822601, 45.502802 ], [ -75.822729, 45.502741 ], [ -75.822961, 45.502662 ], [ -75.823455, 45.502561 ], [ -75.823577, 45.502515 ], [ -75.823681, 45.502476 ], [ -75.823892, 45.502317 ], [ -75.823964, 45.502225 ], [ -75.824173, 45.502008 ], [ -75.824337, 45.501849 ], [ -75.82443, 45.501766 ], [ -75.824545, 45.501738 ], [ -75.824678, 45.501748 ], [ -75.824959, 45.501798 ], [ -75.825246, 45.501936 ], [ -75.825357, 45.50196 ], [ -75.825459, 45.501951 ], [ -75.825709, 45.501863 ], [ -75.825917, 45.501834 ], [ -75.826192, 45.501943 ], [ -75.826509, 45.501955 ], [ -75.826691, 45.501946 ], [ -75.827222, 45.501761 ], [ -75.827733, 45.501718 ], [ -75.827818, 45.501678 ], [ -75.827927, 45.501563 ], [ -75.828053, 45.501475 ], [ -75.828292, 45.501439 ], [ -75.828485, 45.501442 ], [ -75.828613, 45.501411 ], [ -75.828794, 45.501319 ], [ -75.82891, 45.501247 ], [ -75.829079, 45.501169 ], [ -75.829298, 45.501084 ], [ -75.829718, 45.500917 ], [ -75.829883, 45.500877 ], [ -75.830228, 45.500869 ], [ -75.8304, 45.50082 ], [ -75.830514, 45.500727 ], [ -75.830809, 45.500503 ], [ -75.831163, 45.500336 ], [ -75.831448, 45.500152 ], [ -75.831882, 45.499848 ], [ -75.83208, 45.499724 ], [ -75.83248, 45.499472 ], [ -75.832814, 45.499283 ], [ -75.8332, 45.499178 ], [ -75.83363, 45.49902 ], [ -75.833919, 45.4989 ], [ -75.834214, 45.498782 ], [ -75.834359, 45.498621 ], [ -75.834668, 45.498523 ], [ -75.834966, 45.498503 ], [ -75.835297, 45.498581 ], [ -75.83559, 45.498671 ], [ -75.835887, 45.498795 ], [ -75.836284, 45.49892 ], [ -75.836709, 45.49913 ], [ -75.836983, 45.499311 ], [ -75.837234, 45.499411 ], [ -75.837776, 45.499353 ], [ -75.838173, 45.499266 ], [ -75.8386, 45.499117 ], [ -75.838966, 45.49894 ], [ -75.83922, 45.498751 ], [ -75.839431, 45.498516 ], [ -75.839567, 45.498388 ], [ -75.839667, 45.498292 ], [ -75.839938, 45.498142 ], [ -75.840163, 45.498065 ], [ -75.840565, 45.49797 ], [ -75.840981, 45.497833 ], [ -75.841266, 45.497752 ], [ -75.84147, 45.497554 ], [ -75.841782, 45.497326 ], [ -75.842127, 45.497163 ], [ -75.84247, 45.497042 ], [ -75.842838, 45.496955 ], [ -75.843055, 45.496803 ], [ -75.843388, 45.496587 ], [ -75.843514, 45.496508 ] ] } },
{ "type": "Feature", "properties": { "cls": "painted", "highway": "tertiary", "name": "Chemin Kingsmere" }, "geometry": { "type": "LineString", "coordinates": [ [ -75.812638, 45.503107 ], [ -75.812666, 45.503018 ], [ -75.812807, 45.502522 ], [ -75.812891, 45.502142 ], [ -75.812935, 45.501881 ], [ -75.812982, 45.501631 ], [ -75.813021, 45.501501 ] ] } },
{ "type": "Feature", "properties": { "cls": "shared", "highway": "path", "name": "Sentier/Trail #1" }, "geometry": { "type": "LineString", "coordinates": [ [ -75.812456, 45.501642 ], [ -75.81257, 45.501866 ], [ -75.812842, 45.502109 ], [ -75.812837, 45.502136 ] ] } },
{ "type": "Feature", "properties": { "cls": "shared", "highway": "footway", "name": "Sentier/Trail #1" }, "geometry": { "type": "LineString", "coordinates": [ [ -75.812837, 45.502136 ], [ -75.812891, 45.502142 ], [ -75.812967, 45.50215 ] ] } },
{ "type": "Feature", "properties": { "cls": "shared", "highway": "path", "name": null }, "geometry": { "type": "LineString", "coordinates": [ [ -75.823577, 45.502515 ], [ -75.823678, 45.502833 ], [ -75.823731, 45.502993 ] ] } },
{ "type": "Feature", "properties": { "cls": "painted", "highway": "tertiary", "name": "Chemin Old Chelsea" }, "geometry": { "type": "LineString", "coordinates": [ [ -75.811558, 45.503084 ], [ -75.811841, 45.50312 ], [ -75.812198, 45.503178 ], [ -75.812408, 45.503222 ] ] } },
{ "type": "Feature", "properties": { "cls": "painted", "highway": "tertiary", "name": "Chemin Kingsmere" }, "geometry": { "type": "LineString", "coordinates": [ [ -75.812589, 45.503265 ], [ -75.812633, 45.503125 ], [ -75.812638, 45.503107 ] ] } },
{ "type": "Feature", "properties": { "cls": "painted", "highway": "tertiary", "name": "Chemin Old Chelsea" }, "geometry": { "type": "LineString", "coordinates": [ [ -75.812408, 45.503222 ], [ -75.812589, 45.503265 ] ] } },
{ "type": "Feature", "properties": { "cls": "shared", "highway": "path", "name": "Sentier/Trail #1" }, "geometry": { "type": "LineString", "coordinates": [ [ -75.812967, 45.50215 ], [ -75.813171, 45.502204 ], [ -75.813336, 45.502222 ], [ -75.81346, 45.502211 ], [ -75.813631, 45.502167 ], [ -75.813777, 45.502119 ], [ -75.813921, 45.502121 ], [ -75.814042, 45.502166 ], [ -75.814261, 45.50229 ], [ -75.814568, 45.502482 ], [ -75.814783, 45.502638 ], [ -75.815127, 45.502796 ], [ -75.815235, 45.502874 ], [ -75.815385, 45.503079 ], [ -75.815629, 45.503292 ], [ -75.815714, 45.503467 ], [ -75.815807, 45.503556 ], [ -75.815989, 45.503684 ], [ -75.816242, 45.503808 ], [ -75.816454, 45.503943 ], [ -75.816556, 45.504092 ], [ -75.816536, 45.504355 ] ] } },
{ "type": "Feature", "properties": { "cls": "painted", "highway": "tertiary", "name": "Chemin du Lac-Meech" }, "geometry": { "type": "LineString", "coordinates": [ [ -75.812589, 45.503265 ], [ -75.812738, 45.503311 ] ] } },
{ "type": "Feature", "properties": { "cls": "shared", "highway": "path", "name": "Sentier/Trail #1" }, "geometry": { "type": "LineString", "coordinates": [ [ -75.816536, 45.504355 ], [ -75.816648, 45.504573 ], [ -75.816742, 45.504784 ], [ -75.816769, 45.504905 ], [ -75.816792, 45.505006 ], [ -75.816757, 45.505225 ], [ -75.816643, 45.50551 ], [ -75.816613, 45.505919 ] ] } },
{ "type": "Feature", "properties": { "cls": "shared", "highway": "path", "name": "Trail 4" }, "geometry": { "type": "LineString", "coordinates": [ [ -75.86045, 45.499821 ], [ -75.860404, 45.499942 ], [ -75.860534, 45.50024 ], [ -75.86058, 45.500595 ], [ -75.860541, 45.500849 ], [ -75.860501, 45.500914 ], [ -75.860309, 45.501085 ], [ -75.860236, 45.501181 ], [ -75.860154, 45.501503 ], [ -75.860089, 45.501602 ], [ -75.860037, 45.501665 ], [ -75.859848, 45.501789 ], [ -75.859795, 45.501891 ], [ -75.859836, 45.502508 ], [ -75.860001, 45.503005 ], [ -75.860003, 45.503187 ], [ -75.859956, 45.503327 ], [ -75.8598, 45.503471 ], [ -75.859734, 45.50357 ], [ -75.859729, 45.503751 ], [ -75.859737, 45.503861 ], [ -75.859784, 45.504088 ], [ -75.85978, 45.504237 ], [ -75.859709, 45.504548 ], [ -75.859642, 45.504697 ] ] } },
{ "type": "Feature", "properties": { "cls": "shared", "highway": "path", "name": "Trail 14" }, "geometry": { "type": "LineString", "coordinates": [ [ -75.866812, 45.502764 ], [ -75.866572, 45.502817 ], [ -75.866133, 45.502824 ], [ -75.865438, 45.502872 ], [ -75.864902, 45.502878 ], [ -75.864749, 45.502899 ], [ -75.86449, 45.503028 ], [ -75.863936, 45.503324 ], [ -75.863445, 45.503583 ], [ -75.863081, 45.503687 ], [ -75.8625, 45.503859 ], [ -75.861918, 45.50386 ], [ -75.86169, 45.503881 ], [ -75.861435, 45.503947 ], [ -75.861125, 45.504014 ], [ -75.860764, 45.504031 ], [ -75.860496, 45.504058 ], [ -75.860327, 45.504133 ], [ -75.860224, 45.504231 ], [ -75.860131, 45.504349 ], [ -75.86007, 45.504435 ], [ -75.859901, 45.504583 ], [ -75.859642, 45.504697 ] ] } },
{ "type": "Feature", "properties": { "cls": "shared", "highway": "path", "name": "Sentier du Parc de la Gatineau Parkway" }, "geometry": { "type": "LineString", "coordinates": [ [ -75.859642, 45.504697 ], [ -75.859621, 45.504774 ], [ -75.859618, 45.504816 ], [ -75.859697, 45.505106 ], [ -75.859667, 45.50527 ], [ -75.85965, 45.505369 ], [ -75.85951, 45.505651 ] ] } },
{ "type": "Feature", "properties": { "cls": "shared", "highway": "path", "name": "Trail #1 Ridge Road" }, "geometry": { "type": "LineString", "coordinates": [ [ -75.86045, 45.499821 ], [ -75.860687, 45.499861 ], [ -75.861197, 45.499874 ], [ -75.861938, 45.50001 ], [ -75.862296, 45.500036 ], [ -75.862548, 45.500071 ], [ -75.86284, 45.50014 ], [ -75.863061, 45.500229 ], [ -75.863376, 45.500411 ], [ -75.863708, 45.500673 ], [ -75.863777, 45.500718 ], [ -75.863878, 45.500802 ], [ -75.863987, 45.500909 ], [ -75.864056, 45.500972 ], [ -75.864154, 45.501091 ], [ -75.864236, 45.50118 ], [ -75.864318, 45.501309 ], [ -75.864399, 45.501393 ], [ -75.864583, 45.501554 ], [ -75.864747, 45.501686 ], [ -75.864865, 45.501802 ], [ -75.865081, 45.501956 ], [ -75.865272, 45.502121 ], [ -75.865449, 45.502248 ], [ -75.865515, 45.502351 ], [ -75.865627, 45.502445 ], [ -75.866086, 45.502533 ], [ -75.866693, 45.502718 ], [ -75.866812, 45.502764 ], [ -75.867091, 45.502765 ], [ -75.867359, 45.502716 ], [ -75.868159, 45.50257 ], [ -75.868726, 45.502438 ], [ -75.86888, 45.50243 ], [ -75.869033, 45.502441 ], [ -75.869379, 45.502509 ], [ -75.86955, 45.502589 ], [ -75.869733, 45.502714 ], [ -75.869855, 45.50281 ], [ -75.870096, 45.502938 ], [ -75.870286, 45.503034 ], [ -75.870665, 45.503135 ], [ -75.871249, 45.503247 ], [ -75.871645, 45.503325 ], [ -75.871906, 45.503337 ], [ -75.872881, 45.503374 ], [ -75.873578, 45.503254 ], [ -75.873797, 45.503218 ], [ -75.873939, 45.503208 ], [ -75.874093, 45.503221 ], [ -75.874245, 45.503259 ], [ -75.874653, 45.503306 ], [ -75.874877, 45.503354 ], [ -75.874969, 45.503493 ], [ -75.875043, 45.503592 ], [ -75.875073, 45.503658 ], [ -75.875068, 45.50391 ], [ -75.875056, 45.503945 ], [ -75.874974, 45.504031 ], [ -75.874937, 45.50413 ], [ -75.874951, 45.504779 ], [ -75.875011, 45.504921 ], [ -75.875133, 45.505025 ], [ -75.875292, 45.505108 ], [ -75.875494, 45.505185 ], [ -75.875654, 45.505214 ], [ -75.875838, 45.505233 ], [ -75.876265, 45.505224 ], [ -75.876553, 45.5053 ], [ -75.876714, 45.505391 ], [ -75.876862, 45.505416 ], [ -75.877168, 45.505437 ], [ -75.877887, 45.505424 ], [ -75.878091, 45.505441 ], [ -75.878388, 45.505519 ], [ -75.878912, 45.505731 ], [ -75.879205, 45.505846 ], [ -75.879355, 45.505904 ], [ -75.879536, 45.505983 ], [ -75.879811, 45.506067 ], [ -75.88003, 45.506054 ], [ -75.880248, 45.50604 ], [ -75.880442, 45.506089 ], [ -75.880622, 45.506161 ], [ -75.880706, 45.506183 ], [ -75.881068, 45.506266 ], [ -75.881358, 45.506351 ], [ -75.881688, 45.506411 ], [ -75.881944, 45.506435 ], [ -75.882085, 45.506427 ], [ -75.882326, 45.506411 ], [ -75.882701, 45.506466 ], [ -75.883094, 45.506541 ], [ -75.883421, 45.506552 ], [ -75.883933, 45.506637 ], [ -75.884369, 45.506752 ], [ -75.884819, 45.50676 ], [ -75.885156, 45.506803 ], [ -75.885701, 45.506921 ], [ -75.886015, 45.506997 ], [ -75.88614, 45.507059 ], [ -75.886338, 45.507138 ], [ -75.886416, 45.507163 ], [ -75.886838, 45.507272 ], [ -75.887329, 45.507379 ], [ -75.888041, 45.507446 ], [ -75.888967, 45.507438 ], [ -75.889142, 45.507393 ], [ -75.88925, 45.507324 ], [ -75.889388, 45.507196 ], [ -75.88953, 45.50709 ], [ -75.889725, 45.506983 ], [ -75.889824, 45.506963 ], [ -75.889977, 45.506958 ], [ -75.890231, 45.506983 ], [ -75.890899, 45.506984 ], [ -75.891124, 45.506998 ], [ -75.891563, 45.506967 ], [ -75.892557, 45.506788 ], [ -75.892879, 45.506678 ], [ -75.893051, 45.506601 ], [ -75.893449, 45.50653 ], [ -75.893787, 45.50645 ], [ -75.89399, 45.506426 ], [ -75.894605, 45.506443 ], [ -75.895164, 45.506502 ], [ -75.895421, 45.506492 ], [ -75.896031, 45.506433 ], [ -75.896631, 45.506333 ], [ -75.897191, 45.506155 ], [ -75.897438, 45.506106 ], [ -75.898048, 45.506045 ], [ -75.898716, 45.506041 ], [ -75.89902, 45.506011 ], [ -75.899169, 45.505981 ], [ -75.899542, 45.50586 ], [ -75.899634, 45.505828 ], [ -75.899686, 45.505821 ], [ -75.899783, 45.505822 ], [ -75.900062, 45.505811 ], [ -75.900499, 45.505865 ], [ -75.90085, 45.50592 ], [ -75.901239, 45.506012 ], [ -75.901606, 45.506141 ], [ -75.901859, 45.506261 ], [ -75.902093, 45.506402 ], [ -75.90253, 45.506591 ], [ -75.902656, 45.506627 ], [ -75.903045, 45.506738 ], [ -75.903122, 45.506784 ], [ -75.903355, 45.506857 ], [ -75.903475, 45.506923 ], [ -75.903572, 45.506947 ], [ -75.903924, 45.506999 ], [ -75.904589, 45.507037 ], [ -75.905298, 45.507122 ], [ -75.905583, 45.507202 ], [ -75.905823, 45.507386 ], [ -75.905875, 45.507486 ], [ -75.905962, 45.507577 ], [ -75.906075, 45.507646 ], [ -75.906419, 45.507802 ], [ -75.906667, 45.507984 ], [ -75.906697, 45.508089 ], [ -75.906702, 45.508485 ], [ -75.906727, 45.50859 ], [ -75.906816, 45.508685 ], [ -75.906904, 45.508758 ], [ -75.907004, 45.508837 ], [ -75.9071, 45.508923 ], [ -75.907211, 45.509038 ], [ -75.907295, 45.509169 ], [ -75.907363, 45.509289 ], [ -75.907409, 45.509502 ], [ -75.9075, 45.509638 ], [ -75.907591, 45.509823 ], [ -75.907696, 45.509913 ], [ -75.907794, 45.510063 ], [ -75.907938, 45.510173 ], [ -75.908171, 45.510253 ], [ -75.908411, 45.510317 ], [ -75.908612, 45.510348 ], [ -75.909021, 45.510325 ], [ -75.909227, 45.51033 ], [ -75.909428, 45.510357 ], [ -75.909477, 45.510393 ] ] } },
{ "type": "Feature", "properties": { "cls": "shared", "highway": "path", "name": null }, "geometry": { "type": "LineString", "coordinates": [ [ -75.876714, 45.505391 ], [ -75.876798, 45.505482 ], [ -75.876865, 45.505657 ], [ -75.876983, 45.505784 ], [ -75.877104, 45.505893 ], [ -75.877235, 45.505956 ], [ -75.877398, 45.50599 ], [ -75.877589, 45.505996 ], [ -75.877857, 45.506088 ], [ -75.87802, 45.506168 ], [ -75.87817, 45.506283 ], [ -75.87827, 45.506304 ], [ -75.878325, 45.506317 ], [ -75.878364, 45.506301 ], [ -75.878399, 45.506281 ] ] } },
{ "type": "Feature", "properties": { "cls": "shared", "highway": "path", "name": null }, "geometry": { "type": "LineString", "coordinates": [ [ -75.878486, 45.50616 ], [ -75.878541, 45.506096 ], [ -75.878627, 45.506053 ], [ -75.878964, 45.506016 ], [ -75.879104, 45.505947 ], [ -75.879205, 45.505846 ], [ -75.87931, 45.505778 ], [ -75.879443, 45.505688 ] ] } },
{ "type": "Feature", "properties": { "cls": "shared", "highway": "path", "name": null }, "geometry": { "type": "LineString", "coordinates": [ [ -75.878466, 45.506188 ], [ -75.878486, 45.50616 ] ] } },
{ "type": "Feature", "properties": { "cls": "shared", "highway": "path", "name": null }, "geometry": { "type": "LineString", "coordinates": [ [ -75.878414, 45.506262 ], [ -75.878466, 45.506188 ] ] } },
{ "type": "Feature", "properties": { "cls": "shared", "highway": "path", "name": "Piste 9" }, "geometry": { "type": "LineString", "coordinates": [ [ -75.859828, 45.505968 ], [ -75.859794, 45.506124 ], [ -75.859834, 45.506332 ], [ -75.85985, 45.50639 ], [ -75.859881, 45.506483 ], [ -75.859937, 45.506633 ], [ -75.860066, 45.506885 ], [ -75.86011, 45.506957 ], [ -75.860125, 45.507021 ], [ -75.860133, 45.507128 ], [ -75.860157, 45.507219 ], [ -75.86023, 45.507336 ], [ -75.86026, 45.507427 ] ] } },
{ "type": "Feature", "properties": { "cls": "shared", "highway": "path", "name": "32" }, "geometry": { "type": "LineString", "coordinates": [ [ -75.86026, 45.507427 ], [ -75.860228, 45.507631 ], [ -75.860197, 45.507704 ] ] } },
{ "type": "Feature", "properties": { "cls": "shared", "highway": "path", "name": null }, "geometry": { "type": "LineString", "coordinates": [ [ -75.859527, 45.505915 ], [ -75.85951, 45.505651 ] ] } },
{ "type": "Feature", "properties": { "cls": "shared", "highway": "cycleway", "name": "Chemin Scott" }, "geometry": { "type": "Point", "coordinates": [ -75.811865, 45.506962 ] } },
{ "type": "Feature", "properties": { "cls": "painted", "highway": "tertiary", "name": "Chemin du Lac-Meech" }, "geometry": { "type": "LineString", "coordinates": [ [ -75.812738, 45.503311 ], [ -75.812834, 45.503341 ], [ -75.813488, 45.503576 ], [ -75.81397, 45.503791 ], [ -75.814648, 45.504198 ], [ -75.816613, 45.505919 ], [ -75.816719, 45.506019 ], [ -75.817474, 45.506655 ], [ -75.818162, 45.50726 ], [ -75.818765, 45.507817 ], [ -75.818867, 45.507911 ], [ -75.819411, 45.508357 ], [ -75.819944, 45.508692 ], [ -75.820529, 45.508976 ], [ -75.821187, 45.509214 ], [ -75.82176, 45.509365 ], [ -75.822533, 45.509482 ], [ -75.8231, 45.50952 ], [ -75.824108, 45.509489 ] ] } },
{ "type": "Feature", "properties": { "cls": "shared", "highway": "path", "name": "32" }, "geometry": { "type": "LineString", "coordinates": [ [ -75.860197, 45.507704 ], [ -75.860143, 45.50778 ] ] } },
{ "type": "Feature", "properties": { "cls": "shared", "highway": "path", "name": "32" }, "geometry": { "type": "LineString", "coordinates": [ [ -75.860143, 45.50778 ], [ -75.86013, 45.50784 ], [ -75.860134, 45.507892 ], [ -75.860153, 45.507964 ], [ -75.860185, 45.508034 ], [ -75.860269, 45.508164 ], [ -75.860363, 45.508285 ], [ -75.860467, 45.508374 ], [ -75.860588, 45.508443 ], [ -75.860771, 45.508515 ], [ -75.860929, 45.508572 ], [ -75.861064, 45.508633 ], [ -75.86119, 45.508704 ], [ -75.861334, 45.508797 ], [ -75.861426, 45.508858 ], [ -75.861519, 45.508924 ], [ -75.861687, 45.509049 ], [ -75.861811, 45.509142 ], [ -75.861855, 45.509188 ], [ -75.861975, 45.50934 ], [ -75.862032, 45.509436 ], [ -75.862133, 45.509535 ], [ -75.8622, 45.50963 ], [ -75.862236, 45.509676 ], [ -75.862277, 45.509909 ], [ -75.862324, 45.51008 ], [ -75.86235, 45.510206 ], [ -75.862337, 45.510275 ], [ -75.862378, 45.510384 ], [ -75.862432, 45.510462 ], [ -75.862486, 45.510508 ], [ -75.862559, 45.510563 ], [ -75.862667, 45.510675 ], [ -75.862701, 45.510771 ], [ -75.862768, 45.510859 ], [ -75.862833, 45.510973 ], [ -75.86293, 45.511075 ], [ -75.862989, 45.511175 ], [ -75.863088, 45.51128 ], [ -75.863155, 45.511335 ], [ -75.863247, 45.511427 ], [ -75.863358, 45.511519 ], [ -75.863456, 45.511608 ], [ -75.863612, 45.511687 ], [ -75.863721, 45.511712 ], [ -75.86383, 45.511692 ], [ -75.863895, 45.511711 ], [ -75.863945, 45.511755 ], [ -75.86401, 45.511812 ], [ -75.864054, 45.511862 ], [ -75.864037, 45.511923 ], [ -75.864, 45.51198 ], [ -75.863962, 45.512014 ], [ -75.863842, 45.512081 ], [ -75.863808, 45.512106 ], [ -75.863766, 45.512163 ], [ -75.863771, 45.512317 ], [ -75.863768, 45.512405 ], [ -75.863737, 45.512497 ], [ -75.863712, 45.512564 ], [ -75.863566, 45.512742 ] ] } },
{ "type": "Feature", "properties": { "cls": "shared", "highway": "path", "name": null }, "geometry": { "type": "LineString", "coordinates": [ [ -75.910217, 45.510326 ], [ -75.910173, 45.510382 ], [ -75.910079, 45.510435 ], [ -75.909931, 45.510436 ] ] } },
{ "type": "Feature", "properties": { "cls": "shared", "highway": "path", "name": null }, "geometry": { "type": "LineString", "coordinates": [ [ -75.909931, 45.510436 ], [ -75.909728, 45.51036 ], [ -75.909625, 45.510345 ], [ -75.909532, 45.510354 ], [ -75.909477, 45.510393 ] ] } },
{ "type": "Feature", "properties": { "cls": "shared", "highway": "path", "name": "Trail #3" }, "geometry": { "type": "LineString", "coordinates": [ [ -75.888858, 45.518653 ], [ -75.8888, 45.518852 ], [ -75.888811, 45.518955 ], [ -75.888979, 45.519199 ], [ -75.889297, 45.519471 ], [ -75.889692, 45.519635 ], [ -75.88996, 45.519646 ], [ -75.89027, 45.519527 ], [ -75.890453, 45.519273 ], [ -75.890537, 45.519102 ], [ -75.890574, 45.518841 ], [ -75.890657, 45.518674 ], [ -75.890764, 45.518633 ], [ -75.890896, 45.518633 ], [ -75.891009, 45.518684 ], [ -75.891197, 45.518798 ], [ -75.891365, 45.51886 ], [ -75.891503, 45.518891 ], [ -75.891606, 45.51886 ], [ -75.891738, 45.518739 ], [ -75.891842, 45.518651 ], [ -75.89204, 45.518601 ], [ -75.8923, 45.518608 ], [ -75.892479, 45.518566 ], [ -75.892629, 45.518506 ], [ -75.892799, 45.518473 ], [ -75.892922, 45.518473 ], [ -75.89304, 45.518498 ], [ -75.893156, 45.518544 ], [ -75.893257, 45.518616 ], [ -75.893342, 45.518691 ], [ -75.893452, 45.518773 ], [ -75.893585, 45.5189 ], [ -75.893673, 45.518998 ], [ -75.89382, 45.519152 ], [ -75.893916, 45.519257 ], [ -75.894015, 45.519305 ], [ -75.894123, 45.519319 ], [ -75.894257, 45.519312 ], [ -75.894343, 45.519257 ], [ -75.894425, 45.519129 ], [ -75.894511, 45.518999 ], [ -75.894628, 45.518878 ], [ -75.894797, 45.518766 ], [ -75.894961, 45.518734 ], [ -75.895073, 45.518746 ], [ -75.89527, 45.518817 ], [ -75.895454, 45.518883 ], [ -75.895598, 45.518886 ], [ -75.895721, 45.518878 ], [ -75.895957, 45.518902 ], [ -75.896154, 45.518921 ], [ -75.896294, 45.518929 ], [ -75.896453, 45.518925 ], [ -75.896639, 45.518886 ], [ -75.896694, 45.518865 ], [ -75.896746, 45.518824 ], [ -75.896786, 45.518734 ], [ -75.896831, 45.518672 ], [ -75.896905, 45.518612 ], [ -75.896976, 45.518491 ], [ -75.896925, 45.518123 ], [ -75.896899, 45.517893 ], [ -75.896866, 45.517574 ], [ -75.896777, 45.517503 ], [ -75.896774, 45.517429 ], [ -75.896844, 45.517305 ], [ -75.896879, 45.517257 ], [ -75.89691, 45.517161 ], [ -75.896837, 45.516941 ], [ -75.896801, 45.516616 ], [ -75.896629, 45.516361 ], [ -75.896312, 45.516113 ], [ -75.896067, 45.515923 ], [ -75.895944, 45.515808 ], [ -75.895896, 45.51571 ], [ -75.895841, 45.515593 ], [ -75.89571, 45.515279 ], [ -75.895578, 45.515066 ], [ -75.895276, 45.51472 ], [ -75.895051, 45.514494 ], [ -75.894909, 45.514359 ], [ -75.894808, 45.514225 ], [ -75.894742, 45.514092 ], [ -75.894628, 45.513861 ], [ -75.894326, 45.513413 ], [ -75.894232, 45.513265 ], [ -75.894221, 45.513184 ], [ -75.894258, 45.513108 ], [ -75.894329, 45.513047 ], [ -75.894501, 45.51301 ], [ -75.894648, 45.512996 ], [ -75.894856, 45.512971 ], [ -75.895073, 45.512923 ], [ -75.895268, 45.512865 ], [ -75.895485, 45.512797 ], [ -75.895671, 45.51268 ], [ -75.895879, 45.512542 ], [ -75.896072, 45.512424 ], [ -75.896201, 45.512312 ], [ -75.896308, 45.51223 ], [ -75.896426, 45.512177 ], [ -75.896547, 45.51213 ], [ -75.896635, 45.512046 ], [ -75.896716, 45.511892 ], [ -75.896712, 45.511773 ], [ -75.896761, 45.511715 ], [ -75.896849, 45.511663 ], [ -75.897, 45.511603 ], [ -75.897164, 45.511542 ], [ -75.897456, 45.511482 ], [ -75.897675, 45.511434 ], [ -75.897863, 45.51136 ], [ -75.89805, 45.511277 ], [ -75.898244, 45.511216 ], [ -75.898393, 45.511189 ], [ -75.898596, 45.511133 ], [ -75.898745, 45.511048 ], [ -75.89884, 45.510946 ], [ -75.899002, 45.510808 ], [ -75.899196, 45.510691 ], [ -75.899391, 45.510586 ], [ -75.899497, 45.510468 ], [ -75.899567, 45.510374 ], [ -75.899599, 45.510321 ], [ -75.899643, 45.510282 ], [ -75.899755, 45.510224 ], [ -75.899891, 45.510187 ], [ -75.900022, 45.510127 ], [ -75.900085, 45.510092 ], [ -75.90014, 45.510045 ], [ -75.900195, 45.509978 ], [ -75.900296, 45.509814 ], [ -75.900342, 45.509679 ], [ -75.900373, 45.509526 ], [ -75.90039, 45.509405 ], [ -75.900423, 45.509294 ], [ -75.900469, 45.509192 ], [ -75.90055, 45.509107 ], [ -75.900592, 45.509044 ], [ -75.900605, 45.509 ], [ -75.900596, 45.508954 ], [ -75.900559, 45.508915 ], [ -75.900467, 45.508856 ], [ -75.90037, 45.508796 ], [ -75.900297, 45.508749 ], [ -75.900267, 45.508726 ], [ -75.900237, 45.5087 ], [ -75.900213, 45.508673 ], [ -75.900202, 45.508635 ], [ -75.900211, 45.508603 ], [ -75.900238, 45.508569 ], [ -75.900307, 45.508522 ], [ -75.900434, 45.508449 ], [ -75.90053, 45.508362 ], [ -75.900615, 45.508269 ], [ -75.900817, 45.508047 ], [ -75.900986, 45.507877 ], [ -75.90107, 45.507765 ], [ -75.901109, 45.507641 ], [ -75.901111, 45.50755 ], [ -75.901173, 45.50743 ], [ -75.901262, 45.507369 ], [ -75.901387, 45.507292 ], [ -75.901502, 45.507218 ], [ -75.901611, 45.507083 ], [ -75.901678, 45.506992 ], [ -75.901851, 45.506925 ], [ -75.902006, 45.506886 ], [ -75.902229, 45.506831 ], [ -75.902367, 45.506796 ], [ -75.902516, 45.506728 ], [ -75.902656, 45.506627 ], [ -75.902893, 45.506367 ], [ -75.902991, 45.506265 ], [ -75.903218, 45.50614 ], [ -75.903369, 45.506066 ], [ -75.903619, 45.505975 ], [ -75.903747, 45.505904 ], [ -75.903926, 45.505754 ], [ -75.904102, 45.505666 ] ] } },
{ "type": "Feature", "properties": { "cls": "shared", "highway": "path", "name": "32" }, "geometry": { "type": "LineString", "coordinates": [ [ -75.863566, 45.512742 ], [ -75.86358, 45.512815 ], [ -75.863543, 45.512887 ], [ -75.863568, 45.512932 ], [ -75.863669, 45.512978 ], [ -75.863735, 45.51305 ], [ -75.864078, 45.513196 ], [ -75.864425, 45.513259 ], [ -75.864601, 45.513294 ], [ -75.864778, 45.513269 ] ] } },
{ "type": "Feature", "properties": { "cls": "shared", "highway": "path", "name": "Trail #3" }, "geometry": { "type": "LineString", "coordinates": [ [ -75.87127, 45.51207 ], [ -75.871436, 45.512241 ], [ -75.871505, 45.51243 ], [ -75.871472, 45.512587 ], [ -75.87152, 45.51277 ], [ -75.871653, 45.513049 ], [ -75.871785, 45.513387 ], [ -75.871925, 45.51367 ], [ -75.871881, 45.513969 ], [ -75.871734, 45.514341 ], [ -75.871631, 45.514555 ], [ -75.87166, 45.514715 ], [ -75.871759, 45.51481 ], [ -75.871999, 45.514921 ], [ -75.872304, 45.514981 ], [ -75.872591, 45.514994 ], [ -75.872864, 45.514927 ], [ -75.873029, 45.514914 ], [ -75.873213, 45.514929 ], [ -75.873401, 45.514893 ], [ -75.873589, 45.514805 ], [ -75.873918, 45.514702 ], [ -75.87452, 45.514645 ], [ -75.874792, 45.514658 ], [ -75.875046, 45.514741 ], [ -75.87522, 45.514885 ], [ -75.875345, 45.51505 ], [ -75.875389, 45.515192 ], [ -75.875518, 45.515352 ], [ -75.875621, 45.515512 ], [ -75.875768, 45.515602 ], [ -75.876147, 45.515649 ], [ -75.876512, 45.515708 ], [ -75.876799, 45.515765 ], [ -75.877137, 45.515837 ], [ -75.877461, 45.515971 ], [ -75.877557, 45.516061 ], [ -75.877527, 45.516195 ], [ -75.877439, 45.516319 ], [ -75.877399, 45.516401 ], [ -75.877432, 45.516488 ], [ -75.877509, 45.516527 ], [ -75.87765, 45.516538 ], [ -75.877785, 45.516515 ], [ -75.877967, 45.516467 ], [ -75.878257, 45.516378 ], [ -75.878367, 45.51637 ], [ -75.878503, 45.516425 ], [ -75.878659, 45.516531 ], [ -75.878734, 45.516598 ], [ -75.878779, 45.516743 ], [ -75.878835, 45.516821 ] ] } },
{ "type": "Feature", "properties": { "cls": "shared", "highway": "path", "name": "Trail 2" }, "geometry": { "type": "MultiLineString", "coordinates": [ [ [ -75.916296, 45.514699 ], [ -75.916345, 45.514668 ], [ -75.916912, 45.514357 ], [ -75.917062, 45.514266 ], [ -75.917194, 45.514172 ], [ -75.917321, 45.514106 ] ], [ [ -75.917321, 45.514106 ], [ -75.917449, 45.51407 ], [ -75.917464, 45.514017 ], [ -75.917404, 45.513987 ], [ -75.917331, 45.514031 ], [ -75.917321, 45.514106 ] ] ] } },
{ "type": "Feature", "properties": { "cls": "shared", "highway": "path", "name": "Trail #1 Ridge Road" }, "geometry": { "type": "LineString", "coordinates": [ [ -75.909477, 45.510393 ], [ -75.909313, 45.510518 ], [ -75.909141, 45.510651 ], [ -75.908826, 45.510885 ], [ -75.908696, 45.511 ], [ -75.908511, 45.511193 ], [ -75.908391, 45.511325 ], [ -75.908204, 45.511546 ], [ -75.908038, 45.511811 ], [ -75.907915, 45.512093 ], [ -75.907866, 45.512599 ], [ -75.907912, 45.513101 ], [ -75.907938, 45.51317 ], [ -75.907993, 45.513307 ], [ -75.908077, 45.513505 ], [ -75.90826, 45.513794 ], [ -75.908456, 45.514117 ], [ -75.908617, 45.51433 ], [ -75.908716, 45.514449 ], [ -75.908806, 45.514579 ], [ -75.90889, 45.514675 ], [ -75.90905, 45.514882 ], [ -75.909147, 45.515045 ], [ -75.909292, 45.515294 ], [ -75.90949, 45.515581 ], [ -75.909652, 45.515831 ], [ -75.909724, 45.515967 ], [ -75.909835, 45.516129 ], [ -75.909911, 45.51625 ], [ -75.910059, 45.516558 ], [ -75.9101, 45.516656 ], [ -75.910217, 45.516908 ], [ -75.910292, 45.517121 ], [ -75.910361, 45.5174 ], [ -75.910419, 45.517559 ], [ -75.910518, 45.51786 ], [ -75.910571, 45.518004 ], [ -75.910662, 45.518158 ], [ -75.910749, 45.518277 ], [ -75.910857, 45.518406 ], [ -75.910965, 45.518517 ], [ -75.911071, 45.518623 ], [ -75.911265, 45.518792 ], [ -75.911391, 45.518876 ], [ -75.911647, 45.518976 ], [ -75.912128, 45.519126 ], [ -75.912475, 45.519198 ] ] } },
{ "type": "Feature", "properties": { "cls": "shared", "highway": "path", "name": "Trail #1B" }, "geometry": { "type": "LineString", "coordinates": [ [ -75.909931, 45.510436 ], [ -75.909748, 45.510602 ], [ -75.909513, 45.510787 ], [ -75.909318, 45.511026 ], [ -75.909249, 45.511123 ], [ -75.909276, 45.511204 ], [ -75.909383, 45.511268 ], [ -75.909709, 45.511362 ], [ -75.909896, 45.511462 ], [ -75.910167, 45.51162 ], [ -75.910376, 45.511706 ], [ -75.910664, 45.511843 ], [ -75.910875, 45.512088 ], [ -75.910933, 45.512223 ], [ -75.911027, 45.512334 ], [ -75.911153, 45.512486 ], [ -75.911096, 45.512678 ], [ -75.911051, 45.512937 ], [ -75.911002, 45.513086 ], [ -75.911139, 45.51332 ], [ -75.911362, 45.513364 ], [ -75.911637, 45.513458 ], [ -75.911882, 45.513652 ], [ -75.911985, 45.513774 ], [ -75.912138, 45.513881 ], [ -75.91226, 45.514036 ], [ -75.912289, 45.514212 ], [ -75.912289, 45.514397 ], [ -75.912226, 45.514521 ], [ -75.912093, 45.514622 ], [ -75.912085, 45.514773 ], [ -75.912174, 45.515078 ], [ -75.912315, 45.515456 ], [ -75.912407, 45.515732 ], [ -75.912388, 45.515941 ], [ -75.912287, 45.516081 ], [ -75.912232, 45.51623 ], [ -75.9121, 45.516615 ], [ -75.911935, 45.516886 ], [ -75.91185, 45.517123 ], [ -75.911862, 45.517257 ], [ -75.911919, 45.517401 ], [ -75.912031, 45.517553 ], [ -75.912044, 45.517674 ], [ -75.912027, 45.517848 ], [ -75.911976, 45.518016 ], [ -75.911869, 45.518099 ], [ -75.911714, 45.518206 ], [ -75.911588, 45.518373 ], [ -75.911608, 45.518488 ], [ -75.911701, 45.518723 ], [ -75.911769, 45.518813 ], [ -75.911879, 45.518869 ], [ -75.912082, 45.518833 ], [ -75.912267, 45.518925 ], [ -75.912347, 45.519078 ], [ -75.912475, 45.519198 ] ] } },
{ "type": "Feature", "properties": { "cls": "shared", "highway": "path", "name": "Trail 3" }, "geometry": { "type": "LineString", "coordinates": [ [ -75.878835, 45.516821 ], [ -75.8791, 45.516997 ] ] } },
{ "type": "Feature", "properties": { "cls": "shared", "highway": "path", "name": "Trail #2" }, "geometry": { "type": "LineString", "coordinates": [ [ -75.912475, 45.519198 ], [ -75.912445, 45.51901 ], [ -75.912469, 45.518898 ], [ -75.91253, 45.518811 ], [ -75.912671, 45.518733 ], [ -75.912844, 45.518654 ], [ -75.913247, 45.518592 ], [ -75.913401, 45.518583 ], [ -75.913554, 45.518602 ], [ -75.913709, 45.518602 ], [ -75.914011, 45.518556 ], [ -75.914462, 45.518383 ], [ -75.914846, 45.518206 ], [ -75.915043, 45.51809 ], [ -75.915237, 45.518005 ], [ -75.91535, 45.517905 ], [ -75.915355, 45.517665 ], [ -75.915442, 45.517515 ], [ -75.915512, 45.517418 ], [ -75.915645, 45.517308 ], [ -75.91567, 45.517238 ], [ -75.91568, 45.517166 ], [ -75.915652, 45.517097 ], [ -75.915595, 45.516924 ], [ -75.915538, 45.51678 ], [ -75.915528, 45.516577 ], [ -75.91573, 45.516256 ], [ -75.915776, 45.516046 ], [ -75.915715, 45.51587 ], [ -75.915717, 45.515689 ], [ -75.915818, 45.515405 ], [ -75.915877, 45.515215 ], [ -75.915998, 45.514996 ], [ -75.916051, 45.514905 ], [ -75.916296, 45.514699 ] ] } },
{ "type": "Feature", "properties": { "cls": "shared", "highway": "path", "name": "Trail #3" }, "geometry": { "type": "LineString", "coordinates": [ [ -75.8791, 45.516997 ], [ -75.879287, 45.517084 ], [ -75.879429, 45.517171 ], [ -75.879552, 45.51722 ], [ -75.879796, 45.517277 ], [ -75.880036, 45.517242 ], [ -75.880366, 45.517226 ], [ -75.880634, 45.517235 ], [ -75.880853, 45.517278 ], [ -75.881064, 45.517331 ], [ -75.881311, 45.517339 ], [ -75.881514, 45.517304 ], [ -75.881811, 45.517224 ], [ -75.882003, 45.517116 ], [ -75.882196, 45.517014 ], [ -75.882399, 45.516945 ], [ -75.882699, 45.516903 ], [ -75.882933, 45.516875 ], [ -75.883112, 45.516901 ], [ -75.883292, 45.516956 ], [ -75.88343, 45.516996 ], [ -75.883609, 45.517012 ], [ -75.883766, 45.517001 ], [ -75.883878, 45.517004 ], [ -75.884023, 45.51704 ], [ -75.884156, 45.517079 ], [ -75.884267, 45.517116 ], [ -75.88445, 45.517207 ], [ -75.884638, 45.517346 ], [ -75.884762, 45.517459 ], [ -75.884906, 45.517556 ], [ -75.885025, 45.517601 ], [ -75.885161, 45.517621 ], [ -75.885291, 45.517601 ], [ -75.885579, 45.517492 ], [ -75.885874, 45.517358 ], [ -75.885964, 45.517341 ], [ -75.88604, 45.517355 ], [ -75.886112, 45.517421 ], [ -75.886123, 45.517583 ], [ -75.886238, 45.517748 ], [ -75.886443, 45.517949 ], [ -75.886557, 45.518032 ], [ -75.886698, 45.518072 ], [ -75.887187, 45.518082 ], [ -75.887335, 45.518115 ], [ -75.88747, 45.518217 ], [ -75.887545, 45.518254 ], [ -75.88764, 45.518257 ], [ -75.887797, 45.518173 ], [ -75.888, 45.518067 ], [ -75.888258, 45.518057 ], [ -75.888596, 45.518127 ], [ -75.888791, 45.518266 ], [ -75.888851, 45.518347 ], [ -75.888864, 45.518557 ] ] } },
{ "type": "Feature", "properties": { "cls": "shared", "highway": "path", "name": "Trail 3" }, "geometry": { "type": "LineString", "coordinates": [ [ -75.888864, 45.518557 ], [ -75.888858, 45.518653 ] ] } },
{ "type": "Feature", "properties": { "cls": "shared", "highway": "path", "name": "Trail 2" }, "geometry": { "type": "LineString", "coordinates": [ [ -75.913324, 45.521293 ], [ -75.913518, 45.520989 ], [ -75.913565, 45.520827 ], [ -75.913576, 45.520681 ], [ -75.913543, 45.520572 ], [ -75.913491, 45.520509 ], [ -75.913197, 45.520353 ], [ -75.913149, 45.520289 ], [ -75.913135, 45.52018 ], [ -75.913195, 45.52 ], [ -75.913196, 45.519853 ], [ -75.913157, 45.519708 ], [ -75.913083, 45.519611 ], [ -75.912979, 45.519527 ], [ -75.912686, 45.519371 ], [ -75.912475, 45.519198 ] ] } },
{ "type": "Feature", "properties": { "cls": "shared", "highway": "path", "name": "Trail #1 Ridge Road" }, "geometry": { "type": "LineString", "coordinates": [ [ -75.912475, 45.519198 ], [ -75.912667, 45.519211 ], [ -75.913801, 45.519281 ], [ -75.914396, 45.519395 ], [ -75.914724, 45.519492 ], [ -75.915364, 45.519717 ], [ -75.915755, 45.519887 ], [ -75.915963, 45.519987 ], [ -75.916274, 45.52011 ], [ -75.916709, 45.520285 ], [ -75.917169, 45.520424 ], [ -75.917495, 45.520483 ], [ -75.917894, 45.520548 ], [ -75.918238, 45.520595 ], [ -75.918688, 45.520616 ], [ -75.918927, 45.520613 ], [ -75.919196, 45.520602 ], [ -75.919547, 45.520578 ], [ -75.920355, 45.520487 ], [ -75.922032, 45.520315 ], [ -75.923242, 45.520149 ], [ -75.923831, 45.520021 ], [ -75.923919, 45.519987 ], [ -75.924215, 45.519926 ], [ -75.924452, 45.519858 ], [ -75.924945, 45.519761 ], [ -75.925302, 45.519729 ], [ -75.92561, 45.519737 ], [ -75.925913, 45.519774 ], [ -75.926247, 45.519867 ], [ -75.926776, 45.520136 ], [ -75.927137, 45.520464 ], [ -75.927241, 45.520572 ], [ -75.927357, 45.52069 ], [ -75.927523, 45.520875 ], [ -75.927705, 45.521123 ], [ -75.927796, 45.521298 ], [ -75.927855, 45.521488 ], [ -75.927928, 45.521684 ], [ -75.927946, 45.521988 ], [ -75.927894, 45.522382 ], [ -75.927849, 45.522485 ], [ -75.927722, 45.523366 ], [ -75.927668, 45.523613 ], [ -75.927638, 45.523989 ], [ -75.92767, 45.524333 ], [ -75.927744, 45.524537 ], [ -75.927847, 45.524729 ], [ -75.928029, 45.524979 ], [ -75.928226, 45.525216 ], [ -75.928379, 45.525353 ], [ -75.928542, 45.525483 ], [ -75.928872, 45.525707 ], [ -75.929109, 45.525838 ], [ -75.930031, 45.526155 ], [ -75.930295, 45.526266 ], [ -75.930471, 45.52633 ], [ -75.930639, 45.52642 ], [ -75.930827, 45.526536 ] ] } },
{ "type": "Feature", "properties": { "cls": "shared", "highway": "path", "name": "Sentier/Trail #36" }, "geometry": { "type": "LineString", "coordinates": [ [ -75.863387, 45.52636 ], [ -75.863368, 45.526289 ], [ -75.86333, 45.526145 ], [ -75.86314, 45.52598 ], [ -75.862881, 45.525797 ], [ -75.862516, 45.525511 ], [ -75.862304, 45.525294 ], [ -75.862114, 45.525139 ], [ -75.861683, 45.524965 ], [ -75.861416, 45.524904 ], [ -75.861081, 45.524799 ], [ -75.860936, 45.524652 ], [ -75.860917, 45.524387 ], [ -75.860746, 45.524252 ], [ -75.860544, 45.524096 ], [ -75.860477, 45.523783 ], [ -75.86047, 45.523539 ], [ -75.860001, 45.523378 ], [ -75.859587, 45.523172 ], [ -75.85932, 45.522953 ], [ -75.858984, 45.522886 ], [ -75.858711, 45.522764 ], [ -75.858524, 45.522474 ], [ -75.858528, 45.522158 ], [ -75.858414, 45.521902 ], [ -75.857983, 45.521563 ], [ -75.857622, 45.521364 ], [ -75.857307, 45.521124 ], [ -75.85685, 45.520971 ], [ -75.856433, 45.520695 ], [ -75.8563, 45.520647 ] ] } },
{ "type": "Feature", "properties": { "cls": "shared", "highway": "path", "name": "Trail #24" }, "geometry": { "type": "LineString", "coordinates": [ [ -75.918927, 45.520613 ], [ -75.91895, 45.520719 ], [ -75.919041, 45.520798 ], [ -75.919138, 45.520825 ], [ -75.919289, 45.520824 ], [ -75.919425, 45.520805 ], [ -75.919558, 45.520825 ], [ -75.919705, 45.520875 ], [ -75.920006, 45.521086 ], [ -75.920203, 45.521113 ], [ -75.92032, 45.521192 ], [ -75.920449, 45.521372 ], [ -75.920548, 45.52144 ], [ -75.920634, 45.521459 ], [ -75.920756, 45.521445 ], [ -75.921067, 45.521321 ], [ -75.921185, 45.52129 ], [ -75.921346, 45.521271 ], [ -75.921506, 45.52127 ], [ -75.921877, 45.521196 ], [ -75.922247, 45.521072 ], [ -75.922556, 45.520942 ], [ -75.922708, 45.520919 ], [ -75.922834, 45.52092 ], [ -75.922902, 45.52094 ], [ -75.923032, 45.521037 ], [ -75.923122, 45.521079 ], [ -75.923375, 45.521114 ], [ -75.923458, 45.521133 ], [ -75.923534, 45.521186 ], [ -75.923601, 45.521328 ], [ -75.923606, 45.52145 ], [ -75.923594, 45.521548 ], [ -75.923606, 45.521673 ], [ -75.923719, 45.521901 ], [ -75.923738, 45.522018 ], [ -75.923853, 45.522338 ], [ -75.923904, 45.522442 ], [ -75.92406, 45.522622 ], [ -75.924086, 45.522709 ], [ -75.924072, 45.522887 ], [ -75.924087, 45.523015 ], [ -75.924135, 45.523133 ], [ -75.924235, 45.523319 ], [ -75.924267, 45.523423 ], [ -75.92424, 45.523534 ], [ -75.924235, 45.523635 ], [ -75.924316, 45.52427 ], [ -75.924258, 45.524445 ], [ -75.924038, 45.524747 ], [ -75.923937, 45.524919 ], [ -75.923899, 45.525176 ], [ -75.923911, 45.525383 ], [ -75.923899, 45.525489 ], [ -75.923834, 45.525588 ], [ -75.923721, 45.525683 ], [ -75.923647, 45.525821 ], [ -75.923627, 45.525994 ], [ -75.923644, 45.526135 ], [ -75.923795, 45.526579 ], [ -75.923877, 45.526666 ], [ -75.924002, 45.526748 ], [ -75.924136, 45.526822 ], [ -75.92423, 45.526853 ], [ -75.924411, 45.526927 ], [ -75.924488, 45.526975 ], [ -75.924611, 45.527099 ], [ -75.924658, 45.527174 ], [ -75.924717, 45.527244 ], [ -75.92482, 45.527332 ], [ -75.925016, 45.527477 ], [ -75.925204, 45.527631 ], [ -75.925267, 45.527694 ], [ -75.925351, 45.527748 ], [ -75.925428, 45.527778 ], [ -75.925501, 45.527783 ], [ -75.925734, 45.527723 ], [ -75.925797, 45.527715 ], [ -75.925869, 45.52772 ], [ -75.92597, 45.52775 ], [ -75.92621, 45.52784 ], [ -75.926334, 45.527827 ], [ -75.926632, 45.527769 ], [ -75.926824, 45.527757 ], [ -75.926928, 45.527765 ], [ -75.927126, 45.527824 ], [ -75.927198, 45.527825 ], [ -75.927248, 45.527815 ], [ -75.927296, 45.527792 ], [ -75.927386, 45.527726 ], [ -75.927562, 45.527622 ], [ -75.927711, 45.527574 ], [ -75.927919, 45.527543 ], [ -75.928057, 45.527536 ], [ -75.928214, 45.52755 ], [ -75.92838, 45.527546 ], [ -75.928431, 45.527536 ], [ -75.928591, 45.527458 ], [ -75.928716, 45.527384 ], [ -75.928869, 45.527271 ], [ -75.928999, 45.527164 ], [ -75.929138, 45.527026 ], [ -75.929224, 45.526896 ], [ -75.929273, 45.526859 ], [ -75.929341, 45.526827 ], [ -75.929412, 45.526808 ], [ -75.929564, 45.526783 ], [ -75.929681, 45.526754 ], [ -75.929823, 45.526707 ], [ -75.930017, 45.526615 ], [ -75.930118, 45.526598 ], [ -75.93059, 45.526545 ], [ -75.930726, 45.526541 ], [ -75.930827, 45.526536 ] ] } },
{ "type": "Feature", "properties": { "cls": "shared", "highway": "path", "name": "Trail #33" }, "geometry": { "type": "LineString", "coordinates": [ [ -75.919157, 45.528449 ], [ -75.919093, 45.528388 ], [ -75.919036, 45.528244 ], [ -75.91901, 45.528123 ], [ -75.918987, 45.52787 ], [ -75.918909, 45.527697 ], [ -75.91887, 45.527555 ], [ -75.918878, 45.527412 ], [ -75.918844, 45.527233 ], [ -75.918693, 45.527044 ], [ -75.918612, 45.526835 ], [ -75.918592, 45.526582 ], [ -75.918602, 45.526366 ], [ -75.918476, 45.52613 ], [ -75.91842, 45.52607 ], [ -75.918381, 45.526046 ], [ -75.918282, 45.526034 ], [ -75.917976, 45.526068 ], [ -75.91763, 45.526138 ], [ -75.917324, 45.526172 ], [ -75.916765, 45.5261 ], [ -75.916198, 45.526085 ], [ -75.915949, 45.526036 ], [ -75.915491, 45.525979 ], [ -75.915354, 45.52593 ], [ -75.914751, 45.525836 ], [ -75.914212, 45.525712 ], [ -75.914042, 45.525631 ], [ -75.914009, 45.525603 ], [ -75.913903, 45.525399 ], [ -75.913898, 45.525165 ], [ -75.913914, 45.525044 ], [ -75.913947, 45.524901 ], [ -75.914125, 45.524522 ], [ -75.914163, 45.524306 ], [ -75.914203, 45.524242 ], [ -75.914225, 45.524098 ], [ -75.914212, 45.523881 ], [ -75.914183, 45.523737 ], [ -75.913966, 45.523294 ], [ -75.913874, 45.523206 ], [ -75.913627, 45.522888 ], [ -75.913583, 45.522784 ], [ -75.913349, 45.522546 ], [ -75.913275, 45.522424 ], [ -75.913315, 45.522276 ], [ -75.913366, 45.522213 ], [ -75.913504, 45.52199 ], [ -75.913544, 45.521849 ], [ -75.913556, 45.521696 ], [ -75.913545, 45.521594 ], [ -75.913489, 45.521522 ], [ -75.913324, 45.521293 ] ] } },
{ "type": "Feature", "properties": { "cls": "painted", "highway": "tertiary", "name": "Chemin du Lac-Meech" }, "geometry": { "type": "LineString", "coordinates": [ [ -75.863387, 45.52636 ], [ -75.865226, 45.526796 ], [ -75.866349, 45.527043 ], [ -75.866496, 45.52706 ], [ -75.866809, 45.527059 ], [ -75.866914, 45.527049 ], [ -75.86717, 45.526995 ], [ -75.867333, 45.526978 ], [ -75.867933, 45.526961 ], [ -75.867987, 45.526953 ], [ -75.868031, 45.526939 ], [ -75.868305, 45.526798 ], [ -75.868712, 45.526562 ], [ -75.869022, 45.526422 ], [ -75.869533, 45.52625 ] ] } },
{ "type": "Feature", "properties": { "cls": "shared", "highway": "path", "name": "Trail 36" }, "geometry": { "type": "LineString", "coordinates": [ [ -75.864564, 45.527014 ], [ -75.864516, 45.527157 ], [ -75.864496, 45.527246 ] ] } },
{ "type": "Feature", "properties": { "cls": "shared", "highway": "path", "name": "Trail #40" }, "geometry": { "type": "LineString", "coordinates": [ [ -75.924136, 45.526822 ], [ -75.924079, 45.526963 ], [ -75.923891, 45.527219 ], [ -75.923805, 45.527309 ], [ -75.923697, 45.527386 ], [ -75.923561, 45.527438 ], [ -75.923404, 45.527473 ] ] } },
{ "type": "Feature", "properties": { "cls": "shared", "highway": "path", "name": "Trail #36 Trans Canada Trail" }, "geometry": { "type": "LineString", "coordinates": [ [ -75.864496, 45.527246 ], [ -75.864407, 45.527342 ], [ -75.864416, 45.527419 ], [ -75.864437, 45.527527 ], [ -75.8644, 45.527678 ], [ -75.864381, 45.527944 ], [ -75.864395, 45.528121 ], [ -75.864389, 45.528307 ], [ -75.864395, 45.528466 ] ] } },
{ "type": "Feature", "properties": { "cls": "shared", "highway": "path", "name": "Trail 40" }, "geometry": { "type": "LineString", "coordinates": [ [ -75.923404, 45.527473 ], [ -75.923278, 45.527488 ] ] } },
{ "type": "Feature", "properties": { "cls": "shared", "highway": "path", "name": "Trail #40" }, "geometry": { "type": "LineString", "coordinates": [ [ -75.923278, 45.527488 ], [ -75.922905, 45.527516 ] ] } },
{ "type": "Feature", "properties": { "cls": "shared", "highway": "path", "name": "Trail 40" }, "geometry": { "type": "LineString", "coordinates": [ [ -75.922905, 45.527516 ], [ -75.9227, 45.52751 ] ] } },
{ "type": "Feature", "properties": { "cls": "shared", "highway": "path", "name": "Trail #40" }, "geometry": { "type": "LineString", "coordinates": [ [ -75.9227, 45.52751 ], [ -75.922536, 45.527475 ], [ -75.92243, 45.527426 ], [ -75.922294, 45.527353 ], [ -75.922058, 45.527297 ], [ -75.921957, 45.527308 ], [ -75.921715, 45.527368 ], [ -75.921357, 45.52739 ], [ -75.921261, 45.527415 ], [ -75.92119, 45.527468 ], [ -75.921169, 45.527537 ], [ -75.921088, 45.527664 ], [ -75.920951, 45.527817 ], [ -75.920544, 45.528036 ], [ -75.920227, 45.528154 ], [ -75.919833, 45.528239 ], [ -75.919628, 45.528232 ], [ -75.919292, 45.528325 ], [ -75.91921, 45.528368 ], [ -75.919195, 45.528389 ], [ -75.919157, 45.528449 ] ] } },
{ "type": "Feature", "properties": { "cls": "shared", "highway": "path", "name": "Trail #40" }, "geometry": { "type": "LineString", "coordinates": [ [ -75.919157, 45.528449 ], [ -75.919159, 45.528678 ], [ -75.919123, 45.528782 ], [ -75.91903, 45.528989 ], [ -75.918805, 45.529312 ], [ -75.918492, 45.529551 ], [ -75.918357, 45.529702 ], [ -75.91817, 45.529871 ], [ -75.91767, 45.530182 ], [ -75.917532, 45.530289 ], [ -75.917224, 45.530576 ], [ -75.917109, 45.530737 ], [ -75.917083, 45.530806 ], [ -75.916953, 45.530955 ], [ -75.916855, 45.531039 ], [ -75.916725, 45.531095 ], [ -75.916625, 45.531112 ], [ -75.916472, 45.531101 ], [ -75.916331, 45.531058 ], [ -75.916159, 45.530978 ], [ -75.916063, 45.530954 ], [ -75.915911, 45.530936 ], [ -75.91581, 45.530943 ], [ -75.915477, 45.531109 ], [ -75.915278, 45.531143 ], [ -75.915046, 45.531223 ], [ -75.914792, 45.531336 ], [ -75.914689, 45.531341 ], [ -75.914548, 45.531384 ], [ -75.914028, 45.531697 ], [ -75.913478, 45.531938 ], [ -75.913292, 45.531999 ], [ -75.913095, 45.532041 ], [ -75.912993, 45.532043 ], [ -75.912689, 45.532007 ], [ -75.912506, 45.531943 ], [ -75.912359, 45.531912 ], [ -75.91205, 45.5319 ], [ -75.911898, 45.531916 ], [ -75.911396, 45.532098 ], [ -75.911241, 45.532192 ], [ -75.911056, 45.532361 ], [ -75.910971, 45.5324 ], [ -75.910822, 45.532427 ], [ -75.910617, 45.532426 ], [ -75.910472, 45.53239 ], [ -75.91031, 45.532302 ], [ -75.909975, 45.532077 ], [ -75.909667, 45.531947 ], [ -75.909413, 45.531924 ], [ -75.908963, 45.53198 ] ] } },
{ "type": "Feature", "properties": { "cls": "shared", "highway": "path", "name": "Trail #36 Trans Canada Trail" }, "geometry": { "type": "LineString", "coordinates": [ [ -75.864395, 45.528466 ], [ -75.864427, 45.528545 ], [ -75.864585, 45.528656 ], [ -75.864723, 45.528767 ], [ -75.864881, 45.528921 ], [ -75.865011, 45.529088 ], [ -75.865064, 45.529226 ], [ -75.865058, 45.529421 ], [ -75.864946, 45.529645 ], [ -75.86485, 45.529792 ], [ -75.864709, 45.530071 ], [ -75.864563, 45.530324 ], [ -75.864439, 45.53061 ], [ -75.864431, 45.530808 ], [ -75.864473, 45.531047 ], [ -75.864598, 45.531229 ], [ -75.864799, 45.531433 ], [ -75.865127, 45.53164 ], [ -75.865405, 45.531831 ], [ -75.865676, 45.532012 ], [ -75.866106, 45.532242 ], [ -75.866427, 45.532374 ], [ -75.866629, 45.532454 ], [ -75.866811, 45.532598 ], [ -75.866913, 45.532821 ], [ -75.867027, 45.533077 ], [ -75.867128, 45.533325 ], [ -75.867204, 45.533634 ], [ -75.867305, 45.533851 ], [ -75.867368, 45.533944 ], [ -75.867466, 45.534032 ], [ -75.867601, 45.534093 ], [ -75.867679, 45.534122 ] ] } },
{ "type": "Feature", "properties": { "cls": "shared", "highway": "path", "name": "Trail 40" }, "geometry": { "type": "LineString", "coordinates": [ [ -75.908963, 45.53198 ], [ -75.908765, 45.531988 ] ] } },
{ "type": "Feature", "properties": { "cls": "shared", "highway": "cycleway", "name": "#45 (Powerline)" }, "geometry": { "type": "LineString", "coordinates": [ [ -75.853593, 45.543132 ], [ -75.853613, 45.543271 ], [ -75.853698, 45.543401 ], [ -75.853935, 45.543591 ], [ -75.854042, 45.54375 ], [ -75.854137, 45.543832 ], [ -75.854256, 45.543901 ], [ -75.854368, 45.544018 ], [ -75.854403, 45.544084 ], [ -75.854537, 45.544193 ], [ -75.85458, 45.544257 ], [ -75.854875, 45.544499 ], [ -75.855, 45.544653 ], [ -75.85514, 45.544758 ], [ -75.855187, 45.54482 ], [ -75.855404, 45.544974 ], [ -75.855553, 45.545119 ], [ -75.855651, 45.545243 ], [ -75.855681, 45.545384 ], [ -75.855736, 45.545445 ], [ -75.855748, 45.545732 ], [ -75.855735, 45.545804 ], [ -75.855684, 45.545866 ], [ -75.855673, 45.545936 ], [ -75.855704, 45.546004 ], [ -75.855763, 45.546062 ], [ -75.855954, 45.546157 ], [ -75.856022, 45.546193 ], [ -75.856099, 45.546202 ], [ -75.856203, 45.546163 ], [ -75.856375, 45.546103 ], [ -75.856528, 45.54609 ], [ -75.856629, 45.546104 ], [ -75.856765, 45.546154 ], [ -75.856781, 45.546224 ], [ -75.856834, 45.546367 ], [ -75.857026, 45.546539 ], [ -75.857069, 45.546618 ], [ -75.857114, 45.54678 ], [ -75.857078, 45.546958 ], [ -75.857135, 45.547139 ], [ -75.857289, 45.547232 ], [ -75.857546, 45.547351 ], [ -75.857626, 45.547451 ], [ -75.857814, 45.54752 ], [ -75.857914, 45.547602 ], [ -75.85796, 45.547633 ], [ -75.857996, 45.547706 ], [ -75.858011, 45.547877 ], [ -75.858016, 45.547949 ], [ -75.857975, 45.548019 ], [ -75.857899, 45.548082 ], [ -75.857837, 45.548197 ], [ -75.85793, 45.54833 ], [ -75.858041, 45.548399 ], [ -75.858174, 45.548451 ], [ -75.858335, 45.548461 ], [ -75.858501, 45.548473 ], [ -75.858739, 45.548487 ], [ -75.858905, 45.548496 ], [ -75.85909, 45.548529 ], [ -75.85935, 45.548694 ], [ -75.859372, 45.548726 ], [ -75.859521, 45.54882 ], [ -75.859543, 45.548852 ], [ -75.859954, 45.549115 ], [ -75.860118, 45.54929 ], [ -75.860146, 45.549357 ], [ -75.860293, 45.549505 ], [ -75.860315, 45.549612 ], [ -75.860368, 45.549673 ], [ -75.860397, 45.549777 ], [ -75.860424, 45.549807 ], [ -75.860555, 45.549912 ], [ -75.860799, 45.549966 ], [ -75.860926, 45.550076 ], [ -75.860986, 45.550174 ], [ -75.861007, 45.550353 ], [ -75.86109, 45.550443 ], [ -75.861194, 45.550521 ], [ -75.861518, 45.550624 ], [ -75.861749, 45.550768 ], [ -75.862178, 45.551116 ], [ -75.862268, 45.551203 ], [ -75.862307, 45.551267 ], [ -75.862557, 45.55144 ], [ -75.862795, 45.551674 ], [ -75.863045, 45.5518 ], [ -75.863091, 45.551941 ] ] } },
{ "type": "Feature", "properties": { "cls": "shared", "highway": "path", "name": "Trail 40" }, "geometry": { "type": "LineString", "coordinates": [ [ -75.908765, 45.531988 ], [ -75.908557, 45.532037 ], [ -75.908102, 45.532098 ], [ -75.908, 45.532102 ], [ -75.907902, 45.532079 ], [ -75.907749, 45.532069 ], [ -75.90745, 45.532122 ], [ -75.907195, 45.532119 ], [ -75.907, 45.532166 ], [ -75.906627, 45.532284 ], [ -75.905983, 45.532386 ] ] } },
{ "type": "Feature", "properties": { "cls": "shared", "highway": "path", "name": "Trail 40" }, "geometry": { "type": "LineString", "coordinates": [ [ -75.905983, 45.532386 ], [ -75.905821, 45.532406 ] ] } },
{ "type": "Feature", "properties": { "cls": "shared", "highway": "path", "name": "Trail 40" }, "geometry": { "type": "LineString", "coordinates": [ [ -75.905821, 45.532406 ], [ -75.90507, 45.532426 ], [ -75.90471, 45.532443 ], [ -75.904453, 45.532434 ], [ -75.903998, 45.532376 ], [ -75.903535, 45.532368 ], [ -75.903337, 45.53233 ], [ -75.903202, 45.532278 ], [ -75.902999, 45.53226 ], [ -75.902907, 45.532291 ], [ -75.902795, 45.532407 ], [ -75.902571, 45.532554 ], [ -75.9023, 45.532657 ], [ -75.901481, 45.532866 ], [ -75.90099, 45.533062 ], [ -75.900847, 45.533103 ], [ -75.900776, 45.533162 ], [ -75.900734, 45.533206 ], [ -75.900551, 45.533422 ], [ -75.900396, 45.533566 ], [ -75.900334, 45.533663 ], [ -75.900243, 45.533751 ], [ -75.900096, 45.533894 ], [ -75.899954, 45.533985 ], [ -75.899806, 45.534044 ], [ -75.899662, 45.534138 ], [ -75.899593, 45.534224 ], [ -75.899604, 45.534389 ], [ -75.899577, 45.534502 ], [ -75.899575, 45.534622 ] ] } },
{ "type": "Feature", "properties": { "cls": "shared", "highway": "path", "name": "Trans Canada Trail (36)" }, "geometry": { "type": "LineString", "coordinates": [ [ -75.867679, 45.534122 ], [ -75.867922, 45.534189 ] ] } },
{ "type": "Feature", "properties": { "cls": "shared", "highway": "path", "name": "Trail 40" }, "geometry": { "type": "LineString", "coordinates": [ [ -75.899575, 45.534622 ], [ -75.8996, 45.534718 ] ] } },
{ "type": "Feature", "properties": { "cls": "shared", "highway": "path", "name": "Trail 40" }, "geometry": { "type": "LineString", "coordinates": [ [ -75.8996, 45.534718 ], [ -75.899603, 45.534816 ], [ -75.89959, 45.534929 ], [ -75.899595, 45.535157 ], [ -75.899615, 45.535321 ], [ -75.899579, 45.535462 ], [ -75.899565, 45.535644 ], [ -75.899584, 45.53575 ], [ -75.899654, 45.535886 ], [ -75.899742, 45.535971 ], [ -75.899801, 45.536151 ], [ -75.899829, 45.536321 ], [ -75.899831, 45.536393 ], [ -75.899827, 45.536465 ], [ -75.899781, 45.536567 ], [ -75.899705, 45.53666 ], [ -75.899604, 45.536892 ], [ -75.899593, 45.536983 ] ] } },
{ "type": "Feature", "properties": { "cls": "shared", "highway": "cycleway", "name": "Trail 36b" }, "geometry": { "type": "LineString", "coordinates": [ [ -75.867801, 45.538317 ], [ -75.867858, 45.53825 ], [ -75.867828, 45.538212 ], [ -75.867756, 45.538201 ], [ -75.867695, 45.538183 ], [ -75.867643, 45.538177 ], [ -75.867614, 45.53815 ], [ -75.867624, 45.538067 ], [ -75.867739, 45.538004 ], [ -75.867852, 45.537883 ], [ -75.867971, 45.537815 ], [ -75.868297, 45.537708 ], [ -75.868541, 45.537577 ], [ -75.868678, 45.537529 ], [ -75.868833, 45.537436 ], [ -75.868945, 45.537363 ], [ -75.869025, 45.537321 ], [ -75.869187, 45.537232 ], [ -75.869283, 45.537147 ], [ -75.869403, 45.537033 ], [ -75.869539, 45.536945 ], [ -75.869626, 45.536833 ], [ -75.869706, 45.536743 ], [ -75.869841, 45.536586 ], [ -75.870021, 45.536368 ], [ -75.870099, 45.536281 ], [ -75.870259, 45.536018 ], [ -75.870383, 45.535744 ], [ -75.870441, 45.535684 ], [ -75.87048, 45.535581 ], [ -75.870593, 45.535424 ], [ -75.870739, 45.535276 ], [ -75.87078, 45.535098 ], [ -75.870742, 45.534612 ] ] } },
{ "type": "Feature", "properties": { "cls": "shared", "highway": "path", "name": "Trail #36 Trans Canada Trail" }, "geometry": { "type": "LineString", "coordinates": [ [ -75.867922, 45.534189 ], [ -75.868183, 45.534418 ], [ -75.86851, 45.534616 ], [ -75.868694, 45.534746 ], [ -75.868921, 45.534797 ], [ -75.869148, 45.534804 ], [ -75.869412, 45.534776 ], [ -75.869601, 45.534708 ], [ -75.869737, 45.534628 ], [ -75.869957, 45.534572 ], [ -75.870321, 45.534551 ], [ -75.870535, 45.534583 ], [ -75.870742, 45.534612 ], [ -75.870995, 45.534659 ], [ -75.871288, 45.534705 ], [ -75.871615, 45.534784 ], [ -75.871855, 45.534907 ], [ -75.872032, 45.535102 ], [ -75.87229, 45.535394 ], [ -75.872505, 45.535553 ], [ -75.872758, 45.535624 ], [ -75.872997, 45.535619 ], [ -75.873199, 45.535641 ], [ -75.873382, 45.535672 ], [ -75.873483, 45.535756 ], [ -75.873559, 45.535898 ], [ -75.873591, 45.536083 ], [ -75.873565, 45.536278 ], [ -75.873426, 45.536455 ], [ -75.873395, 45.536596 ], [ -75.873439, 45.536945 ], [ -75.873471, 45.53737 ], [ -75.873572, 45.537604 ], [ -75.873721, 45.537875 ], [ -75.873881, 45.538068 ], [ -75.874102, 45.538285 ], [ -75.874196, 45.538515 ], [ -75.874266, 45.538665 ], [ -75.874348, 45.538762 ], [ -75.874487, 45.538798 ], [ -75.874632, 45.53886 ], [ -75.874847, 45.538882 ], [ -75.874966, 45.538829 ], [ -75.875147, 45.538741 ], [ -75.875382, 45.538672 ], [ -75.875635, 45.538643 ], [ -75.875774, 45.538621 ], [ -75.875894, 45.538652 ], [ -75.875995, 45.538745 ], [ -75.87609, 45.538846 ], [ -75.876153, 45.539028 ], [ -75.876216, 45.539204 ], [ -75.876304, 45.539284 ], [ -75.87645, 45.539302 ], [ -75.876632, 45.539253 ], [ -75.876778, 45.5392 ], [ -75.876898, 45.539151 ], [ -75.877106, 45.539129 ], [ -75.877264, 45.539231 ], [ -75.877459, 45.539377 ], [ -75.877655, 45.539465 ], [ -75.877838, 45.539589 ], [ -75.878052, 45.539611 ], [ -75.878248, 45.539549 ], [ -75.878368, 45.539461 ], [ -75.878513, 45.539394 ], [ -75.878721, 45.539363 ], [ -75.878987, 45.539363 ], [ -75.87922, 45.539434 ], [ -75.879403, 45.539518 ], [ -75.879567, 45.539637 ], [ -75.879599, 45.539757 ], [ -75.879548, 45.539947 ], [ -75.879529, 45.540119 ], [ -75.879523, 45.540274 ], [ -75.879611, 45.540371 ], [ -75.879971, 45.540416 ], [ -75.880249, 45.540451 ], [ -75.880539, 45.540553 ], [ -75.880899, 45.540575 ], [ -75.881196, 45.540557 ], [ -75.881498, 45.540486 ], [ -75.8817, 45.540416 ], [ -75.881896, 45.540314 ], [ -75.882054, 45.54023 ], [ -75.882256, 45.540133 ], [ -75.882565, 45.539965 ], [ -75.882761, 45.53985 ], [ -75.882963, 45.539739 ], [ -75.883291, 45.539704 ], [ -75.883369, 45.539702 ], [ -75.883611, 45.539695 ], [ -75.883695, 45.539695 ], [ -75.88413, 45.539735 ], [ -75.884522, 45.539748 ], [ -75.88485, 45.539726 ], [ -75.885077, 45.539752 ], [ -75.885317, 45.539859 ], [ -75.885563, 45.539925 ], [ -75.885878, 45.539934 ], [ -75.886143, 45.539898 ], [ -75.886345, 45.539907 ], [ -75.886528, 45.539898 ], [ -75.886737, 45.539912 ], [ -75.886907, 45.540013 ], [ -75.887084, 45.540137 ], [ -75.887292, 45.540265 ], [ -75.88745, 45.540331 ], [ -75.887633, 45.540411 ], [ -75.887841, 45.540517 ], [ -75.888024, 45.540583 ], [ -75.888144, 45.540703 ], [ -75.888157, 45.540758 ], [ -75.888136, 45.540848 ], [ -75.888151, 45.54091 ] ] } },
{ "type": "Feature", "properties": { "cls": "shared", "highway": "cycleway", "name": null }, "geometry": { "type": "LineString", "coordinates": [ [ -75.867703, 45.538408 ], [ -75.867801, 45.538317 ] ] } },
{ "type": "Feature", "properties": { "cls": "shared", "highway": "cycleway", "name": "Trail 44" }, "geometry": { "type": "LineString", "coordinates": [ [ -75.853593, 45.543132 ], [ -75.854118, 45.543133 ], [ -75.854329, 45.5431 ], [ -75.854524, 45.543116 ], [ -75.854677, 45.543191 ], [ -75.854862, 45.543251 ], [ -75.855218, 45.543285 ], [ -75.855468, 45.543326 ], [ -75.855811, 45.543258 ], [ -75.856275, 45.543106 ], [ -75.85645, 45.543032 ], [ -75.85656, 45.542955 ], [ -75.856782, 45.542758 ], [ -75.856891, 45.542685 ], [ -75.857041, 45.542585 ], [ -75.85767, 45.542113 ], [ -75.858012, 45.541955 ], [ -75.858295, 45.541871 ], [ -75.858492, 45.54183 ], [ -75.858799, 45.54182 ], [ -75.859001, 45.541844 ], [ -75.859311, 45.541971 ], [ -75.859894, 45.542321 ], [ -75.860113, 45.542385 ], [ -75.860206, 45.542349 ], [ -75.860554, 45.542314 ], [ -75.860699, 45.542348 ], [ -75.86099, 45.542495 ], [ -75.861469, 45.542623 ], [ -75.861622, 45.54262 ], [ -75.861721, 45.542604 ], [ -75.862049, 45.542501 ], [ -75.862219, 45.54242 ], [ -75.862374, 45.542325 ], [ -75.862717, 45.542058 ], [ -75.862958, 45.541825 ], [ -75.863193, 45.541688 ], [ -75.86325, 45.541628 ], [ -75.863336, 45.541459 ], [ -75.863413, 45.541365 ], [ -75.863484, 45.541314 ], [ -75.863625, 45.54127 ], [ -75.863708, 45.541184 ], [ -75.863849, 45.541139 ], [ -75.864049, 45.541106 ], [ -75.864203, 45.541102 ], [ -75.864454, 45.541135 ], [ -75.864556, 45.541126 ], [ -75.864647, 45.541093 ], [ -75.864877, 45.5409 ], [ -75.865133, 45.540727 ], [ -75.865158, 45.540657 ], [ -75.865414, 45.540388 ], [ -75.865666, 45.540211 ], [ -75.865801, 45.539978 ], [ -75.865821, 45.539908 ], [ -75.865801, 45.539692 ], [ -75.865836, 45.539626 ], [ -75.866302, 45.539345 ], [ -75.866545, 45.539287 ], [ -75.866732, 45.539228 ], [ -75.866861, 45.539169 ], [ -75.866935, 45.539119 ], [ -75.867106, 45.53894 ], [ -75.867413, 45.538748 ], [ -75.867601, 45.538492 ], [ -75.86769, 45.538419 ], [ -75.867703, 45.538408 ] ] } },
{ "type": "Feature", "properties": { "cls": "shared", "highway": "path", "name": "Trans Canada Trail (36)" }, "geometry": { "type": "LineString", "coordinates": [ [ -75.888151, 45.54091 ], [ -75.888214, 45.540968 ], [ -75.888382, 45.541045 ] ] } },
{ "type": "Feature", "properties": { "cls": "shared", "highway": "path", "name": "Trail #36 Trans Canada Trail" }, "geometry": { "type": "LineString", "coordinates": [ [ -75.888382, 45.541045 ], [ -75.888555, 45.541028 ], [ -75.888771, 45.540984 ], [ -75.88904, 45.541034 ], [ -75.889223, 45.54114 ], [ -75.889362, 45.54122 ], [ -75.889438, 45.541339 ], [ -75.889507, 45.541472 ], [ -75.889646, 45.541613 ], [ -75.889854, 45.54172 ], [ -75.890069, 45.541817 ], [ -75.890321, 45.541985 ], [ -75.890492, 45.54209 ] ] } },
{ "type": "Feature", "properties": { "cls": "shared", "highway": "cycleway", "name": "Trail 47 (Hope Trail)" }, "geometry": { "type": "LineString", "coordinates": [ [ -75.882446, 45.557826 ], [ -75.882404, 45.557652 ], [ -75.882439, 45.55757 ], [ -75.882721, 45.557325 ], [ -75.882859, 45.557174 ], [ -75.883074, 45.556772 ], [ -75.88321, 45.556409 ], [ -75.883295, 45.556288 ], [ -75.883857, 45.555799 ], [ -75.884458, 45.555166 ], [ -75.884798, 45.554864 ], [ -75.885054, 45.554606 ], [ -75.885175, 45.554439 ], [ -75.885222, 45.554291 ], [ -75.885245, 45.554024 ], [ -75.885482, 45.553699 ], [ -75.885514, 45.553586 ], [ -75.885512, 45.553478 ], [ -75.885482, 45.553336 ], [ -75.885368, 45.553083 ], [ -75.885081, 45.552647 ], [ -75.88504, 45.552527 ], [ -75.885045, 45.552447 ], [ -75.885122, 45.552201 ], [ -75.885552, 45.55159 ], [ -75.885763, 45.551215 ], [ -75.885934, 45.550802 ], [ -75.885959, 45.55067 ], [ -75.885942, 45.550095 ], [ -75.885919, 45.549998 ], [ -75.885788, 45.549795 ], [ -75.885502, 45.549496 ], [ -75.885253, 45.549183 ], [ -75.885132, 45.548947 ], [ -75.885087, 45.548698 ], [ -75.885084, 45.548357 ], [ -75.885125, 45.548144 ], [ -75.885126, 45.547901 ], [ -75.885079, 45.547426 ], [ -75.884787, 45.546209 ], [ -75.884713, 45.54602 ], [ -75.884654, 45.545931 ], [ -75.884104, 45.545304 ], [ -75.883948, 45.54504 ], [ -75.883917, 45.544899 ], [ -75.883923, 45.544782 ], [ -75.884037, 45.544386 ], [ -75.884057, 45.544262 ], [ -75.884038, 45.544056 ], [ -75.883935, 45.543677 ], [ -75.883859, 45.543555 ], [ -75.883501, 45.54324 ], [ -75.883375, 45.542996 ], [ -75.883364, 45.542853 ], [ -75.883444, 45.542389 ], [ -75.883447, 45.542174 ], [ -75.883384, 45.541882 ], [ -75.883235, 45.541548 ], [ -75.883059, 45.541269 ], [ -75.882985, 45.541187 ], [ -75.882772, 45.541073 ], [ -75.882626, 45.540974 ], [ -75.882587, 45.540912 ], [ -75.882593, 45.540835 ], [ -75.882641, 45.540772 ], [ -75.88293, 45.540579 ], [ -75.883043, 45.540483 ], [ -75.88314, 45.540347 ], [ -75.883275, 45.540085 ], [ -75.883305, 45.539981 ], [ -75.883313, 45.539783 ], [ -75.883357, 45.539716 ], [ -75.883369, 45.539702 ] ] } },
{ "type": "Feature", "properties": { "cls": "shared", "highway": "path", "name": "Trail #36 Trans Canada Trail" }, "geometry": { "type": "LineString", "coordinates": [ [ -75.890908, 45.542493 ], [ -75.891073, 45.542599 ], [ -75.891287, 45.542741 ], [ -75.891502, 45.542878 ], [ -75.89159, 45.543081 ], [ -75.891647, 45.543253 ], [ -75.891685, 45.543412 ], [ -75.89171, 45.543594 ], [ -75.891779, 45.543717 ], [ -75.891905, 45.543859 ], [ -75.892026, 45.544014 ], [ -75.892101, 45.544146 ], [ -75.892225, 45.544346 ], [ -75.892297, 45.5445 ], [ -75.892402, 45.544727 ], [ -75.892467, 45.544902 ], [ -75.892619, 45.545141 ], [ -75.892732, 45.545331 ], [ -75.892884, 45.545583 ], [ -75.892928, 45.545773 ], [ -75.892941, 45.546078 ], [ -75.892966, 45.54633 ], [ -75.892947, 45.546608 ], [ -75.892871, 45.54686 ], [ -75.892821, 45.547024 ], [ -75.892814, 45.547267 ], [ -75.892859, 45.547408 ], [ -75.892884, 45.547611 ], [ -75.892852, 45.547894 ], [ -75.892783, 45.548186 ], [ -75.892739, 45.548416 ], [ -75.892758, 45.548743 ], [ -75.892802, 45.549061 ], [ -75.892827, 45.54941 ], [ -75.892789, 45.549618 ], [ -75.892802, 45.549892 ], [ -75.892884, 45.550086 ], [ -75.892955, 45.550253 ], [ -75.892972, 45.550467 ], [ -75.892917, 45.550689 ], [ -75.892972, 45.550852 ], [ -75.893117, 45.550984 ], [ -75.893261, 45.551126 ], [ -75.893395, 45.551267 ], [ -75.893573, 45.55147 ], [ -75.893742, 45.551669 ], [ -75.893875, 45.551828 ], [ -75.894051, 45.551951 ], [ -75.894241, 45.552018 ], [ -75.894373, 45.552181 ], [ -75.894405, 45.552442 ], [ -75.894449, 45.552734 ], [ -75.894525, 45.552919 ], [ -75.894695, 45.553127 ], [ -75.894853, 45.553308 ], [ -75.894975, 45.553448 ], [ -75.895157, 45.553569 ], [ -75.895377, 45.553649 ], [ -75.895763, 45.55382 ], [ -75.896048, 45.55393 ], [ -75.896403, 45.55407 ], [ -75.896759, 45.554242 ], [ -75.896967, 45.554365 ], [ -75.897124, 45.554589 ], [ -75.897239, 45.554771 ], [ -75.897384, 45.555032 ], [ -75.897514, 45.555224 ], [ -75.897583, 45.555405 ], [ -75.89762, 45.555567 ], [ -75.897623, 45.55577 ], [ -75.897699, 45.555982 ], [ -75.897832, 45.556114 ], [ -75.898008, 45.556243 ], [ -75.898299, 45.556291 ], [ -75.898589, 45.556397 ], [ -75.89876, 45.556548 ], [ -75.898842, 45.55672 ], [ -75.898974, 45.556928 ], [ -75.899138, 45.557091 ], [ -75.899258, 45.557241 ], [ -75.899436, 45.557352 ], [ -75.899713, 45.557476 ], [ -75.899965, 45.557555 ], [ -75.9002, 45.557604 ], [ -75.900519, 45.557553 ], [ -75.900724, 45.557426 ], [ -75.900896, 45.557355 ], [ -75.901175, 45.557284 ], [ -75.901337, 45.557263 ], [ -75.901536, 45.557277 ], [ -75.901733, 45.55735 ], [ -75.901923, 45.557502 ], [ -75.902181, 45.55758 ], [ -75.902485, 45.557655 ], [ -75.902751, 45.557695 ], [ -75.903028, 45.557745 ], [ -75.903258, 45.557767 ], [ -75.903477, 45.557849 ], [ -75.903602, 45.558258 ], [ -75.903651, 45.558597 ], [ -75.903558, 45.558951 ], [ -75.903608, 45.55924 ], [ -75.903793, 45.559555 ], [ -75.903864, 45.559814 ], [ -75.904008, 45.560145 ], [ -75.90396, 45.560368 ], [ -75.903779, 45.560762 ], [ -75.90355, 45.561078 ], [ -75.903103, 45.561581 ], [ -75.903008, 45.561847 ], [ -75.902982, 45.562088 ], [ -75.902969, 45.5625 ], [ -75.903001, 45.562873 ], [ -75.903122, 45.563078 ], [ -75.903382, 45.563316 ], [ -75.903578, 45.563555 ], [ -75.903668, 45.563775 ], [ -75.903752, 45.564076 ], [ -75.903767, 45.564292 ], [ -75.90381, 45.564698 ], [ -75.903975, 45.565275 ], [ -75.904079, 45.565692 ], [ -75.904424, 45.566242 ], [ -75.904498, 45.56643 ], [ -75.904471, 45.566601 ], [ -75.904308, 45.56692 ], [ -75.904193, 45.567021 ], [ -75.903956, 45.567229 ] ] } },
{ "type": "Feature", "properties": { "cls": "shared", "highway": "cycleway", "name": "Trail 47" }, "geometry": { "type": "LineString", "coordinates": [ [ -75.884572, 45.557394 ], [ -75.884418, 45.557313 ], [ -75.884032, 45.557313 ], [ -75.88371, 45.557313 ], [ -75.883431, 45.557464 ], [ -75.883173, 45.557584 ], [ -75.882895, 45.557734 ], [ -75.882637, 45.557854 ], [ -75.882446, 45.557826 ] ] } },
{ "type": "Feature", "properties": { "cls": "shared", "highway": "cycleway", "name": "Trail 47" }, "geometry": { "type": "LineString", "coordinates": [ [ -75.885145, 45.558111 ], [ -75.885162, 45.557993 ], [ -75.885171, 45.557937 ], [ -75.884901, 45.557636 ], [ -75.884837, 45.557526 ], [ -75.884739, 45.55745 ], [ -75.884618, 45.557418 ] ] } },
{ "type": "Feature", "properties": { "cls": "shared", "highway": "cycleway", "name": "Trail 47" }, "geometry": { "type": "LineString", "coordinates": [ [ -75.885141, 45.558238 ], [ -75.885145, 45.558111 ] ] } },
{ "type": "Feature", "properties": { "cls": "shared", "highway": "cycleway", "name": "#45 (Powerline)" }, "geometry": { "type": "LineString", "coordinates": [ [ -75.863091, 45.551941 ], [ -75.863249, 45.552082 ], [ -75.863355, 45.552205 ], [ -75.863671, 45.552442 ], [ -75.864005, 45.552886 ], [ -75.864224, 45.553037 ], [ -75.864295, 45.553132 ], [ -75.864362, 45.553187 ], [ -75.864566, 45.553297 ], [ -75.864632, 45.553349 ], [ -75.864721, 45.553386 ], [ -75.864823, 45.553394 ], [ -75.864925, 45.553383 ], [ -75.865213, 45.553306 ], [ -75.86542, 45.553152 ], [ -75.865754, 45.553058 ], [ -75.865838, 45.553017 ], [ -75.865989, 45.552919 ], [ -75.866155, 45.552742 ], [ -75.866197, 45.55272 ], [ -75.866243, 45.552709 ], [ -75.866396, 45.552713 ], [ -75.866523, 45.552772 ], [ -75.866572, 45.552834 ], [ -75.866573, 45.55287 ], [ -75.866494, 45.55304 ], [ -75.866472, 45.55322 ], [ -75.866496, 45.553905 ], [ -75.86654, 45.554008 ], [ -75.866692, 45.554197 ], [ -75.866711, 45.554484 ], [ -75.866977, 45.555105 ], [ -75.867056, 45.555198 ], [ -75.867199, 45.555302 ], [ -75.867347, 45.555446 ], [ -75.867527, 45.555576 ], [ -75.868311, 45.555922 ], [ -75.868461, 45.556067 ], [ -75.868629, 45.556329 ], [ -75.868757, 45.556709 ], [ -75.86876, 45.55678 ], [ -75.868692, 45.556953 ], [ -75.868685, 45.557024 ], [ -75.868799, 45.557537 ], [ -75.868876, 45.557607 ], [ -75.868961, 45.557613 ], [ -75.869107, 45.557605 ], [ -75.869539, 45.557674 ], [ -75.869766, 45.557648 ], [ -75.869934, 45.557532 ], [ -75.870481, 45.557206 ], [ -75.87068, 45.557178 ], [ -75.870915, 45.557247 ], [ -75.871081, 45.55747 ], [ -75.871099, 45.557577 ], [ -75.871163, 45.557715 ], [ -75.871213, 45.55807 ], [ -75.87121, 45.558251 ], [ -75.87118, 45.558355 ], [ -75.871185, 45.558535 ], [ -75.871265, 45.558852 ], [ -75.87138, 45.559053 ], [ -75.871416, 45.559155 ], [ -75.871516, 45.559281 ], [ -75.871613, 45.559363 ], [ -75.871767, 45.559457 ], [ -75.872102, 45.559944 ], [ -75.872346, 45.560174 ], [ -75.872609, 45.560347 ], [ -75.87274, 45.560456 ], [ -75.872976, 45.560528 ], [ -75.873282, 45.560661 ], [ -75.873578, 45.560805 ], [ -75.873798, 45.560956 ], [ -75.873924, 45.561113 ], [ -75.874041, 45.561313 ], [ -75.874093, 45.561451 ], [ -75.874136, 45.561628 ], [ -75.8741, 45.561769 ], [ -75.874104, 45.561949 ], [ -75.874185, 45.562195 ], [ -75.874308, 45.562392 ], [ -75.874446, 45.562495 ], [ -75.874685, 45.56256 ], [ -75.874823, 45.56271 ], [ -75.875072, 45.562892 ], [ -75.875089, 45.562926 ], [ -75.875402, 45.563113 ], [ -75.875567, 45.563251 ], [ -75.875728, 45.563436 ], [ -75.875901, 45.563692 ], [ -75.87599, 45.56378 ], [ -75.876297, 45.564237 ], [ -75.876483, 45.56441 ], [ -75.876579, 45.564481 ], [ -75.876615, 45.564549 ], [ -75.876698, 45.564645 ], [ -75.876951, 45.564766 ], [ -75.877049, 45.564849 ], [ -75.877262, 45.565331 ], [ -75.877401, 45.565449 ] ] } },
{ "type": "Feature", "properties": { "cls": "shared", "highway": "path", "name": "Trail 47" }, "geometry": { "type": "LineString", "coordinates": [ [ -75.891423, 45.568983 ], [ -75.891329, 45.568815 ], [ -75.891321, 45.568597 ], [ -75.890845, 45.568082 ], [ -75.890824, 45.567834 ], [ -75.89092, 45.567525 ], [ -75.890485, 45.567317 ], [ -75.890425, 45.566632 ], [ -75.890324, 45.566478 ], [ -75.890359, 45.566197 ], [ -75.88971, 45.565588 ], [ -75.889602, 45.565075 ], [ -75.88943, 45.564745 ], [ -75.889471, 45.564495 ], [ -75.889274, 45.564149 ], [ -75.889245, 45.563869 ], [ -75.889239, 45.563518 ], [ -75.889239, 45.563472 ], [ -75.889195, 45.563095 ], [ -75.889267, 45.562961 ], [ -75.889237, 45.562607 ], [ -75.889267, 45.562348 ], [ -75.889071, 45.562083 ], [ -75.887913, 45.561773 ], [ -75.88726, 45.561521 ], [ -75.886345, 45.561724 ], [ -75.885681, 45.561994 ], [ -75.885512, 45.561744 ], [ -75.885475, 45.561035 ], [ -75.885465, 45.560891 ], [ -75.88551, 45.560751 ], [ -75.88538, 45.560596 ], [ -75.885366, 45.560525 ], [ -75.88538, 45.560416 ], [ -75.885462, 45.560373 ], [ -75.885608, 45.560341 ], [ -75.885691, 45.5603 ], [ -75.885748, 45.560161 ], [ -75.885757, 45.560053 ], [ -75.885731, 45.559986 ], [ -75.885484, 45.559802 ], [ -75.885337, 45.559611 ], [ -75.885264, 45.559476 ], [ -75.885255, 45.559404 ], [ -75.885278, 45.559334 ], [ -75.885138, 45.559186 ], [ -75.885089, 45.559046 ], [ -75.885218, 45.558897 ], [ -75.885256, 45.558794 ], [ -75.88518, 45.558512 ], [ -75.885211, 45.558444 ], [ -75.885152, 45.558345 ], [ -75.885141, 45.558238 ] ] } },
{ "type": "Feature", "properties": { "cls": "shared", "highway": "path", "name": "Chemin Cowden" }, "geometry": { "type": "LineString", "coordinates": [ [ -75.88223, 45.572116 ], [ -75.882173, 45.572065 ], [ -75.882076, 45.571998 ], [ -75.881976, 45.571904 ], [ -75.881911, 45.571781 ], [ -75.88189, 45.571701 ], [ -75.88179, 45.57149 ], [ -75.881576, 45.570942 ], [ -75.881434, 45.570697 ], [ -75.881331, 45.570577 ], [ -75.881205, 45.570484 ], [ -75.880908, 45.570356 ], [ -75.880802, 45.570325 ], [ -75.880707, 45.570276 ], [ -75.880494, 45.570206 ], [ -75.880248, 45.570075 ], [ -75.880193, 45.570033 ], [ -75.880005, 45.569845 ], [ -75.879921, 45.569777 ], [ -75.879656, 45.569467 ], [ -75.879532, 45.569275 ], [ -75.879482, 45.569169 ], [ -75.879446, 45.569072 ], [ -75.879429, 45.568919 ], [ -75.879376, 45.56867 ], [ -75.879185, 45.568328 ], [ -75.879123, 45.568232 ], [ -75.87905, 45.568146 ], [ -75.878839, 45.567986 ], [ -75.878794, 45.567925 ], [ -75.878738, 45.567883 ], [ -75.87865, 45.56778 ], [ -75.878556, 45.567622 ], [ -75.878387, 45.567252 ], [ -75.878368, 45.56719 ], [ -75.878336, 45.567138 ], [ -75.878314, 45.567049 ], [ -75.878303, 45.56695 ], [ -75.87827, 45.56688 ], [ -75.878224, 45.56681 ], [ -75.878017, 45.56656 ], [ -75.877845, 45.566397 ], [ -75.87776, 45.56633 ], [ -75.877674, 45.566244 ], [ -75.877614, 45.566166 ], [ -75.877499, 45.565938 ], [ -75.877437, 45.565842 ], [ -75.877354, 45.565666 ], [ -75.877324, 45.56554 ], [ -75.877331, 45.565506 ], [ -75.877359, 45.565473 ], [ -75.877401, 45.565449 ] ] } },
{ "type": "Feature", "properties": { "cls": "shared", "highway": "path", "name": "Trail #1 Ridge Road" }, "geometry": { "type": "LineString", "coordinates": [ [ -75.930827, 45.526536 ], [ -75.931167, 45.526977 ], [ -75.931231, 45.527207 ], [ -75.931241, 45.527473 ], [ -75.931083, 45.527999 ], [ -75.930808, 45.528448 ], [ -75.930561, 45.528963 ], [ -75.930332, 45.529385 ], [ -75.930289, 45.529491 ], [ -75.930218, 45.529554 ], [ -75.930102, 45.529625 ], [ -75.929995, 45.529685 ], [ -75.929914, 45.529775 ], [ -75.929858, 45.529884 ], [ -75.92981, 45.52997 ], [ -75.929729, 45.530068 ], [ -75.929642, 45.53018 ], [ -75.929627, 45.530287 ], [ -75.92963, 45.530373 ], [ -75.929652, 45.53045 ], [ -75.929694, 45.53052 ], [ -75.929746, 45.530588 ], [ -75.929824, 45.530641 ], [ -75.929891, 45.530687 ], [ -75.929981, 45.53072 ], [ -75.93012, 45.530747 ], [ -75.930268, 45.530774 ], [ -75.930352, 45.530801 ], [ -75.930447, 45.530859 ], [ -75.930546, 45.530936 ], [ -75.930622, 45.530995 ], [ -75.930706, 45.531055 ], [ -75.930837, 45.531163 ], [ -75.93089, 45.531221 ], [ -75.930949, 45.531315 ], [ -75.930976, 45.53142 ], [ -75.931021, 45.531501 ], [ -75.931063, 45.531613 ], [ -75.931151, 45.53171 ], [ -75.93126, 45.531767 ], [ -75.931409, 45.531829 ], [ -75.931512, 45.531898 ], [ -75.931626, 45.531971 ], [ -75.931736, 45.532046 ], [ -75.931822, 45.53212 ], [ -75.931889, 45.53219 ], [ -75.931902, 45.532279 ], [ -75.931878, 45.532344 ], [ -75.931843, 45.532393 ], [ -75.931762, 45.53247 ], [ -75.931713, 45.532526 ], [ -75.931664, 45.532612 ], [ -75.931639, 45.532701 ], [ -75.931623, 45.532767 ], [ -75.931605, 45.532849 ], [ -75.931584, 45.532945 ], [ -75.93156, 45.53305 ], [ -75.931539, 45.533154 ], [ -75.931516, 45.533288 ], [ -75.931475, 45.533394 ], [ -75.931441, 45.533483 ], [ -75.931391, 45.533623 ], [ -75.931365, 45.533754 ], [ -75.931363, 45.53391 ], [ -75.931314, 45.534067 ], [ -75.931232, 45.534205 ], [ -75.931213, 45.534273 ], [ -75.931195, 45.534518 ], [ -75.931212, 45.534577 ], [ -75.931231, 45.534623 ], [ -75.931285, 45.53466 ], [ -75.931371, 45.534683 ], [ -75.931584, 45.534739 ], [ -75.931883, 45.534784 ], [ -75.932122, 45.534804 ], [ -75.932324, 45.534836 ], [ -75.932526, 45.534852 ], [ -75.93272, 45.534852 ], [ -75.932937, 45.534823 ], [ -75.933082, 45.534789 ], [ -75.9332, 45.534757 ], [ -75.933346, 45.534711 ], [ -75.933473, 45.534675 ], [ -75.933613, 45.534639 ], [ -75.933716, 45.534614 ], [ -75.933826, 45.534596 ], [ -75.933955, 45.534573 ], [ -75.934066, 45.53455 ], [ -75.93417, 45.534522 ], [ -75.934268, 45.534475 ], [ -75.934368, 45.534417 ], [ -75.934436, 45.534365 ], [ -75.934515, 45.534311 ], [ -75.934567, 45.534251 ], [ -75.934645, 45.534169 ], [ -75.934728, 45.534098 ], [ -75.934836, 45.534013 ], [ -75.934921, 45.533947 ], [ -75.934998, 45.533892 ], [ -75.935098, 45.533816 ], [ -75.935177, 45.533756 ], [ -75.935261, 45.533685 ], [ -75.935362, 45.533598 ], [ -75.935517, 45.533463 ], [ -75.935609, 45.53338 ], [ -75.935791, 45.533276 ], [ -75.935911, 45.533234 ], [ -75.936023, 45.533228 ], [ -75.936156, 45.533217 ], [ -75.936298, 45.533237 ], [ -75.936442, 45.533242 ], [ -75.936601, 45.533229 ], [ -75.936724, 45.533212 ], [ -75.936877, 45.533214 ], [ -75.937008, 45.533227 ], [ -75.937126, 45.533248 ], [ -75.937313, 45.533311 ], [ -75.937431, 45.533327 ], [ -75.937646, 45.533325 ], [ -75.937835, 45.533324 ], [ -75.938016, 45.533311 ], [ -75.938137, 45.5333 ], [ -75.938278, 45.533286 ], [ -75.938446, 45.533264 ], [ -75.938578, 45.533232 ], [ -75.938728, 45.533175 ], [ -75.938878, 45.533112 ], [ -75.939014, 45.533062 ], [ -75.939181, 45.533002 ], [ -75.939312, 45.532954 ], [ -75.939502, 45.532884 ], [ -75.939684, 45.532804 ], [ -75.939871, 45.532732 ], [ -75.940048, 45.532683 ], [ -75.940218, 45.532668 ], [ -75.940402, 45.532666 ], [ -75.940625, 45.532682 ], [ -75.940899, 45.532706 ], [ -75.94111, 45.532725 ], [ -75.941237, 45.532746 ], [ -75.941327, 45.532787 ], [ -75.941395, 45.532843 ], [ -75.941424, 45.532896 ], [ -75.941444, 45.533008 ], [ -75.941449, 45.533107 ], [ -75.941462, 45.533157 ], [ -75.941506, 45.533213 ], [ -75.941576, 45.533249 ], [ -75.941666, 45.533294 ], [ -75.941714, 45.533362 ], [ -75.941738, 45.533435 ], [ -75.941796, 45.533521 ], [ -75.941875, 45.533603 ], [ -75.941968, 45.533644 ], [ -75.942138, 45.533679 ], [ -75.942301, 45.533692 ], [ -75.942535, 45.533699 ], [ -75.942722, 45.533666 ], [ -75.942817, 45.533625 ], [ -75.942928, 45.533568 ], [ -75.943031, 45.533519 ], [ -75.943158, 45.533464 ], [ -75.943274, 45.53344 ], [ -75.943368, 45.533446 ], [ -75.943398, 45.533462 ], [ -75.94343, 45.53348 ], [ -75.943459, 45.533516 ], [ -75.943482, 45.533561 ], [ -75.94348, 45.53367 ], [ -75.943479, 45.53394 ], [ -75.943484, 45.534124 ], [ -75.943516, 45.534181 ], [ -75.943601, 45.534217 ], [ -75.943691, 45.534247 ], [ -75.943807, 45.534281 ], [ -75.943882, 45.53431 ], [ -75.94396, 45.534346 ], [ -75.944002, 45.534396 ], [ -75.944059, 45.534464 ], [ -75.944123, 45.534559 ], [ -75.944228, 45.534684 ], [ -75.944355, 45.534852 ], [ -75.944415, 45.534966 ], [ -75.94448, 45.535122 ], [ -75.944525, 45.53526 ], [ -75.944563, 45.535363 ], [ -75.94455, 45.535452 ], [ -75.944526, 45.535526 ], [ -75.944482, 45.535603 ], [ -75.944426, 45.53569 ], [ -75.944355, 45.535788 ], [ -75.944292, 45.53588 ], [ -75.944232, 45.535983 ], [ -75.944197, 45.536088 ], [ -75.944174, 45.536218 ], [ -75.944168, 45.536299 ], [ -75.94416, 45.536398 ], [ -75.944161, 45.536513 ], [ -75.944156, 45.536618 ], [ -75.944136, 45.536813 ], [ -75.944104, 45.537069 ], [ -75.944073, 45.537373 ], [ -75.944082, 45.537546 ], [ -75.94409, 45.537663 ], [ -75.944096, 45.537826 ], [ -75.9441, 45.537953 ], [ -75.944115, 45.538038 ], [ -75.944133, 45.538083 ], [ -75.944152, 45.538121 ], [ -75.944203, 45.538191 ], [ -75.944263, 45.53826 ], [ -75.944316, 45.538313 ], [ -75.944424, 45.538439 ], [ -75.944536, 45.538531 ], [ -75.944622, 45.538627 ], [ -75.944663, 45.538694 ], [ -75.94468, 45.538747 ], [ -75.944699, 45.538838 ], [ -75.944738, 45.539031 ], [ -75.944796, 45.539164 ], [ -75.944849, 45.539257 ], [ -75.944929, 45.539369 ], [ -75.945019, 45.539476 ], [ -75.94507, 45.539559 ], [ -75.94512, 45.539667 ], [ -75.945128, 45.539756 ], [ -75.945133, 45.539934 ], [ -75.945132, 45.540053 ], [ -75.945148, 45.540153 ], [ -75.945182, 45.540263 ], [ -75.94523, 45.540377 ], [ -75.945309, 45.540484 ], [ -75.945367, 45.540557 ], [ -75.945443, 45.540608 ], [ -75.945559, 45.540646 ], [ -75.945684, 45.540646 ], [ -75.945777, 45.540627 ], [ -75.945887, 45.540605 ], [ -75.946016, 45.540603 ], [ -75.946096, 45.540608 ], [ -75.946358, 45.540688 ], [ -75.946522, 45.540747 ], [ -75.946702, 45.540802 ], [ -75.946859, 45.540838 ], [ -75.946995, 45.54086 ], [ -75.947103, 45.540864 ], [ -75.94721, 45.540855 ], [ -75.947449, 45.540834 ], [ -75.947606, 45.540826 ], [ -75.947761, 45.540808 ], [ -75.947844, 45.540807 ], [ -75.947919, 45.540816 ], [ -75.948017, 45.540841 ], [ -75.948119, 45.540872 ], [ -75.948175, 45.540916 ], [ -75.9483, 45.541003 ], [ -75.948427, 45.541096 ], [ -75.948573, 45.541179 ], [ -75.948734, 45.541244 ], [ -75.948947, 45.54131 ], [ -75.949078, 45.541351 ], [ -75.949274, 45.541424 ], [ -75.949431, 45.541508 ], [ -75.949599, 45.541609 ], [ -75.949751, 45.541702 ], [ -75.94996, 45.541782 ], [ -75.95016, 45.541826 ], [ -75.950364, 45.54183 ], [ -75.950545, 45.541816 ], [ -75.950699, 45.541786 ], [ -75.950882, 45.541752 ], [ -75.951164, 45.541691 ], [ -75.951351, 45.541637 ], [ -75.951529, 45.541593 ], [ -75.951716, 45.541557 ], [ -75.951867, 45.541543 ], [ -75.95197, 45.541551 ], [ -75.952049, 45.541591 ], [ -75.952153, 45.541665 ], [ -75.952257, 45.541758 ], [ -75.952397, 45.541846 ], [ -75.952515, 45.541883 ], [ -75.952625, 45.541903 ], [ -75.952794, 45.541918 ], [ -75.952916, 45.541925 ], [ -75.953067, 45.54194 ], [ -75.953199, 45.541945 ], [ -75.953328, 45.54195 ], [ -75.95344, 45.541961 ], [ -75.953502, 45.541977 ], [ -75.953558, 45.542012 ], [ -75.953614, 45.542062 ], [ -75.953643, 45.542102 ], [ -75.953684, 45.542158 ], [ -75.95374, 45.542215 ], [ -75.95382, 45.542272 ], [ -75.953934, 45.542314 ], [ -75.954074, 45.542352 ], [ -75.954192, 45.542387 ], [ -75.954347, 45.542418 ], [ -75.954508, 45.542446 ], [ -75.954653, 45.542453 ], [ -75.954887, 45.542454 ], [ -75.955093, 45.542462 ], [ -75.955255, 45.542484 ], [ -75.955405, 45.542508 ], [ -75.95595, 45.542598 ], [ -75.95641, 45.542668 ], [ -75.956868, 45.542735 ], [ -75.95724, 45.542772 ], [ -75.957595, 45.542793 ], [ -75.957842, 45.542769 ], [ -75.958027, 45.54274 ], [ -75.958159, 45.542743 ], [ -75.958384, 45.542773 ], [ -75.958616, 45.542802 ], [ -75.958743, 45.542812 ], [ -75.958847, 45.542806 ], [ -75.958918, 45.542784 ], [ -75.959005, 45.542748 ], [ -75.959161, 45.542684 ], [ -75.959388, 45.542595 ], [ -75.959522, 45.542553 ], [ -75.959625, 45.542541 ], [ -75.959749, 45.542535 ], [ -75.959893, 45.54253 ], [ -75.960009, 45.542547 ], [ -75.960122, 45.542579 ], [ -75.960227, 45.542617 ], [ -75.960352, 45.54265 ], [ -75.960474, 45.542663 ], [ -75.960607, 45.542659 ], [ -75.960756, 45.542651 ], [ -75.960898, 45.542633 ], [ -75.961128, 45.542596 ], [ -75.961343, 45.542571 ], [ -75.961575, 45.542549 ], [ -75.961885, 45.542518 ], [ -75.962183, 45.542476 ], [ -75.962488, 45.542431 ], [ -75.962862, 45.542406 ], [ -75.963133, 45.542418 ], [ -75.963394, 45.542414 ], [ -75.963594, 45.54242 ], [ -75.96377, 45.54243 ], [ -75.96388, 45.542451 ], [ -75.963951, 45.542484 ], [ -75.964008, 45.54252 ], [ -75.964045, 45.542562 ], [ -75.964073, 45.542629 ], [ -75.964107, 45.542727 ], [ -75.964123, 45.542835 ], [ -75.964138, 45.542958 ], [ -75.964131, 45.543054 ], [ -75.964107, 45.543136 ], [ -75.964058, 45.543258 ], [ -75.963979, 45.543422 ], [ -75.963903, 45.543565 ], [ -75.963826, 45.543726 ], [ -75.96374, 45.543936 ], [ -75.963732, 45.544019 ], [ -75.963749, 45.544088 ], [ -75.963802, 45.544154 ], [ -75.963916, 45.544235 ], [ -75.964017, 45.544308 ], [ -75.964166, 45.544397 ], [ -75.964293, 45.544512 ], [ -75.964368, 45.544622 ], [ -75.964406, 45.544863 ], [ -75.964458, 45.544961 ], [ -75.964602, 45.54505 ], [ -75.964684, 45.54513 ], [ -75.96471, 45.545237 ], [ -75.96471, 45.545389 ], [ -75.964765, 45.545537 ], [ -75.964851, 45.545656 ], [ -75.964978, 45.545792 ], [ -75.965105, 45.545912 ], [ -75.965232, 45.545995 ], [ -75.965361, 45.546058 ], [ -75.96555, 45.546141 ], [ -75.966131, 45.546371 ], [ -75.966496, 45.546536 ], [ -75.966636, 45.546612 ], [ -75.966769, 45.546725 ], [ -75.966889, 45.546841 ], [ -75.96706, 45.546972 ], [ -75.967251, 45.547093 ], [ -75.967464, 45.547237 ], [ -75.967552, 45.547319 ], [ -75.967644, 45.547453 ], [ -75.967704, 45.547601 ], [ -75.96779, 45.547754 ], [ -75.967915, 45.547902 ], [ -75.9681, 45.548042 ], [ -75.968308, 45.548174 ], [ -75.968405, 45.548279 ], [ -75.968487, 45.548424 ], [ -75.968538, 45.548579 ], [ -75.968528, 45.548744 ], [ -75.968495, 45.548896 ], [ -75.968497, 45.549019 ], [ -75.968549, 45.54913 ], [ -75.968612, 45.549242 ], [ -75.968683, 45.549404 ], [ -75.96876, 45.549545 ], [ -75.968842, 45.549647 ], [ -75.968947, 45.549762 ], [ -75.969069, 45.549905 ], [ -75.969168, 45.550019 ], [ -75.969218, 45.5501 ], [ -75.969252, 45.550257 ], [ -75.969293, 45.550437 ], [ -75.969362, 45.550683 ], [ -75.969424, 45.550869 ], [ -75.969433, 45.551009 ], [ -75.969424, 45.551263 ], [ -75.96945, 45.55158 ], [ -75.969484, 45.55178 ], [ -75.96948, 45.55187 ], [ -75.969484, 45.552005 ], [ -75.969477, 45.552164 ], [ -75.969492, 45.552245 ], [ -75.969531, 45.552315 ], [ -75.969581, 45.552386 ], [ -75.969702, 45.552464 ], [ -75.969841, 45.552533 ], [ -75.969979, 45.552599 ], [ -75.97011, 45.552669 ], [ -75.970203, 45.552735 ], [ -75.970316, 45.55284 ], [ -75.970396, 45.552943 ], [ -75.970482, 45.553032 ], [ -75.970574, 45.553104 ], [ -75.970714, 45.553154 ], [ -75.970821, 45.553162 ], [ -75.970946, 45.553166 ], [ -75.971127, 45.553143 ], [ -75.971288, 45.553114 ], [ -75.97147, 45.553101 ], [ -75.971649, 45.553127 ], [ -75.971835, 45.553181 ], [ -75.972175, 45.553291 ], [ -75.972477, 45.553375 ], [ -75.972767, 45.55346 ], [ -75.972974, 45.553552 ], [ -75.973157, 45.553664 ], [ -75.973512, 45.55381 ], [ -75.973891, 45.553953 ], [ -75.974139, 45.554041 ], [ -75.974423, 45.554118 ], [ -75.974721, 45.554178 ], [ -75.975115, 45.55426 ], [ -75.975437, 45.554318 ], [ -75.975824, 45.554392 ], [ -75.976315, 45.554471 ], [ -75.976756, 45.554568 ], [ -75.97697, 45.554628 ], [ -75.977123, 45.554708 ], [ -75.97728, 45.554805 ], [ -75.977429, 45.554909 ], [ -75.977534, 45.555018 ], [ -75.977686, 45.555197 ], [ -75.977846, 45.555354 ], [ -75.978071, 45.555542 ], [ -75.978306, 45.555718 ], [ -75.978467, 45.555828 ], [ -75.978621, 45.555894 ], [ -75.978768, 45.555923 ], [ -75.979009, 45.555961 ], [ -75.979286, 45.556018 ], [ -75.979626, 45.556086 ], [ -75.979828, 45.556144 ], [ -75.979955, 45.556218 ], [ -75.980088, 45.556332 ], [ -75.980239, 45.556458 ], [ -75.98044, 45.556639 ], [ -75.980589, 45.556774 ], [ -75.980733, 45.556861 ], [ -75.980896, 45.556944 ], [ -75.981079, 45.557018 ], [ -75.981282, 45.557124 ], [ -75.981454, 45.557283 ], [ -75.981535, 45.557324 ], [ -75.981654, 45.557341 ], [ -75.981824, 45.557344 ], [ -75.981996, 45.557346 ], [ -75.98223, 45.557342 ], [ -75.982326, 45.557317 ], [ -75.982413, 45.557268 ], [ -75.982493, 45.557218 ], [ -75.982626, 45.557129 ], [ -75.982732, 45.557079 ], [ -75.982824, 45.557006 ], [ -75.982861, 45.556945 ], [ -75.98289, 45.556827 ], [ -75.982915, 45.556681 ], [ -75.982917, 45.556557 ], [ -75.982878, 45.556463 ], [ -75.982846, 45.556277 ], [ -75.982792, 45.555949 ], [ -75.982763, 45.555743 ], [ -75.982642, 45.555219 ], [ -75.982621, 45.555135 ], [ -75.982623, 45.554972 ], [ -75.982636, 45.554541 ], [ -75.982638, 45.554301 ], [ -75.982653, 45.554242 ], [ -75.982679, 45.554102 ], [ -75.982694, 45.553954 ], [ -75.982677, 45.553804 ], [ -75.982651, 45.553653 ], [ -75.982666, 45.553539 ], [ -75.982691, 45.553456 ], [ -75.982733, 45.553386 ], [ -75.982808, 45.553343 ], [ -75.982988, 45.553236 ], [ -75.983143, 45.553111 ], [ -75.983225, 45.553 ], [ -75.983296, 45.552852 ], [ -75.98336, 45.552728 ], [ -75.983405, 45.552552 ], [ -75.983414, 45.552387 ], [ -75.983442, 45.552287 ], [ -75.983513, 45.55216 ], [ -75.983635, 45.552038 ], [ -75.98379, 45.551907 ], [ -75.983984, 45.551754 ], [ -75.984197, 45.551565 ], [ -75.984396, 45.551445 ], [ -75.984538, 45.551366 ], [ -75.9847, 45.551238 ], [ -75.984824, 45.551107 ], [ -75.984925, 45.550907 ], [ -75.984998, 45.550706 ], [ -75.985089, 45.550493 ], [ -75.985115, 45.550358 ], [ -75.985134, 45.550304 ], [ -75.985162, 45.550251 ], [ -75.985194, 45.550218 ], [ -75.985276, 45.550163 ], [ -75.985347, 45.550133 ], [ -75.985516, 45.550074 ], [ -75.98568, 45.55002 ], [ -75.985897, 45.549914 ], [ -75.986048, 45.549817 ], [ -75.986196, 45.549689 ], [ -75.986374, 45.549561 ], [ -75.986583, 45.549424 ], [ -75.986804, 45.549308 ], [ -75.987092, 45.54918 ], [ -75.987477, 45.549017 ], [ -75.987737, 45.548893 ], [ -75.98797, 45.54877 ], [ -75.988135, 45.548656 ], [ -75.988296, 45.548525 ], [ -75.988438, 45.54838 ], [ -75.988593, 45.548242 ], [ -75.988778, 45.548069 ], [ -75.988989, 45.547876 ], [ -75.989202, 45.547713 ], [ -75.989475, 45.547509 ], [ -75.989703, 45.547348 ], [ -75.989959, 45.547191 ], [ -75.990193, 45.547085 ], [ -75.990517, 45.546974 ], [ -75.990849, 45.546852 ], [ -75.991145, 45.546782 ], [ -75.991302, 45.546708 ], [ -75.991397, 45.546624 ], [ -75.991517, 45.546489 ], [ -75.991685, 45.546355 ], [ -75.99184, 45.54626 ], [ -75.991956, 45.546139 ], [ -75.992055, 45.546027 ], [ -75.992124, 45.545942 ], [ -75.9922, 45.545791 ], [ -75.992277, 45.545708 ], [ -75.992345, 45.545646 ], [ -75.992433, 45.545588 ], [ -75.992577, 45.545505 ], [ -75.992716, 45.545443 ], [ -75.992838, 45.545382 ], [ -75.992959, 45.545293 ], [ -75.993103, 45.545153 ], [ -75.993261, 45.545025 ], [ -75.993343, 45.544974 ], [ -75.993399, 45.544961 ], [ -75.993522, 45.544956 ], [ -75.993752, 45.544909 ], [ -75.994195, 45.544794 ], [ -75.994536, 45.544721 ], [ -75.99472, 45.544656 ], [ -75.994893, 45.544611 ], [ -75.995104, 45.544546 ], [ -75.995301, 45.544485 ], [ -75.995643, 45.544389 ] ] } },
{ "type": "Feature", "properties": { "cls": "shared", "highway": "path", "name": "Trail #50" }, "geometry": { "type": "LineString", "coordinates": [ [ -75.903956, 45.567229 ], [ -75.904154, 45.567234 ], [ -75.904374, 45.567238 ], [ -75.905038, 45.567184 ], [ -75.90545, 45.567192 ], [ -75.905878, 45.567273 ], [ -75.906238, 45.567294 ], [ -75.906593, 45.567244 ], [ -75.906997, 45.567172 ], [ -75.907276, 45.567119 ], [ -75.907625, 45.567087 ], [ -75.907955, 45.56711 ], [ -75.908422, 45.567245 ], [ -75.908719, 45.567271 ], [ -75.908961, 45.567228 ], [ -75.909146, 45.567144 ], [ -75.910401, 45.566497 ], [ -75.91075, 45.566449 ], [ -75.911044, 45.566509 ], [ -75.911566, 45.566792 ], [ -75.91224, 45.567241 ], [ -75.912484, 45.567352 ], [ -75.912765, 45.567419 ], [ -75.913093, 45.56747 ], [ -75.913643, 45.567646 ], [ -75.915089, 45.568109 ], [ -75.915585, 45.568202 ], [ -75.916141, 45.568385 ], [ -75.916326, 45.568423 ], [ -75.916493, 45.568432 ], [ -75.91776, 45.568229 ], [ -75.918445, 45.568115 ], [ -75.920766, 45.567388 ], [ -75.921385, 45.567323 ], [ -75.921931, 45.567303 ], [ -75.922373, 45.567346 ], [ -75.922786, 45.567442 ], [ -75.923052, 45.567447 ], [ -75.923401, 45.567404 ], [ -75.923652, 45.567412 ], [ -75.923826, 45.567459 ], [ -75.923998, 45.56755 ], [ -75.924201, 45.567736 ], [ -75.924377, 45.567872 ], [ -75.924581, 45.567935 ], [ -75.924795, 45.567954 ], [ -75.924998, 45.567937 ], [ -75.925297, 45.567858 ], [ -75.925975, 45.567553 ], [ -75.926252, 45.567452 ], [ -75.926594, 45.567366 ], [ -75.927045, 45.567316 ], [ -75.927632, 45.567298 ], [ -75.927862, 45.567271 ], [ -75.927988, 45.567228 ], [ -75.928061, 45.567177 ], [ -75.928192, 45.567083 ], [ -75.928318, 45.567037 ], [ -75.928381, 45.567049 ], [ -75.928445, 45.567089 ], [ -75.928533, 45.567263 ], [ -75.928611, 45.567366 ], [ -75.928704, 45.567435 ], [ -75.928784, 45.567461 ], [ -75.929383, 45.567465 ], [ -75.92968, 45.56748 ], [ -75.930166, 45.567593 ], [ -75.93068, 45.567829 ], [ -75.931097, 45.568136 ], [ -75.931388, 45.568276 ], [ -75.93214, 45.568975 ], [ -75.932663, 45.569191 ], [ -75.93368, 45.569474 ], [ -75.933972, 45.569566 ], [ -75.934458, 45.569745 ], [ -75.935227, 45.570184 ], [ -75.935556, 45.570286 ], [ -75.93646, 45.570417 ], [ -75.936869, 45.570458 ], [ -75.937329, 45.570484 ], [ -75.937768, 45.570574 ], [ -75.938155, 45.570686 ], [ -75.938306, 45.570748 ], [ -75.93836, 45.57077 ], [ -75.938707, 45.57096 ], [ -75.939241, 45.571221 ], [ -75.939425, 45.571338 ], [ -75.939703, 45.571511 ], [ -75.939742, 45.571531 ], [ -75.939879, 45.571604 ], [ -75.940137, 45.571774 ], [ -75.94139, 45.572601 ], [ -75.942203, 45.572978 ], [ -75.943339, 45.573873 ], [ -75.943626, 45.574459 ], [ -75.943852, 45.574803 ], [ -75.943972, 45.575078 ], [ -75.944134, 45.575278 ], [ -75.944471, 45.575663 ], [ -75.945081, 45.576105 ], [ -75.945185, 45.576287 ], [ -75.945346, 45.57661 ], [ -75.945441, 45.57681 ], [ -75.945851, 45.577164 ], [ -75.946169, 45.57734 ], [ -75.946868, 45.577564 ], [ -75.947445, 45.577962 ], [ -75.94889, 45.578736 ], [ -75.94948, 45.579215 ], [ -75.949805, 45.579391 ], [ -75.951005, 45.579709 ], [ -75.951289, 45.579851 ], [ -75.952117, 45.580621 ], [ -75.952405, 45.581147 ], [ -75.952605, 45.581435 ], [ -75.952721, 45.581728 ], [ -75.952913, 45.582163 ], [ -75.953074, 45.582377 ], [ -75.953241, 45.582554 ], [ -75.95359, 45.582804 ], [ -75.954558, 45.583191 ], [ -75.955832, 45.583986 ], [ -75.957079, 45.584558 ], [ -75.957468, 45.584624 ], [ -75.957795, 45.584571 ], [ -75.958007, 45.584469 ], [ -75.958762, 45.583923 ], [ -75.961081, 45.582848 ], [ -75.961735, 45.582752 ], [ -75.963219, 45.582654 ], [ -75.964073, 45.582526 ], [ -75.964203, 45.582498 ], [ -75.964605, 45.582462 ], [ -75.965112, 45.582392 ], [ -75.96552, 45.58236 ], [ -75.965887, 45.582379 ], [ -75.966212, 45.582466 ], [ -75.966555, 45.582725 ], [ -75.96681, 45.583023 ], [ -75.967141, 45.583321 ], [ -75.967792, 45.58385 ], [ -75.967973, 45.584055 ], [ -75.968202, 45.584328 ], [ -75.96834, 45.584472 ], [ -75.96871, 45.584638 ], [ -75.969836, 45.584888 ], [ -75.971461, 45.58567 ], [ -75.972447, 45.586105 ], [ -75.973163, 45.586298 ], [ -75.973638, 45.586341 ], [ -75.97416, 45.586492 ], [ -75.975006, 45.586829 ], [ -75.975572, 45.58712 ], [ -75.976709, 45.587436 ], [ -75.978832, 45.588565 ], [ -75.979951, 45.588994 ], [ -75.980645, 45.589452 ], [ -75.980887, 45.589511 ], [ -75.981025, 45.589533 ] ] } },
{ "type": "Feature", "properties": { "cls": "shared", "highway": "cycleway", "name": "Trail #54" }, "geometry": { "type": "LineString", "coordinates": [ [ -76.012796, 45.585032 ], [ -76.01246, 45.58519 ], [ -76.012229, 45.585329 ], [ -76.011961, 45.585496 ], [ -76.011646, 45.585653 ], [ -76.011502, 45.585734 ], [ -76.01133, 45.585813 ], [ -76.01109, 45.585951 ], [ -76.010906, 45.586062 ], [ -76.010788, 45.58612 ], [ -76.010534, 45.586244 ], [ -76.010435, 45.586327 ], [ -76.010316, 45.586396 ], [ -76.010124, 45.586644 ], [ -76.00999, 45.586801 ], [ -76.009904, 45.586939 ], [ -76.009827, 45.587081 ], [ -76.009518, 45.587327 ], [ -76.009314, 45.587375 ], [ -76.00914, 45.587475 ], [ -76.008902, 45.587614 ], [ -76.008819, 45.587691 ], [ -76.008756, 45.587822 ], [ -76.008565, 45.588162 ], [ -76.008521, 45.588402 ] ] } },
{ "type": "Feature", "properties": { "cls": "shared", "highway": "path", "name": "Trail 50" }, "geometry": { "type": "LineString", "coordinates": [ [ -75.981512, 45.589343 ], [ -75.981025, 45.589533 ] ] } },
{ "type": "Feature", "properties": { "cls": "shared", "highway": "path", "name": "Trail 50" }, "geometry": { "type": "LineString", "coordinates": [ [ -75.981671, 45.589285 ], [ -75.98232, 45.58948 ], [ -75.982789, 45.589556 ], [ -75.983048, 45.589654 ], [ -75.983253, 45.589737 ], [ -75.983359, 45.589802 ], [ -75.983509, 45.589901 ], [ -75.983844, 45.590123 ], [ -75.983974, 45.590235 ], [ -75.984194, 45.590386 ], [ -75.985019, 45.591207 ], [ -75.985129, 45.591282 ], [ -75.98583, 45.591647 ], [ -75.985979, 45.591744 ], [ -75.98651, 45.592134 ], [ -75.986529, 45.592166 ], [ -75.986758, 45.59236 ], [ -75.987034, 45.592524 ], [ -75.987357, 45.592634 ], [ -75.987744, 45.592812 ], [ -75.987891, 45.592912 ], [ -75.989075, 45.593605 ], [ -75.9896, 45.593829 ], [ -75.989808, 45.593936 ], [ -75.990792, 45.594514 ], [ -75.991175, 45.594804 ], [ -75.991255, 45.594894 ], [ -75.991479, 45.595043 ], [ -75.991689, 45.595148 ], [ -75.992503, 45.595457 ], [ -75.992751, 45.595585 ], [ -75.992951, 45.595751 ], [ -75.993231, 45.596051 ], [ -75.993669, 45.596453 ], [ -75.993936, 45.59676 ], [ -75.994254, 45.597087 ], [ -75.994817, 45.597403 ], [ -75.995314, 45.597715 ], [ -75.99568, 45.59797 ], [ -75.995837, 45.5981 ], [ -75.996022, 45.598293 ], [ -75.996118, 45.598447 ], [ -75.996216, 45.598565 ], [ -75.996347, 45.598655 ], [ -75.9965, 45.598732 ], [ -75.996733, 45.59881 ], [ -75.997083, 45.59887 ], [ -75.997462, 45.598947 ], [ -75.99786, 45.599069 ], [ -75.998152, 45.599203 ], [ -75.998471, 45.599316 ], [ -75.998632, 45.599389 ], [ -75.998762, 45.599541 ], [ -75.998996, 45.599591 ] ] } },
{ "type": "Feature", "properties": { "cls": "shared", "highway": "cycleway", "name": "Trail #54" }, "geometry": { "type": "LineString", "coordinates": [ [ -76.008521, 45.588402 ], [ -76.008671, 45.58852 ], [ -76.008828, 45.588822 ], [ -76.009029, 45.588983 ], [ -76.009244, 45.589212 ], [ -76.009317, 45.589398 ], [ -76.0093, 45.589485 ], [ -76.009104, 45.589855 ], [ -76.008953, 45.590328 ], [ -76.008838, 45.59062 ], [ -76.00883, 45.590883 ], [ -76.008839, 45.59104 ], [ -76.008955, 45.591319 ], [ -76.009233, 45.591706 ], [ -76.009547, 45.591971 ], [ -76.009894, 45.592126 ], [ -76.010568, 45.592269 ], [ -76.010905, 45.592478 ], [ -76.011222, 45.59282 ], [ -76.011387, 45.593033 ], [ -76.011518, 45.593193 ], [ -76.011579, 45.593393 ], [ -76.011317, 45.593908 ], [ -76.011373, 45.594192 ], [ -76.011702, 45.594566 ], [ -76.011925, 45.594858 ], [ -76.012203, 45.59518 ], [ -76.012724, 45.59542 ], [ -76.013385, 45.595714 ], [ -76.014021, 45.595824 ], [ -76.014435, 45.596143 ], [ -76.014718, 45.596572 ], [ -76.015075, 45.597125 ], [ -76.015526, 45.597427 ], [ -76.015894, 45.597593 ], [ -76.016126, 45.597619 ], [ -76.016513, 45.597518 ], [ -76.0173, 45.597465 ], [ -76.017649, 45.597515 ], [ -76.018076, 45.597758 ], [ -76.018368, 45.598066 ], [ -76.018598, 45.598199 ], [ -76.019362, 45.598569 ], [ -76.019873, 45.598627 ], [ -76.020072, 45.598788 ], [ -76.02014, 45.598996 ], [ -76.020166, 45.599658 ], [ -76.020168, 45.600273 ], [ -76.020209, 45.600555 ] ] } },
{ "type": "Feature", "properties": { "cls": "shared", "highway": "cycleway", "name": "Trail #56B" }, "geometry": { "type": "LineString", "coordinates": [ [ -76.070869, 45.590701 ], [ -76.07085, 45.590861 ], [ -76.070955, 45.59094 ], [ -76.070936, 45.590972 ], [ -76.070866, 45.59102 ], [ -76.070657, 45.591181 ], [ -76.070431, 45.591407 ], [ -76.070303, 45.591512 ], [ -76.069998, 45.59187 ], [ -76.069768, 45.592123 ], [ -76.069437, 45.592567 ], [ -76.069122, 45.593076 ], [ -76.068697, 45.593631 ], [ -76.068312, 45.594199 ], [ -76.067979, 45.594783 ], [ -76.067711, 45.595128 ], [ -76.067493, 45.595391 ], [ -76.067402, 45.595552 ], [ -76.067344, 45.595666 ], [ -76.067323, 45.595759 ], [ -76.067334, 45.595866 ], [ -76.067472, 45.596057 ], [ -76.067641, 45.596192 ], [ -76.067867, 45.596336 ], [ -76.067969, 45.596456 ], [ -76.068011, 45.596635 ], [ -76.068006, 45.596815 ], [ -76.067849, 45.59728 ], [ -76.067815, 45.597558 ], [ -76.067788, 45.597804 ], [ -76.067868, 45.598195 ], [ -76.067874, 45.598382 ] ] } },
{ "type": "Feature", "properties": { "cls": "shared", "highway": "path", "name": "Trail 50" }, "geometry": { "type": "LineString", "coordinates": [ [ -75.88725, 45.570931 ], [ -75.887388, 45.570825 ], [ -75.888569, 45.569947 ], [ -75.888839, 45.569804 ], [ -75.889774, 45.56954 ], [ -75.891423, 45.568983 ], [ -75.892436, 45.568861 ], [ -75.893615, 45.568896 ], [ -75.894486, 45.568842 ], [ -75.896791, 45.568481 ], [ -75.897398, 45.56855 ], [ -75.89839, 45.568835 ], [ -75.8988, 45.568863 ], [ -75.899261, 45.568837 ], [ -75.900112, 45.5686 ], [ -75.900412, 45.568463 ], [ -75.901015, 45.568043 ], [ -75.901582, 45.56781 ], [ -75.903809, 45.567272 ], [ -75.903956, 45.567229 ] ] } },
{ "type": "Feature", "properties": { "cls": "shared", "highway": "path", "name": null }, "geometry": { "type": "LineString", "coordinates": [ [ -75.887063, 45.571069 ], [ -75.88725, 45.570931 ] ] } },
{ "type": "Feature", "properties": { "cls": "shared", "highway": "path", "name": "Trail 50" }, "geometry": { "type": "LineString", "coordinates": [ [ -75.885638, 45.57236 ], [ -75.886256, 45.571815 ], [ -75.88675, 45.571327 ], [ -75.887063, 45.571069 ] ] } },
{ "type": "Feature", "properties": { "cls": "shared", "highway": "path", "name": "Trail 71" }, "geometry": { "type": "LineString", "coordinates": [ [ -75.917354, 45.602867 ], [ -75.91748, 45.602754 ], [ -75.917649, 45.602581 ], [ -75.91775, 45.602372 ], [ -75.917787, 45.602229 ], [ -75.917772, 45.601904 ], [ -75.917807, 45.601798 ], [ -75.91785, 45.601511 ], [ -75.917768, 45.601234 ], [ -75.917852, 45.600967 ], [ -75.917853, 45.600715 ], [ -75.917748, 45.600494 ], [ -75.917724, 45.600364 ], [ -75.917627, 45.600211 ], [ -75.91761, 45.600099 ], [ -75.917618, 45.59999 ], [ -75.917617, 45.59987 ], [ -75.917599, 45.599753 ], [ -75.917583, 45.599666 ], [ -75.917585, 45.599558 ], [ -75.917558, 45.599512 ], [ -75.91742, 45.599383 ], [ -75.917311, 45.599262 ], [ -75.917266, 45.59918 ], [ -75.917255, 45.599131 ], [ -75.917353, 45.599084 ], [ -75.917552, 45.599044 ], [ -75.917804, 45.598966 ], [ -75.917963, 45.598869 ], [ -75.918022, 45.598856 ], [ -75.918142, 45.598882 ], [ -75.918184, 45.598873 ], [ -75.918308, 45.598746 ], [ -75.918398, 45.598658 ], [ -75.918466, 45.598583 ], [ -75.918614, 45.598453 ], [ -75.918814, 45.598324 ], [ -75.919013, 45.598156 ], [ -75.919118, 45.598069 ] ] } },
{ "type": "Feature", "properties": { "cls": "shared", "highway": "cycleway", "name": "Trail #52" }, "geometry": { "type": "LineString", "coordinates": [ [ -75.949809, 45.615211 ], [ -75.94983, 45.615123 ], [ -75.950224, 45.614839 ], [ -75.95026, 45.614773 ], [ -75.950391, 45.614662 ], [ -75.950565, 45.614448 ], [ -75.95058, 45.61427 ], [ -75.950572, 45.614162 ], [ -75.950504, 45.614066 ], [ -75.950493, 45.613995 ], [ -75.950421, 45.613861 ], [ -75.950399, 45.613718 ], [ -75.950295, 45.613557 ], [ -75.950127, 45.613425 ], [ -75.949813, 45.61324 ], [ -75.949745, 45.613186 ], [ -75.949711, 45.613119 ], [ -75.949649, 45.613062 ], [ -75.949625, 45.612956 ], [ -75.949562, 45.612859 ], [ -75.949566, 45.612608 ], [ -75.949611, 45.612508 ], [ -75.949558, 45.612408 ], [ -75.949554, 45.612156 ], [ -75.949661, 45.612081 ], [ -75.950343, 45.611829 ], [ -75.950588, 45.611774 ], [ -75.95069, 45.611764 ], [ -75.95105, 45.611755 ], [ -75.951615, 45.611775 ], [ -75.951912, 45.611833 ], [ -75.951997, 45.61187 ], [ -75.95247, 45.612009 ], [ -75.952722, 45.61204 ], [ -75.952978, 45.612024 ], [ -75.953306, 45.611921 ], [ -75.953668, 45.611719 ], [ -75.953814, 45.611618 ], [ -75.953955, 45.611471 ], [ -75.953996, 45.611449 ], [ -75.954046, 45.611349 ], [ -75.954164, 45.611234 ], [ -75.954202, 45.611169 ], [ -75.954525, 45.610897 ], [ -75.954541, 45.610862 ], [ -75.954607, 45.610808 ], [ -75.954623, 45.610737 ], [ -75.954683, 45.610683 ], [ -75.954717, 45.610616 ], [ -75.954801, 45.610528 ], [ -75.955016, 45.610373 ], [ -75.955195, 45.610203 ], [ -75.955427, 45.609932 ], [ -75.95554, 45.609858 ], [ -75.955699, 45.60972 ], [ -75.955886, 45.609597 ], [ -75.955936, 45.609536 ], [ -75.956066, 45.609482 ], [ -75.956087, 45.609376 ], [ -75.956229, 45.609225 ], [ -75.956395, 45.609087 ], [ -75.956636, 45.608954 ], [ -75.956701, 45.608901 ], [ -75.95688, 45.60883 ], [ -75.957068, 45.608707 ], [ -75.957274, 45.608464 ], [ -75.957295, 45.608356 ], [ -75.957353, 45.608299 ], [ -75.957378, 45.60794 ], [ -75.957432, 45.607881 ], [ -75.957468, 45.607741 ], [ -75.957719, 45.607477 ], [ -75.957946, 45.607333 ], [ -75.958005, 45.607276 ], [ -75.958172, 45.607193 ], [ -75.958274, 45.607113 ], [ -75.958448, 45.607037 ], [ -75.958564, 45.606967 ], [ -75.958789, 45.60677 ], [ -75.958847, 45.606671 ], [ -75.959073, 45.606476 ], [ -75.959097, 45.606406 ], [ -75.959279, 45.606195 ], [ -75.959409, 45.606088 ], [ -75.959446, 45.606022 ], [ -75.95993, 45.605703 ], [ -75.960267, 45.605538 ], [ -75.96032, 45.605478 ], [ -75.960427, 45.6054 ], [ -75.960473, 45.605336 ], [ -75.960625, 45.605244 ], [ -75.960645, 45.605211 ], [ -75.960861, 45.605068 ], [ -75.960952, 45.604985 ], [ -75.961015, 45.604887 ], [ -75.961117, 45.604807 ], [ -75.96118, 45.604712 ], [ -75.961286, 45.604633 ], [ -75.96135, 45.604536 ], [ -75.96147, 45.604423 ], [ -75.961526, 45.604326 ], [ -75.961741, 45.604128 ], [ -75.96178, 45.604062 ], [ -75.961904, 45.603947 ], [ -75.96193, 45.603878 ], [ -75.962084, 45.603697 ], [ -75.962107, 45.603627 ], [ -75.96217, 45.603573 ], [ -75.962203, 45.603506 ], [ -75.962356, 45.60341 ], [ -75.962418, 45.603353 ], [ -75.96245, 45.603285 ], [ -75.962511, 45.603228 ], [ -75.962533, 45.603158 ], [ -75.962684, 45.602977 ], [ -75.962713, 45.602547 ], [ -75.962768, 45.602489 ], [ -75.962809, 45.602387 ], [ -75.962935, 45.602273 ], [ -75.963059, 45.602209 ], [ -75.963326, 45.6021 ], [ -75.963655, 45.601999 ], [ -75.96378, 45.601935 ], [ -75.963915, 45.601827 ], [ -75.964062, 45.601637 ], [ -75.964061, 45.601386 ], [ -75.963927, 45.601078 ], [ -75.963977, 45.600978 ], [ -75.963998, 45.600872 ], [ -75.964058, 45.600814 ], [ -75.964075, 45.60067 ], [ -75.964146, 45.600578 ], [ -75.96417, 45.600472 ], [ -75.964294, 45.600314 ], [ -75.964343, 45.600213 ], [ -75.964402, 45.600154 ], [ -75.964429, 45.600086 ], [ -75.964551, 45.59997 ], [ -75.964662, 45.599814 ], [ -75.964685, 45.599671 ], [ -75.964741, 45.599611 ], [ -75.964758, 45.599359 ], [ -75.964793, 45.599292 ], [ -75.964987, 45.599079 ], [ -75.965087, 45.598997 ], [ -75.965499, 45.598782 ], [ -75.965679, 45.598654 ], [ -75.965731, 45.598594 ], [ -75.965842, 45.598518 ], [ -75.966002, 45.598339 ], [ -75.96622, 45.598186 ], [ -75.966425, 45.597984 ], [ -75.966547, 45.597919 ], [ -75.966568, 45.597887 ], [ -75.96672, 45.597791 ], [ -75.967009, 45.597502 ], [ -75.96712, 45.597427 ], [ -75.967195, 45.597335 ], [ -75.967303, 45.597258 ], [ -75.967347, 45.597194 ], [ -75.967526, 45.597019 ], [ -75.967673, 45.596829 ], [ -75.967759, 45.596586 ], [ -75.967748, 45.59637 ], [ -75.967689, 45.59627 ], [ -75.967681, 45.596198 ], [ -75.967665, 45.59573 ], [ -75.967603, 45.595632 ], [ -75.967576, 45.595526 ], [ -75.967509, 45.59543 ], [ -75.967491, 45.595359 ], [ -75.967396, 45.595194 ], [ -75.967262, 45.595045 ], [ -75.967242, 45.594975 ], [ -75.967186, 45.594918 ], [ -75.967155, 45.594814 ], [ -75.967089, 45.594718 ], [ -75.967059, 45.594395 ], [ -75.967001, 45.594297 ], [ -75.967004, 45.594045 ], [ -75.96704, 45.593903 ], [ -75.966993, 45.593728 ], [ -75.966996, 45.593441 ], [ -75.967136, 45.59334 ], [ -75.967506, 45.593217 ], [ -75.967709, 45.593194 ], [ -75.967915, 45.593189 ], [ -75.968375, 45.593215 ], [ -75.968629, 45.593192 ], [ -75.968874, 45.593139 ], [ -75.96921, 45.592975 ], [ -75.969266, 45.592916 ], [ -75.969378, 45.592841 ], [ -75.9694, 45.592771 ], [ -75.969472, 45.592677 ], [ -75.969472, 45.592605 ], [ -75.969319, 45.592303 ], [ -75.969298, 45.592124 ], [ -75.969239, 45.592067 ], [ -75.969199, 45.591965 ], [ -75.969162, 45.59194 ], [ -75.969124, 45.591875 ], [ -75.968982, 45.591771 ], [ -75.968801, 45.591559 ], [ -75.968777, 45.591416 ], [ -75.968724, 45.591355 ], [ -75.968685, 45.591252 ], [ -75.968635, 45.59119 ], [ -75.968611, 45.590939 ], [ -75.968456, 45.590758 ], [ -75.968438, 45.590687 ], [ -75.968381, 45.590628 ], [ -75.968346, 45.590525 ], [ -75.968287, 45.590466 ], [ -75.968271, 45.590395 ], [ -75.968204, 45.590298 ], [ -75.968179, 45.590011 ], [ -75.968193, 45.589615 ], [ -75.968177, 45.589436 ], [ -75.968023, 45.589249 ], [ -75.967863, 45.589108 ], [ -75.967757, 45.588985 ], [ -75.967615, 45.58888 ], [ -75.967497, 45.588726 ], [ -75.967432, 45.588673 ], [ -75.967406, 45.588603 ], [ -75.967232, 45.58843 ], [ -75.967092, 45.588324 ], [ -75.966996, 45.588201 ], [ -75.966974, 45.588131 ], [ -75.966915, 45.588074 ], [ -75.966893, 45.587967 ], [ -75.966808, 45.587881 ], [ -75.966605, 45.587771 ], [ -75.966132, 45.587632 ], [ -75.966054, 45.587584 ], [ -75.965986, 45.587531 ], [ -75.965947, 45.587465 ], [ -75.965799, 45.58732 ], [ -75.965775, 45.58725 ], [ -75.965715, 45.587192 ], [ -75.965619, 45.587027 ], [ -75.965611, 45.586595 ], [ -75.965534, 45.586387 ], [ -75.965526, 45.586207 ], [ -75.96554, 45.585883 ], [ -75.965605, 45.585786 ], [ -75.965613, 45.585714 ], [ -75.965602, 45.585426 ], [ -75.965537, 45.585331 ], [ -75.965524, 45.585187 ], [ -75.965535, 45.584863 ], [ -75.965611, 45.584692 ], [ -75.965604, 45.584512 ], [ -75.965279, 45.58415 ], [ -75.965254, 45.584081 ], [ -75.964862, 45.583662 ], [ -75.964832, 45.583595 ], [ -75.964774, 45.583535 ], [ -75.964745, 45.583285 ], [ -75.964679, 45.583189 ], [ -75.964664, 45.583117 ], [ -75.964596, 45.58302 ], [ -75.964561, 45.582915 ], [ -75.964203, 45.582498 ] ] } },
{ "type": "Feature", "properties": { "cls": "shared", "highway": "cycleway", "name": "Trail #56" }, "geometry": { "type": "LineString", "coordinates": [ [ -76.066622, 45.600096 ], [ -76.06699, 45.599582 ], [ -76.067318, 45.599206 ], [ -76.067643, 45.598791 ], [ -76.067874, 45.598382 ] ] } },
{ "type": "Feature", "properties": { "cls": "shared", "highway": "cycleway", "name": "Trail #56" }, "geometry": { "type": "LineString", "coordinates": [ [ -76.067874, 45.598382 ], [ -76.06803, 45.598326 ], [ -76.068315, 45.598219 ], [ -76.068641, 45.59814 ], [ -76.069072, 45.59809 ], [ -76.069367, 45.598109 ], [ -76.069614, 45.598142 ], [ -76.069928, 45.598224 ], [ -76.070923, 45.598572 ], [ -76.071216, 45.598637 ], [ -76.071616, 45.598697 ], [ -76.07177, 45.5987 ], [ -76.072277, 45.598643 ], [ -76.072668, 45.598557 ], [ -76.072858, 45.598503 ], [ -76.072981, 45.598437 ], [ -76.073988, 45.598082 ], [ -76.074339, 45.597821 ], [ -76.074636, 45.597531 ], [ -76.075116, 45.597261 ], [ -76.075373, 45.597042 ], [ -76.075619, 45.596913 ], [ -76.075869, 45.596731 ], [ -76.07615, 45.596474 ], [ -76.076428, 45.596262 ], [ -76.076861, 45.59601 ], [ -76.077278, 45.595742 ], [ -76.077592, 45.595556 ], [ -76.077721, 45.595497 ], [ -76.078063, 45.595286 ], [ -76.078558, 45.595095 ], [ -76.078972, 45.595001 ], [ -76.079302, 45.594974 ], [ -76.079452, 45.594996 ], [ -76.079536, 45.595033 ], [ -76.079793, 45.595032 ], [ -76.080073, 45.595113 ], [ -76.080152, 45.595159 ], [ -76.080239, 45.595248 ], [ -76.080452, 45.595345 ], [ -76.080549, 45.595369 ], [ -76.080789, 45.595642 ], [ -76.081042, 45.595869 ], [ -76.081104, 45.595968 ], [ -76.081154, 45.596143 ], [ -76.081203, 45.596644 ], [ -76.081241, 45.596709 ], [ -76.081287, 45.597102 ], [ -76.081332, 45.597242 ], [ -76.081572, 45.597475 ], [ -76.08161, 45.59754 ], [ -76.081673, 45.597596 ], [ -76.08189, 45.597748 ], [ -76.082031, 45.597788 ], [ -76.082228, 45.597903 ], [ -76.082336, 45.598022 ], [ -76.082392, 45.59812 ], [ -76.082533, 45.598155 ], [ -76.082797, 45.598322 ], [ -76.082984, 45.598379 ], [ -76.083186, 45.598404 ], [ -76.083517, 45.598503 ], [ -76.08376, 45.598556 ], [ -76.08394, 45.598625 ], [ -76.084131, 45.598671 ], [ -76.084392, 45.598787 ], [ -76.084535, 45.598828 ], [ -76.084687, 45.598922 ], [ -76.084984, 45.599057 ], [ -76.085138, 45.599152 ], [ -76.085334, 45.599319 ], [ -76.085616, 45.599525 ], [ -76.085753, 45.599574 ], [ -76.085949, 45.59969 ], [ -76.086045, 45.599774 ], [ -76.086159, 45.599896 ], [ -76.086249, 45.600009 ], [ -76.086302, 45.600109 ], [ -76.086403, 45.600272 ], [ -76.086502, 45.600513 ], [ -76.086605, 45.600638 ], [ -76.086681, 45.60081 ], [ -76.086716, 45.600988 ], [ -76.086704, 45.601095 ], [ -76.086779, 45.601267 ], [ -76.086873, 45.601619 ], [ -76.086884, 45.601799 ], [ -76.086914, 45.601905 ], [ -76.086953, 45.602136 ], [ -76.086963, 45.60217 ], [ -76.086961, 45.602242 ], [ -76.086904, 45.602302 ], [ -76.086828, 45.602348 ], [ -76.086585, 45.602506 ], [ -76.086425, 45.602632 ], [ -76.086329, 45.602753 ], [ -76.08628, 45.602872 ], [ -76.086228, 45.60301 ], [ -76.08622, 45.60319 ], [ -76.086188, 45.603294 ], [ -76.086251, 45.603505 ], [ -76.086339, 45.603593 ], [ -76.086416, 45.60364 ], [ -76.086562, 45.603673 ], [ -76.086716, 45.603682 ], [ -76.086862, 45.603717 ], [ -76.087016, 45.603722 ], [ -76.087725, 45.603803 ], [ -76.087908, 45.603866 ], [ -76.08811, 45.604029 ], [ -76.088331, 45.604119 ], [ -76.088531, 45.60415 ], [ -76.088839, 45.604162 ], [ -76.089037, 45.6042 ], [ -76.089705, 45.604218 ], [ -76.089857, 45.604234 ], [ -76.090114, 45.604227 ], [ -76.090214, 45.604212 ], [ -76.0904, 45.604151 ], [ -76.090477, 45.604103 ], [ -76.090611, 45.604076 ], [ -76.09076, 45.604085 ], [ -76.091477, 45.604089 ], [ -76.091888, 45.604105 ], [ -76.091971, 45.604106 ], [ -76.092068, 45.604112 ] ] } },
{ "type": "Feature", "properties": { "cls": "shared", "highway": "cycleway", "name": "54" }, "geometry": { "type": "LineString", "coordinates": [ [ -76.020209, 45.600555 ], [ -76.020286, 45.600701 ] ] } },
{ "type": "Feature", "properties": { "cls": "shared", "highway": "cycleway", "name": "Trail #56" }, "geometry": { "type": "LineString", "coordinates": [ [ -76.066622, 45.600096 ], [ -76.066473, 45.600187 ], [ -76.066399, 45.60028 ], [ -76.066262, 45.600386 ], [ -76.066044, 45.600481 ], [ -76.065971, 45.60053 ], [ -76.065403, 45.6007 ], [ -76.065071, 45.600866 ], [ -76.06483, 45.600926 ], [ -76.064704, 45.600988 ], [ -76.064454, 45.601029 ], [ -76.064321, 45.601081 ], [ -76.063743, 45.601121 ], [ -76.063423, 45.601154 ], [ -76.063074, 45.601193 ], [ -76.062898, 45.601187 ], [ -76.062692, 45.601167 ], [ -76.062353, 45.601111 ], [ -76.062061, 45.601092 ], [ -76.061849, 45.601103 ], [ -76.061664, 45.60114 ], [ -76.061417, 45.601191 ], [ -76.061147, 45.601257 ], [ -76.060869, 45.601347 ], [ -76.060715, 45.6014 ], [ -76.060575, 45.601475 ], [ -76.060414, 45.601542 ], [ -76.060179, 45.60163 ], [ -76.059835, 45.601715 ], [ -76.059674, 45.601773 ], [ -76.0595, 45.601839 ], [ -76.059267, 45.60196 ], [ -76.059016, 45.6021 ], [ -76.058838, 45.602178 ], [ -76.058676, 45.602252 ], [ -76.058495, 45.602316 ], [ -76.058372, 45.602366 ], [ -76.058176, 45.602482 ], [ -76.058006, 45.602564 ], [ -76.057855, 45.602661 ], [ -76.057655, 45.602749 ], [ -76.05739, 45.602847 ], [ -76.057202, 45.602905 ], [ -76.056958, 45.602962 ], [ -76.056657, 45.603 ], [ -76.056399, 45.60301 ], [ -76.056249, 45.602987 ], [ -76.055914, 45.602889 ], [ -76.055861, 45.60285 ] ] } },
{ "type": "Feature", "properties": { "cls": "shared", "highway": "cycleway", "name": "Trail #54" }, "geometry": { "type": "LineString", "coordinates": [ [ -76.020286, 45.600701 ], [ -76.020316, 45.600771 ], [ -76.020364, 45.601205 ], [ -76.020219, 45.601577 ], [ -76.019796, 45.601996 ], [ -76.019431, 45.602177 ], [ -76.019036, 45.602281 ], [ -76.018878, 45.602364 ], [ -76.018587, 45.602559 ], [ -76.018428, 45.602793 ], [ -76.01842, 45.602879 ], [ -76.018418, 45.602908 ], [ -76.018351, 45.60302 ], [ -76.018271, 45.603224 ], [ -76.018211, 45.603352 ] ] } },
{ "type": "Feature", "properties": { "cls": "shared", "highway": "cycleway", "name": "Trail #56" }, "geometry": { "type": "LineString", "coordinates": [ [ -76.092068, 45.604112 ], [ -76.092048, 45.603985 ], [ -76.092037, 45.603871 ], [ -76.09203, 45.603743 ], [ -76.092015, 45.603526 ], [ -76.092014, 45.603336 ], [ -76.092054, 45.603169 ], [ -76.092141, 45.603 ], [ -76.092219, 45.602907 ], [ -76.092349, 45.602775 ], [ -76.092451, 45.602667 ], [ -76.09271, 45.602414 ], [ -76.092865, 45.602285 ], [ -76.093028, 45.602135 ], [ -76.093359, 45.601915 ], [ -76.093854, 45.601659 ], [ -76.094449, 45.601447 ], [ -76.09455, 45.601441 ], [ -76.094812, 45.601353 ], [ -76.095081, 45.601236 ], [ -76.095344, 45.601026 ], [ -76.095705, 45.600772 ], [ -76.096108, 45.600401 ], [ -76.096443, 45.599958 ], [ -76.096572, 45.599845 ], [ -76.096735, 45.599621 ], [ -76.096799, 45.599565 ], [ -76.096885, 45.599487 ], [ -76.097032, 45.599427 ] ] } },
{ "type": "Feature", "properties": { "cls": "shared", "highway": "cycleway", "name": "Trail #55" }, "geometry": { "type": "LineString", "coordinates": [ [ -76.046673, 45.61459 ], [ -76.046749, 45.614541 ], [ -76.046766, 45.614362 ], [ -76.046756, 45.614219 ], [ -76.046794, 45.614114 ], [ -76.046802, 45.613898 ], [ -76.046785, 45.613828 ], [ -76.046718, 45.613731 ], [ -76.046705, 45.613587 ], [ -76.046674, 45.613518 ], [ -76.046663, 45.613375 ], [ -76.046628, 45.61327 ], [ -76.046635, 45.613091 ], [ -76.046699, 45.612993 ], [ -76.046715, 45.612885 ], [ -76.046777, 45.612832 ], [ -76.046831, 45.61273 ], [ -76.046883, 45.61252 ], [ -76.046917, 45.612452 ], [ -76.046923, 45.612344 ], [ -76.047042, 45.612109 ], [ -76.047223, 45.611853 ], [ -76.047226, 45.611817 ], [ -76.04744, 45.611573 ], [ -76.047562, 45.611507 ], [ -76.047741, 45.611335 ], [ -76.047843, 45.611169 ], [ -76.047906, 45.611115 ], [ -76.047948, 45.611011 ], [ -76.047958, 45.610903 ], [ -76.048041, 45.610812 ], [ -76.0482, 45.610509 ], [ -76.048216, 45.610403 ], [ -76.04825, 45.610335 ], [ -76.048297, 45.610016 ], [ -76.048212, 45.60963 ], [ -76.048178, 45.609562 ], [ -76.048174, 45.609382 ], [ -76.048356, 45.609049 ], [ -76.048568, 45.608948 ], [ -76.048626, 45.60889 ], [ -76.04864, 45.608784 ], [ -76.048603, 45.608718 ], [ -76.048596, 45.608611 ], [ -76.048566, 45.608542 ], [ -76.048633, 45.608371 ], [ -76.048751, 45.608253 ], [ -76.048912, 45.608165 ], [ -76.049055, 45.608127 ], [ -76.049406, 45.608071 ], [ -76.049588, 45.608006 ], [ -76.049667, 45.60796 ], [ -76.049741, 45.607866 ], [ -76.049768, 45.607725 ], [ -76.049811, 45.607621 ], [ -76.049863, 45.607521 ], [ -76.049926, 45.607465 ], [ -76.049938, 45.607358 ], [ -76.050012, 45.607224 ], [ -76.050019, 45.606936 ], [ -76.050003, 45.606866 ], [ -76.049946, 45.606805 ], [ -76.049771, 45.60673 ], [ -76.04958, 45.606613 ], [ -76.049516, 45.606556 ], [ -76.049418, 45.60643 ], [ -76.049404, 45.606254 ] ] } },
{ "type": "Feature", "properties": { "cls": "shared", "highway": "cycleway", "name": null }, "geometry": { "type": "LineString", "coordinates": [ [ -76.011443, 45.610649 ], [ -76.011619, 45.61074 ], [ -76.013593, 45.612307 ], [ -76.014152, 45.612778 ], [ -76.014188, 45.612883 ], [ -76.014148, 45.613006 ], [ -76.01403, 45.613083 ], [ -76.013748, 45.613233 ], [ -76.01361, 45.613282 ], [ -76.013535, 45.613329 ], [ -76.013479, 45.613442 ], [ -76.013421, 45.613833 ], [ -76.013206, 45.614448 ], [ -76.013224, 45.614567 ], [ -76.013531, 45.615082 ], [ -76.013667, 45.615158 ] ] } },
{ "type": "Feature", "properties": { "cls": "shared", "highway": "cycleway", "name": null }, "geometry": { "type": "LineString", "coordinates": [ [ -75.938481, 45.615557 ], [ -75.938442, 45.615474 ], [ -75.938432, 45.615413 ], [ -75.938444, 45.615172 ] ] } },
{ "type": "Feature", "properties": { "cls": "shared", "highway": "cycleway", "name": "Trail 57" }, "geometry": { "type": "LineString", "coordinates": [ [ -75.945098, 45.61648 ], [ -75.944973, 45.616472 ], [ -75.944655, 45.616594 ], [ -75.94448, 45.616649 ], [ -75.944305, 45.616652 ], [ -75.943898, 45.61653 ], [ -75.943486, 45.616482 ], [ -75.943287, 45.616472 ], [ -75.942903, 45.61644 ], [ -75.942805, 45.616444 ], [ -75.94272, 45.616474 ], [ -75.942465, 45.61659 ], [ -75.942274, 45.616732 ], [ -75.942043, 45.61681 ], [ -75.941245, 45.616832 ], [ -75.940724, 45.6168 ], [ -75.940085, 45.616633 ], [ -75.939739, 45.616529 ], [ -75.93937, 45.616463 ], [ -75.938907, 45.616332 ], [ -75.93876, 45.616246 ], [ -75.938715, 45.616138 ], [ -75.938583, 45.615763 ], [ -75.938555, 45.615652 ], [ -75.938481, 45.615557 ], [ -75.938414, 45.615599 ] ] } },
{ "type": "Feature", "properties": { "cls": "shared", "highway": "cycleway", "name": null }, "geometry": { "type": "LineString", "coordinates": [ [ -75.937233, 45.617279 ], [ -75.937721, 45.616549 ], [ -75.938243, 45.615765 ], [ -75.938303, 45.615694 ], [ -75.938414, 45.615599 ] ] } },
{ "type": "Feature", "properties": { "cls": "shared", "highway": "cycleway", "name": "Trail #55" }, "geometry": { "type": "LineString", "coordinates": [ [ -76.013667, 45.615158 ], [ -76.01375, 45.615134 ], [ -76.013892, 45.615021 ], [ -76.014039, 45.614842 ], [ -76.014248, 45.61479 ], [ -76.014444, 45.614808 ], [ -76.015406, 45.614888 ], [ -76.015713, 45.614873 ], [ -76.01621, 45.614782 ], [ -76.016617, 45.614742 ], [ -76.016861, 45.61469 ], [ -76.017188, 45.614585 ], [ -76.017443, 45.61447 ], [ -76.0176, 45.614392 ], [ -76.017728, 45.614332 ], [ -76.018288, 45.614018 ], [ -76.018523, 45.613946 ], [ -76.018831, 45.613929 ], [ -76.019186, 45.613956 ], [ -76.019432, 45.613903 ], [ -76.01964, 45.613798 ], [ -76.019735, 45.613801 ], [ -76.019816, 45.613893 ], [ -76.019965, 45.614269 ], [ -76.020096, 45.614378 ], [ -76.020294, 45.614415 ], [ -76.020598, 45.614397 ], [ -76.020789, 45.614345 ], [ -76.021375, 45.614001 ], [ -76.021569, 45.613964 ], [ -76.021966, 45.614033 ], [ -76.022127, 45.61412 ], [ -76.022356, 45.614202 ], [ -76.022473, 45.614272 ], [ -76.022658, 45.614334 ], [ -76.022757, 45.614352 ], [ -76.022884, 45.614409 ], [ -76.023234, 45.614446 ], [ -76.023437, 45.614441 ], [ -76.02357, 45.614496 ], [ -76.023723, 45.614592 ], [ -76.024182, 45.614976 ], [ -76.024602, 45.615315 ], [ -76.024791, 45.615458 ], [ -76.024956, 45.615589 ], [ -76.025443, 45.615964 ], [ -76.025563, 45.616081 ], [ -76.025738, 45.616211 ], [ -76.025882, 45.616308 ], [ -76.026113, 45.616496 ], [ -76.026307, 45.616647 ], [ -76.026424, 45.616726 ], [ -76.026617, 45.616894 ], [ -76.026821, 45.617003 ], [ -76.027096, 45.61708 ], [ -76.027345, 45.617038 ], [ -76.027664, 45.616921 ], [ -76.027919, 45.6168 ], [ -76.028702, 45.616535 ], [ -76.029438, 45.616381 ], [ -76.029744, 45.616369 ], [ -76.029826, 45.616326 ], [ -76.029921, 45.6163 ], [ -76.030069, 45.616331 ], [ -76.030272, 45.616342 ], [ -76.031197, 45.616331 ], [ -76.031957, 45.616236 ], [ -76.032111, 45.616232 ], [ -76.032517, 45.616188 ], [ -76.03267, 45.616196 ], [ -76.032873, 45.616174 ], [ -76.03354, 45.61617 ], [ -76.034102, 45.616209 ], [ -76.034346, 45.616261 ], [ -76.034436, 45.616295 ], [ -76.034638, 45.61632 ], [ -76.034867, 45.616402 ], [ -76.035635, 45.616603 ], [ -76.036328, 45.616739 ], [ -76.036481, 45.616749 ], [ -76.036773, 45.616819 ], [ -76.036975, 45.61684 ], [ -76.03716, 45.616904 ], [ -76.037462, 45.616946 ], [ -76.037805, 45.617024 ], [ -76.038122, 45.617139 ], [ -76.038358, 45.617278 ], [ -76.038574, 45.617375 ], [ -76.038817, 45.617509 ], [ -76.038913, 45.617534 ], [ -76.039016, 45.617533 ], [ -76.039158, 45.617494 ], [ -76.039741, 45.617145 ], [ -76.039833, 45.617113 ], [ -76.039905, 45.617061 ], [ -76.040034, 45.617005 ], [ -76.04043, 45.61678 ], [ -76.040566, 45.61673 ], [ -76.040669, 45.616652 ], [ -76.040809, 45.616609 ], [ -76.040929, 45.616542 ], [ -76.041075, 45.616444 ], [ -76.041154, 45.616354 ], [ -76.04144, 45.616202 ], [ -76.041582, 45.616098 ], [ -76.041975, 45.615928 ], [ -76.042256, 45.615777 ], [ -76.042626, 45.615528 ], [ -76.042813, 45.615362 ], [ -76.043168, 45.615154 ], [ -76.043302, 45.615106 ], [ -76.043485, 45.614981 ], [ -76.043622, 45.614933 ], [ -76.043741, 45.614825 ], [ -76.043936, 45.614778 ], [ -76.04449, 45.614709 ], [ -76.044798, 45.614716 ], [ -76.045306, 45.614767 ], [ -76.045769, 45.614763 ], [ -76.045969, 45.61479 ], [ -76.046221, 45.614759 ], [ -76.046408, 45.614701 ], [ -76.046673, 45.61459 ] ] } },
{ "type": "Feature", "properties": { "cls": "shared", "highway": "path", "name": "Trail 72" }, "geometry": { "type": "MultiLineString", "coordinates": [ [ [ -75.942415, 45.630564 ], [ -75.942523, 45.630511 ], [ -75.94257, 45.63039 ], [ -75.942584, 45.630243 ], [ -75.9427, 45.630172 ], [ -75.942747, 45.630103 ], [ -75.942696, 45.630028 ], [ -75.942635, 45.62993 ], [ -75.942672, 45.629832 ], [ -75.942733, 45.629799 ], [ -75.942901, 45.629711 ], [ -75.943009, 45.629574 ], [ -75.943102, 45.629492 ], [ -75.943251, 45.629355 ], [ -75.94334, 45.629241 ], [ -75.943338, 45.62907 ], [ -75.943326, 45.628927 ], [ -75.943261, 45.62878 ], [ -75.943251, 45.628627 ], [ -75.943205, 45.628464 ], [ -75.943195, 45.628225 ], [ -75.943055, 45.628016 ], [ -75.942966, 45.627775 ], [ -75.942999, 45.627549 ], [ -75.942911, 45.627252 ], [ -75.942836, 45.627056 ], [ -75.94264, 45.626769 ], [ -75.942453, 45.626527 ], [ -75.942145, 45.626413 ], [ -75.941864, 45.626259 ], [ -75.941444, 45.626161 ], [ -75.941262, 45.626014 ], [ -75.941089, 45.625808 ], [ -75.940865, 45.625485 ], [ -75.940646, 45.625302 ], [ -75.940347, 45.625155 ], [ -75.940118, 45.625012 ], [ -75.939693, 45.624727 ], [ -75.939408, 45.624607 ], [ -75.939317, 45.624525 ], [ -75.939289, 45.624323 ], [ -75.939255, 45.624185 ], [ -75.939152, 45.624107 ], [ -75.938826, 45.624058 ], [ -75.938731, 45.62395 ], [ -75.938712, 45.623837 ], [ -75.938839, 45.6236 ], [ -75.938847, 45.623415 ], [ -75.938852, 45.623283 ], [ -75.938991, 45.622997 ], [ -75.939399, 45.622591 ], [ -75.939871, 45.622261 ], [ -75.940214, 45.621961 ], [ -75.940343, 45.621631 ], [ -75.940376, 45.621405 ], [ -75.940515, 45.621271 ], [ -75.94067, 45.621069 ], [ -75.940649, 45.620986 ], [ -75.940529, 45.620807 ], [ -75.94048, 45.620469 ], [ -75.940513, 45.620358 ], [ -75.940716, 45.620258 ], [ -75.940979, 45.6201 ], [ -75.941019, 45.62002 ], [ -75.941019, 45.619739 ], [ -75.941077, 45.619436 ], [ -75.940985, 45.619319 ], [ -75.940729, 45.619299 ], [ -75.940386, 45.61935 ], [ -75.939892, 45.619395 ], [ -75.939565, 45.619302 ], [ -75.93944, 45.619315 ], [ -75.939372, 45.619276 ], [ -75.939249, 45.619128 ], [ -75.938853, 45.618822 ], [ -75.938577, 45.618558 ], [ -75.938296, 45.618396 ], [ -75.938061, 45.618254 ], [ -75.937947, 45.61821 ], [ -75.937888, 45.61807 ], [ -75.9374, 45.617397 ], [ -75.937233, 45.617279 ], [ -75.937094, 45.617475 ], [ -75.936806, 45.617825 ], [ -75.936267, 45.618413 ], [ -75.935873, 45.618818 ], [ -75.93547, 45.618491 ], [ -75.935165, 45.618244 ], [ -75.93507, 45.61804 ], [ -75.9351, 45.61787 ], [ -75.935159, 45.617728 ], [ -75.935211, 45.617608 ], [ -75.93526, 45.6174 ], [ -75.935169, 45.617248 ], [ -75.93504, 45.617125 ], [ -75.934957, 45.616978 ], [ -75.934879, 45.616761 ], [ -75.934854, 45.616586 ], [ -75.934901, 45.616464 ], [ -75.935129, 45.616048 ], [ -75.93519, 45.615744 ], [ -75.935107, 45.61559 ], [ -75.934978, 45.615507 ], [ -75.934517, 45.615312 ], [ -75.933895, 45.615095 ], [ -75.933467, 45.614976 ], [ -75.933056, 45.614814 ], [ -75.932758, 45.614539 ], [ -75.932561, 45.614324 ], [ -75.932307, 45.614059 ], [ -75.931733, 45.613726 ], [ -75.93144, 45.613518 ], [ -75.931213, 45.613293 ], [ -75.930902, 45.613049 ], [ -75.930198, 45.612644 ] ], [ [ -75.930198, 45.612644 ], [ -75.92997, 45.612418 ], [ -75.929704, 45.612144 ], [ -75.929479, 45.611937 ], [ -75.929243, 45.611795 ], [ -75.929028, 45.611558 ], [ -75.928951, 45.611375 ], [ -75.928929, 45.611099 ], [ -75.928939, 45.610776 ], [ -75.92894, 45.610403 ], [ -75.928943, 45.610218 ], [ -75.928903, 45.61006 ], [ -75.92895, 45.609913 ], [ -75.928957, 45.609801 ], [ -75.928946, 45.609684 ], [ -75.928762, 45.609312 ], [ -75.928725, 45.609276 ], [ -75.928489, 45.60905 ], [ -75.92834, 45.608904 ], [ -75.928288, 45.608698 ], [ -75.928305, 45.608498 ], [ -75.928348, 45.6084 ], [ -75.928305, 45.608288 ], [ -75.928134, 45.608138 ], [ -75.927999, 45.608068 ], [ -75.927865, 45.608094 ], [ -75.927704, 45.608102 ], [ -75.927546, 45.608064 ], [ -75.927146, 45.60807 ], [ -75.926929, 45.608038 ], [ -75.926749, 45.608025 ], [ -75.926564, 45.608036 ], [ -75.926363, 45.607965 ], [ -75.926235, 45.60789 ], [ -75.926079, 45.607824 ], [ -75.925974, 45.607797 ], [ -75.925824, 45.607675 ], [ -75.925706, 45.607568 ], [ -75.925616, 45.607461 ], [ -75.925579, 45.607333 ], [ -75.925495, 45.607245 ], [ -75.92545, 45.607192 ], [ -75.925339, 45.607106 ], [ -75.92516, 45.607009 ], [ -75.925038, 45.606935 ], [ -75.924886, 45.606843 ], [ -75.924751, 45.606751 ], [ -75.924621, 45.606726 ], [ -75.924504, 45.606676 ], [ -75.924223, 45.606491 ], [ -75.924041, 45.606356 ], [ -75.923927, 45.606275 ], [ -75.923791, 45.606208 ], [ -75.923521, 45.60605 ], [ -75.923148, 45.605906 ], [ -75.922658, 45.605685 ], [ -75.922448, 45.605595 ], [ -75.922281, 45.60549 ], [ -75.922099, 45.605386 ], [ -75.921913, 45.605321 ], [ -75.921696, 45.605255 ], [ -75.921465, 45.605134 ], [ -75.921198, 45.604971 ], [ -75.921088, 45.604844 ], [ -75.920942, 45.604664 ], [ -75.920832, 45.604487 ], [ -75.920638, 45.604323 ], [ -75.920291, 45.604086 ], [ -75.919977, 45.603949 ], [ -75.919723, 45.603858 ], [ -75.919516, 45.603774 ], [ -75.91928, 45.6036 ], [ -75.918941, 45.603541 ], [ -75.918698, 45.603436 ], [ -75.918477, 45.603332 ], [ -75.918235, 45.603153 ], [ -75.91802, 45.603082 ], [ -75.917756, 45.603025 ], [ -75.917552, 45.602947 ], [ -75.917453, 45.602909 ], [ -75.917354, 45.602867 ], [ -75.917226, 45.602943 ], [ -75.91693, 45.603042 ], [ -75.916842, 45.603046 ], [ -75.916619, 45.603005 ], [ -75.916342, 45.602974 ], [ -75.916122, 45.602878 ], [ -75.915959, 45.602841 ], [ -75.915813, 45.602832 ], [ -75.915689, 45.602763 ], [ -75.91546, 45.602821 ], [ -75.915375, 45.602861 ], [ -75.915438, 45.602905 ], [ -75.915498, 45.602915 ], [ -75.915687, 45.602959 ], [ -75.915877, 45.603059 ], [ -75.915967, 45.603146 ], [ -75.916049, 45.603205 ], [ -75.916232, 45.603291 ], [ -75.916337, 45.603405 ], [ -75.91642, 45.60351 ], [ -75.916456, 45.603633 ], [ -75.916641, 45.603796 ], [ -75.916634, 45.603923 ], [ -75.916487, 45.604039 ], [ -75.91623, 45.604171 ], [ -75.916042, 45.604407 ], [ -75.916071, 45.604454 ], [ -75.916164, 45.604483 ], [ -75.916552, 45.604703 ], [ -75.916577, 45.604866 ], [ -75.916623, 45.605098 ], [ -75.916572, 45.605175 ], [ -75.916621, 45.605286 ], [ -75.916621, 45.60557 ], [ -75.916698, 45.605761 ], [ -75.916825, 45.605998 ], [ -75.916957, 45.606163 ], [ -75.917104, 45.606434 ], [ -75.917108, 45.606599 ], [ -75.91699, 45.606718 ], [ -75.916987, 45.606781 ], [ -75.91706, 45.606933 ], [ -75.91705, 45.606984 ], [ -75.917164, 45.607058 ], [ -75.917268, 45.607096 ], [ -75.917368, 45.607194 ], [ -75.917665, 45.607322 ], [ -75.917866, 45.60744 ], [ -75.918184, 45.607588 ], [ -75.91843, 45.607527 ], [ -75.918477, 45.607387 ], [ -75.918413, 45.607192 ], [ -75.918304, 45.607012 ], [ -75.918229, 45.606891 ], [ -75.918241, 45.606667 ], [ -75.918263, 45.606471 ], [ -75.91822, 45.606359 ], [ -75.918225, 45.606203 ], [ -75.918306, 45.60619 ], [ -75.918486, 45.60625 ], [ -75.918585, 45.606359 ], [ -75.918687, 45.606374 ], [ -75.919022, 45.606537 ], [ -75.919191, 45.606588 ], [ -75.919408, 45.606655 ], [ -75.91951, 45.606717 ], [ -75.91951, 45.606867 ], [ -75.919585, 45.60698 ], [ -75.919827, 45.607207 ], [ -75.919912, 45.607513 ], [ -75.919821, 45.607798 ], [ -75.919843, 45.607896 ], [ -75.920011, 45.608061 ], [ -75.920194, 45.608391 ], [ -75.920452, 45.608565 ], [ -75.920537, 45.608609 ], [ -75.920567, 45.608751 ], [ -75.920779, 45.609025 ], [ -75.920792, 45.6091 ], [ -75.920967, 45.609258 ], [ -75.921337, 45.609387 ], [ -75.921514, 45.60959 ], [ -75.921492, 45.609699 ], [ -75.921323, 45.609817 ], [ -75.921318, 45.609924 ], [ -75.921388, 45.610102 ], [ -75.921444, 45.610297 ], [ -75.921525, 45.610532 ], [ -75.921659, 45.610652 ], [ -75.922099, 45.610841 ], [ -75.922469, 45.61096 ], [ -75.92274, 45.611016 ], [ -75.922954, 45.611117 ], [ -75.92311, 45.611214 ], [ -75.923273, 45.611362 ], [ -75.923395, 45.611446 ], [ -75.923587, 45.611537 ], [ -75.923979, 45.611637 ], [ -75.92408, 45.611632 ], [ -75.924453, 45.611459 ], [ -75.924592, 45.611401 ], [ -75.924723, 45.611363 ], [ -75.924858, 45.611299 ], [ -75.925121, 45.611138 ], [ -75.925302, 45.611021 ], [ -75.925512, 45.610926 ], [ -75.92579, 45.610838 ], [ -75.925924, 45.610823 ], [ -75.926073, 45.610833 ], [ -75.926222, 45.610895 ], [ -75.92647, 45.61097 ], [ -75.926666, 45.611116 ], [ -75.926878, 45.611282 ], [ -75.927084, 45.611448 ], [ -75.927337, 45.611459 ], [ -75.927601, 45.611608 ], [ -75.927778, 45.611754 ], [ -75.927867, 45.611758 ], [ -75.928112, 45.611911 ], [ -75.928289, 45.611981 ], [ -75.928509, 45.612082 ], [ -75.928811, 45.612176 ], [ -75.928915, 45.612273 ], [ -75.929196, 45.612379 ], [ -75.929323, 45.612469 ], [ -75.929436, 45.612625 ], [ -75.929639, 45.612707 ], [ -75.929886, 45.612714 ], [ -75.930099, 45.61269 ], [ -75.930198, 45.612644 ] ] ] } },
{ "type": "Feature", "properties": { "cls": "shared", "highway": "cycleway", "name": "Trail #52" }, "geometry": { "type": "LineString", "coordinates": [ [ -75.945339, 45.620122 ], [ -75.945333, 45.619957 ], [ -75.945242, 45.618854 ], [ -75.945169, 45.617027 ], [ -75.945167, 45.616666 ], [ -75.945147, 45.616559 ], [ -75.945098, 45.61648 ], [ -75.945079, 45.616425 ], [ -75.945093, 45.616319 ], [ -75.945154, 45.616219 ], [ -75.945251, 45.616136 ], [ -75.945432, 45.616068 ], [ -75.945733, 45.616022 ], [ -75.945978, 45.615967 ], [ -75.946627, 45.615752 ], [ -75.947258, 45.615608 ], [ -75.947515, 45.615596 ], [ -75.947717, 45.615621 ], [ -75.948154, 45.61572 ], [ -75.948669, 45.615883 ], [ -75.948971, 45.615925 ], [ -75.949125, 45.615929 ], [ -75.949375, 45.615888 ], [ -75.949626, 45.615765 ], [ -75.949642, 45.615731 ], [ -75.949708, 45.615677 ], [ -75.94973, 45.615607 ], [ -75.949797, 45.615515 ], [ -75.949797, 45.615263 ] ] } },
{ "type": "Feature", "properties": { "cls": "shared", "highway": "cycleway", "name": "Trail #52 Parc de la Gatineau Pathway" }, "geometry": { "type": "LineString", "coordinates": [ [ -75.945344, 45.620274 ], [ -75.945339, 45.620122 ] ] } },
{ "type": "Feature", "properties": { "cls": "shared", "highway": "cycleway", "name": "Sentier / Trail #51" }, "geometry": { "type": "LineString", "coordinates": [ [ -76.013667, 45.615158 ], [ -76.013948, 45.6156 ], [ -76.014084, 45.615845 ], [ -76.014214, 45.61615 ], [ -76.014163, 45.616311 ], [ -76.014015, 45.61647 ], [ -76.013714, 45.616604 ], [ -76.013451, 45.61675 ], [ -76.013366, 45.616925 ], [ -76.01338, 45.617095 ], [ -76.013589, 45.617373 ], [ -76.013733, 45.61755 ], [ -76.014124, 45.617804 ], [ -76.014941, 45.618426 ], [ -76.015389, 45.619067 ], [ -76.015649, 45.619313 ], [ -76.01608, 45.619979 ], [ -76.016924, 45.621335 ], [ -76.017111, 45.622414 ], [ -76.017178, 45.622521 ], [ -76.017304, 45.622571 ], [ -76.017387, 45.622615 ], [ -76.017416, 45.62268 ], [ -76.017423, 45.622802 ], [ -76.017456, 45.623392 ], [ -76.017569, 45.624203 ], [ -76.017883, 45.625636 ], [ -76.018029, 45.626497 ], [ -76.018011, 45.627076 ], [ -76.01791, 45.627102 ], [ -76.014553, 45.626889 ], [ -76.013999, 45.626469 ], [ -76.013754, 45.626465 ], [ -76.013475, 45.626526 ], [ -76.013354, 45.626553 ], [ -76.013189, 45.626534 ], [ -76.012856, 45.626237 ], [ -76.012766, 45.626045 ], [ -76.012479, 45.625865 ], [ -76.012364, 45.625703 ], [ -76.012201, 45.625651 ], [ -76.011728, 45.625617 ], [ -76.011473, 45.625598 ], [ -76.011128, 45.625697 ], [ -76.010892, 45.625653 ], [ -76.010743, 45.625574 ], [ -76.010594, 45.625434 ], [ -76.010426, 45.625249 ], [ -76.010048, 45.624808 ], [ -76.010001, 45.62468 ], [ -76.010042, 45.62467 ] ] } },
{ "type": "Feature", "properties": { "cls": "shared", "highway": "cycleway", "name": "Trail #51" }, "geometry": { "type": "LineString", "coordinates": [ [ -76.010001, 45.62468 ], [ -76.009957, 45.62465 ], [ -76.009887, 45.624464 ] ] } },
{ "type": "Feature", "properties": { "cls": "shared", "highway": "path", "name": "#72B (Irish Whiskey)" }, "geometry": { "type": "LineString", "coordinates": [ [ -75.918687, 45.606374 ], [ -75.918692, 45.606187 ], [ -75.918714, 45.605958 ], [ -75.918864, 45.605789 ], [ -75.919186, 45.60556 ], [ -75.919304, 45.605553 ], [ -75.919765, 45.605827 ], [ -75.92026, 45.605983 ], [ -75.920421, 45.606064 ], [ -75.920629, 45.606352 ], [ -75.920932, 45.606525 ], [ -75.921688, 45.606737 ], [ -75.922029, 45.606772 ], [ -75.922651, 45.606956 ], [ -75.922882, 45.607227 ], [ -75.922981, 45.607495 ], [ -75.923035, 45.608955 ], [ -75.923059, 45.60917 ], [ -75.923158, 45.609369 ], [ -75.923137, 45.609428 ], [ -75.923089, 45.609452 ], [ -75.923005, 45.609439 ], [ -75.922796, 45.609302 ], [ -75.922716, 45.609305 ], [ -75.922547, 45.609392 ], [ -75.922388, 45.609489 ], [ -75.922354, 45.609602 ], [ -75.922397, 45.609713 ], [ -75.922659, 45.60991 ], [ -75.923138, 45.610605 ], [ -75.923373, 45.610838 ], [ -75.92349, 45.611 ], [ -75.923555, 45.611114 ], [ -75.923561, 45.611178 ], [ -75.923547, 45.611371 ], [ -75.923587, 45.611537 ] ] } },
{ "type": "Feature", "properties": { "cls": "shared", "highway": "path", "name": "#72B (Irish Cream)" }, "geometry": { "type": "LineString", "coordinates": [ [ -75.923587, 45.611537 ], [ -75.923595, 45.611681 ], [ -75.92359, 45.611844 ], [ -75.923609, 45.611919 ], [ -75.924183, 45.612437 ], [ -75.924451, 45.612835 ], [ -75.924867, 45.613159 ], [ -75.925081, 45.613289 ], [ -75.925224, 45.613308 ], [ -75.925352, 45.613272 ], [ -75.925444, 45.613274 ], [ -75.92561, 45.613381 ], [ -75.925763, 45.613386 ], [ -75.925814, 45.613414 ], [ -75.925808, 45.613461 ], [ -75.925771, 45.613529 ], [ -75.925787, 45.613589 ], [ -75.925878, 45.613638 ], [ -75.925946, 45.613658 ], [ -75.926018, 45.613653 ], [ -75.926107, 45.613599 ], [ -75.926194, 45.613497 ], [ -75.926267, 45.613377 ], [ -75.926261, 45.613295 ], [ -75.92617, 45.613199 ], [ -75.926127, 45.613086 ], [ -75.92606, 45.613032 ], [ -75.925666, 45.612825 ], [ -75.925548, 45.612818 ], [ -75.925465, 45.612891 ], [ -75.925339, 45.612946 ], [ -75.925162, 45.612957 ], [ -75.924872, 45.612868 ], [ -75.924829, 45.612773 ], [ -75.924821, 45.612709 ], [ -75.924851, 45.61267 ], [ -75.924931, 45.612668 ], [ -75.925076, 45.612726 ], [ -75.925207, 45.61273 ], [ -75.925371, 45.612621 ], [ -75.925543, 45.612598 ], [ -75.925566, 45.612569 ], [ -75.925543, 45.612531 ], [ -75.925293, 45.612351 ], [ -75.925151, 45.612334 ], [ -75.924762, 45.612082 ], [ -75.924628, 45.611868 ], [ -75.924611, 45.611825 ], [ -75.924617, 45.6118 ], [ -75.924654, 45.611791 ], [ -75.924722, 45.611807 ], [ -75.924912, 45.611929 ], [ -75.924985, 45.611953 ], [ -75.925028, 45.611948 ], [ -75.925073, 45.611913 ], [ -75.9255, 45.611816 ], [ -75.925569, 45.611807 ], [ -75.925602, 45.611828 ], [ -75.925614, 45.611868 ], [ -75.925474, 45.612114 ], [ -75.925477, 45.612144 ], [ -75.9257, 45.612462 ], [ -75.926046, 45.612721 ], [ -75.926169, 45.612883 ], [ -75.926215, 45.612978 ], [ -75.926365, 45.613069 ], [ -75.926401, 45.613126 ], [ -75.926384, 45.613183 ], [ -75.926377, 45.613211 ], [ -75.926439, 45.61331 ], [ -75.92648, 45.613331 ], [ -75.926515, 45.613332 ], [ -75.926542, 45.613311 ], [ -75.926612, 45.613225 ], [ -75.926641, 45.613213 ], [ -75.92668, 45.613226 ], [ -75.926751, 45.613303 ], [ -75.92679, 45.613325 ], [ -75.926823, 45.613324 ], [ -75.92687, 45.613297 ], [ -75.92692, 45.613133 ], [ -75.926947, 45.613117 ], [ -75.926982, 45.613113 ], [ -75.927027, 45.613136 ], [ -75.927203, 45.613364 ], [ -75.927515, 45.613586 ], [ -75.927674, 45.613668 ], [ -75.927731, 45.613672 ], [ -75.927788, 45.613668 ], [ -75.927833, 45.613649 ], [ -75.927864, 45.613611 ], [ -75.927874, 45.61358 ], [ -75.927869, 45.6135 ], [ -75.927845, 45.613468 ], [ -75.927816, 45.613466 ], [ -75.927738, 45.613528 ], [ -75.927711, 45.613534 ], [ -75.927668, 45.61352 ], [ -75.927337, 45.613286 ], [ -75.927261, 45.613177 ], [ -75.927286, 45.613026 ], [ -75.927279, 45.612894 ], [ -75.927271, 45.612806 ], [ -75.927289, 45.612776 ], [ -75.927321, 45.612766 ], [ -75.927356, 45.612777 ], [ -75.927384, 45.612803 ], [ -75.927801, 45.6133 ], [ -75.927878, 45.61334 ], [ -75.927899, 45.613348 ], [ -75.927922, 45.613348 ], [ -75.927969, 45.613323 ], [ -75.928017, 45.61329 ], [ -75.928048, 45.613265 ], [ -75.928071, 45.613262 ], [ -75.928089, 45.613267 ], [ -75.928115, 45.613283 ], [ -75.92819, 45.613324 ], [ -75.928214, 45.613332 ], [ -75.928238, 45.61333 ], [ -75.928256, 45.61332 ], [ -75.928303, 45.613262 ], [ -75.92835, 45.61322 ], [ -75.928376, 45.613211 ], [ -75.928407, 45.613218 ], [ -75.928468, 45.613265 ], [ -75.928578, 45.613338 ], [ -75.928613, 45.613347 ], [ -75.928646, 45.613346 ], [ -75.928711, 45.613334 ], [ -75.929105, 45.613316 ], [ -75.929184, 45.613306 ], [ -75.929235, 45.61327 ], [ -75.929252, 45.613241 ], [ -75.929248, 45.613188 ], [ -75.929216, 45.613107 ], [ -75.929184, 45.61304 ], [ -75.92919, 45.612976 ], [ -75.929212, 45.612912 ], [ -75.929233, 45.612898 ], [ -75.929268, 45.612898 ], [ -75.929337, 45.612935 ], [ -75.929414, 45.61296 ], [ -75.929469, 45.612963 ], [ -75.92952, 45.61295 ], [ -75.929582, 45.612916 ], [ -75.929886, 45.612714 ] ] } },
{ "type": "Feature", "properties": { "cls": "shared", "highway": "cycleway", "name": "Trail #52" }, "geometry": { "type": "LineString", "coordinates": [ [ -75.943028, 45.631579 ], [ -75.943233, 45.631562 ], [ -75.943447, 45.631463 ], [ -75.9436, 45.631366 ], [ -75.943784, 45.63115 ], [ -75.944032, 45.630921 ], [ -75.944394, 45.630665 ], [ -75.944416, 45.630633 ], [ -75.944616, 45.630521 ], [ -75.944624, 45.630514 ], [ -75.944735, 45.630409 ], [ -75.944751, 45.630375 ], [ -75.944898, 45.630275 ], [ -75.944929, 45.630208 ], [ -75.944972, 45.630188 ], [ -75.945015, 45.630125 ], [ -75.945163, 45.629982 ], [ -75.945192, 45.629914 ], [ -75.945246, 45.629853 ], [ -75.945267, 45.629602 ], [ -75.945329, 45.629505 ], [ -75.945351, 45.629254 ], [ -75.945407, 45.629196 ], [ -75.945439, 45.629092 ], [ -75.945504, 45.629039 ], [ -75.945528, 45.62897 ], [ -75.94559, 45.628914 ], [ -75.945622, 45.628847 ], [ -75.945662, 45.628825 ], [ -75.945695, 45.628759 ], [ -75.945832, 45.62861 ], [ -75.945874, 45.628508 ], [ -75.945936, 45.628451 ], [ -75.946127, 45.628163 ], [ -75.946188, 45.628105 ], [ -75.946214, 45.627999 ], [ -75.946271, 45.627942 ], [ -75.946301, 45.627764 ], [ -75.946441, 45.627578 ], [ -75.946466, 45.627471 ], [ -75.946531, 45.627416 ], [ -75.946553, 45.627346 ], [ -75.946619, 45.627293 ], [ -75.946762, 45.627105 ], [ -75.946834, 45.626973 ], [ -75.946941, 45.626896 ], [ -75.946988, 45.626833 ], [ -75.947058, 45.626781 ], [ -75.947407, 45.62657 ], [ -75.947688, 45.626482 ], [ -75.947887, 45.626446 ], [ -75.94822, 45.62628 ], [ -75.948325, 45.626203 ], [ -75.948363, 45.626028 ], [ -75.948418, 45.625971 ], [ -75.948429, 45.625433 ], [ -75.948412, 45.625326 ], [ -75.948357, 45.625267 ], [ -75.948323, 45.62509 ], [ -75.948185, 45.624901 ], [ -75.948163, 45.624758 ], [ -75.9481, 45.624664 ], [ -75.948076, 45.624485 ], [ -75.947891, 45.624197 ], [ -75.947767, 45.624044 ], [ -75.947743, 45.623938 ], [ -75.947731, 45.623686 ], [ -75.947665, 45.623591 ], [ -75.947649, 45.62352 ], [ -75.9475, 45.623379 ], [ -75.947457, 45.623315 ], [ -75.947075, 45.623023 ], [ -75.947043, 45.622919 ], [ -75.946982, 45.622863 ], [ -75.946952, 45.622758 ], [ -75.946893, 45.622701 ], [ -75.94687, 45.622631 ], [ -75.94681, 45.622575 ], [ -75.946781, 45.622471 ], [ -75.946724, 45.622414 ], [ -75.946706, 45.622343 ], [ -75.946636, 45.622251 ], [ -75.946619, 45.62218 ], [ -75.946557, 45.622125 ], [ -75.946536, 45.622055 ], [ -75.946472, 45.622001 ], [ -75.946441, 45.621932 ], [ -75.946375, 45.621881 ], [ -75.946349, 45.621812 ], [ -75.946124, 45.621572 ], [ -75.946092, 45.621504 ], [ -75.945967, 45.621389 ], [ -75.945924, 45.621287 ], [ -75.945872, 45.621225 ], [ -75.945847, 45.621084 ], [ -75.945774, 45.62099 ], [ -75.94575, 45.620921 ], [ -75.945545, 45.620689 ], [ -75.945362, 45.620407 ], [ -75.945344, 45.620274 ] ] } },
{ "type": "Feature", "properties": { "cls": "shared", "highway": "cycleway", "name": "Trail #51" }, "geometry": { "type": "LineString", "coordinates": [ [ -76.009887, 45.624464 ], [ -76.009394, 45.624283 ], [ -76.008963, 45.624368 ], [ -76.008685, 45.624463 ], [ -76.007946, 45.624619 ], [ -76.007539, 45.624658 ], [ -76.007076, 45.624644 ], [ -76.006825, 45.624606 ], [ -76.006436, 45.624514 ], [ -76.006283, 45.624502 ], [ -76.005886, 45.624425 ], [ -76.005331, 45.624347 ], [ -76.004735, 45.624236 ], [ -76.004597, 45.624193 ], [ -76.004399, 45.624158 ], [ -76.004142, 45.624162 ], [ -76.00399, 45.624146 ], [ -76.003786, 45.624165 ], [ -76.00319, 45.624063 ], [ -76.002524, 45.624106 ], [ -76.002268, 45.624098 ], [ -76.001564, 45.624002 ], [ -76.000895, 45.623994 ], [ -76.000589, 45.624021 ], [ -76.000497, 45.624048 ], [ -76.000294, 45.624066 ], [ -76.000091, 45.62404 ], [ -75.999847, 45.623985 ], [ -75.998935, 45.623896 ], [ -75.998073, 45.623999 ], [ -75.997456, 45.624 ], [ -75.996995, 45.62397 ], [ -75.996798, 45.623932 ], [ -75.99633, 45.62379 ], [ -75.99608, 45.623748 ], [ -75.995671, 45.623716 ], [ -75.995142, 45.623578 ], [ -75.994887, 45.623556 ], [ -75.994374, 45.623545 ], [ -75.993528, 45.623397 ], [ -75.993374, 45.623397 ], [ -75.99266, 45.623449 ], [ -75.992174, 45.623561 ], [ -75.991846, 45.623662 ], [ -75.99155, 45.623723 ], [ -75.991333, 45.623818 ], [ -75.991146, 45.623879 ], [ -75.990951, 45.623925 ], [ -75.990498, 45.623985 ], [ -75.990354, 45.624025 ], [ -75.990107, 45.624155 ], [ -75.989926, 45.624281 ], [ -75.989891, 45.624347 ], [ -75.989734, 45.624488 ], [ -75.989519, 45.624584 ], [ -75.988868, 45.624679 ], [ -75.98856, 45.624668 ], [ -75.988258, 45.624626 ], [ -75.98812, 45.624579 ], [ -75.987907, 45.624478 ], [ -75.987712, 45.624433 ], [ -75.98751, 45.624406 ], [ -75.987202, 45.624411 ], [ -75.987, 45.62444 ], [ -75.98682, 45.624501 ], [ -75.986526, 45.624645 ], [ -75.986347, 45.624717 ], [ -75.986205, 45.624756 ], [ -75.985981, 45.624904 ], [ -75.985958, 45.624974 ], [ -75.985882, 45.625063 ], [ -75.98587, 45.625135 ], [ -75.985815, 45.625196 ], [ -75.985793, 45.625301 ], [ -75.985802, 45.625805 ], [ -75.985784, 45.626093 ], [ -75.985673, 45.626251 ], [ -75.985552, 45.626367 ], [ -75.985528, 45.626437 ], [ -75.985457, 45.62653 ], [ -75.985424, 45.626672 ], [ -75.985369, 45.626732 ], [ -75.985341, 45.626801 ], [ -75.985154, 45.626923 ], [ -75.984966, 45.626982 ], [ -75.984418, 45.627074 ], [ -75.984281, 45.627122 ], [ -75.984251, 45.627149 ], [ -75.98424, 45.62722 ], [ -75.984244, 45.627724 ], [ -75.984235, 45.627796 ], [ -75.984208, 45.627826 ], [ -75.984145, 45.627883 ], [ -75.98402, 45.627945 ], [ -75.983627, 45.628025 ], [ -75.9835, 45.628087 ], [ -75.983353, 45.628187 ], [ -75.983215, 45.628233 ] ] } },
{ "type": "Feature", "properties": { "cls": "shared", "highway": "cycleway", "name": "Route 105" }, "geometry": { "type": "LineString", "coordinates": [ [ -75.93755, 45.626939 ], [ -75.937508, 45.626921 ] ] } },
{ "type": "Feature", "properties": { "cls": "shared", "highway": "cycleway", "name": "Chemin de Ste-Cécile-de-Masham" }, "geometry": { "type": "LineString", "coordinates": [ [ -75.937599, 45.626957 ], [ -75.93755, 45.626939 ] ] } },
{ "type": "Feature", "properties": { "cls": "shared", "highway": "cycleway", "name": "Route 105" }, "geometry": { "type": "LineString", "coordinates": [ [ -75.937508, 45.626921 ], [ -75.937456, 45.626899 ], [ -75.937418, 45.626884 ], [ -75.937385, 45.626871 ], [ -75.937348, 45.626857 ], [ -75.937315, 45.626848 ], [ -75.937283, 45.626841 ], [ -75.937237, 45.626833 ], [ -75.937197, 45.626828 ], [ -75.937148, 45.626823 ], [ -75.937104, 45.626819 ], [ -75.937061, 45.626818 ], [ -75.937019, 45.626818 ], [ -75.936957, 45.626822 ], [ -75.936932, 45.626824 ] ] } },
{ "type": "Feature", "properties": { "cls": "shared", "highway": "cycleway", "name": "Chemin de Ste-Cécile-de-Masham" }, "geometry": { "type": "LineString", "coordinates": [ [ -75.938618, 45.627872 ], [ -75.938602, 45.627872 ], [ -75.938586, 45.627867 ], [ -75.93857, 45.627856 ], [ -75.938561, 45.627841 ], [ -75.938455, 45.627485 ], [ -75.938394, 45.627291 ], [ -75.938367, 45.627219 ], [ -75.938334, 45.627154 ], [ -75.938305, 45.627108 ], [ -75.938264, 45.62706 ], [ -75.938221, 45.627014 ], [ -75.93818, 45.626975 ], [ -75.938143, 45.62695 ], [ -75.93811, 45.626934 ], [ -75.938076, 45.626924 ], [ -75.938043, 45.626919 ], [ -75.938002, 45.626916 ], [ -75.937962, 45.62692 ], [ -75.937923, 45.626931 ], [ -75.937876, 45.626948 ], [ -75.937834, 45.626967 ], [ -75.937807, 45.626975 ], [ -75.937775, 45.626982 ], [ -75.937743, 45.626986 ], [ -75.93771, 45.626985 ], [ -75.937679, 45.626983 ], [ -75.93765, 45.626977 ], [ -75.937624, 45.626968 ], [ -75.937599, 45.626957 ] ] } },
{ "type": "Feature", "properties": { "cls": "shared", "highway": "cycleway", "name": null }, "geometry": { "type": "LineString", "coordinates": [ [ -75.938674, 45.627862 ], [ -75.938815, 45.627867 ] ] } },
{ "type": "Feature", "properties": { "cls": "shared", "highway": "cycleway", "name": "Chemin de Ste-Cécile-de-Masham" }, "geometry": { "type": "LineString", "coordinates": [ [ -75.938618, 45.627872 ], [ -75.938674, 45.627862 ] ] } },
{ "type": "Feature", "properties": { "cls": "painted", "highway": "secondary", "name": "Chemin de Ste-Cécile-de-Masham" }, "geometry": { "type": "LineString", "coordinates": [ [ -75.939715, 45.6306 ], [ -75.939665, 45.630496 ], [ -75.939609, 45.630376 ], [ -75.939533, 45.63021 ], [ -75.939454, 45.630034 ], [ -75.939381, 45.629855 ], [ -75.939321, 45.629709 ], [ -75.939236, 45.629501 ], [ -75.939153, 45.629287 ], [ -75.939078, 45.629085 ], [ -75.939002, 45.62888 ], [ -75.93893, 45.628662 ], [ -75.93883, 45.628365 ], [ -75.938707, 45.62797 ], [ -75.938682, 45.627888 ], [ -75.938674, 45.627862 ] ] } },
{ "type": "Feature", "properties": { "cls": "shared", "highway": "cycleway", "name": "Trail #53" }, "geometry": { "type": "LineString", "coordinates": [ [ -75.983215, 45.628233 ], [ -75.982584, 45.62808 ], [ -75.982124, 45.627919 ], [ -75.982003, 45.627852 ], [ -75.981864, 45.627806 ], [ -75.981616, 45.627757 ], [ -75.981463, 45.62775 ], [ -75.980342, 45.62786 ], [ -75.979955, 45.62795 ], [ -75.979244, 45.628035 ], [ -75.979144, 45.628047 ], [ -75.978995, 45.628076 ], [ -75.978319, 45.62825 ], [ -75.978022, 45.628309 ], [ -75.977869, 45.628321 ], [ -75.977663, 45.628316 ], [ -75.977055, 45.62824 ], [ -75.976513, 45.628134 ], [ -75.975505, 45.627878 ], [ -75.975005, 45.627793 ], [ -75.974425, 45.627646 ], [ -75.974083, 45.62757 ], [ -75.973935, 45.627558 ], [ -75.973505, 45.627444 ], [ -75.973058, 45.62736 ], [ -75.972973, 45.627319 ], [ -75.972529, 45.627231 ], [ -75.972177, 45.627088 ], [ -75.971932, 45.627037 ], [ -75.971163, 45.627006 ], [ -75.9705, 45.626953 ], [ -75.97025, 45.626913 ], [ -75.969891, 45.6269 ], [ -75.969381, 45.626855 ], [ -75.968683, 45.626734 ], [ -75.968153, 45.626606 ], [ -75.967695, 45.626557 ], [ -75.967542, 45.626554 ], [ -75.967157, 45.626652 ], [ -75.966556, 45.626849 ], [ -75.96652, 45.626873 ], [ -75.965565, 45.627136 ], [ -75.965479, 45.62717 ], [ -75.965017, 45.62739 ], [ -75.964797, 45.627534 ], [ -75.964234, 45.627787 ], [ -75.963675, 45.628032 ], [ -75.96358, 45.628059 ], [ -75.963422, 45.628144 ], [ -75.963327, 45.628173 ], [ -75.962992, 45.628334 ], [ -75.962375, 45.628589 ], [ -75.962212, 45.628672 ], [ -75.961946, 45.62877 ], [ -75.961701, 45.628891 ], [ -75.961122, 45.629124 ], [ -75.960426, 45.629432 ], [ -75.959865, 45.629607 ], [ -75.95983, 45.629632 ], [ -75.959686, 45.629672 ], [ -75.959417, 45.629777 ], [ -75.958512, 45.630034 ], [ -75.95749, 45.630372 ], [ -75.957134, 45.630508 ], [ -75.956623, 45.630749 ], [ -75.956466, 45.63084 ], [ -75.955976, 45.631038 ], [ -75.955741, 45.631109 ], [ -75.955719, 45.63114 ], [ -75.95557, 45.631169 ], [ -75.955148, 45.631301 ], [ -75.954836, 45.631433 ], [ -75.954577, 45.631542 ], [ -75.954298, 45.631634 ], [ -75.954149, 45.631663 ], [ -75.953485, 45.631855 ], [ -75.952937, 45.631954 ], [ -75.952482, 45.632011 ], [ -75.952277, 45.632011 ], [ -75.951869, 45.632044 ], [ -75.951, 45.631982 ], [ -75.950856, 45.631945 ], [ -75.9506, 45.631928 ], [ -75.950404, 45.631887 ], [ -75.950098, 45.63186 ], [ -75.949756, 45.631782 ], [ -75.949192, 45.631744 ], [ -75.948991, 45.631715 ], [ -75.948631, 45.631728 ], [ -75.948276, 45.631768 ], [ -75.947813, 45.631779 ], [ -75.947354, 45.631746 ], [ -75.946954, 45.631685 ], [ -75.946491, 45.631682 ], [ -75.945828, 45.631746 ], [ -75.945425, 45.631803 ], [ -75.945097, 45.6319 ], [ -75.944558, 45.632109 ], [ -75.944434, 45.632172 ], [ -75.944023, 45.632322 ], [ -75.943877, 45.632356 ], [ -75.943723, 45.632366 ], [ -75.943621, 45.632358 ], [ -75.943479, 45.632317 ], [ -75.943353, 45.632254 ], [ -75.943253, 45.632172 ], [ -75.943165, 45.632042 ], [ -75.943055, 45.631746 ], [ -75.943028, 45.631579 ] ] } },
{ "type": "Feature", "properties": { "cls": "shared", "highway": "cycleway", "name": null }, "geometry": { "type": "LineString", "coordinates": [ [ -75.94009, 45.628456 ], [ -75.940151, 45.628545 ], [ -75.9402, 45.62858 ], [ -75.940257, 45.628601 ], [ -75.940337, 45.628605 ], [ -75.940468, 45.628589 ], [ -75.940617, 45.628571 ], [ -75.940759, 45.628574 ], [ -75.940976, 45.628584 ], [ -75.941188, 45.628691 ], [ -75.941416, 45.628895 ], [ -75.941454, 45.629003 ], [ -75.941456, 45.629076 ], [ -75.94142, 45.629185 ], [ -75.941393, 45.629406 ], [ -75.941326, 45.629698 ], [ -75.941395, 45.629914 ], [ -75.941346, 45.630086 ], [ -75.941456, 45.630184 ], [ -75.941866, 45.630304 ], [ -75.942164, 45.630443 ], [ -75.942415, 45.630564 ], [ -75.942469, 45.63059 ], [ -75.942506, 45.630619 ], [ -75.942553, 45.630656 ], [ -75.942765, 45.631004 ], [ -75.942908, 45.631296 ], [ -75.943028, 45.631579 ] ] } },
{ "type": "Feature", "properties": { "cls": "painted", "highway": "secondary", "name": "Chemin de Ste-Cécile-de-Masham" }, "geometry": { "type": "LineString", "coordinates": [ [ -75.940029, 45.631232 ], [ -75.939927, 45.631035 ], [ -75.939851, 45.630878 ], [ -75.939781, 45.63074 ], [ -75.939715, 45.6306 ] ] } },
{ "type": "Feature", "properties": { "cls": "painted", "highway": "secondary", "name": "Chemin de Ste-Cécile-de-Masham" }, "geometry": { "type": "LineString", "coordinates": [ [ -75.940396, 45.631899 ], [ -75.940334, 45.631792 ], [ -75.940269, 45.631676 ], [ -75.940173, 45.631503 ], [ -75.940096, 45.63136 ], [ -75.940029, 45.631232 ] ] } },
{ "type": "Feature", "properties": { "cls": "shared", "highway": "cycleway", "name": "Trail #52" }, "geometry": { "type": "LineString", "coordinates": [ [ -75.938622, 45.632952 ], [ -75.938686, 45.632878 ], [ -75.938718, 45.632808 ], [ -75.938741, 45.632732 ], [ -75.93877, 45.632515 ], [ -75.938798, 45.632408 ], [ -75.938854, 45.632328 ], [ -75.938928, 45.632269 ], [ -75.939122, 45.632148 ], [ -75.939575, 45.632031 ], [ -75.93965, 45.632008 ], [ -75.939782, 45.632006 ], [ -75.939877, 45.632025 ], [ -75.940085, 45.632045 ], [ -75.940311, 45.632011 ], [ -75.940542, 45.63196 ], [ -75.940592, 45.631938 ], [ -75.940645, 45.631898 ], [ -75.940683, 45.631852 ], [ -75.940703, 45.63175 ], [ -75.940699, 45.631666 ], [ -75.940658, 45.631527 ], [ -75.940602, 45.631421 ], [ -75.94059, 45.631299 ], [ -75.940628, 45.631244 ], [ -75.940685, 45.631211 ], [ -75.940755, 45.631193 ], [ -75.940815, 45.631198 ], [ -75.940869, 45.631223 ], [ -75.940932, 45.631259 ], [ -75.941009, 45.631345 ], [ -75.941082, 45.631437 ], [ -75.941188, 45.631505 ], [ -75.941285, 45.631565 ], [ -75.941402, 45.631586 ], [ -75.941535, 45.631599 ], [ -75.941933, 45.631525 ], [ -75.942392, 45.631483 ], [ -75.942597, 45.631486 ], [ -75.942799, 45.631515 ], [ -75.9429, 45.631531 ], [ -75.943028, 45.631579 ] ] } },
{ "type": "Feature", "properties": { "cls": "painted", "highway": "secondary", "name": "Chemin de Ste-Cécile-de-Masham" }, "geometry": { "type": "LineString", "coordinates": [ [ -75.940882, 45.632727 ], [ -75.940396, 45.631899 ] ] } },
{ "type": "Feature", "properties": { "cls": "shared", "highway": "cycleway", "name": "Trail #53" }, "geometry": { "type": "LineString", "coordinates": [ [ -75.995922, 45.641007 ], [ -75.996326, 45.640761 ], [ -75.996592, 45.640652 ], [ -75.99673, 45.640545 ], [ -75.997051, 45.640365 ], [ -75.997641, 45.639876 ], [ -75.997732, 45.639843 ], [ -75.99828, 45.639523 ], [ -75.998649, 45.639333 ], [ -75.998789, 45.639227 ], [ -75.999063, 45.639064 ], [ -75.999124, 45.638968 ], [ -75.999165, 45.638947 ], [ -75.999245, 45.638856 ], [ -75.999475, 45.638777 ], [ -75.999535, 45.638719 ], [ -75.999658, 45.638655 ], [ -75.999827, 45.63852 ], [ -76.000004, 45.638451 ], [ -76.000149, 45.638417 ], [ -76.000451, 45.638286 ], [ -76.000604, 45.638273 ], [ -76.000755, 45.638291 ], [ -76.000846, 45.638324 ], [ -76.000999, 45.63834 ], [ -76.001408, 45.638337 ], [ -76.001555, 45.638369 ], [ -76.001686, 45.638424 ], [ -76.001744, 45.638482 ], [ -76.001862, 45.638551 ], [ -76.002064, 45.638573 ], [ -76.002371, 45.638544 ], [ -76.002525, 45.638552 ], [ -76.002626, 45.638567 ], [ -76.002813, 45.638627 ], [ -76.003064, 45.638656 ], [ -76.003462, 45.638587 ], [ -76.00365, 45.638532 ], [ -76.003855, 45.638521 ], [ -76.004007, 45.638538 ], [ -76.004143, 45.638587 ], [ -76.004296, 45.638603 ], [ -76.004491, 45.638646 ], [ -76.005013, 45.638786 ], [ -76.005139, 45.638846 ], [ -76.005285, 45.638881 ], [ -76.005406, 45.638946 ], [ -76.005862, 45.639112 ], [ -76.005943, 45.639156 ], [ -76.006125, 45.639221 ], [ -76.006273, 45.639249 ], [ -76.006387, 45.639319 ], [ -76.006734, 45.639384 ], [ -76.006888, 45.639385 ], [ -76.00739, 45.639316 ], [ -76.007477, 45.639279 ], [ -76.007585, 45.639203 ], [ -76.007711, 45.639008 ], [ -76.0079, 45.638796 ], [ -76.007941, 45.638692 ], [ -76.007994, 45.638518 ], [ -76.007997, 45.638302 ], [ -76.008034, 45.638198 ], [ -76.008027, 45.638018 ], [ -76.007966, 45.637793 ], [ -76.007825, 45.637577 ], [ -76.007673, 45.637341 ], [ -76.007524, 45.637175 ], [ -76.007319, 45.636968 ], [ -76.007125, 45.636788 ], [ -76.007006, 45.636671 ], [ -76.006963, 45.636569 ], [ -76.006959, 45.636425 ], [ -76.006996, 45.636316 ], [ -76.007054, 45.636198 ], [ -76.00722, 45.636 ], [ -76.007376, 45.635906 ], [ -76.007766, 45.63578 ], [ -76.008078, 45.63562 ], [ -76.008214, 45.635548 ], [ -76.008341, 45.635505 ], [ -76.008462, 45.635453 ], [ -76.008568, 45.635327 ], [ -76.008644, 45.635191 ], [ -76.00869, 45.635106 ], [ -76.008758, 45.635027 ], [ -76.008863, 45.634947 ], [ -76.008966, 45.634766 ], [ -76.008986, 45.634405 ], [ -76.009021, 45.634337 ], [ -76.009027, 45.634265 ], [ -76.009144, 45.634029 ], [ -76.009158, 45.633959 ], [ -76.009225, 45.633863 ], [ -76.00927, 45.63365 ], [ -76.00939, 45.633491 ], [ -76.009505, 45.633255 ], [ -76.009603, 45.633128 ], [ -76.009676, 45.632995 ], [ -76.00974, 45.632941 ], [ -76.009768, 45.632836 ], [ -76.009867, 45.63271 ], [ -76.010021, 45.632406 ], [ -76.010085, 45.632352 ], [ -76.01019, 45.632153 ], [ -76.010264, 45.632059 ], [ -76.010279, 45.631988 ], [ -76.010595, 45.631577 ], [ -76.010673, 45.631408 ], [ -76.010836, 45.631224 ], [ -76.010974, 45.631058 ], [ -76.011129, 45.630933 ], [ -76.011371, 45.630779 ], [ -76.011662, 45.630658 ], [ -76.011884, 45.630589 ], [ -76.01195, 45.630559 ], [ -76.011973, 45.630508 ], [ -76.011856, 45.629987 ], [ -76.011779, 45.629633 ], [ -76.011718, 45.629378 ], [ -76.011695, 45.629074 ], [ -76.011641, 45.628831 ], [ -76.011553, 45.6285 ], [ -76.011509, 45.628269 ], [ -76.011467, 45.628049 ], [ -76.011439, 45.627839 ], [ -76.011411, 45.627623 ], [ -76.01136, 45.627445 ], [ -76.011326, 45.627094 ], [ -76.011293, 45.626942 ], [ -76.0113, 45.62675 ], [ -76.011299, 45.626498 ], [ -76.011267, 45.626393 ], [ -76.01125, 45.626215 ], [ -76.011212, 45.626049 ], [ -76.011128, 45.625697 ] ] } },
{ "type": "Feature", "properties": { "cls": "shared", "highway": "cycleway", "name": "Trail #53" }, "geometry": { "type": "LineString", "coordinates": [ [ -75.983215, 45.628233 ], [ -75.983562, 45.628388 ], [ -75.984192, 45.628756 ], [ -75.984293, 45.628838 ], [ -75.984448, 45.62893 ], [ -75.984527, 45.629022 ], [ -75.984668, 45.629127 ], [ -75.984784, 45.629244 ], [ -75.984885, 45.629256 ], [ -75.98497, 45.629295 ], [ -75.985346, 45.629537 ], [ -75.985493, 45.629564 ], [ -75.985594, 45.62955 ], [ -75.985693, 45.629565 ], [ -75.985787, 45.629594 ], [ -75.986083, 45.629735 ], [ -75.986465, 45.630026 ], [ -75.986579, 45.630144 ], [ -75.986845, 45.630312 ], [ -75.986959, 45.630431 ], [ -75.987267, 45.630622 ], [ -75.987442, 45.630794 ], [ -75.987548, 45.630872 ], [ -75.987598, 45.630974 ], [ -75.987674, 45.631067 ], [ -75.987724, 45.631205 ], [ -75.987729, 45.631386 ], [ -75.987766, 45.631489 ], [ -75.987769, 45.631634 ], [ -75.98772, 45.631882 ], [ -75.987674, 45.631986 ], [ -75.987622, 45.632087 ], [ -75.987424, 45.632339 ], [ -75.987331, 45.632426 ], [ -75.987284, 45.632527 ], [ -75.987217, 45.632582 ], [ -75.987077, 45.632814 ], [ -75.986836, 45.633089 ], [ -75.986787, 45.63319 ], [ -75.986779, 45.633262 ], [ -75.986535, 45.633576 ], [ -75.986405, 45.633809 ], [ -75.986391, 45.633989 ], [ -75.986361, 45.634057 ], [ -75.986322, 45.634306 ], [ -75.986357, 45.634484 ], [ -75.986561, 45.634809 ], [ -75.986914, 45.635205 ], [ -75.987419, 45.635559 ], [ -75.987618, 45.635671 ], [ -75.987974, 45.635816 ], [ -75.988396, 45.635948 ], [ -75.988606, 45.636051 ], [ -75.988808, 45.636077 ], [ -75.989084, 45.636233 ], [ -75.989266, 45.636295 ], [ -75.989365, 45.636376 ], [ -75.989593, 45.63646 ], [ -75.989977, 45.636634 ], [ -75.990073, 45.636661 ], [ -75.990247, 45.636792 ], [ -75.990336, 45.636826 ], [ -75.990535, 45.636988 ], [ -75.990584, 45.636997 ], [ -75.990735, 45.637093 ], [ -75.99086, 45.637207 ], [ -75.99095, 45.637243 ], [ -75.991146, 45.637287 ], [ -75.991215, 45.63734 ], [ -75.991408, 45.637389 ], [ -75.991846, 45.637574 ], [ -75.992333, 45.637688 ], [ -75.992434, 45.637698 ], [ -75.992559, 45.637757 ], [ -75.992609, 45.637766 ], [ -75.992709, 45.637752 ], [ -75.992854, 45.637779 ], [ -75.992951, 45.637757 ], [ -75.993156, 45.637758 ], [ -75.993454, 45.637811 ], [ -75.993668, 45.637909 ], [ -75.993933, 45.638078 ], [ -75.994079, 45.638223 ], [ -75.994099, 45.638293 ], [ -75.994166, 45.638388 ], [ -75.994175, 45.638712 ], [ -75.99438, 45.639226 ], [ -75.994389, 45.639334 ], [ -75.994423, 45.639401 ], [ -75.994437, 45.639653 ], [ -75.994465, 45.639722 ], [ -75.994475, 45.63983 ], [ -75.994565, 45.640072 ], [ -75.994905, 45.64063 ], [ -75.995035, 45.64074 ], [ -75.995128, 45.64077 ], [ -75.995525, 45.640841 ], [ -75.995922, 45.641007 ] ] } },
{ "type": "Feature", "properties": { "cls": "painted", "highway": "secondary", "name": "Chemin de Ste-Cécile-de-Masham" }, "geometry": { "type": "LineString", "coordinates": [ [ -75.943047, 45.636425 ], [ -75.943012, 45.636365 ], [ -75.942343, 45.635224 ], [ -75.94184, 45.634363 ], [ -75.941397, 45.633608 ], [ -75.940882, 45.632727 ] ] } },
{ "type": "Feature", "properties": { "cls": "shared", "highway": "cycleway", "name": "Trail #53" }, "geometry": { "type": "MultiLineString", "coordinates": [ [ [ -75.995922, 45.641007 ], [ -75.996065, 45.641107 ], [ -75.996618, 45.64143 ], [ -75.997241, 45.641746 ], [ -75.997427, 45.64187 ], [ -75.997548, 45.641983 ], [ -75.997626, 45.64203 ], [ -75.997847, 45.642311 ], [ -75.997873, 45.64238 ], [ -75.997936, 45.642436 ], [ -75.998028, 45.642565 ], [ -75.998076, 45.642685 ] ], [ [ -75.999692, 45.643932 ], [ -75.999721, 45.643933 ], [ -76.000028, 45.64391 ], [ -76.000388, 45.643923 ], [ -76.001307, 45.643996 ], [ -76.001976, 45.644018 ], [ -76.002437, 45.643989 ], [ -76.003081, 45.643862 ], [ -76.003467, 45.643766 ], [ -76.003918, 45.643698 ], [ -76.004261, 45.643621 ], [ -76.005563, 45.643409 ], [ -76.005883, 45.643374 ] ] ] } }
]
}
