{
"type": "FeatureCollection",
"name": "016-edmonton-north-saskatchewan-river-valley-parks-system",
"crs": { "type": "name", "properties": { "name": "urn:ogc:def:crs:OGC:1.3:CRS84" } },
"xy_coordinate_resolution": 1e-06,
"features": [
{ "type": "Feature", "properties": { "cls": "shared", "highway": "cycleway", "name": null }, "geometry": { "type": "Point", "coordinates": [ -113.64907, 53.424857 ] } },
{ "type": "Feature", "properties": { "cls": "shared", "highway": "cycleway", "name": null }, "geometry": { "type": "LineString", "coordinates": [ [ -113.560189, 53.437743 ], [ -113.560189, 53.437723 ], [ -113.560188, 53.437668 ] ] } },
{ "type": "Feature", "properties": { "cls": "shared", "highway": "cycleway", "name": null }, "geometry": { "type": "LineString", "coordinates": [ [ -113.560188, 53.437668 ], [ -113.560193, 53.437586 ], [ -113.560182, 53.437457 ], [ -113.560181, 53.437324 ], [ -113.560198, 53.437183 ], [ -113.560205, 53.437094 ], [ -113.560149, 53.436983 ], [ -113.560049, 53.436869 ], [ -113.559958, 53.436785 ], [ -113.559853, 53.436732 ], [ -113.559745, 53.436715 ], [ -113.559645, 53.436715 ], [ -113.559523, 53.436722 ], [ -113.559367, 53.436784 ], [ -113.559008, 53.437024 ], [ -113.558931, 53.437064 ], [ -113.558779, 53.437097 ], [ -113.558659, 53.437109 ], [ -113.558496, 53.437124 ], [ -113.55834, 53.437129 ], [ -113.558007, 53.437112 ], [ -113.557741, 53.437071 ], [ -113.557567, 53.437019 ], [ -113.557451, 53.436996 ], [ -113.557334, 53.437003 ], [ -113.557151, 53.437061 ], [ -113.557027, 53.437078 ], [ -113.556261, 53.437037 ], [ -113.555855, 53.437068 ], [ -113.55553, 53.436971 ], [ -113.55521, 53.43694 ], [ -113.554926, 53.43684 ], [ -113.554676, 53.436829 ], [ -113.554461, 53.436919 ], [ -113.554339, 53.437113 ], [ -113.554386, 53.437255 ], [ -113.554827, 53.437462 ], [ -113.555059, 53.437642 ], [ -113.5551, 53.437753 ], [ -113.55514, 53.437882 ], [ -113.554955, 53.438479 ], [ -113.554949, 53.438735 ], [ -113.55503, 53.438852 ], [ -113.555477, 53.439105 ], [ -113.555878, 53.43946 ] ] } },
{ "type": "Feature", "properties": { "cls": "shared", "highway": "cycleway", "name": null }, "geometry": { "type": "LineString", "coordinates": [ [ -113.555878, 53.43946 ], [ -113.555907, 53.439473 ] ] } },
{ "type": "Feature", "properties": { "cls": "shared", "highway": "cycleway", "name": null }, "geometry": { "type": "LineString", "coordinates": [ [ -113.565663, 53.433751 ], [ -113.565639, 53.433789 ], [ -113.565619, 53.43385 ], [ -113.565607, 53.433926 ], [ -113.565609, 53.434009 ], [ -113.565612, 53.43417 ], [ -113.565602, 53.434243 ], [ -113.565588, 53.434293 ], [ -113.565558, 53.434355 ], [ -113.565532, 53.434396 ], [ -113.565517, 53.434433 ] ] } },
{ "type": "Feature", "properties": { "cls": "shared", "highway": "cycleway", "name": null }, "geometry": { "type": "LineString", "coordinates": [ [ -113.565544, 53.434606 ], [ -113.565518, 53.434474 ], [ -113.565517, 53.434433 ] ] } },
{ "type": "Feature", "properties": { "cls": "shared", "highway": "cycleway", "name": null }, "geometry": { "type": "LineString", "coordinates": [ [ -113.565447, 53.436556 ], [ -113.565451, 53.436504 ], [ -113.565477, 53.436402 ], [ -113.565516, 53.436303 ], [ -113.565551, 53.436179 ], [ -113.565566, 53.436073 ], [ -113.565579, 53.435989 ], [ -113.565578, 53.435922 ], [ -113.56557, 53.435848 ], [ -113.565549, 53.435741 ], [ -113.565507, 53.435529 ], [ -113.565501, 53.435478 ], [ -113.565502, 53.435429 ], [ -113.565511, 53.435355 ], [ -113.565519, 53.435303 ], [ -113.565575, 53.43506 ], [ -113.565585, 53.43499 ], [ -113.565588, 53.434892 ], [ -113.565581, 53.434805 ], [ -113.565544, 53.434606 ] ] } },
{ "type": "Feature", "properties": { "cls": "shared", "highway": "cycleway", "name": null }, "geometry": { "type": "LineString", "coordinates": [ [ -113.565544, 53.434606 ], [ -113.565495, 53.434649 ], [ -113.565454, 53.434671 ], [ -113.565415, 53.434688 ], [ -113.565371, 53.4347 ], [ -113.565301, 53.434704 ], [ -113.565253, 53.434703 ], [ -113.565175, 53.434695 ], [ -113.565085, 53.434685 ], [ -113.564965, 53.434685 ], [ -113.564874, 53.43469 ], [ -113.564785, 53.434698 ], [ -113.56462, 53.434713 ], [ -113.564527, 53.434716 ], [ -113.564427, 53.434715 ], [ -113.56427, 53.434702 ], [ -113.564194, 53.434703 ], [ -113.564122, 53.434709 ], [ -113.563937, 53.434761 ], [ -113.563749, 53.434824 ], [ -113.563536, 53.43486 ], [ -113.56335, 53.434933 ], [ -113.563279, 53.43498 ], [ -113.563228, 53.435033 ], [ -113.563174, 53.435136 ], [ -113.563115, 53.435173 ], [ -113.56266, 53.435345 ], [ -113.562137, 53.4356 ], [ -113.561997, 53.435679 ], [ -113.561855, 53.435758 ], [ -113.561804, 53.435799 ], [ -113.561763, 53.435844 ], [ -113.561697, 53.435921 ], [ -113.561588, 53.435974 ], [ -113.561425, 53.436041 ], [ -113.561364, 53.436063 ], [ -113.561295, 53.43608 ], [ -113.561209, 53.436091 ], [ -113.561096, 53.436101 ], [ -113.560815, 53.43611 ], [ -113.560638, 53.436116 ], [ -113.560568, 53.436124 ], [ -113.560535, 53.436134 ], [ -113.560506, 53.436169 ], [ -113.560489, 53.436205 ], [ -113.560475, 53.43625 ], [ -113.560471, 53.436285 ], [ -113.560474, 53.436324 ], [ -113.560497, 53.436387 ], [ -113.560547, 53.436477 ], [ -113.5606, 53.436545 ], [ -113.560647, 53.436601 ], [ -113.560716, 53.436695 ], [ -113.560754, 53.436756 ], [ -113.560789, 53.436835 ], [ -113.560821, 53.436981 ], [ -113.560843, 53.437109 ], [ -113.560896, 53.437213 ], [ -113.56095, 53.437348 ], [ -113.560952, 53.437382 ], [ -113.560948, 53.437412 ], [ -113.560927, 53.437452 ], [ -113.560893, 53.437488 ], [ -113.5608, 53.437537 ], [ -113.560718, 53.437575 ], [ -113.560652, 53.437602 ], [ -113.560595, 53.437618 ], [ -113.560515, 53.437634 ], [ -113.560435, 53.437641 ], [ -113.560323, 53.437654 ], [ -113.560188, 53.437668 ] ] } },
{ "type": "Feature", "properties": { "cls": "shared", "highway": "cycleway", "name": null }, "geometry": { "type": "MultiLineString", "coordinates": [ [ [ -113.555878, 53.43946 ], [ -113.555846, 53.439473 ], [ -113.555792, 53.439489 ], [ -113.555741, 53.439496 ] ], [ [ -113.553304, 53.440207 ], [ -113.552972, 53.440261 ], [ -113.552923, 53.44027 ], [ -113.552802, 53.440295 ], [ -113.552752, 53.440307 ], [ -113.55272, 53.440318 ], [ -113.55265, 53.440347 ], [ -113.552594, 53.440376 ], [ -113.552549, 53.440402 ], [ -113.552487, 53.440454 ], [ -113.55241, 53.440532 ], [ -113.55225, 53.440702 ], [ -113.552205, 53.440742 ], [ -113.552165, 53.440772 ], [ -113.552114, 53.440806 ], [ -113.552057, 53.440838 ], [ -113.551989, 53.44087 ], [ -113.551924, 53.440889 ], [ -113.551854, 53.440908 ], [ -113.551677, 53.440942 ], [ -113.551612, 53.440954 ], [ -113.551497, 53.440993 ], [ -113.55131, 53.441061 ], [ -113.551113, 53.441134 ], [ -113.551003, 53.441168 ], [ -113.550861, 53.441196 ], [ -113.550625, 53.441212 ], [ -113.550432, 53.441223 ], [ -113.55021, 53.441228 ], [ -113.550074, 53.441222 ], [ -113.549944, 53.441212 ], [ -113.549883, 53.441207 ], [ -113.549572, 53.441187 ], [ -113.549376, 53.441196 ], [ -113.548839, 53.44123 ], [ -113.547864, 53.441228 ], [ -113.547673, 53.441237 ], [ -113.547599, 53.441242 ], [ -113.54754, 53.441251 ], [ -113.547491, 53.441263 ], [ -113.547443, 53.441284 ], [ -113.547417, 53.441303 ], [ -113.547376, 53.441339 ], [ -113.547345, 53.441375 ], [ -113.547331, 53.441405 ] ] ] } },
{ "type": "Feature", "properties": { "cls": "shared", "highway": "cycleway", "name": null }, "geometry": { "type": "LineString", "coordinates": [ [ -113.550879, 53.441272 ], [ -113.550861, 53.441196 ] ] } },
{ "type": "Feature", "properties": { "cls": "shared", "highway": "cycleway", "name": null }, "geometry": { "type": "MultiLineString", "coordinates": [ [ [ -113.547331, 53.441405 ], [ -113.547315, 53.44145 ], [ -113.547314, 53.441531 ], [ -113.547313, 53.441626 ], [ -113.547308, 53.441661 ], [ -113.547242, 53.441768 ], [ -113.547192, 53.441879 ], [ -113.547167, 53.441913 ], [ -113.547134, 53.441952 ], [ -113.547059, 53.442025 ], [ -113.547022, 53.442067 ], [ -113.547, 53.442101 ], [ -113.546986, 53.442136 ], [ -113.546981, 53.442173 ], [ -113.546992, 53.442215 ], [ -113.547014, 53.442253 ], [ -113.547048, 53.442293 ], [ -113.547107, 53.442336 ], [ -113.547183, 53.442376 ], [ -113.547321, 53.442443 ], [ -113.547357, 53.442458 ], [ -113.547485, 53.442522 ], [ -113.547516, 53.442548 ] ], [ [ -113.547613, 53.44263 ], [ -113.547855, 53.442846 ], [ -113.547915, 53.442883 ], [ -113.547971, 53.442911 ], [ -113.548107, 53.442948 ], [ -113.548289, 53.442991 ], [ -113.548494, 53.443041 ], [ -113.548678, 53.443089 ], [ -113.548798, 53.443129 ], [ -113.549085, 53.443256 ], [ -113.549211, 53.4433 ], [ -113.549336, 53.443333 ], [ -113.549455, 53.443361 ], [ -113.549542, 53.443375 ], [ -113.549657, 53.443386 ], [ -113.549833, 53.443411 ], [ -113.549998, 53.443454 ], [ -113.550219, 53.443535 ], [ -113.550328, 53.443582 ], [ -113.550518, 53.443659 ], [ -113.550625, 53.443704 ], [ -113.550699, 53.443744 ], [ -113.550767, 53.443796 ], [ -113.550824, 53.443847 ], [ -113.550853, 53.443886 ], [ -113.550888, 53.44394 ], [ -113.550906, 53.443985 ], [ -113.55092, 53.44404 ], [ -113.550932, 53.444093 ], [ -113.550935, 53.444137 ], [ -113.550932, 53.444205 ] ] ] } },
{ "type": "Feature", "properties": { "cls": "shared", "highway": "cycleway", "name": null }, "geometry": { "type": "LineString", "coordinates": [ [ -113.550219, 53.443535 ], [ -113.550255, 53.443483 ], [ -113.550278, 53.443465 ] ] } },
{ "type": "Feature", "properties": { "cls": "shared", "highway": "cycleway", "name": null }, "geometry": { "type": "LineString", "coordinates": [ [ -113.550425, 53.448827 ], [ -113.550178, 53.448759 ], [ -113.549758, 53.448693 ], [ -113.549445, 53.448656 ], [ -113.549131, 53.448644 ], [ -113.548671, 53.448623 ], [ -113.548548, 53.448592 ], [ -113.548424, 53.448539 ], [ -113.54836, 53.44848 ], [ -113.548303, 53.448407 ], [ -113.548274, 53.448306 ], [ -113.548299, 53.448199 ], [ -113.548558, 53.447722 ], [ -113.548696, 53.44744 ], [ -113.548795, 53.447289 ], [ -113.548922, 53.447134 ], [ -113.5491, 53.446965 ], [ -113.54929, 53.44683 ], [ -113.549334, 53.446798 ], [ -113.549421, 53.446733 ], [ -113.549581, 53.446559 ], [ -113.549614, 53.446535 ], [ -113.549671, 53.446505 ], [ -113.549739, 53.446485 ], [ -113.549778, 53.446434 ], [ -113.54985, 53.446394 ], [ -113.549909, 53.446352 ], [ -113.549975, 53.446273 ], [ -113.55002, 53.446194 ], [ -113.550046, 53.446136 ], [ -113.550069, 53.446017 ], [ -113.550089, 53.445946 ], [ -113.550125, 53.445899 ], [ -113.550174, 53.445854 ], [ -113.550238, 53.445811 ], [ -113.55036, 53.445754 ], [ -113.55046, 53.445703 ], [ -113.550529, 53.445647 ], [ -113.550584, 53.445597 ], [ -113.55063, 53.445526 ], [ -113.550654, 53.445451 ], [ -113.550674, 53.445321 ], [ -113.550692, 53.445241 ], [ -113.550741, 53.445141 ], [ -113.550777, 53.445073 ], [ -113.550859, 53.444945 ], [ -113.550895, 53.444846 ], [ -113.5509, 53.44478 ], [ -113.5509, 53.444707 ], [ -113.550878, 53.44457 ], [ -113.550872, 53.444508 ], [ -113.550874, 53.444449 ], [ -113.550912, 53.444298 ], [ -113.550932, 53.444205 ] ] } },
{ "type": "Feature", "properties": { "cls": "shared", "highway": "cycleway", "name": null }, "geometry": { "type": "LineString", "coordinates": [ [ -113.549739, 53.446485 ], [ -113.549859, 53.446495 ] ] } },
{ "type": "Feature", "properties": { "cls": "shared", "highway": "cycleway", "name": null }, "geometry": { "type": "LineString", "coordinates": [ [ -113.549401, 53.446824 ], [ -113.549334, 53.446798 ] ] } },
{ "type": "Feature", "properties": { "cls": "shared", "highway": "cycleway", "name": null }, "geometry": { "type": "LineString", "coordinates": [ [ -113.550425, 53.448827 ], [ -113.550648, 53.448917 ], [ -113.551047, 53.449122 ], [ -113.551236, 53.449242 ], [ -113.551634, 53.449449 ], [ -113.551792, 53.449574 ], [ -113.551926, 53.44971 ], [ -113.552044, 53.450018 ], [ -113.552059, 53.45015 ], [ -113.551834, 53.450455 ], [ -113.551801, 53.450531 ], [ -113.551704, 53.450764 ], [ -113.551565, 53.450929 ], [ -113.551533, 53.450966 ], [ -113.551028, 53.451409 ], [ -113.550941, 53.451494 ], [ -113.550824, 53.451607 ], [ -113.55047, 53.451856 ], [ -113.550352, 53.451946 ], [ -113.550385, 53.452041 ], [ -113.550953, 53.452667 ], [ -113.551081, 53.452748 ], [ -113.551252, 53.452826 ], [ -113.551366, 53.452877 ], [ -113.551483, 53.452917 ], [ -113.551587, 53.452935 ], [ -113.55171, 53.452944 ], [ -113.551831, 53.452954 ], [ -113.551975, 53.452971 ], [ -113.552045, 53.452966 ], [ -113.55211, 53.452949 ], [ -113.552138, 53.452926 ], [ -113.55216, 53.452897 ], [ -113.552183, 53.452848 ], [ -113.552201, 53.452807 ] ] } },
{ "type": "Feature", "properties": { "cls": "shared", "highway": "cycleway", "name": null }, "geometry": { "type": "LineString", "coordinates": [ [ -113.507088, 53.43946 ], [ -113.507163, 53.439632 ], [ -113.507165, 53.439639 ], [ -113.507165, 53.43965 ], [ -113.507158, 53.439661 ], [ -113.507069, 53.439774 ], [ -113.507047, 53.439803 ], [ -113.507028, 53.439839 ], [ -113.506935, 53.440074 ], [ -113.506929, 53.440094 ], [ -113.506926, 53.44012 ], [ -113.506928, 53.440159 ], [ -113.50693, 53.440244 ], [ -113.506932, 53.440261 ], [ -113.506937, 53.440278 ], [ -113.507029, 53.440568 ], [ -113.50704, 53.44059 ], [ -113.507068, 53.440612 ], [ -113.507083, 53.440622 ], [ -113.507104, 53.440633 ], [ -113.50739, 53.44072 ], [ -113.507422, 53.44072 ] ] } },
{ "type": "Feature", "properties": { "cls": "shared", "highway": "cycleway", "name": null }, "geometry": { "type": "LineString", "coordinates": [ [ -113.514808, 53.445932 ], [ -113.514702, 53.445833 ] ] } },
{ "type": "Feature", "properties": { "cls": "shared", "highway": "cycleway", "name": null }, "geometry": { "type": "LineString", "coordinates": [ [ -113.515159, 53.446264 ], [ -113.514808, 53.445932 ] ] } },
{ "type": "Feature", "properties": { "cls": "shared", "highway": "cycleway", "name": null }, "geometry": { "type": "LineString", "coordinates": [ [ -113.51526, 53.446331 ], [ -113.515159, 53.446264 ] ] } },
{ "type": "Feature", "properties": { "cls": "shared", "highway": "cycleway", "name": null }, "geometry": { "type": "LineString", "coordinates": [ [ -113.516618, 53.445427 ], [ -113.516503, 53.445398 ], [ -113.516266, 53.445361 ], [ -113.516083, 53.445379 ], [ -113.51592, 53.445443 ], [ -113.51575, 53.445588 ], [ -113.515681, 53.445698 ], [ -113.515671, 53.445757 ], [ -113.515683, 53.445826 ], [ -113.515723, 53.445943 ], [ -113.515716, 53.445997 ], [ -113.515675, 53.446049 ], [ -113.515509, 53.446151 ], [ -113.515449, 53.446191 ], [ -113.515388, 53.446246 ], [ -113.515317, 53.446299 ], [ -113.51526, 53.446331 ], [ -113.515738, 53.446833 ], [ -113.515863, 53.446965 ], [ -113.515933, 53.447123 ], [ -113.515957, 53.447229 ], [ -113.515938, 53.447322 ], [ -113.515915, 53.447381 ] ] } },
{ "type": "Feature", "properties": { "cls": "separated", "highway": "cycleway", "name": null }, "geometry": { "type": "LineString", "coordinates": [ [ -113.5172, 53.444877 ], [ -113.517228, 53.444818 ], [ -113.517912, 53.443951 ] ] } },
{ "type": "Feature", "properties": { "cls": "separated", "highway": "cycleway", "name": null }, "geometry": { "type": "LineString", "coordinates": [ [ -113.523021, 53.445416 ], [ -113.522975, 53.445399 ], [ -113.522712, 53.445324 ], [ -113.52251, 53.445283 ], [ -113.522307, 53.445265 ], [ -113.522109, 53.445247 ], [ -113.522014, 53.445219 ], [ -113.52194, 53.445186 ], [ -113.52137, 53.444845 ], [ -113.521228, 53.44478 ], [ -113.521086, 53.444725 ], [ -113.521024, 53.444703 ], [ -113.520755, 53.444694 ], [ -113.520544, 53.444682 ], [ -113.520454, 53.444708 ], [ -113.520216, 53.444812 ], [ -113.520141, 53.444822 ], [ -113.519455, 53.44478 ], [ -113.51937, 53.444745 ], [ -113.518455, 53.444131 ], [ -113.518406, 53.444023 ], [ -113.518357, 53.443987 ], [ -113.518287, 53.443972 ], [ -113.518004, 53.443939 ] ] } },
{ "type": "Feature", "properties": { "cls": "separated", "highway": "cycleway", "name": null }, "geometry": { "type": "LineString", "coordinates": [ [ -113.516785, 53.445917 ], [ -113.5172, 53.444877 ] ] } },
{ "type": "Feature", "properties": { "cls": "separated", "highway": "cycleway", "name": null }, "geometry": { "type": "LineString", "coordinates": [ [ -113.517006, 53.445546 ], [ -113.516618, 53.445427 ] ] } },
{ "type": "Feature", "properties": { "cls": "shared", "highway": "cycleway", "name": null }, "geometry": { "type": "LineString", "coordinates": [ [ -113.516632, 53.446569 ], [ -113.516819, 53.446413 ], [ -113.517034, 53.446223 ], [ -113.517237, 53.446055 ], [ -113.517381, 53.445904 ], [ -113.517402, 53.445784 ], [ -113.517329, 53.445707 ], [ -113.517093, 53.445583 ], [ -113.517006, 53.445546 ] ] } },
{ "type": "Feature", "properties": { "cls": "shared", "highway": "cycleway", "name": null }, "geometry": { "type": "LineString", "coordinates": [ [ -113.516785, 53.445917 ], [ -113.516742, 53.446123 ], [ -113.516672, 53.446376 ], [ -113.516632, 53.446569 ] ] } },
{ "type": "Feature", "properties": { "cls": "shared", "highway": "cycleway", "name": null }, "geometry": { "type": "LineString", "coordinates": [ [ -113.516746, 53.447212 ], [ -113.516646, 53.446857 ], [ -113.516611, 53.446696 ], [ -113.516632, 53.446569 ] ] } },
{ "type": "Feature", "properties": { "cls": "shared", "highway": "cycleway", "name": null }, "geometry": { "type": "MultiLineString", "coordinates": [ [ [ -113.544371, 53.445971 ], [ -113.544439, 53.445987 ], [ -113.544458, 53.445997 ], [ -113.544477, 53.446008 ], [ -113.544555, 53.446074 ], [ -113.544569, 53.446088 ], [ -113.54459, 53.446099 ], [ -113.544604, 53.44611 ], [ -113.544601, 53.446138 ], [ -113.544599, 53.446149 ] ], [ [ -113.544538, 53.446366 ], [ -113.544541, 53.446371 ], [ -113.544543, 53.446385 ], [ -113.544552, 53.446421 ], [ -113.544536, 53.446498 ], [ -113.544541, 53.446549 ], [ -113.544521, 53.446638 ], [ -113.54452, 53.446658 ], [ -113.54452, 53.446661 ] ], [ [ -113.544494, 53.446866 ], [ -113.544492, 53.446875 ], [ -113.544482, 53.446889 ], [ -113.544468, 53.446907 ], [ -113.544457, 53.446921 ], [ -113.544444, 53.44694 ], [ -113.544409, 53.446969 ], [ -113.544388, 53.446981 ], [ -113.544365, 53.446993 ], [ -113.544346, 53.447007 ], [ -113.544321, 53.44702 ], [ -113.544297, 53.447034 ], [ -113.544276, 53.447045 ], [ -113.544256, 53.447059 ], [ -113.544236, 53.447071 ], [ -113.544215, 53.447082 ], [ -113.544193, 53.447092 ], [ -113.544175, 53.447103 ], [ -113.544159, 53.447117 ], [ -113.544129, 53.447152 ], [ -113.5441, 53.447185 ], [ -113.544095, 53.447198 ], [ -113.544095, 53.447217 ], [ -113.544095, 53.447235 ], [ -113.544095, 53.44725 ], [ -113.544099, 53.447277 ], [ -113.544105, 53.447307 ], [ -113.544112, 53.447338 ], [ -113.544116, 53.447352 ], [ -113.544124, 53.447366 ], [ -113.544131, 53.447379 ], [ -113.544141, 53.447392 ], [ -113.544146, 53.447403 ], [ -113.544152, 53.447412 ], [ -113.544157, 53.44742 ], [ -113.544169, 53.44743 ], [ -113.544223, 53.447503 ], [ -113.544315, 53.447628 ], [ -113.544446, 53.447756 ], [ -113.544544, 53.447852 ], [ -113.54458, 53.447887 ], [ -113.544595, 53.447902 ] ], [ [ -113.544674, 53.447977 ], [ -113.544681, 53.447984 ], [ -113.544691, 53.447997 ], [ -113.544693, 53.448005 ], [ -113.544695, 53.448012 ], [ -113.544703, 53.448062 ], [ -113.544703, 53.448074 ], [ -113.544697, 53.448084 ], [ -113.544686, 53.4481 ], [ -113.544679, 53.448114 ], [ -113.544671, 53.44812 ], [ -113.544662, 53.448126 ], [ -113.544606, 53.448227 ], [ -113.544531, 53.448357 ], [ -113.544449, 53.448498 ], [ -113.544427, 53.448536 ], [ -113.544418, 53.448551 ], [ -113.544355, 53.448628 ], [ -113.544319, 53.448674 ], [ -113.544258, 53.448692 ], [ -113.54411, 53.448736 ], [ -113.544089, 53.448748 ], [ -113.544069, 53.448761 ], [ -113.544038, 53.448823 ], [ -113.543961, 53.448962 ], [ -113.543959, 53.448979 ], [ -113.543957, 53.449008 ], [ -113.543942, 53.449021 ], [ -113.5439, 53.449037 ], [ -113.543695, 53.449049 ], [ -113.543632, 53.449072 ], [ -113.543572, 53.449092 ], [ -113.543545, 53.449102 ], [ -113.543527, 53.449107 ], [ -113.543503, 53.449112 ], [ -113.543479, 53.449117 ], [ -113.543447, 53.449117 ], [ -113.543423, 53.449115 ], [ -113.543359, 53.44909 ], [ -113.543327, 53.449073 ], [ -113.543292, 53.449054 ], [ -113.543244, 53.449044 ], [ -113.543107, 53.449021 ], [ -113.543039, 53.449008 ], [ -113.543018, 53.449009 ] ], [ [ -113.542927, 53.449039 ], [ -113.542876, 53.449067 ], [ -113.542834, 53.449094 ], [ -113.542801, 53.449123 ], [ -113.54278, 53.449165 ], [ -113.542767, 53.449189 ], [ -113.542738, 53.449251 ], [ -113.542729, 53.449297 ], [ -113.542722, 53.449356 ], [ -113.54272, 53.449408 ], [ -113.542706, 53.449445 ], [ -113.542648, 53.449511 ], [ -113.542591, 53.44956 ], [ -113.542541, 53.449606 ], [ -113.542489, 53.449668 ], [ -113.54243, 53.449741 ], [ -113.542403, 53.449776 ], [ -113.542361, 53.449809 ], [ -113.542301, 53.449843 ], [ -113.542233, 53.449888 ], [ -113.542161, 53.44993 ], [ -113.54211, 53.449968 ], [ -113.542066, 53.450005 ], [ -113.542042, 53.450038 ], [ -113.542021, 53.450083 ], [ -113.542013, 53.45013 ], [ -113.542017, 53.45017 ], [ -113.54206, 53.45033 ] ], [ [ -113.535325, 53.450039 ], [ -113.535232, 53.449989 ], [ -113.535053, 53.449878 ], [ -113.534985, 53.449835 ], [ -113.534854, 53.449754 ], [ -113.534741, 53.449687 ], [ -113.534648, 53.449635 ], [ -113.534591, 53.449621 ], [ -113.534507, 53.449606 ], [ -113.534486, 53.449604 ], [ -113.534463, 53.449602 ], [ -113.534376, 53.449601 ], [ -113.534128, 53.449596 ], [ -113.533893, 53.449592 ], [ -113.533743, 53.44959 ], [ -113.533685, 53.449594 ], [ -113.533616, 53.449604 ], [ -113.533544, 53.449617 ], [ -113.533255, 53.44967 ], [ -113.53304, 53.449709 ], [ -113.532949, 53.449724 ], [ -113.532896, 53.449729 ], [ -113.532837, 53.44973 ], [ -113.532781, 53.449721 ], [ -113.532677, 53.449689 ], [ -113.532554, 53.44965 ], [ -113.532511, 53.449631 ], [ -113.532477, 53.449607 ], [ -113.532458, 53.449578 ], [ -113.532444, 53.449544 ], [ -113.532428, 53.449426 ], [ -113.532421, 53.449374 ], [ -113.532404, 53.449274 ], [ -113.532386, 53.449214 ], [ -113.532352, 53.449153 ], [ -113.532328, 53.449125 ], [ -113.532279, 53.449065 ], [ -113.532214, 53.448998 ], [ -113.532122, 53.448921 ], [ -113.532036, 53.448847 ], [ -113.531947, 53.448772 ], [ -113.531897, 53.448732 ], [ -113.531716, 53.448642 ], [ -113.531477, 53.448524 ], [ -113.531336, 53.448453 ], [ -113.531221, 53.448396 ], [ -113.531167, 53.448367 ], [ -113.531091, 53.448325 ], [ -113.531013, 53.448276 ], [ -113.530934, 53.448214 ], [ -113.530906, 53.448184 ], [ -113.530869, 53.44815 ], [ -113.530825, 53.448105 ], [ -113.530784, 53.44806 ], [ -113.530765, 53.448038 ], [ -113.530703, 53.447954 ], [ -113.530633, 53.447845 ], [ -113.530576, 53.44776 ], [ -113.530536, 53.447697 ], [ -113.530504, 53.447634 ], [ -113.530479, 53.447573 ], [ -113.53046, 53.447514 ], [ -113.530448, 53.44744 ], [ -113.530442, 53.447384 ], [ -113.530442, 53.447337 ], [ -113.530444, 53.447285 ], [ -113.530437, 53.447224 ], [ -113.530437, 53.447153 ], [ -113.530442, 53.447109 ], [ -113.53045, 53.447055 ], [ -113.530457, 53.447012 ], [ -113.53047, 53.446972 ], [ -113.530497, 53.446913 ], [ -113.530526, 53.446861 ], [ -113.530544, 53.446819 ], [ -113.530552, 53.446789 ], [ -113.530548, 53.446703 ], [ -113.530535, 53.446632 ], [ -113.530522, 53.446585 ], [ -113.530513, 53.446552 ], [ -113.530492, 53.446519 ], [ -113.530471, 53.446489 ], [ -113.530456, 53.446466 ], [ -113.530437, 53.446443 ], [ -113.530403, 53.446413 ], [ -113.530386, 53.446399 ], [ -113.530341, 53.446364 ], [ -113.530305, 53.446345 ], [ -113.530259, 53.446333 ], [ -113.530204, 53.446324 ], [ -113.530085, 53.446321 ], [ -113.530042, 53.446323 ], [ -113.530014, 53.446318 ], [ -113.530006, 53.446312 ], [ -113.530006, 53.446304 ], [ -113.530008, 53.446296 ], [ -113.530024, 53.446263 ], [ -113.530052, 53.446211 ], [ -113.530066, 53.446201 ], [ -113.530117, 53.446176 ], [ -113.530152, 53.446162 ], [ -113.530268, 53.44609 ], [ -113.530304, 53.446065 ], [ -113.530317, 53.446058 ], [ -113.53035, 53.44601 ], [ -113.5304, 53.445941 ], [ -113.530418, 53.445926 ], [ -113.530445, 53.445919 ], [ -113.530465, 53.445919 ], [ -113.530558, 53.445939 ], [ -113.53059, 53.445945 ], [ -113.530665, 53.445946 ], [ -113.530732, 53.445944 ], [ -113.530777, 53.445938 ], [ -113.5309, 53.445915 ], [ -113.531084, 53.445876 ], [ -113.531203, 53.445851 ], [ -113.531315, 53.445829 ], [ -113.531363, 53.445817 ], [ -113.531395, 53.445807 ], [ -113.531436, 53.445787 ], [ -113.531506, 53.44575 ], [ -113.531619, 53.445683 ], [ -113.531639, 53.445663 ], [ -113.531661, 53.44564 ], [ -113.531697, 53.44559 ], [ -113.531724, 53.445564 ], [ -113.531812, 53.445485 ], [ -113.531864, 53.445443 ], [ -113.531884, 53.445418 ], [ -113.531898, 53.445394 ], [ -113.531904, 53.44537 ], [ -113.531913, 53.445309 ], [ -113.531918, 53.445262 ], [ -113.531922, 53.44523 ], [ -113.531925, 53.445197 ], [ -113.531922, 53.445173 ], [ -113.531915, 53.445147 ], [ -113.531907, 53.445127 ], [ -113.531894, 53.445108 ], [ -113.531885, 53.445098 ], [ -113.531865, 53.445083 ], [ -113.531817, 53.44506 ], [ -113.531774, 53.445041 ], [ -113.531757, 53.445033 ] ] ] } },
{ "type": "Feature", "properties": { "cls": "shared", "highway": "cycleway", "name": null }, "geometry": { "type": "LineString", "coordinates": [ [ -113.534487, 53.449594 ], [ -113.534486, 53.449604 ] ] } },
{ "type": "Feature", "properties": { "cls": "shared", "highway": "cycleway", "name": null }, "geometry": { "type": "LineString", "coordinates": [ [ -113.542031, 53.436748 ], [ -113.542017, 53.436746 ] ] } },
{ "type": "Feature", "properties": { "cls": "shared", "highway": "cycleway", "name": null }, "geometry": { "type": "LineString", "coordinates": [ [ -113.542211, 53.436429 ], [ -113.542194, 53.436445 ], [ -113.542031, 53.436748 ], [ -113.541932, 53.436912 ], [ -113.541934, 53.437 ], [ -113.541949, 53.437369 ], [ -113.542048, 53.43769 ], [ -113.542091, 53.437888 ], [ -113.542112, 53.438233 ], [ -113.542081, 53.438793 ], [ -113.542023, 53.439052 ], [ -113.541795, 53.439211 ], [ -113.541646, 53.439352 ], [ -113.541638, 53.439424 ], [ -113.541589, 53.439477 ], [ -113.54149, 53.439498 ], [ -113.541395, 53.439472 ], [ -113.54129, 53.439448 ], [ -113.541243, 53.439376 ], [ -113.541243, 53.439281 ], [ -113.541268, 53.439125 ], [ -113.541231, 53.439092 ], [ -113.541028, 53.439033 ], [ -113.540886, 53.439013 ], [ -113.540781, 53.438858 ] ] } },
{ "type": "Feature", "properties": { "cls": "shared", "highway": "cycleway", "name": null }, "geometry": { "type": "LineString", "coordinates": [ [ -113.540148, 53.439607 ], [ -113.540158, 53.439608 ], [ -113.540178, 53.439609 ], [ -113.540209, 53.43961 ], [ -113.540245, 53.439618 ], [ -113.540275, 53.439679 ], [ -113.540311, 53.439752 ], [ -113.54035, 53.439833 ], [ -113.540361, 53.439852 ], [ -113.540385, 53.439862 ], [ -113.540434, 53.439918 ], [ -113.540453, 53.439927 ], [ -113.540471, 53.439937 ], [ -113.54048, 53.439943 ], [ -113.540505, 53.439957 ], [ -113.540536, 53.439973 ], [ -113.540565, 53.439988 ], [ -113.540597, 53.44001 ], [ -113.540624, 53.44002 ], [ -113.540667, 53.440036 ], [ -113.540667, 53.440039 ], [ -113.540711, 53.440058 ], [ -113.540845, 53.440117 ], [ -113.540976, 53.440174 ], [ -113.541022, 53.440194 ], [ -113.541029, 53.440203 ], [ -113.541051, 53.440208 ], [ -113.54105, 53.44021 ], [ -113.541082, 53.440224 ], [ -113.541114, 53.440236 ], [ -113.541294, 53.44029 ], [ -113.541392, 53.440318 ], [ -113.541437, 53.440347 ], [ -113.541527, 53.440406 ], [ -113.541595, 53.440448 ], [ -113.541646, 53.44048 ], [ -113.54168, 53.440502 ], [ -113.541607, 53.440548 ], [ -113.541579, 53.440636 ], [ -113.541578, 53.440658 ], [ -113.541577, 53.440681 ], [ -113.541578, 53.440701 ], [ -113.5416, 53.440725 ], [ -113.541606, 53.440732 ], [ -113.541663, 53.440793 ], [ -113.541692, 53.440812 ], [ -113.541821, 53.440898 ], [ -113.541821, 53.440914 ], [ -113.541817, 53.441113 ], [ -113.541813, 53.441329 ], [ -113.541811, 53.441406 ] ] } },
{ "type": "Feature", "properties": { "cls": "shared", "highway": "cycleway", "name": null }, "geometry": { "type": "MultiLineString", "coordinates": [ [ [ -113.54193, 53.441726 ], [ -113.54199, 53.441818 ], [ -113.54203, 53.441865 ], [ -113.542089, 53.441918 ], [ -113.54211, 53.441931 ], [ -113.542215, 53.441991 ], [ -113.542326, 53.442054 ], [ -113.542496, 53.442151 ], [ -113.542628, 53.442227 ], [ -113.542704, 53.442231 ], [ -113.542832, 53.442238 ], [ -113.542862, 53.442252 ], [ -113.542875, 53.442264 ], [ -113.542889, 53.442268 ], [ -113.54291, 53.442281 ], [ -113.542924, 53.442292 ], [ -113.542937, 53.442306 ], [ -113.542874, 53.442393 ], [ -113.542855, 53.442406 ], [ -113.542781, 53.442428 ], [ -113.542706, 53.44245 ], [ -113.542655, 53.442467 ] ], [ [ -113.541921, 53.442729 ], [ -113.541908, 53.442737 ], [ -113.541892, 53.442748 ], [ -113.541878, 53.44276 ], [ -113.541866, 53.442771 ], [ -113.541857, 53.442779 ] ], [ [ -113.541853, 53.442784 ], [ -113.541822, 53.442879 ], [ -113.541818, 53.442895 ], [ -113.541818, 53.442911 ], [ -113.541817, 53.442925 ], [ -113.541815, 53.442943 ], [ -113.541812, 53.442994 ], [ -113.541814, 53.44301 ], [ -113.541812, 53.443027 ], [ -113.541799, 53.443075 ], [ -113.541749, 53.443146 ], [ -113.541742, 53.443158 ], [ -113.541729, 53.443171 ], [ -113.541718, 53.443184 ], [ -113.541696, 53.44321 ], [ -113.541691, 53.443215 ], [ -113.541686, 53.443221 ], [ -113.541672, 53.443234 ], [ -113.541663, 53.443249 ], [ -113.54165, 53.443264 ], [ -113.541642, 53.443277 ], [ -113.541632, 53.443293 ], [ -113.541626, 53.443308 ], [ -113.541621, 53.443321 ], [ -113.541621, 53.443336 ], [ -113.541622, 53.443345 ] ], [ [ -113.541625, 53.443357 ], [ -113.541628, 53.443365 ], [ -113.541631, 53.44338 ], [ -113.541635, 53.443395 ], [ -113.541636, 53.443402 ] ], [ [ -113.541639, 53.443416 ], [ -113.541642, 53.443423 ], [ -113.541646, 53.443437 ], [ -113.541648, 53.443451 ], [ -113.541651, 53.443462 ], [ -113.541664, 53.443522 ], [ -113.541668, 53.443538 ], [ -113.541675, 53.443553 ], [ -113.541676, 53.44356 ], [ -113.541677, 53.443568 ], [ -113.54168, 53.443583 ], [ -113.541688, 53.443595 ], [ -113.541693, 53.443609 ], [ -113.541703, 53.443626 ], [ -113.541713, 53.443643 ], [ -113.541724, 53.44366 ], [ -113.541738, 53.443675 ], [ -113.541755, 53.443706 ], [ -113.541758, 53.443714 ], [ -113.541761, 53.443721 ], [ -113.541762, 53.443738 ] ] ] } },
{ "type": "Feature", "properties": { "cls": "shared", "highway": "cycleway", "name": null }, "geometry": { "type": "MultiLineString", "coordinates": [ [ [ -113.541762, 53.443738 ], [ -113.541731, 53.443866 ], [ -113.541727, 53.443887 ], [ -113.54171, 53.44391 ], [ -113.541697, 53.443928 ] ], [ [ -113.541678, 53.444024 ], [ -113.541681, 53.44405 ], [ -113.541689, 53.444075 ], [ -113.541699, 53.444094 ], [ -113.54171, 53.444113 ], [ -113.541718, 53.444124 ], [ -113.54176, 53.4442 ], [ -113.541773, 53.444212 ], [ -113.541788, 53.44424 ], [ -113.541802, 53.444267 ], [ -113.541804, 53.444283 ], [ -113.541809, 53.444301 ], [ -113.541811, 53.444307 ] ], [ [ -113.541826, 53.444331 ], [ -113.541829, 53.444334 ], [ -113.541846, 53.444341 ], [ -113.541887, 53.444355 ], [ -113.541928, 53.444369 ], [ -113.541936, 53.44439 ], [ -113.541972, 53.444482 ], [ -113.542016, 53.444595 ], [ -113.542018, 53.444596 ], [ -113.542042, 53.444624 ], [ -113.542124, 53.444717 ], [ -113.542188, 53.444789 ], [ -113.542204, 53.444802 ], [ -113.542218, 53.444816 ], [ -113.542223, 53.444823 ] ], [ [ -113.54247, 53.44502 ], [ -113.542589, 53.44505 ], [ -113.542773, 53.445181 ], [ -113.542786, 53.445189 ], [ -113.542799, 53.44521 ] ], [ [ -113.543755, 53.445673 ], [ -113.543806, 53.445688 ], [ -113.543852, 53.445701 ], [ -113.543877, 53.445732 ] ] ] } },
{ "type": "Feature", "properties": { "cls": "shared", "highway": "cycleway", "name": null }, "geometry": { "type": "LineString", "coordinates": [ [ -113.531335, 53.445193 ], [ -113.531341, 53.445209 ], [ -113.531343, 53.445225 ], [ -113.531343, 53.445256 ], [ -113.531338, 53.445278 ], [ -113.531308, 53.44533 ], [ -113.531225, 53.445384 ], [ -113.531156, 53.445422 ], [ -113.531083, 53.445457 ], [ -113.530983, 53.445492 ], [ -113.530911, 53.445508 ], [ -113.530835, 53.445516 ], [ -113.530723, 53.445511 ], [ -113.530611, 53.445501 ], [ -113.530471, 53.445495 ], [ -113.530325, 53.445495 ], [ -113.530235, 53.445508 ], [ -113.530147, 53.445527 ], [ -113.530026, 53.445565 ], [ -113.529925, 53.445612 ], [ -113.529745, 53.445755 ], [ -113.529538, 53.44584 ], [ -113.529424, 53.445902 ], [ -113.529284, 53.446018 ], [ -113.529178, 53.446179 ], [ -113.52915, 53.446289 ], [ -113.529228, 53.446483 ], [ -113.529311, 53.446637 ], [ -113.529329, 53.446682 ], [ -113.529307, 53.446733 ], [ -113.529209, 53.446773 ], [ -113.529149, 53.446767 ], [ -113.529126, 53.446742 ], [ -113.529004, 53.446641 ], [ -113.528846, 53.446593 ], [ -113.528678, 53.446551 ], [ -113.528159, 53.446463 ], [ -113.528006, 53.446464 ], [ -113.527317, 53.446516 ], [ -113.527164, 53.446506 ], [ -113.527041, 53.446467 ], [ -113.526968, 53.446404 ], [ -113.526984, 53.446304 ], [ -113.526995, 53.446119 ], [ -113.527048, 53.446077 ], [ -113.527039, 53.446011 ], [ -113.526852, 53.445781 ], [ -113.526752, 53.445664 ], [ -113.526705, 53.445622 ], [ -113.526412, 53.445439 ], [ -113.526379, 53.445374 ], [ -113.526387, 53.44532 ], [ -113.526387, 53.445251 ], [ -113.526346, 53.445183 ], [ -113.526241, 53.445124 ], [ -113.5261, 53.445107 ], [ -113.525375, 53.445056 ], [ -113.525261, 53.44506 ], [ -113.525163, 53.445084 ], [ -113.52456, 53.44519 ], [ -113.524226, 53.445259 ], [ -113.524005, 53.445307 ] ] } },
{ "type": "Feature", "properties": { "cls": "shared", "highway": "cycleway", "name": null }, "geometry": { "type": "LineString", "coordinates": [ [ -113.528678, 53.446551 ], [ -113.528678, 53.446542 ] ] } },
{ "type": "Feature", "properties": { "cls": "shared", "highway": "cycleway", "name": null }, "geometry": { "type": "LineString", "coordinates": [ [ -113.530437, 53.446443 ], [ -113.530514, 53.446431 ] ] } },
{ "type": "Feature", "properties": { "cls": "shared", "highway": "cycleway", "name": null }, "geometry": { "type": "LineString", "coordinates": [ [ -113.530609, 53.447185 ], [ -113.530678, 53.447183 ] ] } },
{ "type": "Feature", "properties": { "cls": "shared", "highway": "cycleway", "name": null }, "geometry": { "type": "LineString", "coordinates": [ [ -113.530444, 53.447285 ], [ -113.530559, 53.447204 ], [ -113.530609, 53.447185 ], [ -113.530563, 53.447176 ], [ -113.530535, 53.447162 ], [ -113.530442, 53.447109 ] ] } },
{ "type": "Feature", "properties": { "cls": "shared", "highway": "cycleway", "name": null }, "geometry": { "type": "LineString", "coordinates": [ [ -113.531027, 53.448139 ], [ -113.531069, 53.448127 ] ] } },
{ "type": "Feature", "properties": { "cls": "shared", "highway": "cycleway", "name": null }, "geometry": { "type": "LineString", "coordinates": [ [ -113.531013, 53.448276 ], [ -113.531008, 53.448201 ], [ -113.531027, 53.448139 ], [ -113.530954, 53.44814 ], [ -113.530825, 53.448105 ] ] } },
{ "type": "Feature", "properties": { "cls": "shared", "highway": "cycleway", "name": null }, "geometry": { "type": "LineString", "coordinates": [ [ -113.531752, 53.448573 ], [ -113.531764, 53.448553 ] ] } },
{ "type": "Feature", "properties": { "cls": "shared", "highway": "cycleway", "name": null }, "geometry": { "type": "LineString", "coordinates": [ [ -113.544455, 53.456589 ], [ -113.54453, 53.456588 ], [ -113.544702, 53.456578 ], [ -113.544836, 53.456556 ], [ -113.544956, 53.456518 ], [ -113.545083, 53.456451 ], [ -113.54513, 53.456427 ], [ -113.54519, 53.456414 ], [ -113.545333, 53.456391 ], [ -113.545517, 53.456357 ], [ -113.54575, 53.456302 ], [ -113.546007, 53.456232 ], [ -113.546258, 53.456151 ], [ -113.546515, 53.456068 ], [ -113.546693, 53.456011 ], [ -113.548018, 53.455585 ] ] } },
{ "type": "Feature", "properties": { "cls": "shared", "highway": "cycleway", "name": null }, "geometry": { "type": "LineString", "coordinates": [ [ -113.548018, 53.455585 ], [ -113.548942, 53.455303 ] ] } },
{ "type": "Feature", "properties": { "cls": "shared", "highway": "cycleway", "name": null }, "geometry": { "type": "LineString", "coordinates": [ [ -113.531897, 53.448732 ], [ -113.531752, 53.448573 ], [ -113.531477, 53.448524 ] ] } },
{ "type": "Feature", "properties": { "cls": "shared", "highway": "path", "name": null }, "geometry": { "type": "LineString", "coordinates": [ [ -113.547962, 53.461653 ], [ -113.547877, 53.46166 ], [ -113.547782, 53.461701 ], [ -113.547743, 53.461716 ], [ -113.547627, 53.46175 ], [ -113.547571, 53.461757 ], [ -113.547502, 53.461758 ], [ -113.547399, 53.461751 ], [ -113.547289, 53.461736 ], [ -113.54682, 53.461643 ], [ -113.54632, 53.46157 ], [ -113.54604, 53.461535 ], [ -113.545888, 53.461508 ], [ -113.545828, 53.461497 ], [ -113.545658, 53.461492 ], [ -113.545573, 53.461491 ], [ -113.545469, 53.461513 ], [ -113.545414, 53.461521 ], [ -113.545358, 53.461519 ], [ -113.545178, 53.4615 ], [ -113.544994, 53.461502 ], [ -113.544578, 53.461513 ] ] } },
{ "type": "Feature", "properties": { "cls": "shared", "highway": "path", "name": null }, "geometry": { "type": "LineString", "coordinates": [ [ -113.548679, 53.461654 ], [ -113.547962, 53.461653 ] ] } },
{ "type": "Feature", "properties": { "cls": "shared", "highway": "path", "name": null }, "geometry": { "type": "LineString", "coordinates": [ [ -113.55331, 53.482822 ], [ -113.552769, 53.482819 ], [ -113.55193, 53.482815 ], [ -113.551588, 53.482817 ], [ -113.551222, 53.482823 ], [ -113.550568, 53.482843 ], [ -113.549911, 53.482863 ], [ -113.549329, 53.482892 ], [ -113.54828, 53.482969 ], [ -113.547926, 53.483001 ] ] } },
{ "type": "Feature", "properties": { "cls": "shared", "highway": "cycleway", "name": null }, "geometry": { "type": "LineString", "coordinates": [ [ -113.54793, 53.483128 ], [ -113.548089, 53.48313 ], [ -113.548204, 53.483134 ], [ -113.548415, 53.48316 ], [ -113.548614, 53.48321 ], [ -113.548861, 53.483292 ], [ -113.549083, 53.48337 ], [ -113.549208, 53.483399 ], [ -113.549314, 53.483412 ], [ -113.54945, 53.483419 ], [ -113.549562, 53.483422 ], [ -113.549664, 53.483416 ], [ -113.551625, 53.483231 ], [ -113.55183, 53.48322 ], [ -113.552324, 53.4832 ], [ -113.552708, 53.483188 ], [ -113.552956, 53.48318 ], [ -113.553268, 53.483168 ], [ -113.55339, 53.483162 ], [ -113.553479, 53.483154 ], [ -113.553531, 53.483145 ], [ -113.553564, 53.483125 ], [ -113.553582, 53.483109 ], [ -113.553602, 53.483095 ], [ -113.553628, 53.483086 ] ] } },
{ "type": "Feature", "properties": { "cls": "shared", "highway": "cycleway", "name": null }, "geometry": { "type": "LineString", "coordinates": [ [ -113.548054, 53.483889 ], [ -113.54812, 53.483885 ], [ -113.548467, 53.483842 ], [ -113.548558, 53.483823 ] ] } },
{ "type": "Feature", "properties": { "cls": "shared", "highway": "cycleway", "name": null }, "geometry": { "type": "MultiLineString", "coordinates": [ [ [ -113.532534, 53.506849 ], [ -113.532654, 53.5068 ], [ -113.53276, 53.506769 ], [ -113.533002, 53.506705 ], [ -113.533116, 53.506683 ] ], [ [ -113.540154, 53.508292 ], [ -113.540156, 53.508461 ], [ -113.540096, 53.508587 ], [ -113.540038, 53.508678 ] ] ] } },
{ "type": "Feature", "properties": { "cls": "shared", "highway": "cycleway", "name": null }, "geometry": { "type": "LineString", "coordinates": [ [ -113.602757, 53.461471 ], [ -113.602783, 53.461465 ], [ -113.602902, 53.461453 ], [ -113.60302, 53.461455 ], [ -113.603155, 53.461473 ], [ -113.603288, 53.461506 ], [ -113.603546, 53.461583 ], [ -113.603873, 53.461674 ], [ -113.604178, 53.461743 ], [ -113.604532, 53.461803 ], [ -113.604692, 53.461818 ], [ -113.604934, 53.461825 ], [ -113.605219, 53.461803 ], [ -113.605418, 53.461756 ], [ -113.60559, 53.461683 ], [ -113.605704, 53.461634 ], [ -113.605824, 53.461599 ], [ -113.605898, 53.461593 ], [ -113.605975, 53.461595 ], [ -113.606062, 53.461613 ], [ -113.606142, 53.461641 ], [ -113.606201, 53.461681 ], [ -113.606248, 53.461727 ], [ -113.606268, 53.46177 ], [ -113.606276, 53.461815 ], [ -113.606244, 53.461896 ], [ -113.606143, 53.461982 ], [ -113.605582, 53.46232 ], [ -113.6053, 53.462501 ], [ -113.604921, 53.462751 ], [ -113.604845, 53.462821 ], [ -113.604834, 53.462885 ], [ -113.604827, 53.46297 ], [ -113.604868, 53.463044 ], [ -113.604981, 53.463125 ], [ -113.605185, 53.463174 ], [ -113.605319, 53.463177 ], [ -113.605456, 53.463167 ] ] } },
{ "type": "Feature", "properties": { "cls": "shared", "highway": "cycleway", "name": null }, "geometry": { "type": "LineString", "coordinates": [ [ -113.619405, 53.481452 ], [ -113.619349, 53.481456 ], [ -113.619295, 53.481457 ], [ -113.61923, 53.481448 ], [ -113.619199, 53.481437 ], [ -113.619184, 53.481431 ] ] } },
{ "type": "Feature", "properties": { "cls": "shared", "highway": "cycleway", "name": null }, "geometry": { "type": "LineString", "coordinates": [ [ -113.621551, 53.481644 ], [ -113.621176, 53.481575 ], [ -113.620852, 53.481494 ], [ -113.620761, 53.481454 ], [ -113.620583, 53.481365 ], [ -113.620485, 53.481329 ], [ -113.620381, 53.481302 ], [ -113.620285, 53.481294 ], [ -113.620158, 53.481294 ], [ -113.619851, 53.481322 ], [ -113.619704, 53.481344 ], [ -113.619583, 53.481374 ], [ -113.619534, 53.481393 ], [ -113.619405, 53.481452 ], [ -113.61924, 53.481605 ] ] } },
{ "type": "Feature", "properties": { "cls": "shared", "highway": "cycleway", "name": null }, "geometry": { "type": "LineString", "coordinates": [ [ -113.624907, 53.482342 ], [ -113.624523, 53.482324 ], [ -113.624149, 53.482335 ], [ -113.623892, 53.482318 ], [ -113.623533, 53.482308 ], [ -113.623019, 53.482248 ], [ -113.622602, 53.482227 ], [ -113.622413, 53.482194 ], [ -113.622224, 53.482106 ], [ -113.622009, 53.481973 ], [ -113.62176, 53.481825 ], [ -113.621657, 53.481718 ], [ -113.621551, 53.481644 ] ] } },
{ "type": "Feature", "properties": { "cls": "shared", "highway": "cycleway", "name": null }, "geometry": { "type": "LineString", "coordinates": [ [ -113.548942, 53.455303 ], [ -113.549226, 53.455216 ], [ -113.549292, 53.455194 ], [ -113.549599, 53.455089 ], [ -113.54993, 53.45497 ], [ -113.550238, 53.454842 ], [ -113.550867, 53.454586 ], [ -113.551128, 53.454493 ], [ -113.551402, 53.454418 ], [ -113.551744, 53.454335 ], [ -113.55195, 53.454286 ], [ -113.552176, 53.454252 ] ] } },
{ "type": "Feature", "properties": { "cls": "shared", "highway": "cycleway", "name": null }, "geometry": { "type": "LineString", "coordinates": [ [ -113.551087, 53.461875 ], [ -113.551144, 53.461733 ] ] } },
{ "type": "Feature", "properties": { "cls": "shared", "highway": "cycleway", "name": null }, "geometry": { "type": "MultiLineString", "coordinates": [ [ [ -113.590319, 53.480164 ], [ -113.590292, 53.480182 ], [ -113.590253, 53.480205 ], [ -113.590192, 53.480232 ], [ -113.590148, 53.480246 ], [ -113.590055, 53.480268 ] ], [ [ -113.58997, 53.480304 ], [ -113.589942, 53.480331 ], [ -113.589909, 53.480359 ], [ -113.589886, 53.480375 ], [ -113.589857, 53.480391 ], [ -113.589796, 53.480412 ], [ -113.589377, 53.480495 ], [ -113.589303, 53.480517 ], [ -113.589231, 53.48054 ], [ -113.589107, 53.48062 ], [ -113.589042, 53.480655 ], [ -113.588979, 53.480678 ], [ -113.58891, 53.480689 ], [ -113.588864, 53.480691 ], [ -113.588821, 53.480692 ], [ -113.588776, 53.480687 ], [ -113.588737, 53.480679 ], [ -113.588659, 53.480657 ] ] ] } },
{ "type": "Feature", "properties": { "cls": "separated", "highway": "cycleway", "name": "Wedgewood Ravine Multiuse Path" }, "geometry": { "type": "LineString", "coordinates": [ [ -113.6414, 53.472634 ], [ -113.641715, 53.472695 ], [ -113.641812, 53.47274 ], [ -113.641918, 53.472789 ], [ -113.641989, 53.472876 ], [ -113.641998, 53.472984 ], [ -113.6419, 53.473105 ], [ -113.641823, 53.473173 ], [ -113.641719, 53.473265 ], [ -113.641609, 53.47341 ], [ -113.641445, 53.473874 ], [ -113.641334, 53.474174 ], [ -113.641316, 53.474222 ], [ -113.641248, 53.474784 ], [ -113.64123, 53.474894 ], [ -113.641102, 53.4751 ], [ -113.640751, 53.475687 ], [ -113.640732, 53.475727 ] ] } },
{ "type": "Feature", "properties": { "cls": "shared", "highway": "cycleway", "name": null }, "geometry": { "type": "LineString", "coordinates": [ [ -113.640732, 53.475727 ], [ -113.640714, 53.475876 ] ] } },
{ "type": "Feature", "properties": { "cls": "shared", "highway": "cycleway", "name": null }, "geometry": { "type": "LineString", "coordinates": [ [ -113.643972, 53.477517 ], [ -113.643953, 53.477504 ] ] } },
{ "type": "Feature", "properties": { "cls": "separated", "highway": "cycleway", "name": "Wedgewood Ravine Multiuse Path" }, "geometry": { "type": "LineString", "coordinates": [ [ -113.640714, 53.475876 ], [ -113.640725, 53.4761 ], [ -113.640801, 53.476495 ], [ -113.640784, 53.47658 ], [ -113.640739, 53.476665 ], [ -113.640671, 53.476742 ], [ -113.640576, 53.476804 ], [ -113.640398, 53.476882 ], [ -113.64022, 53.476967 ], [ -113.640075, 53.477059 ], [ -113.63998, 53.477154 ], [ -113.639874, 53.477351 ], [ -113.639836, 53.477557 ], [ -113.63977, 53.478031 ], [ -113.639766, 53.47809 ], [ -113.639793, 53.478146 ], [ -113.639923, 53.478287 ], [ -113.640257, 53.478588 ], [ -113.640662, 53.47889 ], [ -113.641164, 53.479169 ], [ -113.6415, 53.479324 ], [ -113.641851, 53.479591 ], [ -113.642209, 53.479976 ], [ -113.642734, 53.480547 ] ] } },
{ "type": "Feature", "properties": { "cls": "shared", "highway": "cycleway", "name": null }, "geometry": { "type": "LineString", "coordinates": [ [ -113.605456, 53.463167 ], [ -113.605413, 53.463284 ], [ -113.60523, 53.46347 ], [ -113.605117, 53.463734 ], [ -113.60496, 53.463872 ], [ -113.604875, 53.463988 ], [ -113.604878, 53.464032 ], [ -113.6049, 53.464119 ], [ -113.604916, 53.464247 ], [ -113.604932, 53.464374 ], [ -113.604918, 53.464498 ], [ -113.604856, 53.464653 ], [ -113.60479, 53.464802 ], [ -113.604717, 53.464879 ], [ -113.60462, 53.464942 ], [ -113.604422, 53.464982 ], [ -113.604354, 53.465001 ], [ -113.604306, 53.465036 ], [ -113.604239, 53.465242 ], [ -113.604157, 53.465353 ], [ -113.604016, 53.465563 ], [ -113.604018, 53.465826 ], [ -113.603968, 53.465902 ], [ -113.603893, 53.465952 ], [ -113.60382, 53.465978 ], [ -113.603696, 53.466 ], [ -113.603541, 53.466037 ], [ -113.603457, 53.466064 ], [ -113.60337, 53.466104 ], [ -113.603231, 53.466178 ], [ -113.60314, 53.466264 ], [ -113.603101, 53.466338 ], [ -113.603093, 53.466424 ], [ -113.603118, 53.466585 ], [ -113.603156, 53.466747 ], [ -113.603195, 53.466912 ], [ -113.603227, 53.467014 ], [ -113.603264, 53.467114 ], [ -113.603253, 53.467226 ], [ -113.603209, 53.467333 ], [ -113.603193, 53.467444 ], [ -113.603195, 53.467525 ], [ -113.603212, 53.467601 ], [ -113.603267, 53.467712 ], [ -113.603335, 53.467834 ], [ -113.60333, 53.467916 ], [ -113.603135, 53.468547 ], [ -113.603075, 53.468916 ], [ -113.603105, 53.469118 ], [ -113.603124, 53.46919 ], [ -113.60317, 53.469322 ], [ -113.603262, 53.469521 ], [ -113.603324, 53.469835 ], [ -113.603307, 53.469933 ], [ -113.603258, 53.470021 ], [ -113.603207, 53.470096 ], [ -113.60318, 53.470135 ], [ -113.603167, 53.470161 ] ] } },
{ "type": "Feature", "properties": { "cls": "shared", "highway": "cycleway", "name": null }, "geometry": { "type": "LineString", "coordinates": [ [ -113.605456, 53.463167 ], [ -113.6056, 53.463115 ], [ -113.605978, 53.462994 ], [ -113.606442, 53.462829 ], [ -113.606716, 53.462732 ], [ -113.607201, 53.462477 ], [ -113.607561, 53.462322 ], [ -113.60783, 53.462246 ], [ -113.608103, 53.46215 ], [ -113.608331, 53.462019 ], [ -113.608445, 53.461875 ], [ -113.608485, 53.461782 ], [ -113.608552, 53.461682 ], [ -113.608638, 53.461613 ], [ -113.608757, 53.461554 ], [ -113.608911, 53.461477 ], [ -113.609086, 53.46135 ], [ -113.609208, 53.461211 ], [ -113.609478, 53.460932 ], [ -113.609729, 53.46076 ], [ -113.609842, 53.460648 ], [ -113.609913, 53.460532 ], [ -113.60998, 53.460433 ], [ -113.610067, 53.460338 ], [ -113.610159, 53.460303 ], [ -113.610304, 53.460244 ], [ -113.610342, 53.460223 ] ] } },
{ "type": "Feature", "properties": { "cls": "shared", "highway": "cycleway", "name": null }, "geometry": { "type": "LineString", "coordinates": [ [ -113.605044, 53.475891 ], [ -113.605112, 53.475919 ], [ -113.60526, 53.475953 ], [ -113.605459, 53.476 ], [ -113.605506, 53.476031 ], [ -113.605571, 53.476071 ], [ -113.605646, 53.476141 ], [ -113.605738, 53.47619 ], [ -113.605836, 53.476231 ], [ -113.606059, 53.476316 ], [ -113.606229, 53.476325 ], [ -113.606315, 53.476332 ], [ -113.60637, 53.476352 ], [ -113.606687, 53.476479 ], [ -113.606967, 53.476589 ], [ -113.607273, 53.476698 ], [ -113.607365, 53.476723 ], [ -113.607473, 53.476734 ], [ -113.607706, 53.476748 ], [ -113.607762, 53.476759 ], [ -113.607806, 53.476771 ], [ -113.607889, 53.476804 ], [ -113.607967, 53.476859 ], [ -113.608038, 53.476925 ], [ -113.608142, 53.477003 ], [ -113.60827, 53.477078 ], [ -113.608611, 53.477235 ], [ -113.609036, 53.477369 ], [ -113.609276, 53.477446 ], [ -113.6097, 53.477598 ], [ -113.610029, 53.47771 ], [ -113.610306, 53.477796 ], [ -113.610485, 53.47786 ], [ -113.610751, 53.477962 ], [ -113.610787, 53.477976 ], [ -113.610935, 53.478034 ], [ -113.611018, 53.478088 ], [ -113.611082, 53.478139 ] ] } },
{ "type": "Feature", "properties": { "cls": "shared", "highway": "cycleway", "name": null }, "geometry": { "type": "LineString", "coordinates": [ [ -113.611082, 53.478139 ], [ -113.611084, 53.478167 ], [ -113.611062, 53.478214 ], [ -113.610957, 53.478353 ], [ -113.610916, 53.478433 ], [ -113.610864, 53.478528 ], [ -113.610687, 53.47862 ], [ -113.610467, 53.478665 ], [ -113.610277, 53.478703 ] ] } },
{ "type": "Feature", "properties": { "cls": "shared", "highway": "cycleway", "name": null }, "geometry": { "type": "LineString", "coordinates": [ [ -113.610277, 53.478703 ], [ -113.609925, 53.478817 ] ] } },
{ "type": "Feature", "properties": { "cls": "shared", "highway": "cycleway", "name": null }, "geometry": { "type": "LineString", "coordinates": [ [ -113.609925, 53.478817 ], [ -113.609819, 53.478868 ], [ -113.609809, 53.478909 ], [ -113.609849, 53.478979 ] ] } },
{ "type": "Feature", "properties": { "cls": "shared", "highway": "cycleway", "name": null }, "geometry": { "type": "LineString", "coordinates": [ [ -113.609849, 53.478979 ], [ -113.609878, 53.478945 ], [ -113.609921, 53.478933 ], [ -113.610016, 53.47893 ], [ -113.610119, 53.478941 ], [ -113.610179, 53.478964 ], [ -113.610225, 53.479011 ], [ -113.610265, 53.479076 ], [ -113.610305, 53.479128 ], [ -113.610347, 53.479156 ], [ -113.610415, 53.479163 ], [ -113.610475, 53.479151 ], [ -113.610518, 53.479132 ], [ -113.610547, 53.479089 ], [ -113.610541, 53.479049 ], [ -113.610515, 53.479011 ], [ -113.610461, 53.478973 ], [ -113.610381, 53.478919 ], [ -113.610316, 53.478867 ], [ -113.610277, 53.478824 ], [ -113.610253, 53.478781 ], [ -113.61026, 53.478739 ], [ -113.610277, 53.478703 ] ] } },
{ "type": "Feature", "properties": { "cls": "shared", "highway": "cycleway", "name": null }, "geometry": { "type": "LineString", "coordinates": [ [ -113.611561, 53.480275 ], [ -113.611837, 53.4802 ], [ -113.612064, 53.480083 ], [ -113.612187, 53.47996 ], [ -113.612398, 53.479793 ], [ -113.612556, 53.479694 ], [ -113.612753, 53.479583 ], [ -113.612923, 53.479524 ], [ -113.613055, 53.479499 ], [ -113.61332, 53.47948 ], [ -113.613674, 53.479462 ], [ -113.613913, 53.479423 ], [ -113.614227, 53.479306 ], [ -113.614618, 53.479207 ], [ -113.615334, 53.47902 ], [ -113.615447, 53.478992 ], [ -113.616283, 53.478729 ], [ -113.616567, 53.478614 ], [ -113.616642, 53.478562 ], [ -113.61679, 53.478369 ], [ -113.616979, 53.478262 ], [ -113.617481, 53.478135 ], [ -113.617873, 53.477991 ], [ -113.618335, 53.47775 ], [ -113.618476, 53.477688 ], [ -113.618692, 53.477625 ], [ -113.618884, 53.477568 ], [ -113.618944, 53.477546 ], [ -113.618972, 53.477531 ] ] } },
{ "type": "Feature", "properties": { "cls": "shared", "highway": "cycleway", "name": null }, "geometry": { "type": "LineString", "coordinates": [ [ -113.606812, 53.4795 ], [ -113.606943, 53.479497 ] ] } },
{ "type": "Feature", "properties": { "cls": "shared", "highway": "cycleway", "name": null }, "geometry": { "type": "LineString", "coordinates": [ [ -113.603167, 53.470161 ], [ -113.603123, 53.470247 ], [ -113.603093, 53.470397 ], [ -113.603092, 53.470534 ], [ -113.603161, 53.470685 ], [ -113.603293, 53.470803 ], [ -113.603347, 53.470864 ], [ -113.603412, 53.470919 ], [ -113.603528, 53.471061 ], [ -113.603548, 53.471204 ], [ -113.603538, 53.471344 ], [ -113.603527, 53.471427 ], [ -113.603517, 53.471489 ], [ -113.603511, 53.471534 ], [ -113.603509, 53.471579 ] ] } },
{ "type": "Feature", "properties": { "cls": "shared", "highway": "cycleway", "name": null }, "geometry": { "type": "LineString", "coordinates": [ [ -113.603509, 53.471579 ], [ -113.603508, 53.471611 ], [ -113.60352, 53.471687 ], [ -113.603541, 53.471768 ], [ -113.603518, 53.471852 ], [ -113.603471, 53.472 ], [ -113.603434, 53.472066 ] ] } },
{ "type": "Feature", "properties": { "cls": "shared", "highway": "cycleway", "name": null }, "geometry": { "type": "LineString", "coordinates": [ [ -113.602721, 53.471764 ], [ -113.602783, 53.471767 ], [ -113.603057, 53.471845 ], [ -113.603324, 53.471976 ], [ -113.603434, 53.472066 ] ] } },
{ "type": "Feature", "properties": { "cls": "shared", "highway": "cycleway", "name": null }, "geometry": { "type": "MultiLineString", "coordinates": [ [ [ -113.601739, 53.47394 ], [ -113.601763, 53.47393 ], [ -113.601807, 53.473891 ], [ -113.601828, 53.473837 ], [ -113.601814, 53.473767 ], [ -113.601779, 53.473685 ], [ -113.601702, 53.473591 ], [ -113.601623, 53.473502 ], [ -113.601591, 53.473439 ], [ -113.601586, 53.473397 ], [ -113.601593, 53.473372 ] ], [ [ -113.601607, 53.473364 ], [ -113.601615, 53.473361 ], [ -113.601721, 53.473363 ], [ -113.601918, 53.473385 ], [ -113.602173, 53.473371 ], [ -113.60229, 53.47336 ], [ -113.602346, 53.473344 ], [ -113.602375, 53.473309 ], [ -113.602399, 53.472955 ], [ -113.602426, 53.472804 ], [ -113.602458, 53.472729 ], [ -113.602492, 53.472656 ], [ -113.602496, 53.472619 ], [ -113.602489, 53.472576 ], [ -113.602477, 53.472551 ] ] ] } },
{ "type": "Feature", "properties": { "cls": "shared", "highway": "cycleway", "name": null }, "geometry": { "type": "LineString", "coordinates": [ [ -113.603434, 53.472066 ], [ -113.603925, 53.472518 ], [ -113.604272, 53.472718 ], [ -113.604469, 53.472825 ], [ -113.60471, 53.473005 ], [ -113.604768, 53.473078 ], [ -113.604782, 53.473137 ], [ -113.604765, 53.473257 ], [ -113.604671, 53.473456 ], [ -113.604525, 53.473651 ], [ -113.604475, 53.47381 ], [ -113.604421, 53.474135 ], [ -113.604162, 53.474579 ], [ -113.604124, 53.474685 ], [ -113.604175, 53.475089 ], [ -113.604219, 53.475166 ], [ -113.60428, 53.475239 ], [ -113.604433, 53.475368 ], [ -113.604978, 53.475777 ] ] } },
{ "type": "Feature", "properties": { "cls": "shared", "highway": "cycleway", "name": null }, "geometry": { "type": "LineString", "coordinates": [ [ -113.601922, 53.474904 ], [ -113.601995, 53.474971 ], [ -113.602103, 53.475067 ], [ -113.602167, 53.475133 ], [ -113.60219, 53.475179 ], [ -113.6022, 53.475246 ], [ -113.602207, 53.475307 ], [ -113.602337, 53.475553 ], [ -113.602409, 53.475748 ], [ -113.602408, 53.475763 ], [ -113.602395, 53.47577 ], [ -113.602371, 53.47577 ] ] } },
{ "type": "Feature", "properties": { "cls": "shared", "highway": "cycleway", "name": null }, "geometry": { "type": "LineString", "coordinates": [ [ -113.604978, 53.475777 ], [ -113.605005, 53.475819 ], [ -113.605044, 53.475891 ] ] } },
{ "type": "Feature", "properties": { "cls": "shared", "highway": "path", "name": null }, "geometry": { "type": "LineString", "coordinates": [ [ -113.606943, 53.479497 ], [ -113.606862, 53.479473 ], [ -113.606279, 53.47923 ], [ -113.606194, 53.479195 ], [ -113.605708, 53.478994 ], [ -113.605665, 53.478958 ], [ -113.605592, 53.478944 ], [ -113.605029, 53.478719 ], [ -113.604912, 53.478677 ], [ -113.604791, 53.478638 ], [ -113.604666, 53.478604 ], [ -113.604489, 53.478564 ], [ -113.604308, 53.478532 ], [ -113.604122, 53.478509 ], [ -113.603934, 53.478495 ], [ -113.602998, 53.478412 ], [ -113.602827, 53.478371 ], [ -113.60259, 53.478337 ], [ -113.602497, 53.478304 ], [ -113.602411, 53.478266 ], [ -113.602331, 53.478223 ], [ -113.60226, 53.478175 ], [ -113.602201, 53.478126 ], [ -113.60215, 53.478073 ], [ -113.602109, 53.478019 ], [ -113.602076, 53.477962 ], [ -113.602052, 53.477902 ], [ -113.602037, 53.477842 ], [ -113.602034, 53.477781 ], [ -113.602041, 53.477721 ], [ -113.602057, 53.477662 ], [ -113.60208, 53.477614 ] ] } },
{ "type": "Feature", "properties": { "cls": "shared", "highway": "cycleway", "name": null }, "geometry": { "type": "LineString", "coordinates": [ [ -113.606699, 53.479514 ], [ -113.606812, 53.4795 ] ] } },
{ "type": "Feature", "properties": { "cls": "shared", "highway": "cycleway", "name": null }, "geometry": { "type": "LineString", "coordinates": [ [ -113.609849, 53.478979 ], [ -113.609863, 53.479005 ], [ -113.609945, 53.479163 ], [ -113.609967, 53.479264 ], [ -113.609951, 53.479359 ], [ -113.609915, 53.479472 ], [ -113.609827, 53.479672 ], [ -113.609748, 53.479851 ], [ -113.609715, 53.479959 ], [ -113.609699, 53.480012 ], [ -113.609688, 53.480106 ] ] } },
{ "type": "Feature", "properties": { "cls": "shared", "highway": "cycleway", "name": null }, "geometry": { "type": "LineString", "coordinates": [ [ -113.606943, 53.479497 ], [ -113.606979, 53.479503 ], [ -113.607496, 53.479711 ], [ -113.607762, 53.479813 ], [ -113.608041, 53.479888 ], [ -113.608344, 53.479959 ], [ -113.608605, 53.480005 ] ] } },
{ "type": "Feature", "properties": { "cls": "shared", "highway": "cycleway", "name": null }, "geometry": { "type": "LineString", "coordinates": [ [ -113.607284, 53.479924 ], [ -113.607094, 53.479923 ], [ -113.606846, 53.479923 ], [ -113.606628, 53.479886 ], [ -113.606403, 53.479842 ], [ -113.60622, 53.479844 ] ] } },
{ "type": "Feature", "properties": { "cls": "shared", "highway": "cycleway", "name": null }, "geometry": { "type": "LineString", "coordinates": [ [ -113.608605, 53.480005 ], [ -113.608681, 53.480029 ], [ -113.609049, 53.48007 ], [ -113.609426, 53.480096 ], [ -113.609551, 53.480108 ], [ -113.609688, 53.480106 ] ] } },
{ "type": "Feature", "properties": { "cls": "shared", "highway": "cycleway", "name": null }, "geometry": { "type": "LineString", "coordinates": [ [ -113.609688, 53.480106 ], [ -113.609849, 53.480144 ], [ -113.610044, 53.480175 ], [ -113.610295, 53.480193 ], [ -113.610573, 53.480221 ], [ -113.610791, 53.480251 ], [ -113.610976, 53.480303 ], [ -113.611121, 53.480348 ], [ -113.61126, 53.480335 ], [ -113.611407, 53.480322 ], [ -113.611561, 53.480275 ] ] } },
{ "type": "Feature", "properties": { "cls": "shared", "highway": "cycleway", "name": null }, "geometry": { "type": "LineString", "coordinates": [ [ -113.609579, 53.480449 ], [ -113.609607, 53.48035 ], [ -113.609636, 53.480247 ], [ -113.609688, 53.480106 ] ] } },
{ "type": "Feature", "properties": { "cls": "shared", "highway": "cycleway", "name": null }, "geometry": { "type": "LineString", "coordinates": [ [ -113.61924, 53.481605 ], [ -113.619235, 53.481532 ], [ -113.619188, 53.481435 ], [ -113.619184, 53.481431 ], [ -113.619045, 53.481286 ], [ -113.618696, 53.480992 ], [ -113.618531, 53.480872 ], [ -113.618308, 53.48079 ], [ -113.617952, 53.480723 ], [ -113.617476, 53.48069 ], [ -113.616791, 53.480696 ], [ -113.61629, 53.480752 ], [ -113.615741, 53.480834 ], [ -113.615591, 53.480843 ], [ -113.615411, 53.480825 ], [ -113.615162, 53.480785 ], [ -113.615017, 53.480801 ], [ -113.614713, 53.480882 ], [ -113.614538, 53.480919 ], [ -113.614345, 53.480944 ] ] } },
{ "type": "Feature", "properties": { "cls": "shared", "highway": "cycleway", "name": null }, "geometry": { "type": "LineString", "coordinates": [ [ -113.618972, 53.477531 ], [ -113.619092, 53.477523 ], [ -113.619287, 53.477582 ], [ -113.619777, 53.477736 ], [ -113.620515, 53.477966 ], [ -113.621107, 53.478246 ], [ -113.621545, 53.478558 ], [ -113.621604, 53.478619 ], [ -113.621778, 53.478745 ], [ -113.621819, 53.478834 ], [ -113.622049, 53.479129 ], [ -113.622365, 53.479429 ], [ -113.622503, 53.479621 ], [ -113.622645, 53.479779 ], [ -113.622683, 53.479815 ], [ -113.623107, 53.480254 ], [ -113.62357, 53.480642 ], [ -113.623733, 53.480783 ], [ -113.623813, 53.480846 ], [ -113.623931, 53.480984 ], [ -113.62406, 53.481219 ], [ -113.624265, 53.481349 ], [ -113.624532, 53.48151 ], [ -113.624712, 53.481699 ], [ -113.624867, 53.482212 ], [ -113.624907, 53.482342 ], [ -113.624972, 53.482418 ], [ -113.625004, 53.482471 ], [ -113.625239, 53.482538 ], [ -113.625677, 53.482631 ], [ -113.625844, 53.482701 ], [ -113.626029, 53.48277 ], [ -113.626172, 53.482819 ], [ -113.626251, 53.482869 ], [ -113.626286, 53.482906 ], [ -113.626355, 53.483027 ], [ -113.626397, 53.483149 ], [ -113.626419, 53.483547 ], [ -113.626375, 53.483788 ], [ -113.626295, 53.484053 ], [ -113.626189, 53.48423 ], [ -113.626103, 53.484364 ], [ -113.626082, 53.484485 ], [ -113.626115, 53.484672 ], [ -113.626098, 53.48487 ], [ -113.626072, 53.485066 ], [ -113.62605, 53.485202 ], [ -113.626002, 53.485323 ], [ -113.625907, 53.485436 ], [ -113.625777, 53.485523 ], [ -113.625657, 53.485579 ], [ -113.625521, 53.485615 ], [ -113.625306, 53.485657 ], [ -113.625045, 53.485677 ], [ -113.62499, 53.485677 ], [ -113.624948, 53.485651 ], [ -113.624867, 53.485637 ], [ -113.624764, 53.485637 ], [ -113.624714, 53.485644 ], [ -113.624672, 53.485652 ], [ -113.624612, 53.485695 ], [ -113.624559, 53.485737 ], [ -113.624485, 53.485837 ], [ -113.624278, 53.48622 ], [ -113.624129, 53.486418 ], [ -113.623983, 53.486563 ], [ -113.623902, 53.486626 ], [ -113.623795, 53.48669 ], [ -113.623433, 53.486863 ], [ -113.622975, 53.487092 ], [ -113.62261, 53.487279 ], [ -113.622141, 53.487551 ], [ -113.621796, 53.487689 ], [ -113.621378, 53.487797 ], [ -113.620571, 53.487938 ], [ -113.620089, 53.488018 ], [ -113.619853, 53.488047 ], [ -113.619615, 53.488058 ], [ -113.61935, 53.488057 ], [ -113.618775, 53.488036 ], [ -113.618183, 53.488015 ], [ -113.617926, 53.487997 ], [ -113.617322, 53.487915 ], [ -113.616609, 53.487797 ], [ -113.616129, 53.48768 ], [ -113.615648, 53.487501 ], [ -113.615577, 53.487457 ], [ -113.615401, 53.487332 ], [ -113.615365, 53.487307 ], [ -113.615014, 53.487122 ], [ -113.614586, 53.486801 ], [ -113.614103, 53.486465 ], [ -113.614021, 53.486403 ], [ -113.613597, 53.486209 ], [ -113.612661, 53.485836 ], [ -113.611863, 53.48555 ], [ -113.611331, 53.485331 ], [ -113.610765, 53.485135 ], [ -113.610628, 53.485064 ], [ -113.610488, 53.48486 ], [ -113.610448, 53.484765 ], [ -113.610109, 53.484632 ], [ -113.609674, 53.484442 ], [ -113.609411, 53.484278 ], [ -113.609125, 53.484115 ], [ -113.608602, 53.483727 ], [ -113.608232, 53.483564 ], [ -113.60764, 53.483359 ], [ -113.607108, 53.483084 ], [ -113.606531, 53.482782 ], [ -113.60552, 53.482348 ], [ -113.605383, 53.482286 ], [ -113.605262, 53.48218 ], [ -113.605226, 53.482122 ], [ -113.605211, 53.482053 ], [ -113.605212, 53.48196 ], [ -113.605236, 53.481866 ], [ -113.60533, 53.481724 ], [ -113.6054, 53.481567 ], [ -113.605409, 53.481352 ], [ -113.605391, 53.481204 ], [ -113.605254, 53.480892 ], [ -113.605242, 53.480735 ], [ -113.605351, 53.480544 ], [ -113.605662, 53.480275 ], [ -113.60586, 53.480099 ], [ -113.605968, 53.480004 ], [ -113.606072, 53.47993 ], [ -113.60614, 53.479867 ], [ -113.60622, 53.479844 ] ] } },
{ "type": "Feature", "properties": { "cls": "shared", "highway": "cycleway", "name": null }, "geometry": { "type": "LineString", "coordinates": [ [ -113.61924, 53.481605 ], [ -113.619193, 53.481685 ], [ -113.618996, 53.481999 ], [ -113.618873, 53.48226 ], [ -113.618852, 53.482883 ], [ -113.618925, 53.483337 ], [ -113.619031, 53.483605 ], [ -113.619101, 53.483843 ], [ -113.619013, 53.484029 ], [ -113.618962, 53.484287 ], [ -113.618983, 53.484602 ] ] } },
{ "type": "Feature", "properties": { "cls": "shared", "highway": "cycleway", "name": null }, "geometry": { "type": "LineString", "coordinates": [ [ -113.624907, 53.482342 ], [ -113.624995, 53.482765 ], [ -113.625159, 53.48349 ], [ -113.625184, 53.483827 ], [ -113.6252, 53.483855 ], [ -113.625295, 53.483987 ], [ -113.625769, 53.484302 ], [ -113.625973, 53.484414 ], [ -113.626082, 53.484485 ] ] } },
{ "type": "Feature", "properties": { "cls": "shared", "highway": "cycleway", "name": null }, "geometry": { "type": "LineString", "coordinates": [ [ -113.61969, 53.486583 ], [ -113.619925, 53.486431 ] ] } },
{ "type": "Feature", "properties": { "cls": "shared", "highway": "cycleway", "name": null }, "geometry": { "type": "LineString", "coordinates": [ [ -113.62499, 53.485677 ], [ -113.624842, 53.485804 ], [ -113.62443, 53.486289 ], [ -113.624207, 53.486583 ], [ -113.624172, 53.486698 ], [ -113.624047, 53.486808 ], [ -113.623876, 53.48693 ], [ -113.623621, 53.487028 ], [ -113.623369, 53.487116 ], [ -113.623257, 53.48713 ], [ -113.623119, 53.487185 ], [ -113.622937, 53.487262 ], [ -113.622802, 53.487309 ], [ -113.622727, 53.487322 ], [ -113.62268, 53.487311 ], [ -113.62261, 53.487279 ] ] } },
{ "type": "Feature", "properties": { "cls": "shared", "highway": "cycleway", "name": null }, "geometry": { "type": "LineString", "coordinates": [ [ -113.624207, 53.486583 ], [ -113.624075, 53.486549 ], [ -113.623983, 53.486563 ] ] } },
{ "type": "Feature", "properties": { "cls": "shared", "highway": "cycleway", "name": null }, "geometry": { "type": "LineString", "coordinates": [ [ -113.621378, 53.487797 ], [ -113.621075, 53.487538 ], [ -113.62098, 53.487434 ], [ -113.620886, 53.487396 ], [ -113.620776, 53.487354 ], [ -113.620661, 53.487284 ], [ -113.620534, 53.487135 ], [ -113.62037, 53.486922 ], [ -113.620196, 53.486788 ], [ -113.620071, 53.486646 ], [ -113.620032, 53.486564 ], [ -113.619925, 53.486431 ], [ -113.619569, 53.486156 ], [ -113.619387, 53.48607 ], [ -113.619224, 53.485899 ], [ -113.619152, 53.485766 ] ] } },
{ "type": "Feature", "properties": { "cls": "shared", "highway": "cycleway", "name": null }, "geometry": { "type": "LineString", "coordinates": [ [ -113.623983, 53.486563 ], [ -113.623683, 53.486537 ], [ -113.623379, 53.48653 ], [ -113.623197, 53.486559 ], [ -113.622961, 53.486692 ], [ -113.622698, 53.486792 ], [ -113.622486, 53.486866 ], [ -113.622256, 53.486973 ], [ -113.622063, 53.486993 ], [ -113.621852, 53.487017 ], [ -113.621647, 53.487102 ], [ -113.621323, 53.48723 ], [ -113.620886, 53.487396 ] ] } },
{ "type": "Feature", "properties": { "cls": "shared", "highway": "cycleway", "name": null }, "geometry": { "type": "LineString", "coordinates": [ [ -113.629914, 53.487806 ], [ -113.62974, 53.487753 ], [ -113.629371, 53.487649 ], [ -113.62906, 53.48756 ], [ -113.628512, 53.487675 ], [ -113.628341, 53.48786 ], [ -113.628236, 53.487944 ], [ -113.627891, 53.488048 ], [ -113.627865, 53.488108 ], [ -113.627858, 53.48847 ], [ -113.627814, 53.488519 ], [ -113.627735, 53.488544 ], [ -113.627532, 53.488602 ], [ -113.627587, 53.489637 ] ] } },
{ "type": "Feature", "properties": { "cls": "shared", "highway": "cycleway", "name": null }, "geometry": { "type": "LineString", "coordinates": [ [ -113.627645, 53.489571 ], [ -113.627621, 53.489591 ], [ -113.627587, 53.489637 ], [ -113.627557, 53.489668 ], [ -113.627521, 53.489705 ], [ -113.627461, 53.489741 ], [ -113.627188, 53.48986 ], [ -113.62717, 53.489868 ], [ -113.627126, 53.489887 ], [ -113.62709, 53.489912 ], [ -113.62707, 53.489928 ], [ -113.627059, 53.489962 ], [ -113.627057, 53.489986 ] ] } },
{ "type": "Feature", "properties": { "cls": "shared", "highway": "cycleway", "name": null }, "geometry": { "type": "LineString", "coordinates": [ [ -113.611121, 53.480348 ], [ -113.611547, 53.480487 ], [ -113.611743, 53.480515 ], [ -113.612295, 53.480586 ], [ -113.612966, 53.480669 ], [ -113.613743, 53.48078 ], [ -113.614107, 53.480862 ], [ -113.614345, 53.480944 ], [ -113.614468, 53.481018 ], [ -113.614696, 53.481171 ], [ -113.614758, 53.481251 ], [ -113.614988, 53.481544 ], [ -113.615177, 53.481952 ], [ -113.61526, 53.482128 ], [ -113.615258, 53.482287 ], [ -113.61526, 53.48253 ], [ -113.615294, 53.482753 ], [ -113.6154, 53.483025 ], [ -113.615409, 53.483075 ], [ -113.615434, 53.483214 ], [ -113.615563, 53.483449 ], [ -113.615864, 53.483623 ], [ -113.616051, 53.483716 ], [ -113.61631, 53.483811 ], [ -113.616852, 53.48392 ], [ -113.61755, 53.484058 ], [ -113.618011, 53.48422 ], [ -113.61852, 53.484349 ], [ -113.618731, 53.484467 ], [ -113.618983, 53.484602 ], [ -113.619228, 53.484787 ], [ -113.619415, 53.484997 ], [ -113.619508, 53.4852 ], [ -113.619376, 53.485446 ], [ -113.619205, 53.485667 ], [ -113.619152, 53.485766 ], [ -113.618884, 53.485953 ], [ -113.618582, 53.486046 ], [ -113.618142, 53.48605 ], [ -113.61772, 53.486079 ], [ -113.617369, 53.486139 ], [ -113.617125, 53.486196 ], [ -113.616744, 53.486199 ], [ -113.615875, 53.486178 ], [ -113.61544, 53.486139 ], [ -113.615383, 53.48614 ], [ -113.614976, 53.486137 ], [ -113.614435, 53.486104 ], [ -113.613935, 53.486002 ], [ -113.613486, 53.48585 ], [ -113.612971, 53.48564 ], [ -113.612687, 53.485536 ], [ -113.612036, 53.485334 ], [ -113.611383, 53.485073 ], [ -113.610823, 53.484892 ], [ -113.610561, 53.484818 ], [ -113.610448, 53.484765 ] ] } },
{ "type": "Feature", "properties": { "cls": "shared", "highway": "cycleway", "name": null }, "geometry": { "type": "LineString", "coordinates": [ [ -113.618962, 53.484287 ], [ -113.618751, 53.484335 ], [ -113.61852, 53.484349 ] ] } },
{ "type": "Feature", "properties": { "cls": "shared", "highway": "cycleway", "name": null }, "geometry": { "type": "LineString", "coordinates": [ [ -113.615563, 53.483449 ], [ -113.6155, 53.483631 ], [ -113.615463, 53.483751 ], [ -113.615454, 53.483919 ], [ -113.615426, 53.484124 ], [ -113.615372, 53.484305 ], [ -113.615339, 53.484444 ], [ -113.615353, 53.484545 ], [ -113.615405, 53.484673 ], [ -113.615435, 53.484775 ], [ -113.615444, 53.48487 ], [ -113.615447, 53.484887 ], [ -113.615428, 53.485059 ], [ -113.615419, 53.485342 ], [ -113.61543, 53.485568 ], [ -113.61544, 53.485764 ], [ -113.615442, 53.485977 ], [ -113.61544, 53.486139 ], [ -113.615451, 53.486229 ], [ -113.615442, 53.486336 ], [ -113.615426, 53.486431 ], [ -113.615403, 53.486522 ], [ -113.615395, 53.486594 ], [ -113.615398, 53.486724 ], [ -113.61543, 53.486889 ], [ -113.615411, 53.487059 ], [ -113.615398, 53.487176 ], [ -113.615401, 53.487332 ] ] } },
{ "type": "Feature", "properties": { "cls": "shared", "highway": "cycleway", "name": null }, "geometry": { "type": "LineString", "coordinates": [ [ -113.619387, 53.48607 ], [ -113.619051, 53.486082 ], [ -113.618582, 53.486046 ] ] } },
{ "type": "Feature", "properties": { "cls": "shared", "highway": "cycleway", "name": null }, "geometry": { "type": "LineString", "coordinates": [ [ -113.614021, 53.486403 ], [ -113.614489, 53.48646 ], [ -113.614921, 53.486491 ], [ -113.615345, 53.486518 ], [ -113.615403, 53.486522 ], [ -113.615432, 53.486523 ], [ -113.616051, 53.48655 ], [ -113.616839, 53.486578 ], [ -113.618115, 53.486541 ], [ -113.619188, 53.486548 ], [ -113.619458, 53.48655 ], [ -113.61969, 53.486583 ], [ -113.619859, 53.486664 ], [ -113.619938, 53.486701 ], [ -113.620035, 53.486736 ], [ -113.620196, 53.486788 ] ] } },
{ "type": "Feature", "properties": { "cls": "shared", "highway": "cycleway", "name": null }, "geometry": { "type": "LineString", "coordinates": [ [ -113.620886, 53.487396 ], [ -113.620662, 53.487459 ], [ -113.620307, 53.487501 ], [ -113.620013, 53.48755 ], [ -113.619588, 53.487581 ], [ -113.619225, 53.487571 ], [ -113.6189, 53.487589 ], [ -113.618692, 53.487614 ], [ -113.618449, 53.487694 ], [ -113.61829, 53.487788 ], [ -113.618184, 53.487841 ], [ -113.618079, 53.487882 ], [ -113.618016, 53.487923 ], [ -113.617926, 53.487997 ] ] } },
{ "type": "Feature", "properties": { "cls": "shared", "highway": "cycleway", "name": null }, "geometry": { "type": "LineString", "coordinates": [ [ -113.604339, 53.479478 ], [ -113.604373, 53.479418 ], [ -113.604337, 53.479395 ], [ -113.603823, 53.479253 ], [ -113.603543, 53.479175 ], [ -113.603186, 53.479123 ], [ -113.603036, 53.479112 ], [ -113.602774, 53.479092 ], [ -113.602145, 53.479064 ], [ -113.601444, 53.479049 ], [ -113.600801, 53.47902 ], [ -113.600328, 53.479063 ], [ -113.599658, 53.479134 ], [ -113.599373, 53.479138 ], [ -113.598963, 53.479127 ], [ -113.59872, 53.479106 ], [ -113.598491, 53.479051 ], [ -113.598063, 53.478967 ], [ -113.597691, 53.478928 ], [ -113.597044, 53.478924 ], [ -113.596449, 53.478924 ], [ -113.596116, 53.478954 ], [ -113.595894, 53.478991 ], [ -113.595622, 53.479026 ], [ -113.595351, 53.479008 ], [ -113.594981, 53.478946 ], [ -113.594664, 53.478894 ], [ -113.594398, 53.478881 ], [ -113.594239, 53.478882 ], [ -113.594088, 53.478904 ], [ -113.593882, 53.478938 ], [ -113.593633, 53.479006 ], [ -113.593312, 53.479102 ], [ -113.593081, 53.479179 ], [ -113.592901, 53.479245 ], [ -113.592623, 53.479347 ], [ -113.592261, 53.479418 ], [ -113.592003, 53.479459 ], [ -113.591761, 53.479549 ], [ -113.591286, 53.479751 ], [ -113.590889, 53.479948 ], [ -113.590604, 53.480044 ], [ -113.590355, 53.480144 ], [ -113.590319, 53.480164 ] ] } },
{ "type": "Feature", "properties": { "cls": "shared", "highway": "path", "name": null }, "geometry": { "type": "LineString", "coordinates": [ [ -113.601996, 53.479649 ], [ -113.602087, 53.479621 ], [ -113.602198, 53.479579 ], [ -113.602435, 53.479512 ], [ -113.60278, 53.479467 ], [ -113.603218, 53.479487 ], [ -113.603476, 53.479508 ], [ -113.603673, 53.479508 ], [ -113.603888, 53.479482 ], [ -113.604191, 53.47946 ], [ -113.604339, 53.479478 ] ] } },
{ "type": "Feature", "properties": { "cls": "shared", "highway": "cycleway", "name": null }, "geometry": { "type": "LineString", "coordinates": [ [ -113.60622, 53.479844 ], [ -113.606107, 53.479849 ], [ -113.605973, 53.479842 ], [ -113.605726, 53.479795 ], [ -113.605042, 53.47964 ], [ -113.604522, 53.479519 ], [ -113.604339, 53.479478 ] ] } },
{ "type": "Feature", "properties": { "cls": "shared", "highway": "cycleway", "name": null }, "geometry": { "type": "LineString", "coordinates": [ [ -113.60622, 53.479844 ], [ -113.606296, 53.479781 ], [ -113.606391, 53.479706 ], [ -113.606453, 53.479658 ], [ -113.606576, 53.479591 ], [ -113.606666, 53.479534 ], [ -113.606699, 53.479514 ] ] } },
{ "type": "Feature", "properties": { "cls": "shared", "highway": "path", "name": null }, "geometry": { "type": "LineString", "coordinates": [ [ -113.601996, 53.479649 ], [ -113.601869, 53.479663 ], [ -113.601758, 53.479668 ], [ -113.60164, 53.47968 ], [ -113.601396, 53.479739 ], [ -113.600958, 53.479862 ], [ -113.600715, 53.479916 ], [ -113.600567, 53.479955 ], [ -113.600372, 53.479971 ], [ -113.6002, 53.479948 ], [ -113.599989, 53.47991 ], [ -113.599779, 53.479914 ], [ -113.599564, 53.479939 ] ] } },
{ "type": "Feature", "properties": { "cls": "shared", "highway": "path", "name": null }, "geometry": { "type": "LineString", "coordinates": [ [ -113.599564, 53.479939 ], [ -113.599467, 53.479971 ], [ -113.599374, 53.480022 ] ] } },
{ "type": "Feature", "properties": { "cls": "shared", "highway": "path", "name": null }, "geometry": { "type": "LineString", "coordinates": [ [ -113.599374, 53.480022 ], [ -113.599295, 53.48009 ], [ -113.599214, 53.480181 ] ] } },
{ "type": "Feature", "properties": { "cls": "shared", "highway": "cycleway", "name": null }, "geometry": { "type": "LineString", "coordinates": [ [ -113.605242, 53.480735 ], [ -113.605137, 53.480612 ], [ -113.605087, 53.480532 ], [ -113.604957, 53.480511 ], [ -113.604885, 53.480364 ], [ -113.604748, 53.479925 ], [ -113.604438, 53.479631 ], [ -113.604369, 53.479562 ], [ -113.604339, 53.479478 ] ] } },
{ "type": "Feature", "properties": { "cls": "shared", "highway": "cycleway", "name": "Terwillegar Park Footbridge" }, "geometry": { "type": "LineString", "coordinates": [ [ -113.599214, 53.480181 ], [ -113.597228, 53.48222 ] ] } },
{ "type": "Feature", "properties": { "cls": "shared", "highway": "path", "name": null }, "geometry": { "type": "LineString", "coordinates": [ [ -113.597228, 53.48222 ], [ -113.597126, 53.48233 ], [ -113.597004, 53.482461 ], [ -113.596905, 53.482585 ], [ -113.596854, 53.482684 ], [ -113.596779, 53.482877 ], [ -113.596761, 53.482962 ], [ -113.596756, 53.483047 ], [ -113.596762, 53.483133 ], [ -113.596781, 53.483218 ], [ -113.596817, 53.483311 ], [ -113.596867, 53.483402 ], [ -113.596931, 53.483489 ], [ -113.597009, 53.483565 ], [ -113.597094, 53.483637 ], [ -113.597212, 53.48372 ], [ -113.597341, 53.483797 ], [ -113.597466, 53.483878 ], [ -113.597562, 53.483964 ], [ -113.597661, 53.484052 ], [ -113.597751, 53.484144 ], [ -113.597845, 53.484253 ], [ -113.597926, 53.484366 ], [ -113.597986, 53.484467 ], [ -113.598035, 53.484569 ], [ -113.59807, 53.484667 ], [ -113.598096, 53.484766 ], [ -113.598112, 53.484866 ], [ -113.598117, 53.484967 ], [ -113.598118, 53.485113 ], [ -113.598062, 53.485355 ], [ -113.598048, 53.485414 ], [ -113.598025, 53.485471 ], [ -113.597998, 53.48552 ], [ -113.597963, 53.485566 ], [ -113.597691, 53.485895 ], [ -113.597621, 53.485965 ], [ -113.597548, 53.48603 ], [ -113.597467, 53.486091 ], [ -113.597389, 53.486145 ], [ -113.597306, 53.486195 ], [ -113.597098, 53.486304 ], [ -113.597046, 53.486333 ], [ -113.596997, 53.486361 ], [ -113.596955, 53.486393 ], [ -113.596923, 53.486429 ], [ -113.5969, 53.486467 ], [ -113.596889, 53.4865 ], [ -113.596885, 53.486534 ], [ -113.596888, 53.486567 ], [ -113.596905, 53.486616 ], [ -113.59702, 53.486961 ], [ -113.597062, 53.487055 ], [ -113.597093, 53.48715 ], [ -113.597113, 53.487246 ], [ -113.597122, 53.487326 ], [ -113.597123, 53.487406 ], [ -113.597116, 53.487485 ], [ -113.597034, 53.488121 ], [ -113.596982, 53.488295 ], [ -113.5969, 53.488448 ], [ -113.596483, 53.489182 ], [ -113.596378, 53.489464 ], [ -113.59618, 53.489809 ], [ -113.59607, 53.490065 ], [ -113.59586, 53.490562 ], [ -113.595751, 53.490765 ], [ -113.595667, 53.49097 ], [ -113.595583, 53.491211 ], [ -113.595376, 53.49203 ], [ -113.595307, 53.492127 ], [ -113.595263, 53.492196 ], [ -113.595246, 53.492234 ], [ -113.595237, 53.492272 ], [ -113.595237, 53.492307 ], [ -113.595244, 53.492343 ], [ -113.595255, 53.492402 ], [ -113.595265, 53.492448 ], [ -113.595267, 53.492494 ], [ -113.59526, 53.492542 ], [ -113.595243, 53.49259 ], [ -113.595165, 53.492786 ], [ -113.59516, 53.492844 ], [ -113.595163, 53.492902 ], [ -113.595178, 53.492972 ], [ -113.595206, 53.49304 ], [ -113.595262, 53.493177 ], [ -113.59529, 53.493227 ], [ -113.595309, 53.493279 ], [ -113.595319, 53.493331 ], [ -113.595319, 53.493382 ], [ -113.59531, 53.493432 ], [ -113.595291, 53.493482 ], [ -113.594835, 53.494262 ], [ -113.594467, 53.495007 ], [ -113.594343, 53.495293 ], [ -113.594226, 53.49545 ], [ -113.594092, 53.495569 ], [ -113.593946, 53.495667 ], [ -113.593848, 53.495725 ], [ -113.593772, 53.495782 ], [ -113.593699, 53.495836 ] ] } },
{ "type": "Feature", "properties": { "cls": "shared", "highway": "cycleway", "name": null }, "geometry": { "type": "LineString", "coordinates": [ [ -113.554028, 53.461948 ], [ -113.55401, 53.461957 ], [ -113.553868, 53.461997 ], [ -113.553764, 53.462018 ], [ -113.553656, 53.462033 ], [ -113.553581, 53.462036 ], [ -113.553504, 53.462031 ], [ -113.553392, 53.462012 ], [ -113.553276, 53.461988 ], [ -113.553101, 53.461946 ], [ -113.552845, 53.461885 ], [ -113.552652, 53.461849 ], [ -113.552529, 53.461832 ], [ -113.552387, 53.461815 ], [ -113.551675, 53.461777 ], [ -113.551412, 53.461758 ], [ -113.551144, 53.461733 ], [ -113.550751, 53.4617 ], [ -113.550065, 53.461682 ], [ -113.549378, 53.461677 ], [ -113.548865, 53.461661 ], [ -113.548679, 53.461654 ] ] } },
{ "type": "Feature", "properties": { "cls": "shared", "highway": "path", "name": null }, "geometry": { "type": "LineString", "coordinates": [ [ -113.554951, 53.482818 ], [ -113.55331, 53.482822 ] ] } },
{ "type": "Feature", "properties": { "cls": "shared", "highway": "cycleway", "name": null }, "geometry": { "type": "Point", "coordinates": [ -113.555504, 53.483073 ] } },
{ "type": "Feature", "properties": { "cls": "shared", "highway": "path", "name": "Fort Edmonton Footbridge" }, "geometry": { "type": "LineString", "coordinates": [ [ -113.588577, 53.495595 ], [ -113.592195, 53.495062 ] ] } },
{ "type": "Feature", "properties": { "cls": "sharrow", "highway": "residential", "name": "58 Avenue NW" }, "geometry": { "type": "LineString", "coordinates": [ [ -113.585351, 53.49622 ], [ -113.585448, 53.496251 ] ] } },
{ "type": "Feature", "properties": { "cls": "shared", "highway": "path", "name": null }, "geometry": { "type": "LineString", "coordinates": [ [ -113.58729, 53.497675 ], [ -113.58732, 53.497499 ], [ -113.587316, 53.497146 ], [ -113.587347, 53.496729 ], [ -113.587325, 53.496547 ], [ -113.587267, 53.496355 ], [ -113.587247, 53.496296 ], [ -113.587233, 53.496236 ], [ -113.587224, 53.496172 ], [ -113.587222, 53.496116 ], [ -113.587226, 53.49606 ], [ -113.587253, 53.496006 ], [ -113.58729, 53.495953 ], [ -113.587337, 53.495904 ], [ -113.587394, 53.495858 ], [ -113.587455, 53.495819 ], [ -113.587522, 53.495785 ], [ -113.587595, 53.495755 ], [ -113.587673, 53.49573 ], [ -113.58788, 53.495691 ], [ -113.58827, 53.495634 ], [ -113.588577, 53.495595 ] ] } },
{ "type": "Feature", "properties": { "cls": "sharrow", "highway": "residential", "name": "Whitemud Road NW" }, "geometry": { "type": "LineString", "coordinates": [ [ -113.585448, 53.496251 ], [ -113.585541, 53.496304 ], [ -113.585572, 53.496379 ], [ -113.585589, 53.496454 ], [ -113.585581, 53.496618 ], [ -113.585355, 53.497447 ], [ -113.585381, 53.497542 ], [ -113.585459, 53.497608 ] ] } },
{ "type": "Feature", "properties": { "cls": "shared", "highway": "path", "name": null }, "geometry": { "type": "LineString", "coordinates": [ [ -113.56589, 53.501266 ], [ -113.565859, 53.501015 ], [ -113.56585, 53.50092 ], [ -113.565587, 53.50046 ], [ -113.565309, 53.50007 ], [ -113.565246, 53.499968 ], [ -113.565117, 53.499795 ], [ -113.564837, 53.49957 ], [ -113.564549, 53.499377 ], [ -113.564491, 53.499287 ], [ -113.564501, 53.499173 ], [ -113.564596, 53.499106 ], [ -113.56478, 53.498996 ], [ -113.565464, 53.498656 ], [ -113.565661, 53.498549 ], [ -113.565736, 53.498496 ], [ -113.565759, 53.498411 ], [ -113.565735, 53.497889 ], [ -113.565718, 53.497875 ], [ -113.565709, 53.497868 ] ] } },
{ "type": "Feature", "properties": { "cls": "shared", "highway": "path", "name": null }, "geometry": { "type": "LineString", "coordinates": [ [ -113.55735, 53.5014 ], [ -113.557297, 53.501248 ], [ -113.55716, 53.500993 ], [ -113.557075, 53.500833 ], [ -113.55704, 53.500795 ] ] } },
{ "type": "Feature", "properties": { "cls": "shared", "highway": "path", "name": null }, "geometry": { "type": "LineString", "coordinates": [ [ -113.557548, 53.501447 ], [ -113.557514, 53.501439 ], [ -113.55735, 53.5014 ], [ -113.557081, 53.501374 ], [ -113.556918, 53.50138 ], [ -113.556776, 53.501396 ], [ -113.556614, 53.501424 ], [ -113.556503, 53.501448 ] ] } },
{ "type": "Feature", "properties": { "cls": "shared", "highway": "path", "name": null }, "geometry": { "type": "LineString", "coordinates": [ [ -113.558175, 53.501404 ], [ -113.557916, 53.501371 ], [ -113.557548, 53.501447 ] ] } },
{ "type": "Feature", "properties": { "cls": "sharrow", "highway": "service", "name": null }, "geometry": { "type": "LineString", "coordinates": [ [ -113.56589, 53.501266 ], [ -113.565888, 53.50156 ], [ -113.565896, 53.501658 ], [ -113.565848, 53.502113 ], [ -113.565791, 53.502228 ], [ -113.565692, 53.502347 ], [ -113.565553, 53.502486 ], [ -113.565322, 53.502625 ], [ -113.565094, 53.502702 ], [ -113.564794, 53.502783 ], [ -113.564507, 53.502816 ], [ -113.56411, 53.502832 ], [ -113.563619, 53.502807 ], [ -113.56323, 53.502783 ], [ -113.562774, 53.502732 ] ] } },
{ "type": "Feature", "properties": { "cls": "sharrow", "highway": "service", "name": null }, "geometry": { "type": "LineString", "coordinates": [ [ -113.562774, 53.502732 ], [ -113.562691, 53.502719 ], [ -113.562559, 53.502724 ], [ -113.562461, 53.502766 ], [ -113.562437, 53.502826 ], [ -113.562419, 53.502894 ] ] } },
{ "type": "Feature", "properties": { "cls": "sharrow", "highway": "service", "name": null }, "geometry": { "type": "LineString", "coordinates": [ [ -113.562574, 53.502893 ], [ -113.562565, 53.502838 ], [ -113.562592, 53.502781 ], [ -113.562664, 53.502749 ], [ -113.562774, 53.502732 ] ] } },
{ "type": "Feature", "properties": { "cls": "shared", "highway": "cycleway", "name": null }, "geometry": { "type": "LineString", "coordinates": [ [ -113.560191, 53.503233 ], [ -113.559084, 53.503212 ], [ -113.557961, 53.503217 ], [ -113.557324, 53.503222 ], [ -113.556423, 53.503273 ], [ -113.556329, 53.503302 ], [ -113.556289, 53.503327 ], [ -113.556189, 53.503306 ] ] } },
{ "type": "Feature", "properties": { "cls": "shared", "highway": "footway", "name": null }, "geometry": { "type": "LineString", "coordinates": [ [ -113.560549, 53.501865 ], [ -113.560607, 53.501887 ], [ -113.560615, 53.501891 ], [ -113.560679, 53.50192 ], [ -113.560762, 53.501968 ], [ -113.560777, 53.50198 ], [ -113.560793, 53.502001 ], [ -113.560804, 53.50202 ], [ -113.56081, 53.502046 ], [ -113.56083, 53.502119 ], [ -113.560836, 53.502181 ], [ -113.560847, 53.502299 ], [ -113.560849, 53.502423 ], [ -113.560853, 53.502518 ], [ -113.560849, 53.502561 ], [ -113.560833, 53.502597 ], [ -113.560801, 53.502638 ], [ -113.560754, 53.50269 ], [ -113.560709, 53.502747 ], [ -113.560663, 53.502806 ], [ -113.560621, 53.502854 ], [ -113.560574, 53.502888 ], [ -113.560544, 53.502917 ], [ -113.560504, 53.502972 ], [ -113.560486, 53.503281 ], [ -113.560505, 53.503284 ], [ -113.560517, 53.503293 ], [ -113.560524, 53.503306 ], [ -113.560524, 53.503318 ], [ -113.560533, 53.503377 ], [ -113.560557, 53.503434 ], [ -113.560579, 53.503482 ], [ -113.5606, 53.503537 ], [ -113.560614, 53.503565 ], [ -113.560627, 53.503587 ], [ -113.560626, 53.503606 ], [ -113.560628, 53.503633 ], [ -113.56067, 53.503682 ], [ -113.560699, 53.50371 ], [ -113.560746, 53.503744 ], [ -113.560807, 53.503837 ], [ -113.560855, 53.503927 ], [ -113.560886, 53.503966 ], [ -113.560931, 53.504001 ], [ -113.560993, 53.504038 ], [ -113.561032, 53.504059 ], [ -113.561053, 53.504088 ], [ -113.561073, 53.504119 ], [ -113.561119, 53.504216 ], [ -113.56116, 53.504315 ], [ -113.561166, 53.504349 ], [ -113.561118, 53.504422 ], [ -113.561169, 53.504522 ], [ -113.561223, 53.504573 ], [ -113.561266, 53.504606 ] ] } },
{ "type": "Feature", "properties": { "cls": "shared", "highway": "path", "name": null }, "geometry": { "type": "LineString", "coordinates": [ [ -113.562217, 53.503602 ], [ -113.562166, 53.503609 ], [ -113.562098, 53.503601 ], [ -113.562038, 53.503574 ], [ -113.561942, 53.503535 ], [ -113.561843, 53.503501 ], [ -113.561716, 53.503482 ], [ -113.561472, 53.503446 ], [ -113.561336, 53.503402 ], [ -113.561258, 53.503348 ], [ -113.561237, 53.503316 ], [ -113.561255, 53.503138 ], [ -113.561285, 53.502982 ], [ -113.561367, 53.502911 ], [ -113.561431, 53.502885 ], [ -113.561578, 53.502861 ], [ -113.561757, 53.502874 ], [ -113.562251, 53.502947 ], [ -113.562294, 53.502935 ], [ -113.562419, 53.502894 ], [ -113.562574, 53.502893 ] ] } },
{ "type": "Feature", "properties": { "cls": "sharrow", "highway": "residential", "name": "Whitemud Road NW" }, "geometry": { "type": "LineString", "coordinates": [ [ -113.585459, 53.497608 ], [ -113.58555, 53.497641 ], [ -113.585695, 53.497664 ], [ -113.586502, 53.497677 ], [ -113.586931, 53.497676 ], [ -113.58729, 53.497675 ] ] } },
{ "type": "Feature", "properties": { "cls": "sharrow", "highway": "residential", "name": "Whitemud Road NW" }, "geometry": { "type": "LineString", "coordinates": [ [ -113.58729, 53.497675 ], [ -113.587733, 53.497673 ], [ -113.588467, 53.497671 ], [ -113.588585, 53.497671 ], [ -113.588804, 53.497676 ], [ -113.588925, 53.497728 ], [ -113.588997, 53.497773 ] ] } },
{ "type": "Feature", "properties": { "cls": "shared", "highway": "cycleway", "name": null }, "geometry": { "type": "LineString", "coordinates": [ [ -113.592439, 53.499044 ], [ -113.592507, 53.499382 ] ] } },
{ "type": "Feature", "properties": { "cls": "shared", "highway": "path", "name": null }, "geometry": { "type": "LineString", "coordinates": [ [ -113.585459, 53.497608 ], [ -113.585378, 53.497677 ], [ -113.585293, 53.497737 ], [ -113.585229, 53.497782 ], [ -113.585145, 53.497828 ], [ -113.584956, 53.497896 ], [ -113.584869, 53.497942 ], [ -113.584791, 53.497994 ], [ -113.584655, 53.498136 ], [ -113.584499, 53.498259 ], [ -113.584411, 53.498292 ], [ -113.584299, 53.498311 ], [ -113.583974, 53.498339 ], [ -113.583745, 53.498386 ], [ -113.583586, 53.498455 ], [ -113.583447, 53.498544 ], [ -113.583365, 53.498582 ], [ -113.583222, 53.498622 ], [ -113.582989, 53.498664 ], [ -113.58287, 53.498707 ], [ -113.582684, 53.498826 ], [ -113.582284, 53.498964 ], [ -113.58194, 53.499053 ], [ -113.581319, 53.49925 ], [ -113.580818, 53.499422 ], [ -113.580391, 53.499486 ], [ -113.5803, 53.499497 ], [ -113.580208, 53.499504 ], [ -113.580112, 53.499506 ], [ -113.580016, 53.499506 ], [ -113.579947, 53.499504 ], [ -113.579878, 53.499509 ], [ -113.579821, 53.499517 ], [ -113.579766, 53.499531 ], [ -113.579714, 53.499545 ], [ -113.579256, 53.499649 ], [ -113.579059, 53.499723 ], [ -113.578825, 53.49981 ], [ -113.578635, 53.499886 ], [ -113.578568, 53.499911 ], [ -113.578503, 53.499937 ], [ -113.578445, 53.499968 ], [ -113.578403, 53.499995 ], [ -113.57837, 53.500031 ], [ -113.57833, 53.500074 ], [ -113.578181, 53.500186 ], [ -113.578118, 53.500244 ], [ -113.578044, 53.500296 ], [ -113.57796, 53.500343 ], [ -113.577866, 53.500383 ], [ -113.577765, 53.500415 ], [ -113.577657, 53.50044 ], [ -113.577573, 53.500453 ], [ -113.577487, 53.500461 ], [ -113.5774, 53.500465 ], [ -113.577329, 53.500474 ], [ -113.57726, 53.500488 ], [ -113.577198, 53.500503 ], [ -113.577138, 53.500522 ], [ -113.577073, 53.500541 ], [ -113.577005, 53.500556 ], [ -113.576932, 53.500566 ], [ -113.576857, 53.500571 ], [ -113.57674, 53.500576 ], [ -113.576541, 53.500608 ], [ -113.576336, 53.500675 ], [ -113.575981, 53.500876 ], [ -113.57564, 53.500992 ], [ -113.575323, 53.501139 ], [ -113.575138, 53.501202 ], [ -113.574977, 53.501277 ], [ -113.574763, 53.501366 ], [ -113.574349, 53.501618 ], [ -113.574209, 53.501748 ], [ -113.573913, 53.501977 ], [ -113.573756, 53.502144 ], [ -113.573641, 53.502258 ], [ -113.573599, 53.502339 ], [ -113.573539, 53.502361 ], [ -113.573319, 53.502386 ] ] } },
{ "type": "Feature", "properties": { "cls": "shared", "highway": "cycleway", "name": null }, "geometry": { "type": "LineString", "coordinates": [ [ -113.588997, 53.497773 ], [ -113.5891, 53.497817 ], [ -113.589192, 53.497846 ], [ -113.589274, 53.497884 ], [ -113.589327, 53.497928 ], [ -113.589403, 53.498002 ], [ -113.589485, 53.498206 ], [ -113.589518, 53.49834 ], [ -113.589467, 53.498581 ], [ -113.589322, 53.498946 ], [ -113.589082, 53.499323 ], [ -113.588938, 53.49952 ], [ -113.588582, 53.499782 ], [ -113.588505, 53.499889 ], [ -113.588388, 53.500036 ], [ -113.58822, 53.500144 ], [ -113.588091, 53.500335 ], [ -113.587804, 53.500523 ], [ -113.58757, 53.50069 ], [ -113.587147, 53.500971 ], [ -113.586527, 53.501277 ], [ -113.58611, 53.501559 ], [ -113.585896, 53.501611 ], [ -113.585446, 53.501821 ], [ -113.584801, 53.502009 ], [ -113.584294, 53.50217 ], [ -113.583832, 53.502328 ], [ -113.583739, 53.502404 ], [ -113.583426, 53.502497 ], [ -113.582335, 53.502836 ], [ -113.581541, 53.503114 ], [ -113.581407, 53.50317 ], [ -113.581263, 53.503217 ], [ -113.581126, 53.503234 ], [ -113.580904, 53.503298 ], [ -113.580341, 53.503476 ], [ -113.58016, 53.503497 ], [ -113.579934, 53.503573 ], [ -113.579689, 53.503628 ], [ -113.579425, 53.503697 ], [ -113.579097, 53.503799 ], [ -113.578636, 53.503912 ], [ -113.578164, 53.504005 ], [ -113.577836, 53.504074 ], [ -113.577504, 53.504137 ], [ -113.577212, 53.504234 ], [ -113.57694, 53.504295 ], [ -113.576473, 53.504378 ], [ -113.576199, 53.504472 ], [ -113.576041, 53.504534 ], [ -113.575873, 53.504541 ], [ -113.575688, 53.50456 ], [ -113.575465, 53.504624 ], [ -113.575087, 53.504707 ], [ -113.574936, 53.504734 ], [ -113.574593, 53.50477 ], [ -113.574451, 53.504802 ], [ -113.574332, 53.504786 ], [ -113.574213, 53.504779 ], [ -113.573729, 53.504834 ], [ -113.573373, 53.504886 ], [ -113.573066, 53.504931 ], [ -113.572799, 53.50494 ], [ -113.572652, 53.504979 ], [ -113.572454, 53.505048 ], [ -113.572071, 53.505106 ], [ -113.57169, 53.505112 ], [ -113.571287, 53.505148 ], [ -113.570875, 53.505199 ], [ -113.570617, 53.505214 ], [ -113.570394, 53.505214 ], [ -113.57006, 53.505219 ], [ -113.569888, 53.50525 ], [ -113.569673, 53.50525 ], [ -113.569493, 53.50525 ], [ -113.569279, 53.505214 ], [ -113.568918, 53.505219 ], [ -113.568703, 53.505235 ], [ -113.56848, 53.505286 ], [ -113.568309, 53.505311 ], [ -113.568128, 53.505301 ], [ -113.567957, 53.50527 ], [ -113.567785, 53.505235 ], [ -113.567588, 53.505229 ], [ -113.567408, 53.50524 ], [ -113.567308, 53.505228 ], [ -113.567244, 53.505194 ], [ -113.567203, 53.505179 ], [ -113.567157, 53.505162 ] ] } },
{ "type": "Feature", "properties": { "cls": "shared", "highway": "cycleway", "name": null }, "geometry": { "type": "LineString", "coordinates": [ [ -113.591771, 53.500956 ], [ -113.591719, 53.501036 ], [ -113.591702, 53.501076 ], [ -113.591708, 53.501153 ], [ -113.591683, 53.501193 ], [ -113.591628, 53.501213 ], [ -113.591546, 53.501234 ], [ -113.591477, 53.501274 ], [ -113.591444, 53.501312 ], [ -113.591421, 53.501382 ], [ -113.591428, 53.501448 ], [ -113.59154, 53.501598 ], [ -113.591595, 53.501745 ], [ -113.591621, 53.501816 ], [ -113.591649, 53.50187 ], [ -113.591798, 53.501944 ], [ -113.591843, 53.50203 ], [ -113.591835, 53.502095 ], [ -113.591867, 53.502171 ], [ -113.591948, 53.50223 ], [ -113.592084, 53.502294 ], [ -113.592161, 53.502343 ], [ -113.592212, 53.502392 ], [ -113.592261, 53.502461 ], [ -113.592059, 53.502412 ], [ -113.592092, 53.50247 ], [ -113.592135, 53.502515 ], [ -113.592227, 53.502609 ], [ -113.5922, 53.502727 ], [ -113.592204, 53.502734 ], [ -113.592222, 53.502766 ], [ -113.592281, 53.502857 ], [ -113.592357, 53.502906 ], [ -113.592429, 53.502948 ], [ -113.592586, 53.503055 ], [ -113.592719, 53.503169 ], [ -113.592779, 53.50322 ], [ -113.592824, 53.503272 ], [ -113.59289, 53.503344 ], [ -113.592949, 53.503427 ], [ -113.593, 53.503515 ], [ -113.593021, 53.50354 ] ] } },
{ "type": "Feature", "properties": { "cls": "shared", "highway": "path", "name": null }, "geometry": { "type": "LineString", "coordinates": [ [ -113.59233, 53.503186 ], [ -113.592366, 53.503152 ], [ -113.592389, 53.503095 ], [ -113.59238, 53.503038 ], [ -113.592362, 53.502978 ], [ -113.592355, 53.502935 ], [ -113.592357, 53.502906 ] ] } },
{ "type": "Feature", "properties": { "cls": "shared", "highway": "path", "name": null }, "geometry": { "type": "LineString", "coordinates": [ [ -113.591622, 53.503247 ], [ -113.591619, 53.503168 ], [ -113.591595, 53.503137 ], [ -113.591541, 53.50306 ], [ -113.59151, 53.502996 ], [ -113.591565, 53.502994 ], [ -113.591667, 53.503001 ], [ -113.591786, 53.503018 ], [ -113.59188, 53.503042 ], [ -113.591942, 53.503066 ], [ -113.592084, 53.503104 ], [ -113.59233, 53.503186 ], [ -113.592341, 53.503189 ], [ -113.59254, 53.503245 ], [ -113.592649, 53.503255 ], [ -113.592824, 53.503272 ] ] } },
{ "type": "Feature", "properties": { "cls": "shared", "highway": "path", "name": null }, "geometry": { "type": "LineString", "coordinates": [ [ -113.567649, 53.505147 ], [ -113.567653, 53.505042 ], [ -113.567667, 53.504947 ], [ -113.567686, 53.504936 ], [ -113.567757, 53.504762 ], [ -113.567841, 53.504632 ], [ -113.567865, 53.504595 ], [ -113.567923, 53.504486 ], [ -113.567974, 53.504413 ], [ -113.568113, 53.504312 ], [ -113.568303, 53.504223 ], [ -113.56883, 53.504028 ], [ -113.569149, 53.503903 ], [ -113.569356, 53.503792 ], [ -113.569521, 53.503672 ], [ -113.569624, 53.503532 ], [ -113.569725, 53.503381 ], [ -113.569889, 53.50322 ], [ -113.570041, 53.502981 ], [ -113.570235, 53.502813 ], [ -113.570572, 53.502704 ], [ -113.570765, 53.502739 ], [ -113.571161, 53.502805 ], [ -113.571286, 53.502846 ], [ -113.571609, 53.502966 ] ] } },
{ "type": "Feature", "properties": { "cls": "shared", "highway": "cycleway", "name": null }, "geometry": { "type": "LineString", "coordinates": [ [ -113.572253, 53.502805 ], [ -113.572183, 53.502865 ], [ -113.572148, 53.502905 ], [ -113.572127, 53.502939 ], [ -113.571996, 53.503195 ], [ -113.571867, 53.503421 ], [ -113.571841, 53.503478 ], [ -113.571835, 53.50353 ], [ -113.571823, 53.503573 ], [ -113.571809, 53.503603 ], [ -113.571752, 53.503658 ], [ -113.571711, 53.503712 ], [ -113.571633, 53.503845 ], [ -113.571514, 53.504009 ], [ -113.571451, 53.504073 ], [ -113.571379, 53.504102 ], [ -113.570932, 53.504215 ], [ -113.57047, 53.504293 ], [ -113.570298, 53.504348 ], [ -113.569799, 53.504598 ], [ -113.569757, 53.504619 ], [ -113.56931, 53.504807 ], [ -113.568913, 53.504942 ], [ -113.568611, 53.505038 ], [ -113.56806, 53.505108 ], [ -113.567649, 53.505147 ] ] } },
{ "type": "Feature", "properties": { "cls": "shared", "highway": "cycleway", "name": null }, "geometry": { "type": "LineString", "coordinates": [ [ -113.568703, 53.505235 ], [ -113.568834, 53.505192 ], [ -113.568891, 53.505146 ], [ -113.568911, 53.505109 ], [ -113.568913, 53.504942 ], [ -113.568857, 53.504895 ] ] } },
{ "type": "Feature", "properties": { "cls": "shared", "highway": "cycleway", "name": null }, "geometry": { "type": "LineString", "coordinates": [ [ -113.567649, 53.505147 ], [ -113.567463, 53.505161 ], [ -113.567301, 53.50515 ], [ -113.567157, 53.505162 ] ] } },
{ "type": "Feature", "properties": { "cls": "shared", "highway": "cycleway", "name": null }, "geometry": { "type": "LineString", "coordinates": [ [ -113.567157, 53.505162 ], [ -113.566814, 53.505226 ], [ -113.566703, 53.505244 ], [ -113.56659, 53.505254 ], [ -113.566476, 53.505257 ], [ -113.566375, 53.505253 ], [ -113.566275, 53.505243 ], [ -113.566177, 53.505227 ], [ -113.56603, 53.505182 ], [ -113.565884, 53.505173 ], [ -113.565717, 53.505172 ] ] } },
{ "type": "Feature", "properties": { "cls": "shared", "highway": "cycleway", "name": null }, "geometry": { "type": "LineString", "coordinates": [ [ -113.566167, 53.504848 ], [ -113.566218, 53.505327 ], [ -113.566235, 53.505506 ], [ -113.566245, 53.505768 ], [ -113.566318, 53.506484 ], [ -113.566477, 53.507227 ], [ -113.566596, 53.507675 ] ] } },
{ "type": "Feature", "properties": { "cls": "shared", "highway": "cycleway", "name": null }, "geometry": { "type": "LineString", "coordinates": [ [ -113.566596, 53.507675 ], [ -113.566618, 53.507759 ], [ -113.566652, 53.507933 ], [ -113.566649, 53.507979 ], [ -113.566606, 53.508038 ], [ -113.566558, 53.508067 ], [ -113.566488, 53.508086 ], [ -113.566421, 53.508081 ], [ -113.566297, 53.50807 ], [ -113.5661, 53.508034 ] ] } },
{ "type": "Feature", "properties": { "cls": "sharrow", "highway": "residential", "name": "Quesnell Crescent NW" }, "geometry": { "type": "Point", "coordinates": [ -113.578055, 53.508917 ] } },
{ "type": "Feature", "properties": { "cls": "shared", "highway": "cycleway", "name": null }, "geometry": { "type": "LineString", "coordinates": [ [ -113.566548, 53.508971 ], [ -113.566606, 53.509127 ], [ -113.566655, 53.509271 ], [ -113.566798, 53.509659 ], [ -113.566785, 53.509688 ], [ -113.566734, 53.509704 ], [ -113.566669, 53.509716 ] ] } },
{ "type": "Feature", "properties": { "cls": "shared", "highway": "cycleway", "name": null }, "geometry": { "type": "LineString", "coordinates": [ [ -113.561536, 53.503308 ], [ -113.561233, 53.503284 ], [ -113.560923, 53.503268 ], [ -113.560191, 53.503233 ] ] } },
{ "type": "Feature", "properties": { "cls": "shared", "highway": "cycleway", "name": null }, "geometry": { "type": "LineString", "coordinates": [ [ -113.562197, 53.503369 ], [ -113.562103, 53.503358 ], [ -113.561536, 53.503308 ] ] } },
{ "type": "Feature", "properties": { "cls": "shared", "highway": "path", "name": null }, "geometry": { "type": "LineString", "coordinates": [ [ -113.562197, 53.503369 ], [ -113.562221, 53.503404 ], [ -113.562226, 53.503428 ], [ -113.562226, 53.503454 ], [ -113.562217, 53.503602 ], [ -113.562197, 53.503763 ], [ -113.562193, 53.50392 ], [ -113.562218, 53.504152 ], [ -113.562249, 53.504254 ], [ -113.562297, 53.504352 ], [ -113.562427, 53.504502 ], [ -113.56253, 53.504604 ], [ -113.56255, 53.504621 ], [ -113.562573, 53.504644 ] ] } },
{ "type": "Feature", "properties": { "cls": "shared", "highway": "cycleway", "name": null }, "geometry": { "type": "LineString", "coordinates": [ [ -113.566122, 53.50473 ], [ -113.566095, 53.504652 ], [ -113.566055, 53.504576 ], [ -113.566003, 53.504503 ], [ -113.56594, 53.504433 ], [ -113.565866, 53.504367 ], [ -113.565783, 53.504305 ], [ -113.56569, 53.504249 ], [ -113.565588, 53.504198 ], [ -113.565478, 53.504152 ], [ -113.565104, 53.504035 ], [ -113.564244, 53.503784 ], [ -113.563984, 53.503713 ], [ -113.563691, 53.503632 ], [ -113.563435, 53.503575 ], [ -113.563036, 53.503502 ], [ -113.562715, 53.503451 ], [ -113.562542, 53.503414 ], [ -113.562378, 53.503399 ] ] } },
{ "type": "Feature", "properties": { "cls": "shared", "highway": "footway", "name": null }, "geometry": { "type": "LineString", "coordinates": [ [ -113.561118, 53.504422 ], [ -113.560853, 53.504368 ] ] } },
{ "type": "Feature", "properties": { "cls": "shared", "highway": "path", "name": null }, "geometry": { "type": "LineString", "coordinates": [ [ -113.558563, 53.505232 ], [ -113.558665, 53.504636 ], [ -113.558614, 53.504508 ], [ -113.558483, 53.504381 ], [ -113.558305, 53.504271 ], [ -113.558239, 53.50423 ], [ -113.558178, 53.504204 ], [ -113.558101, 53.504183 ] ] } },
{ "type": "Feature", "properties": { "cls": "separated", "highway": "cycleway", "name": null }, "geometry": { "type": "LineString", "coordinates": [ [ -113.562573, 53.504644 ], [ -113.562659, 53.504605 ] ] } },
{ "type": "Feature", "properties": { "cls": "shared", "highway": "path", "name": null }, "geometry": { "type": "LineString", "coordinates": [ [ -113.562249, 53.504717 ], [ -113.561567, 53.504619 ] ] } },
{ "type": "Feature", "properties": { "cls": "shared", "highway": "footway", "name": null }, "geometry": { "type": "LineString", "coordinates": [ [ -113.560853, 53.504368 ], [ -113.560769, 53.504434 ], [ -113.560747, 53.504575 ], [ -113.560726, 53.504694 ], [ -113.560718, 53.50478 ], [ -113.560709, 53.504836 ], [ -113.560694, 53.504894 ], [ -113.560659, 53.504975 ], [ -113.560624, 53.50505 ] ] } },
{ "type": "Feature", "properties": { "cls": "separated", "highway": "cycleway", "name": null }, "geometry": { "type": "LineString", "coordinates": [ [ -113.562321, 53.504727 ], [ -113.562338, 53.504709 ], [ -113.562398, 53.504701 ], [ -113.562489, 53.504675 ], [ -113.562573, 53.504644 ] ] } },
{ "type": "Feature", "properties": { "cls": "shared", "highway": "cycleway", "name": null }, "geometry": { "type": "LineString", "coordinates": [ [ -113.635416, 53.482009 ], [ -113.635794, 53.482033 ], [ -113.635927, 53.482035 ], [ -113.636083, 53.482022 ], [ -113.636406, 53.481985 ], [ -113.637765, 53.481998 ], [ -113.638449, 53.482018 ], [ -113.638623, 53.482038 ], [ -113.638795, 53.48205 ], [ -113.638956, 53.482044 ], [ -113.639026, 53.482038 ], [ -113.639108, 53.482039 ], [ -113.639163, 53.482045 ], [ -113.639212, 53.482055 ] ] } },
{ "type": "Feature", "properties": { "cls": "shared", "highway": "cycleway", "name": null }, "geometry": { "type": "LineString", "coordinates": [ [ -113.595758, 53.49408 ], [ -113.595693, 53.494096 ], [ -113.595556, 53.49414 ], [ -113.59548, 53.49418 ], [ -113.595404, 53.494231 ], [ -113.595336, 53.494312 ], [ -113.595157, 53.494546 ], [ -113.595019, 53.494726 ], [ -113.594785, 53.495036 ], [ -113.594629, 53.495241 ], [ -113.594474, 53.495443 ], [ -113.594298, 53.495662 ], [ -113.594254, 53.495699 ], [ -113.594202, 53.495732 ], [ -113.594144, 53.495761 ], [ -113.594073, 53.495788 ], [ -113.593996, 53.495809 ], [ -113.593915, 53.495823 ], [ -113.593831, 53.49583 ], [ -113.593699, 53.495836 ] ] } },
{ "type": "Feature", "properties": { "cls": "shared", "highway": "path", "name": null }, "geometry": { "type": "LineString", "coordinates": [ [ -113.592195, 53.495062 ], [ -113.592536, 53.495003 ], [ -113.592606, 53.494991 ], [ -113.592678, 53.494987 ], [ -113.59275, 53.494992 ], [ -113.592819, 53.495005 ], [ -113.592873, 53.495022 ], [ -113.592922, 53.495043 ], [ -113.592964, 53.49507 ], [ -113.593141, 53.495184 ], [ -113.593209, 53.495251 ], [ -113.593246, 53.49532 ], [ -113.593362, 53.495655 ], [ -113.593385, 53.495713 ] ] } },
{ "type": "Feature", "properties": { "cls": "shared", "highway": "path", "name": null }, "geometry": { "type": "LineString", "coordinates": [ [ -113.593699, 53.495836 ], [ -113.593619, 53.495827 ], [ -113.593505, 53.4958 ], [ -113.593447, 53.495774 ], [ -113.593411, 53.495745 ], [ -113.593385, 53.495713 ] ] } },
{ "type": "Feature", "properties": { "cls": "shared", "highway": "cycleway", "name": null }, "geometry": { "type": "LineString", "coordinates": [ [ -113.593385, 53.495713 ], [ -113.593457, 53.49596 ] ] } },
{ "type": "Feature", "properties": { "cls": "shared", "highway": "cycleway", "name": null }, "geometry": { "type": "LineString", "coordinates": [ [ -113.593699, 53.495836 ], [ -113.593677, 53.495859 ], [ -113.593642, 53.495879 ], [ -113.593599, 53.495902 ], [ -113.593549, 53.495923 ], [ -113.593505, 53.49594 ], [ -113.593457, 53.49596 ] ] } },
{ "type": "Feature", "properties": { "cls": "shared", "highway": "cycleway", "name": null }, "geometry": { "type": "LineString", "coordinates": [ [ -113.593457, 53.49596 ], [ -113.592969, 53.496199 ], [ -113.592711, 53.496379 ], [ -113.592656, 53.496504 ], [ -113.592624, 53.497587 ], [ -113.592614, 53.49809 ], [ -113.592382, 53.49875 ], [ -113.592369, 53.498823 ], [ -113.592369, 53.498869 ], [ -113.592373, 53.498918 ], [ -113.592439, 53.499044 ] ] } },
{ "type": "Feature", "properties": { "cls": "shared", "highway": "path", "name": null }, "geometry": { "type": "LineString", "coordinates": [ [ -113.597769, 53.49794 ], [ -113.597868, 53.498027 ], [ -113.597939, 53.498116 ], [ -113.597939, 53.498198 ], [ -113.597836, 53.498237 ], [ -113.597703, 53.498201 ], [ -113.597447, 53.498078 ], [ -113.597222, 53.497985 ], [ -113.597008, 53.497941 ] ] } },
{ "type": "Feature", "properties": { "cls": "shared", "highway": "cycleway", "name": null }, "geometry": { "type": "LineString", "coordinates": [ [ -113.59311, 53.499767 ], [ -113.593131, 53.499844 ], [ -113.593132, 53.49993 ], [ -113.593126, 53.500019 ], [ -113.593075, 53.500122 ], [ -113.593074, 53.500182 ], [ -113.593063, 53.500223 ], [ -113.593029, 53.500262 ], [ -113.592916, 53.500364 ], [ -113.59282, 53.500563 ], [ -113.592789, 53.500602 ], [ -113.592643, 53.500644 ], [ -113.592493, 53.500678 ], [ -113.592249, 53.500683 ], [ -113.592161, 53.500681 ], [ -113.591979, 53.500739 ] ] } },
{ "type": "Feature", "properties": { "cls": "shared", "highway": "path", "name": null }, "geometry": { "type": "LineString", "coordinates": [ [ -113.592789, 53.500602 ], [ -113.592996, 53.500697 ], [ -113.593281, 53.500809 ], [ -113.593881, 53.501025 ], [ -113.594386, 53.501202 ], [ -113.594881, 53.501372 ], [ -113.594952, 53.501397 ] ] } },
{ "type": "Feature", "properties": { "cls": "shared", "highway": "path", "name": null }, "geometry": { "type": "LineString", "coordinates": [ [ -113.602379, 53.502675 ], [ -113.602371, 53.502602 ], [ -113.602308, 53.502525 ], [ -113.602101, 53.502325 ], [ -113.60195, 53.502179 ], [ -113.601923, 53.502093 ], [ -113.601942, 53.502013 ], [ -113.60205, 53.5019 ], [ -113.602316, 53.501702 ], [ -113.602576, 53.501542 ], [ -113.602671, 53.501415 ], [ -113.602683, 53.501398 ] ] } },
{ "type": "Feature", "properties": { "cls": "shared", "highway": "path", "name": null }, "geometry": { "type": "LineString", "coordinates": [ [ -113.602363, 53.503166 ], [ -113.602379, 53.502675 ] ] } },
{ "type": "Feature", "properties": { "cls": "shared", "highway": "cycleway", "name": null }, "geometry": { "type": "LineString", "coordinates": [ [ -113.593021, 53.50354 ], [ -113.593117, 53.503595 ], [ -113.593288, 53.503667 ], [ -113.593374, 53.50369 ], [ -113.593483, 53.503714 ], [ -113.593729, 53.50377 ] ] } },
{ "type": "Feature", "properties": { "cls": "painted", "highway": "tertiary", "name": "Wolf Willow Road NW" }, "geometry": { "type": "Point", "coordinates": [ -113.608484, 53.504984 ] } },
{ "type": "Feature", "properties": { "cls": "shared", "highway": "cycleway", "name": null }, "geometry": { "type": "LineString", "coordinates": [ [ -113.532534, 53.506849 ], [ -113.532368, 53.506751 ], [ -113.532207, 53.506658 ] ] } },
{ "type": "Feature", "properties": { "cls": "shared", "highway": "cycleway", "name": null }, "geometry": { "type": "LineString", "coordinates": [ [ -113.532051, 53.5071 ], [ -113.53217, 53.507046 ], [ -113.532534, 53.506849 ] ] } },
{ "type": "Feature", "properties": { "cls": "shared", "highway": "cycleway", "name": null }, "geometry": { "type": "LineString", "coordinates": [ [ -113.55659, 53.501389 ], [ -113.556624, 53.501367 ], [ -113.55667, 53.501312 ], [ -113.556725, 53.501251 ], [ -113.556852, 53.50111 ], [ -113.556975, 53.500946 ], [ -113.55704, 53.500795 ], [ -113.557062, 53.500685 ], [ -113.557068, 53.500567 ], [ -113.557067, 53.50044 ], [ -113.557052, 53.500341 ], [ -113.557014, 53.500137 ], [ -113.556827, 53.49909 ] ] } },
{ "type": "Feature", "properties": { "cls": "shared", "highway": "path", "name": null }, "geometry": { "type": "LineString", "coordinates": [ [ -113.558563, 53.505232 ], [ -113.558336, 53.505259 ], [ -113.557985, 53.505308 ], [ -113.556862, 53.505431 ], [ -113.554593, 53.505708 ], [ -113.552302, 53.505967 ], [ -113.551831, 53.506023 ], [ -113.551425, 53.506093 ], [ -113.551235, 53.506138 ], [ -113.550883, 53.506223 ], [ -113.55001, 53.506456 ], [ -113.549264, 53.506641 ], [ -113.548905, 53.506726 ], [ -113.548475, 53.506861 ], [ -113.54804, 53.507029 ], [ -113.547567, 53.507203 ], [ -113.54736, 53.507281 ], [ -113.546768, 53.507569 ], [ -113.54611, 53.507907 ], [ -113.545393, 53.508309 ], [ -113.544777, 53.508681 ], [ -113.544727, 53.508712 ], [ -113.544608, 53.508768 ], [ -113.544549, 53.508794 ], [ -113.544425, 53.50884 ], [ -113.544306, 53.508868 ], [ -113.544194, 53.508893 ] ] } },
{ "type": "Feature", "properties": { "cls": "shared", "highway": "cycleway", "name": null }, "geometry": { "type": "MultiLineString", "coordinates": [ [ [ -113.550746, 53.510296 ], [ -113.550679, 53.510019 ], [ -113.550698, 53.509955 ], [ -113.550704, 53.509842 ], [ -113.550564, 53.50984 ], [ -113.55053, 53.509787 ], [ -113.550442, 53.50973 ], [ -113.55037, 53.509723 ], [ -113.550323, 53.509727 ], [ -113.549942, 53.509992 ], [ -113.549786, 53.510064 ], [ -113.549627, 53.510063 ], [ -113.549467, 53.510105 ], [ -113.549289, 53.510248 ], [ -113.54907, 53.51036 ], [ -113.548908, 53.510508 ], [ -113.548751, 53.510565 ], [ -113.548651, 53.510623 ] ], [ [ -113.548651, 53.510623 ], [ -113.54858, 53.510673 ], [ -113.54847, 53.510685 ], [ -113.548453, 53.510623 ], [ -113.548497, 53.510587 ], [ -113.548564, 53.510587 ], [ -113.548651, 53.510623 ] ] ] } },
{ "type": "Feature", "properties": { "cls": "shared", "highway": "cycleway", "name": null }, "geometry": { "type": "LineString", "coordinates": [ [ -113.548908, 53.510508 ], [ -113.54924, 53.510483 ], [ -113.549542, 53.510617 ] ] } },
{ "type": "Feature", "properties": { "cls": "shared", "highway": "cycleway", "name": null }, "geometry": { "type": "LineString", "coordinates": [ [ -113.552703, 53.511235 ], [ -113.552663, 53.511147 ], [ -113.552659, 53.511134 ], [ -113.55266, 53.511124 ], [ -113.552663, 53.511026 ], [ -113.552665, 53.511 ], [ -113.552666, 53.510961 ], [ -113.55266, 53.510936 ], [ -113.552637, 53.510881 ], [ -113.552601, 53.510823 ], [ -113.552571, 53.510791 ], [ -113.552541, 53.510767 ], [ -113.552518, 53.510754 ], [ -113.552496, 53.510748 ], [ -113.552448, 53.510741 ], [ -113.552314, 53.510732 ] ] } },
{ "type": "Feature", "properties": { "cls": "shared", "highway": "cycleway", "name": null }, "geometry": { "type": "LineString", "coordinates": [ [ -113.548839, 53.511935 ], [ -113.548863, 53.511892 ], [ -113.548943, 53.511747 ], [ -113.549059, 53.511529 ], [ -113.549264, 53.511186 ], [ -113.549359, 53.510967 ], [ -113.54941, 53.510783 ], [ -113.549441, 53.510724 ], [ -113.549485, 53.510668 ], [ -113.549542, 53.510617 ], [ -113.549613, 53.510569 ], [ -113.549699, 53.510531 ], [ -113.54979, 53.510497 ], [ -113.549887, 53.510469 ], [ -113.550168, 53.510392 ], [ -113.550301, 53.510355 ], [ -113.550473, 53.51032 ], [ -113.550613, 53.510306 ], [ -113.550746, 53.510296 ], [ -113.55089, 53.510313 ], [ -113.550978, 53.510332 ] ] } },
{ "type": "Feature", "properties": { "cls": "shared", "highway": "cycleway", "name": null }, "geometry": { "type": "LineString", "coordinates": [ [ -113.552452, 53.511369 ], [ -113.552579, 53.511326 ], [ -113.552618, 53.511306 ], [ -113.552654, 53.511279 ], [ -113.5527, 53.511239 ], [ -113.552703, 53.511235 ], [ -113.552734, 53.511202 ], [ -113.55276, 53.511169 ], [ -113.552779, 53.511137 ], [ -113.552789, 53.511111 ], [ -113.552794, 53.511085 ], [ -113.552797, 53.511034 ] ] } },
{ "type": "Feature", "properties": { "cls": "shared", "highway": "cycleway", "name": "Buena Visa Park Access (South)" }, "geometry": { "type": "LineString", "coordinates": [ [ -113.548295, 53.521241 ], [ -113.548222, 53.521069 ], [ -113.548147, 53.520978 ], [ -113.548038, 53.52091 ], [ -113.547857, 53.52083 ], [ -113.547546, 53.520713 ], [ -113.547189, 53.520585 ], [ -113.546999, 53.520515 ], [ -113.546638, 53.520382 ], [ -113.546418, 53.520286 ], [ -113.546165, 53.520155 ], [ -113.546042, 53.520082 ], [ -113.545954, 53.520023 ], [ -113.545884, 53.519957 ], [ -113.545738, 53.519803 ], [ -113.545663, 53.519668 ], [ -113.545622, 53.51945 ], [ -113.545636, 53.519338 ], [ -113.545687, 53.51926 ], [ -113.545724, 53.519237 ], [ -113.545858, 53.519132 ], [ -113.545905, 53.519061 ], [ -113.54593, 53.519003 ], [ -113.545965, 53.518821 ], [ -113.545995, 53.518615 ], [ -113.545998, 53.518543 ], [ -113.545986, 53.518464 ], [ -113.545946, 53.518375 ], [ -113.545866, 53.518265 ], [ -113.545824, 53.518183 ], [ -113.545765, 53.51804 ], [ -113.5457, 53.517852 ], [ -113.545666, 53.51762 ], [ -113.545663, 53.517549 ], [ -113.545644, 53.517358 ], [ -113.545609, 53.516997 ], [ -113.54563, 53.516814 ], [ -113.545699, 53.516634 ], [ -113.545713, 53.516575 ], [ -113.545722, 53.516488 ], [ -113.545753, 53.516059 ], [ -113.545792, 53.515712 ], [ -113.545854, 53.515441 ], [ -113.545968, 53.515219 ], [ -113.546086, 53.515011 ], [ -113.546188, 53.514798 ], [ -113.546228, 53.514652 ], [ -113.546167, 53.514463 ], [ -113.54619, 53.514405 ], [ -113.54622, 53.514366 ], [ -113.546266, 53.514346 ], [ -113.546337, 53.514328 ], [ -113.546435, 53.514308 ], [ -113.546481, 53.514267 ], [ -113.546499, 53.514226 ], [ -113.546521, 53.514167 ], [ -113.546537, 53.514105 ], [ -113.546559, 53.513999 ], [ -113.546586, 53.513969 ], [ -113.546634, 53.513946 ], [ -113.546961, 53.51392 ], [ -113.547049, 53.513898 ], [ -113.547081, 53.51386 ], [ -113.547068, 53.51376 ], [ -113.54704, 53.513642 ], [ -113.546979, 53.513547 ], [ -113.546925, 53.513451 ], [ -113.546922, 53.513378 ], [ -113.546953, 53.513325 ], [ -113.547026, 53.513263 ], [ -113.54706, 53.513232 ], [ -113.547084, 53.513187 ], [ -113.547059, 53.513026 ], [ -113.547166, 53.512923 ], [ -113.547287, 53.512841 ], [ -113.547358, 53.512775 ], [ -113.547461, 53.512645 ], [ -113.547541, 53.512552 ], [ -113.547569, 53.512454 ], [ -113.54758, 53.512305 ], [ -113.547576, 53.512257 ], [ -113.547599, 53.512191 ], [ -113.547702, 53.512136 ], [ -113.547866, 53.512112 ], [ -113.548134, 53.512076 ], [ -113.54838, 53.512032 ], [ -113.548478, 53.511995 ], [ -113.548552, 53.511997 ], [ -113.548728, 53.512025 ], [ -113.54879, 53.51202 ], [ -113.548813, 53.51198 ], [ -113.548839, 53.511935 ] ] } },
{ "type": "Feature", "properties": { "cls": "shared", "highway": "cycleway", "name": null }, "geometry": { "type": "LineString", "coordinates": [ [ -113.544194, 53.508893 ], [ -113.544049, 53.508922 ], [ -113.543923, 53.508944 ], [ -113.543463, 53.509014 ], [ -113.542897, 53.509114 ], [ -113.542706, 53.509147 ], [ -113.542317, 53.509258 ], [ -113.541944, 53.509392 ], [ -113.541464, 53.509602 ], [ -113.541334, 53.509701 ], [ -113.541192, 53.509843 ], [ -113.541169, 53.509854 ], [ -113.541141, 53.509859 ], [ -113.541113, 53.509856 ], [ -113.54109, 53.509847 ], [ -113.541074, 53.509833 ], [ -113.541069, 53.509817 ], [ -113.541074, 53.509801 ], [ -113.541164, 53.509648 ], [ -113.541297, 53.509513 ], [ -113.541305, 53.509493 ], [ -113.541302, 53.509473 ], [ -113.541288, 53.509455 ], [ -113.541264, 53.509441 ], [ -113.541233, 53.509432 ], [ -113.541199, 53.50943 ], [ -113.541166, 53.509436 ], [ -113.541138, 53.509447 ], [ -113.541111, 53.509462 ], [ -113.541026, 53.509495 ], [ -113.540944, 53.509532 ], [ -113.540862, 53.509584 ], [ -113.54075, 53.509677 ], [ -113.540685, 53.509753 ], [ -113.540602, 53.509861 ], [ -113.540549, 53.509971 ], [ -113.540533, 53.510033 ], [ -113.540534, 53.510091 ], [ -113.540542, 53.510323 ], [ -113.540578, 53.510388 ], [ -113.540628, 53.51048 ], [ -113.540633, 53.510493 ], [ -113.540629, 53.510507 ], [ -113.540616, 53.510518 ], [ -113.540597, 53.510525 ], [ -113.540574, 53.510527 ], [ -113.540553, 53.510524 ], [ -113.540535, 53.510515 ], [ -113.540524, 53.510504 ], [ -113.540511, 53.510475 ], [ -113.540499, 53.510447 ], [ -113.540484, 53.510436 ], [ -113.540463, 53.510428 ], [ -113.540439, 53.510426 ], [ -113.540415, 53.510429 ], [ -113.540395, 53.510438 ], [ -113.540382, 53.51045 ], [ -113.540378, 53.510465 ], [ -113.540383, 53.510479 ], [ -113.540404, 53.510505 ], [ -113.54048, 53.510602 ], [ -113.540556, 53.510701 ], [ -113.540581, 53.510742 ], [ -113.540597, 53.510784 ], [ -113.540603, 53.510828 ], [ -113.540601, 53.510871 ], [ -113.540588, 53.510916 ], [ -113.540565, 53.510961 ], [ -113.540533, 53.511002 ], [ -113.540402, 53.511093 ], [ -113.540345, 53.511135 ], [ -113.540283, 53.511172 ], [ -113.540212, 53.51119 ] ] } },
{ "type": "Feature", "properties": { "cls": "shared", "highway": "cycleway", "name": null }, "geometry": { "type": "LineString", "coordinates": [ [ -113.54013, 53.510328 ], [ -113.540098, 53.510329 ] ] } },
{ "type": "Feature", "properties": { "cls": "shared", "highway": "cycleway", "name": null }, "geometry": { "type": "MultiLineString", "coordinates": [ [ [ -113.540229, 53.510844 ], [ -113.540257, 53.510902 ], [ -113.540258, 53.510936 ] ], [ [ -113.540251, 53.51101 ], [ -113.540247, 53.51103 ], [ -113.540225, 53.511137 ], [ -113.540212, 53.51119 ] ] ] } },
{ "type": "Feature", "properties": { "cls": "shared", "highway": "cycleway", "name": null }, "geometry": { "type": "MultiLineString", "coordinates": [ [ [ -113.540212, 53.51119 ], [ -113.540171, 53.511232 ], [ -113.540071, 53.511331 ], [ -113.53992, 53.511474 ], [ -113.539752, 53.511623 ], [ -113.539606, 53.511767 ], [ -113.539463, 53.511879 ], [ -113.539365, 53.511932 ], [ -113.539263, 53.511987 ], [ -113.539199, 53.512028 ] ], [ [ -113.539165, 53.512053 ], [ -113.539129, 53.512095 ], [ -113.539112, 53.512134 ], [ -113.539093, 53.512181 ] ] ] } },
{ "type": "Feature", "properties": { "cls": "separated", "highway": "cycleway", "name": "Belgravia Access North" }, "geometry": { "type": "LineString", "coordinates": [ [ -113.53889, 53.512321 ], [ -113.538965, 53.512378 ], [ -113.538921, 53.512569 ], [ -113.539014, 53.512723 ], [ -113.539098, 53.512796 ], [ -113.539385, 53.512985 ], [ -113.539452, 53.513036 ], [ -113.539511, 53.513127 ], [ -113.539516, 53.513188 ], [ -113.539482, 53.513315 ], [ -113.539448, 53.513567 ], [ -113.539422, 53.51366 ], [ -113.539359, 53.513773 ], [ -113.538946, 53.514306 ], [ -113.538916, 53.514345 ], [ -113.538866, 53.514458 ], [ -113.538741, 53.514717 ], [ -113.538687, 53.514991 ], [ -113.538663, 53.515265 ] ] } },
{ "type": "Feature", "properties": { "cls": "shared", "highway": "cycleway", "name": null }, "geometry": { "type": "LineString", "coordinates": [ [ -113.539093, 53.512181 ], [ -113.539079, 53.512197 ], [ -113.539046, 53.51223 ], [ -113.538935, 53.512295 ], [ -113.53889, 53.512321 ], [ -113.538876, 53.51234 ] ] } },
{ "type": "Feature", "properties": { "cls": "separated", "highway": "cycleway", "name": null }, "geometry": { "type": "LineString", "coordinates": [ [ -113.540235, 53.518175 ], [ -113.540236, 53.51814 ], [ -113.540176, 53.518063 ], [ -113.540065, 53.517977 ], [ -113.539844, 53.517775 ], [ -113.539603, 53.51764 ], [ -113.539453, 53.517433 ], [ -113.539415, 53.517117 ], [ -113.539099, 53.516546 ], [ -113.538943, 53.516212 ], [ -113.538964, 53.516058 ], [ -113.539005, 53.516007 ], [ -113.539002, 53.515783 ], [ -113.538892, 53.515542 ], [ -113.538663, 53.515265 ] ] } },
{ "type": "Feature", "properties": { "cls": "shared", "highway": "path", "name": "Belgravia Access North" }, "geometry": { "type": "LineString", "coordinates": [ [ -113.538663, 53.515265 ], [ -113.53865, 53.515452 ], [ -113.53863, 53.515625 ], [ -113.538628, 53.515852 ], [ -113.538621, 53.515952 ], [ -113.538615, 53.516015 ], [ -113.538606, 53.516195 ], [ -113.538604, 53.516239 ], [ -113.538606, 53.516351 ], [ -113.53865, 53.516473 ], [ -113.538781, 53.516645 ], [ -113.538927, 53.516769 ], [ -113.539009, 53.516856 ], [ -113.539033, 53.516901 ], [ -113.539033, 53.516987 ], [ -113.539032, 53.517265 ], [ -113.539045, 53.517368 ], [ -113.539107, 53.517515 ], [ -113.539178, 53.517576 ], [ -113.539333, 53.517705 ], [ -113.539596, 53.517904 ], [ -113.539605, 53.517908 ], [ -113.539834, 53.518021 ], [ -113.539957, 53.518065 ], [ -113.54008, 53.518158 ], [ -113.540143, 53.518207 ] ] } },
{ "type": "Feature", "properties": { "cls": "separated", "highway": "cycleway", "name": null }, "geometry": { "type": "LineString", "coordinates": [ [ -113.540235, 53.518175 ], [ -113.540143, 53.518207 ] ] } },
{ "type": "Feature", "properties": { "cls": "separated", "highway": "cycleway", "name": "Belgravia Access North" }, "geometry": { "type": "LineString", "coordinates": [ [ -113.540143, 53.518207 ], [ -113.540193, 53.518399 ], [ -113.540307, 53.518611 ], [ -113.540381, 53.518786 ], [ -113.540432, 53.518995 ], [ -113.540508, 53.519202 ], [ -113.540511, 53.519209 ], [ -113.540518, 53.519301 ], [ -113.540576, 53.519534 ], [ -113.540574, 53.519661 ], [ -113.54056, 53.519689 ], [ -113.54056, 53.51974 ], [ -113.540586, 53.519857 ], [ -113.540631, 53.519988 ], [ -113.540688, 53.520087 ], [ -113.540944, 53.520346 ], [ -113.541073, 53.520512 ], [ -113.541154, 53.520572 ], [ -113.541302, 53.520658 ], [ -113.541454, 53.520736 ], [ -113.541642, 53.520843 ], [ -113.54171, 53.520881 ] ] } },
{ "type": "Feature", "properties": { "cls": "separated", "highway": "cycleway", "name": null }, "geometry": { "type": "LineString", "coordinates": [ [ -113.54171, 53.520881 ], [ -113.541796, 53.520935 ], [ -113.54186, 53.520984 ], [ -113.541946, 53.521098 ], [ -113.542122, 53.521382 ], [ -113.542253, 53.52162 ], [ -113.54241, 53.521829 ], [ -113.542487, 53.521908 ], [ -113.542622, 53.52199 ], [ -113.542864, 53.522086 ], [ -113.543003, 53.522138 ], [ -113.543502, 53.522302 ] ] } },
{ "type": "Feature", "properties": { "cls": "sharrow", "highway": "residential", "name": "Saskatchewan Drive NW" }, "geometry": { "type": "LineString", "coordinates": [ [ -113.54122, 53.522646 ], [ -113.540983, 53.522741 ] ] } },
{ "type": "Feature", "properties": { "cls": "separated", "highway": "cycleway", "name": "Belgravia Access North" }, "geometry": { "type": "LineString", "coordinates": [ [ -113.543502, 53.522302 ], [ -113.543881, 53.52249 ], [ -113.544032, 53.522599 ], [ -113.544139, 53.522736 ], [ -113.544166, 53.52283 ] ] } },
{ "type": "Feature", "properties": { "cls": "shared", "highway": "cycleway", "name": null }, "geometry": { "type": "LineString", "coordinates": [ [ -113.541219, 53.52478 ], [ -113.541223, 53.524797 ] ] } },
{ "type": "Feature", "properties": { "cls": "shared", "highway": "footway", "name": null }, "geometry": { "type": "LineString", "coordinates": [ [ -113.551277, 53.520913 ], [ -113.551203, 53.520914 ], [ -113.550836, 53.52095 ], [ -113.550717, 53.520982 ], [ -113.550663, 53.520997 ], [ -113.550523, 53.521005 ], [ -113.55038, 53.521007 ], [ -113.550167, 53.521048 ] ] } },
{ "type": "Feature", "properties": { "cls": "shared", "highway": "footway", "name": null }, "geometry": { "type": "LineString", "coordinates": [ [ -113.548295, 53.521241 ], [ -113.548396, 53.521247 ], [ -113.548679, 53.52123 ], [ -113.549095, 53.521387 ], [ -113.549367, 53.521416 ], [ -113.549409, 53.521385 ], [ -113.549476, 53.521322 ], [ -113.549623, 53.521164 ], [ -113.549681, 53.521103 ], [ -113.549701, 53.521083 ], [ -113.549803, 53.521043 ], [ -113.5499, 53.521038 ], [ -113.549992, 53.52105 ], [ -113.550167, 53.521048 ] ] } },
{ "type": "Feature", "properties": { "cls": "shared", "highway": "cycleway", "name": null }, "geometry": { "type": "LineString", "coordinates": [ [ -113.548081, 53.521628 ], [ -113.548103, 53.521609 ], [ -113.548228, 53.521459 ], [ -113.548297, 53.521287 ], [ -113.548295, 53.521241 ] ] } },
{ "type": "Feature", "properties": { "cls": "shared", "highway": "footway", "name": null }, "geometry": { "type": "LineString", "coordinates": [ [ -113.552276, 53.521845 ], [ -113.552468, 53.521631 ], [ -113.552625, 53.521463 ], [ -113.552756, 53.521357 ], [ -113.552825, 53.521305 ], [ -113.552947, 53.521189 ], [ -113.55307, 53.521094 ], [ -113.553204, 53.521026 ], [ -113.553253, 53.520979 ], [ -113.553286, 53.520937 ] ] } },
{ "type": "Feature", "properties": { "cls": "shared", "highway": "cycleway", "name": null }, "geometry": { "type": "LineString", "coordinates": [ [ -113.548162, 53.521789 ], [ -113.548092, 53.521766 ], [ -113.548018, 53.52175 ], [ -113.547859, 53.521672 ], [ -113.547774, 53.521608 ], [ -113.547715, 53.521563 ], [ -113.547787, 53.521505 ], [ -113.547849, 53.521459 ], [ -113.548002, 53.521356 ], [ -113.548128, 53.521269 ], [ -113.548225, 53.521245 ], [ -113.548295, 53.521241 ] ] } },
{ "type": "Feature", "properties": { "cls": "shared", "highway": "footway", "name": null }, "geometry": { "type": "LineString", "coordinates": [ [ -113.548795, 53.522023 ], [ -113.548951, 53.521848 ], [ -113.549153, 53.521686 ], [ -113.549342, 53.521561 ], [ -113.549447, 53.52149 ], [ -113.549714, 53.52131 ], [ -113.550107, 53.521073 ], [ -113.550167, 53.521048 ] ] } },
{ "type": "Feature", "properties": { "cls": "shared", "highway": "footway", "name": null }, "geometry": { "type": "LineString", "coordinates": [ [ -113.551277, 53.520913 ], [ -113.551308, 53.521127 ], [ -113.551369, 53.521243 ], [ -113.551406, 53.521311 ], [ -113.551445, 53.521437 ], [ -113.551445, 53.521584 ], [ -113.551486, 53.521632 ], [ -113.551513, 53.521694 ], [ -113.551607, 53.521799 ], [ -113.551726, 53.521949 ], [ -113.551917, 53.522169 ], [ -113.552091, 53.522358 ], [ -113.55222, 53.522474 ], [ -113.552492, 53.52262 ], [ -113.552656, 53.522741 ], [ -113.552877, 53.522973 ], [ -113.553063, 53.523214 ], [ -113.553205, 53.523403 ], [ -113.553332, 53.523563 ], [ -113.553384, 53.523678 ] ] } },
{ "type": "Feature", "properties": { "cls": "shared", "highway": "footway", "name": null }, "geometry": { "type": "LineString", "coordinates": [ [ -113.552276, 53.521845 ], [ -113.552119, 53.522008 ], [ -113.551917, 53.522169 ], [ -113.551673, 53.522417 ], [ -113.551416, 53.522698 ], [ -113.551184, 53.522915 ], [ -113.551124, 53.522944 ] ] } },
{ "type": "Feature", "properties": { "cls": "shared", "highway": "cycleway", "name": "Hawrelak Foot Bridge" }, "geometry": { "type": "LineString", "coordinates": [ [ -113.548081, 53.521628 ], [ -113.54576, 53.523783 ] ] } },
{ "type": "Feature", "properties": { "cls": "shared", "highway": "cycleway", "name": null }, "geometry": { "type": "LineString", "coordinates": [ [ -113.544166, 53.52283 ], [ -113.544219, 53.522905 ], [ -113.544514, 53.523077 ], [ -113.545106, 53.52344 ], [ -113.545378, 53.523614 ], [ -113.545529, 53.523706 ], [ -113.545733, 53.523815 ] ] } },
{ "type": "Feature", "properties": { "cls": "separated", "highway": "cycleway", "name": "Belgravia Access North" }, "geometry": { "type": "LineString", "coordinates": [ [ -113.544166, 53.52283 ], [ -113.544157, 53.522903 ], [ -113.544164, 53.522991 ], [ -113.544224, 53.523106 ], [ -113.544296, 53.523177 ], [ -113.54441, 53.523275 ], [ -113.544767, 53.523535 ], [ -113.544904, 53.523628 ], [ -113.545067, 53.523703 ], [ -113.545385, 53.523874 ], [ -113.545582, 53.523959 ] ] } },
{ "type": "Feature", "properties": { "cls": "shared", "highway": "cycleway", "name": null }, "geometry": { "type": "LineString", "coordinates": [ [ -113.545733, 53.523815 ], [ -113.54576, 53.523783 ] ] } },
{ "type": "Feature", "properties": { "cls": "shared", "highway": "cycleway", "name": null }, "geometry": { "type": "LineString", "coordinates": [ [ -113.545582, 53.523959 ], [ -113.545733, 53.523815 ] ] } },
{ "type": "Feature", "properties": { "cls": "shared", "highway": "cycleway", "name": null }, "geometry": { "type": "LineString", "coordinates": [ [ -113.545208, 53.524254 ], [ -113.545245, 53.524313 ], [ -113.545303, 53.524402 ], [ -113.545396, 53.524551 ], [ -113.545458, 53.524652 ], [ -113.545495, 53.524686 ], [ -113.54555, 53.524715 ], [ -113.545632, 53.524741 ] ] } },
{ "type": "Feature", "properties": { "cls": "shared", "highway": "cycleway", "name": null }, "geometry": { "type": "LineString", "coordinates": [ [ -113.545965, 53.52513 ], [ -113.545972, 53.525086 ], [ -113.545977, 53.52505 ] ] } },
{ "type": "Feature", "properties": { "cls": "shared", "highway": "cycleway", "name": "Buena Visa Park Access (North)" }, "geometry": { "type": "LineString", "coordinates": [ [ -113.5587, 53.52847 ], [ -113.558727, 53.528396 ], [ -113.55867, 53.528312 ], [ -113.558534, 53.528212 ], [ -113.558428, 53.528133 ], [ -113.558256, 53.528033 ], [ -113.558099, 53.52798 ], [ -113.558034, 53.527899 ], [ -113.557919, 53.527727 ], [ -113.55761, 53.527282 ], [ -113.557469, 53.527193 ], [ -113.557336, 53.527054 ], [ -113.557255, 53.526814 ], [ -113.557205, 53.526754 ], [ -113.556984, 53.526544 ], [ -113.55659, 53.526099 ], [ -113.556469, 53.525931 ], [ -113.556325, 53.52571 ], [ -113.556287, 53.525651 ], [ -113.556239, 53.525473 ], [ -113.556212, 53.525455 ], [ -113.556039, 53.525313 ], [ -113.555898, 53.525212 ], [ -113.555789, 53.525191 ], [ -113.555763, 53.525163 ], [ -113.555577, 53.525036 ], [ -113.555471, 53.524969 ], [ -113.555404, 53.524873 ], [ -113.555329, 53.524686 ], [ -113.555131, 53.524553 ], [ -113.554997, 53.524503 ], [ -113.554784, 53.524398 ], [ -113.55441, 53.524143 ], [ -113.554011, 53.52393 ], [ -113.553783, 53.523863 ], [ -113.553698, 53.523823 ], [ -113.553543, 53.523751 ], [ -113.553384, 53.523678 ], [ -113.552915, 53.523541 ], [ -113.552429, 53.5234 ], [ -113.552033, 53.523228 ], [ -113.551746, 53.523152 ], [ -113.551418, 53.523052 ], [ -113.551124, 53.522944 ], [ -113.550987, 53.522915 ], [ -113.550529, 53.522783 ], [ -113.550032, 53.52262 ], [ -113.549534, 53.52239 ], [ -113.549211, 53.522232 ], [ -113.548795, 53.522023 ], [ -113.548482, 53.52194 ], [ -113.548162, 53.521789 ] ] } },
{ "type": "Feature", "properties": { "cls": "shared", "highway": "cycleway", "name": null }, "geometry": { "type": "LineString", "coordinates": [ [ -113.548772, 53.525864 ], [ -113.548708, 53.525899 ], [ -113.548537, 53.52601 ], [ -113.548498, 53.526046 ] ] } },
{ "type": "Feature", "properties": { "cls": "shared", "highway": "cycleway", "name": null }, "geometry": { "type": "LineString", "coordinates": [ [ -113.548486, 53.525884 ], [ -113.548489, 53.525927 ], [ -113.548498, 53.526046 ], [ -113.548481, 53.52609 ], [ -113.548501, 53.526132 ], [ -113.548514, 53.526182 ], [ -113.548514, 53.526211 ], [ -113.548509, 53.52623 ], [ -113.548496, 53.526246 ], [ -113.548466, 53.526266 ], [ -113.548425, 53.526278 ], [ -113.548331, 53.526299 ], [ -113.548264, 53.526314 ], [ -113.548222, 53.526329 ] ] } },
{ "type": "Feature", "properties": { "cls": "shared", "highway": "cycleway", "name": null }, "geometry": { "type": "LineString", "coordinates": [ [ -113.548481, 53.52609 ], [ -113.548449, 53.52613 ], [ -113.548392, 53.526172 ], [ -113.548275, 53.526269 ], [ -113.548245, 53.526294 ], [ -113.548232, 53.52631 ], [ -113.548222, 53.526329 ], [ -113.548205, 53.526372 ], [ -113.548187, 53.52645 ] ] } },
{ "type": "Feature", "properties": { "cls": "shared", "highway": "cycleway", "name": null }, "geometry": { "type": "LineString", "coordinates": [ [ -113.545733, 53.523815 ], [ -113.545866, 53.523903 ], [ -113.545966, 53.523953 ], [ -113.546713, 53.524246 ], [ -113.547435, 53.524489 ], [ -113.547755, 53.524605 ], [ -113.548138, 53.52473 ], [ -113.548504, 53.524868 ], [ -113.54886, 53.525009 ], [ -113.549269, 53.525195 ], [ -113.549601, 53.525341 ], [ -113.549796, 53.525426 ], [ -113.549876, 53.52547 ], [ -113.54997, 53.525506 ], [ -113.550234, 53.525576 ], [ -113.550516, 53.525664 ], [ -113.550838, 53.52583 ], [ -113.551136, 53.525994 ], [ -113.551533, 53.526227 ], [ -113.551683, 53.526343 ], [ -113.551924, 53.526424 ], [ -113.55207, 53.52648 ], [ -113.552327, 53.526613 ], [ -113.55249, 53.526735 ], [ -113.552782, 53.526929 ], [ -113.553125, 53.527195 ], [ -113.553366, 53.527419 ], [ -113.553503, 53.527434 ], [ -113.553649, 53.527547 ], [ -113.5537, 53.527669 ], [ -113.553726, 53.527843 ], [ -113.55375, 53.527862 ], [ -113.553855, 53.527945 ], [ -113.553969, 53.528061 ], [ -113.554112, 53.528149 ], [ -113.554335, 53.528235 ], [ -113.554567, 53.528348 ], [ -113.554799, 53.528475 ], [ -113.554833, 53.528598 ], [ -113.554911, 53.528705 ], [ -113.554953, 53.528792 ], [ -113.555099, 53.529001 ], [ -113.555108, 53.529139 ], [ -113.555173, 53.529278 ], [ -113.555194, 53.529322 ], [ -113.55522, 53.52944 ], [ -113.555271, 53.529542 ], [ -113.555331, 53.529623 ], [ -113.555331, 53.52974 ], [ -113.555348, 53.529832 ], [ -113.555417, 53.529945 ], [ -113.555468, 53.530057 ], [ -113.555571, 53.530307 ], [ -113.555632, 53.530445 ] ] } },
{ "type": "Feature", "properties": { "cls": "shared", "highway": "cycleway", "name": null }, "geometry": { "type": "LineString", "coordinates": [ [ -113.469401, 53.500029 ], [ -113.469272, 53.500002 ], [ -113.468963, 53.500005 ], [ -113.468689, 53.500024 ], [ -113.467958, 53.500037 ], [ -113.467464, 53.500046 ], [ -113.466988, 53.500055 ] ] } },
{ "type": "Feature", "properties": { "cls": "shared", "highway": "cycleway", "name": null }, "geometry": { "type": "LineString", "coordinates": [ [ -113.453894, 53.502907 ], [ -113.453616, 53.503046 ], [ -113.453452, 53.503119 ], [ -113.453395, 53.503155 ], [ -113.453359, 53.503193 ], [ -113.453326, 53.503237 ], [ -113.453307, 53.503297 ] ] } },
{ "type": "Feature", "properties": { "cls": "shared", "highway": "cycleway", "name": null }, "geometry": { "type": "LineString", "coordinates": [ [ -113.454873, 53.503247 ], [ -113.45463, 53.503299 ], [ -113.454538, 53.50331 ], [ -113.454454, 53.503314 ], [ -113.454372, 53.503317 ], [ -113.454289, 53.503318 ], [ -113.453558, 53.503333 ], [ -113.453515, 53.503331 ], [ -113.453482, 53.503327 ], [ -113.453307, 53.503297 ] ] } },
{ "type": "Feature", "properties": { "cls": "shared", "highway": "cycleway", "name": null }, "geometry": { "type": "LineString", "coordinates": [ [ -113.453307, 53.503297 ], [ -113.453238, 53.503271 ], [ -113.45318, 53.503272 ] ] } },
{ "type": "Feature", "properties": { "cls": "shared", "highway": "cycleway", "name": "On-Leash Path" }, "geometry": { "type": "LineString", "coordinates": [ [ -113.45862, 53.505575 ], [ -113.458441, 53.50547 ], [ -113.458339, 53.505387 ], [ -113.458231, 53.505286 ], [ -113.458162, 53.505212 ], [ -113.458138, 53.505168 ], [ -113.458094, 53.505107 ], [ -113.458069, 53.50509 ], [ -113.458072, 53.505064 ], [ -113.458104, 53.505025 ], [ -113.458129, 53.504994 ], [ -113.458234, 53.504909 ], [ -113.458366, 53.504848 ], [ -113.458503, 53.504805 ], [ -113.458719, 53.504767 ], [ -113.459151, 53.504638 ] ] } },
{ "type": "Feature", "properties": { "cls": "sharrow", "highway": "unclassified", "name": null }, "geometry": { "type": "LineString", "coordinates": [ [ -113.409782, 53.541155 ], [ -113.409786, 53.541222 ], [ -113.409764, 53.541323 ], [ -113.409747, 53.54139 ], [ -113.409701, 53.541445 ], [ -113.409655, 53.541468 ], [ -113.409591, 53.541481 ], [ -113.409497, 53.541489 ], [ -113.409044, 53.541489 ], [ -113.40889, 53.541481 ], [ -113.408202, 53.54142 ], [ -113.408042, 53.541411 ], [ -113.407872, 53.541407 ], [ -113.406575, 53.54141 ], [ -113.402609, 53.541418 ], [ -113.402489, 53.541431 ], [ -113.40237, 53.541464 ], [ -113.402286, 53.541506 ], [ -113.402209, 53.541561 ], [ -113.402156, 53.541616 ], [ -113.402122, 53.541684 ], [ -113.402107, 53.541753 ], [ -113.402104, 53.541771 ], [ -113.402096, 53.541856 ], [ -113.402139, 53.541989 ], [ -113.402223, 53.542148 ], [ -113.402705, 53.542672 ], [ -113.402769, 53.542759 ], [ -113.402805, 53.542829 ], [ -113.402816, 53.542898 ], [ -113.402816, 53.542976 ], [ -113.402804, 53.543061 ], [ -113.402773, 53.543126 ], [ -113.402749, 53.543176 ], [ -113.402698, 53.54324 ], [ -113.402623, 53.543309 ], [ -113.402548, 53.543352 ], [ -113.402468, 53.54339 ], [ -113.402399, 53.543424 ], [ -113.402055, 53.543617 ], [ -113.401985, 53.543667 ], [ -113.401942, 53.543713 ], [ -113.4019, 53.543788 ], [ -113.401865, 53.543888 ], [ -113.40184, 53.544666 ] ] } },
{ "type": "Feature", "properties": { "cls": "sharrow", "highway": "service", "name": null }, "geometry": { "type": "LineString", "coordinates": [ [ -113.40184, 53.544666 ], [ -113.401838, 53.545222 ] ] } },
{ "type": "Feature", "properties": { "cls": "shared", "highway": "cycleway", "name": null }, "geometry": { "type": "LineString", "coordinates": [ [ -113.388861, 53.553762 ], [ -113.388663, 53.553796 ], [ -113.388516, 53.553737 ], [ -113.388295, 53.553722 ], [ -113.387919, 53.553282 ], [ -113.387898, 53.553118 ], [ -113.387751, 53.553099 ] ] } },
{ "type": "Feature", "properties": { "cls": "shared", "highway": "cycleway", "name": null }, "geometry": { "type": "LineString", "coordinates": [ [ -113.391499, 53.553529 ], [ -113.391478, 53.553653 ] ] } },
{ "type": "Feature", "properties": { "cls": "shared", "highway": "cycleway", "name": null }, "geometry": { "type": "LineString", "coordinates": [ [ -113.392575, 53.553963 ], [ -113.392182, 53.553612 ], [ -113.392072, 53.553539 ], [ -113.391852, 53.553476 ], [ -113.39151, 53.553451 ], [ -113.391499, 53.553529 ] ] } },
{ "type": "Feature", "properties": { "cls": "shared", "highway": "cycleway", "name": null }, "geometry": { "type": "LineString", "coordinates": [ [ -113.39151, 53.553451 ], [ -113.391434, 53.553387 ], [ -113.391298, 53.553348 ], [ -113.391177, 53.553295 ], [ -113.391115, 53.553232 ], [ -113.390902, 53.553096 ], [ -113.39061, 53.553128 ], [ -113.390369, 53.553215 ], [ -113.390021, 53.553317 ], [ -113.389552, 53.553379 ], [ -113.389166, 53.553448 ], [ -113.388851, 53.553537 ], [ -113.388581, 53.553628 ], [ -113.38852, 53.553697 ], [ -113.388516, 53.553737 ], [ -113.388513, 53.553769 ], [ -113.388567, 53.553878 ], [ -113.388649, 53.554065 ], [ -113.388968, 53.554446 ] ] } },
{ "type": "Feature", "properties": { "cls": "shared", "highway": "cycleway", "name": null }, "geometry": { "type": "LineString", "coordinates": [ [ -113.388758, 53.554909 ], [ -113.388868, 53.554792 ], [ -113.388954, 53.554622 ], [ -113.38906, 53.5545 ] ] } },
{ "type": "Feature", "properties": { "cls": "shared", "highway": "cycleway", "name": null }, "geometry": { "type": "LineString", "coordinates": [ [ -113.392575, 53.553963 ], [ -113.392569, 53.554001 ], [ -113.392577, 53.554039 ], [ -113.392594, 53.55407 ], [ -113.392621, 53.554098 ], [ -113.392655, 53.554121 ], [ -113.392696, 53.55414 ], [ -113.392742, 53.554154 ], [ -113.392793, 53.554163 ], [ -113.392845, 53.554166 ], [ -113.393112, 53.554176 ], [ -113.393522, 53.554183 ], [ -113.393769, 53.554171 ], [ -113.393935, 53.554166 ], [ -113.394021, 53.554171 ], [ -113.394101, 53.554181 ], [ -113.394166, 53.554196 ], [ -113.394235, 53.554223 ], [ -113.394286, 53.554251 ], [ -113.394329, 53.554278 ], [ -113.394405, 53.55435 ], [ -113.394469, 53.554482 ], [ -113.394524, 53.554615 ], [ -113.394558, 53.554662 ], [ -113.394598, 53.554706 ], [ -113.394652, 53.554754 ], [ -113.394714, 53.554799 ], [ -113.394783, 53.554841 ], [ -113.394877, 53.554885 ], [ -113.395064, 53.554969 ], [ -113.395251, 53.555056 ], [ -113.395483, 53.555203 ], [ -113.395708, 53.555357 ] ] } },
{ "type": "Feature", "properties": { "cls": "shared", "highway": "cycleway", "name": null }, "geometry": { "type": "LineString", "coordinates": [ [ -113.388043, 53.55516 ], [ -113.387832, 53.554896 ] ] } },
{ "type": "Feature", "properties": { "cls": "shared", "highway": "cycleway", "name": null }, "geometry": { "type": "LineString", "coordinates": [ [ -113.387486, 53.555358 ], [ -113.387339, 53.555357 ], [ -113.387214, 53.555363 ], [ -113.387127, 53.555358 ], [ -113.387043, 53.555343 ], [ -113.386971, 53.55532 ], [ -113.386934, 53.555298 ], [ -113.386907, 53.555283 ], [ -113.386861, 53.555264 ], [ -113.386784, 53.555243 ] ] } },
{ "type": "Feature", "properties": { "cls": "shared", "highway": "cycleway", "name": null }, "geometry": { "type": "LineString", "coordinates": [ [ -113.386934, 53.555298 ], [ -113.386978, 53.555343 ], [ -113.387002, 53.555374 ], [ -113.387014, 53.555402 ], [ -113.387003, 53.555426 ] ] } },
{ "type": "Feature", "properties": { "cls": "shared", "highway": "cycleway", "name": null }, "geometry": { "type": "LineString", "coordinates": [ [ -113.395572, 53.555646 ], [ -113.395636, 53.555583 ], [ -113.3957, 53.555517 ], [ -113.39573, 53.555455 ], [ -113.395732, 53.555412 ], [ -113.395708, 53.555357 ] ] } },
{ "type": "Feature", "properties": { "cls": "shared", "highway": "cycleway", "name": null }, "geometry": { "type": "LineString", "coordinates": [ [ -113.381638, 53.559225 ], [ -113.381639, 53.558962 ], [ -113.38164, 53.558954 ], [ -113.381697, 53.558018 ], [ -113.381753, 53.557437 ], [ -113.381765, 53.557276 ], [ -113.381768, 53.557235 ], [ -113.381799, 53.556995 ], [ -113.381908, 53.556687 ], [ -113.382043, 53.556378 ], [ -113.382185, 53.55605 ], [ -113.382258, 53.55592 ], [ -113.382332, 53.555798 ], [ -113.382468, 53.555597 ], [ -113.382627, 53.555403 ], [ -113.382754, 53.555255 ], [ -113.382898, 53.555115 ], [ -113.383103, 53.554909 ], [ -113.383255, 53.554785 ], [ -113.383563, 53.554553 ], [ -113.384396, 53.554018 ], [ -113.384467, 53.55396 ], [ -113.384504, 53.553907 ], [ -113.384523, 53.553862 ], [ -113.384536, 53.553822 ], [ -113.384622, 53.553592 ], [ -113.384717, 53.55336 ], [ -113.38479, 53.553213 ], [ -113.384878, 53.553134 ], [ -113.384989, 53.553071 ], [ -113.38528, 53.552922 ], [ -113.385576, 53.55279 ], [ -113.385926, 53.552653 ], [ -113.386014, 53.552627 ], [ -113.386103, 53.552605 ], [ -113.386248, 53.552575 ], [ -113.386397, 53.552553 ], [ -113.386548, 53.552539 ], [ -113.387056, 53.552498 ], [ -113.387252, 53.552495 ], [ -113.387377, 53.552488 ], [ -113.387514, 53.552468 ], [ -113.387748, 53.552435 ], [ -113.388006, 53.55242 ], [ -113.388148, 53.552402 ], [ -113.388256, 53.552374 ], [ -113.388399, 53.552332 ], [ -113.388518, 53.552311 ], [ -113.388712, 53.552298 ], [ -113.389148, 53.552292 ], [ -113.389379, 53.552296 ], [ -113.389554, 53.552305 ], [ -113.390026, 53.552354 ], [ -113.390175, 53.552362 ], [ -113.390613, 53.552376 ], [ -113.391273, 53.552397 ], [ -113.391461, 53.55241 ], [ -113.391656, 53.552448 ], [ -113.392024, 53.552555 ], [ -113.392134, 53.552595 ], [ -113.392311, 53.552665 ], [ -113.392464, 53.552735 ], [ -113.392925, 53.552973 ], [ -113.393056, 53.553066 ], [ -113.393096, 53.553109 ], [ -113.393123, 53.553155 ], [ -113.393136, 53.553203 ], [ -113.393133, 53.553252 ], [ -113.39312, 53.55329 ], [ -113.393099, 53.553326 ], [ -113.392575, 53.553963 ] ] } },
{ "type": "Feature", "properties": { "cls": "shared", "highway": "cycleway", "name": null }, "geometry": { "type": "LineString", "coordinates": [ [ -113.395708, 53.555357 ], [ -113.395778, 53.555399 ], [ -113.396152, 53.555667 ], [ -113.396276, 53.555734 ], [ -113.396375, 53.555776 ], [ -113.396443, 53.555776 ], [ -113.396507, 53.555758 ], [ -113.396631, 53.5557 ] ] } },
{ "type": "Feature", "properties": { "cls": "shared", "highway": "cycleway", "name": null }, "geometry": { "type": "LineString", "coordinates": [ [ -113.383731, 53.559439 ], [ -113.383549, 53.55942 ], [ -113.383366, 53.559393 ], [ -113.383162, 53.559377 ], [ -113.3828, 53.559375 ], [ -113.38236, 53.559325 ], [ -113.382072, 53.559301 ], [ -113.381817, 53.559269 ], [ -113.381638, 53.559225 ] ] } },
{ "type": "Feature", "properties": { "cls": "shared", "highway": "cycleway", "name": null }, "geometry": { "type": "LineString", "coordinates": [ [ -113.383731, 53.559439 ], [ -113.383818, 53.559542 ], [ -113.38391, 53.55962 ], [ -113.384087, 53.559706 ], [ -113.384203, 53.559757 ], [ -113.384498, 53.559838 ] ] } },
{ "type": "Feature", "properties": { "cls": "shared", "highway": "path", "name": null }, "geometry": { "type": "LineString", "coordinates": [ [ -113.381863, 53.561186 ], [ -113.382257, 53.561184 ] ] } },
{ "type": "Feature", "properties": { "cls": "shared", "highway": "cycleway", "name": null }, "geometry": { "type": "LineString", "coordinates": [ [ -113.38217, 53.563263 ], [ -113.382264, 53.563244 ], [ -113.382346, 53.56321 ], [ -113.382413, 53.563152 ], [ -113.382445, 53.563112 ], [ -113.382503, 53.562994 ], [ -113.382533, 53.562861 ], [ -113.382537, 53.562812 ], [ -113.382531, 53.562761 ], [ -113.382511, 53.562704 ], [ -113.382463, 53.562636 ], [ -113.382136, 53.562227 ], [ -113.382058, 53.562095 ], [ -113.381975, 53.561905 ], [ -113.381941, 53.561784 ], [ -113.38188, 53.561537 ], [ -113.381863, 53.561186 ], [ -113.381858, 53.560981 ], [ -113.381841, 53.560741 ], [ -113.381667, 53.560074 ], [ -113.381637, 53.559797 ], [ -113.381638, 53.559225 ] ] } },
{ "type": "Feature", "properties": { "cls": "shared", "highway": "cycleway", "name": null }, "geometry": { "type": "LineString", "coordinates": [ [ -113.391478, 53.553653 ], [ -113.391384, 53.553952 ], [ -113.391468, 53.554185 ], [ -113.391442, 53.554281 ], [ -113.391403, 53.554343 ], [ -113.391317, 53.554412 ], [ -113.391231, 53.554446 ], [ -113.391109, 53.554479 ], [ -113.390948, 53.55448 ], [ -113.390805, 53.554468 ], [ -113.39065, 53.554426 ], [ -113.390422, 53.554358 ], [ -113.390319, 53.554324 ], [ -113.390166, 53.554297 ], [ -113.390029, 53.554307 ], [ -113.389912, 53.554325 ], [ -113.389715, 53.554367 ], [ -113.389465, 53.554439 ], [ -113.389142, 53.554496 ], [ -113.38906, 53.5545 ], [ -113.388968, 53.554446 ], [ -113.388598, 53.554545 ], [ -113.387989, 53.554736 ], [ -113.387856, 53.554874 ], [ -113.387832, 53.554896 ], [ -113.387613, 53.554915 ], [ -113.387403, 53.554984 ], [ -113.387226, 53.555035 ], [ -113.387093, 53.555098 ], [ -113.386972, 53.555126 ], [ -113.386899, 53.555149 ], [ -113.386854, 53.555162 ], [ -113.386797, 53.555205 ], [ -113.386784, 53.555243 ], [ -113.386777, 53.55527 ], [ -113.386712, 53.555353 ], [ -113.386487, 53.555425 ], [ -113.386235, 53.555443 ], [ -113.385958, 53.555457 ], [ -113.385681, 53.555485 ], [ -113.385276, 53.55548 ], [ -113.385063, 53.555503 ], [ -113.384905, 53.555564 ], [ -113.384831, 53.555652 ], [ -113.384802, 53.555824 ], [ -113.384776, 53.557736 ], [ -113.384728, 53.557833 ], [ -113.384586, 53.557895 ], [ -113.384447, 53.557923 ], [ -113.384098, 53.557949 ], [ -113.383979, 53.557987 ], [ -113.3839, 53.558033 ], [ -113.383804, 53.558118 ], [ -113.383757, 53.558229 ], [ -113.383748, 53.55831 ], [ -113.383748, 53.559201 ], [ -113.383731, 53.559439 ] ] } },
{ "type": "Feature", "properties": { "cls": "shared", "highway": "cycleway", "name": null }, "geometry": { "type": "LineString", "coordinates": [ [ -113.396152, 53.555667 ], [ -113.395925, 53.555644 ], [ -113.395814, 53.555632 ], [ -113.395687, 53.555628 ], [ -113.395572, 53.555646 ], [ -113.395434, 53.555696 ], [ -113.395378, 53.555745 ], [ -113.39535, 53.55578 ], [ -113.395355, 53.555822 ], [ -113.395381, 53.555871 ], [ -113.395407, 53.5559 ], [ -113.395458, 53.555926 ], [ -113.395563, 53.555962 ], [ -113.395691, 53.555993 ], [ -113.39619, 53.556121 ], [ -113.396583, 53.556203 ], [ -113.39683, 53.556273 ], [ -113.397061, 53.556348 ], [ -113.397191, 53.556413 ], [ -113.397205, 53.55642 ], [ -113.39738, 53.556488 ], [ -113.39748, 53.556546 ], [ -113.397573, 53.556619 ], [ -113.397641, 53.556719 ], [ -113.397687, 53.556798 ], [ -113.397763, 53.556899 ], [ -113.397817, 53.556961 ], [ -113.397869, 53.55701 ], [ -113.397941, 53.557063 ], [ -113.398064, 53.557133 ], [ -113.398079, 53.557192 ], [ -113.398089, 53.557237 ], [ -113.398069, 53.557291 ], [ -113.398039, 53.557357 ], [ -113.397943, 53.55741 ], [ -113.397817, 53.55747 ], [ -113.397619, 53.557534 ], [ -113.39729, 53.557608 ], [ -113.397158, 53.557621 ], [ -113.397045, 53.557632 ], [ -113.396995, 53.557637 ], [ -113.396778, 53.557646 ], [ -113.39675, 53.557646 ], [ -113.395654, 53.557674 ], [ -113.395372, 53.557704 ], [ -113.395298, 53.557723 ], [ -113.395248, 53.557754 ], [ -113.395213, 53.557793 ], [ -113.395201, 53.55787 ] ] } },
{ "type": "Feature", "properties": { "cls": "sharrow", "highway": "residential", "name": "104 Avenue NW" }, "geometry": { "type": "Point", "coordinates": [ -113.395025, 53.55787 ] } },
{ "type": "Feature", "properties": { "cls": "sharrow", "highway": "residential", "name": "104 Avenue NW" }, "geometry": { "type": "LineString", "coordinates": [ [ -113.395025, 53.55787 ], [ -113.395201, 53.55787 ] ] } },
{ "type": "Feature", "properties": { "cls": "sharrow", "highway": "residential", "name": "104 Avenue NW" }, "geometry": { "type": "LineString", "coordinates": [ [ -113.395201, 53.55787 ], [ -113.396395, 53.557876 ] ] } },
{ "type": "Feature", "properties": { "cls": "sharrow", "highway": "residential", "name": "98A Street NW" }, "geometry": { "type": "LineString", "coordinates": [ [ -113.484693, 53.53107 ], [ -113.484694, 53.531071 ], [ -113.484724, 53.531092 ], [ -113.484759, 53.531107 ], [ -113.484808, 53.531122 ] ] } },
{ "type": "Feature", "properties": { "cls": "separated", "highway": "cycleway", "name": null }, "geometry": { "type": "LineString", "coordinates": [ [ -113.484808, 53.531122 ], [ -113.484753, 53.531158 ], [ -113.484719, 53.531194 ], [ -113.484709, 53.531219 ], [ -113.484706, 53.531244 ], [ -113.484709, 53.531266 ], [ -113.484736, 53.531439 ], [ -113.48473, 53.531477 ], [ -113.484709, 53.531513 ], [ -113.484688, 53.531536 ], [ -113.484658, 53.531556 ] ] } },
{ "type": "Feature", "properties": { "cls": "shared", "highway": "cycleway", "name": null }, "geometry": { "type": "LineString", "coordinates": [ [ -113.484658, 53.531556 ], [ -113.484699, 53.531618 ], [ -113.484737, 53.5317 ], [ -113.484751, 53.531758 ], [ -113.484747, 53.531811 ], [ -113.484729, 53.531871 ], [ -113.484701, 53.53193 ], [ -113.484619, 53.532066 ], [ -113.484582, 53.53214 ], [ -113.484546, 53.532233 ], [ -113.484491, 53.532411 ], [ -113.484451, 53.532479 ], [ -113.484392, 53.532543 ], [ -113.484343, 53.532581 ], [ -113.48424, 53.532642 ], [ -113.48415, 53.532686 ] ] } },
{ "type": "Feature", "properties": { "cls": "shared", "highway": "cycleway", "name": null }, "geometry": { "type": "LineString", "coordinates": [ [ -113.483661, 53.532542 ], [ -113.483827, 53.532618 ], [ -113.483951, 53.53274 ], [ -113.483981, 53.532768 ] ] } },
{ "type": "Feature", "properties": { "cls": "shared", "highway": "cycleway", "name": null }, "geometry": { "type": "LineString", "coordinates": [ [ -113.48415, 53.532686 ], [ -113.484106, 53.532708 ], [ -113.484034, 53.532743 ], [ -113.483981, 53.532768 ], [ -113.483938, 53.532789 ], [ -113.483864, 53.532824 ], [ -113.483823, 53.532841 ] ] } },
{ "type": "Feature", "properties": { "cls": "shared", "highway": "cycleway", "name": null }, "geometry": { "type": "LineString", "coordinates": [ [ -113.483823, 53.532841 ], [ -113.483782, 53.532852 ], [ -113.483679, 53.532878 ], [ -113.483587, 53.5329 ], [ -113.483521, 53.532914 ], [ -113.483455, 53.532928 ], [ -113.483349, 53.532945 ], [ -113.483289, 53.532956 ], [ -113.483206, 53.532968 ], [ -113.483115, 53.532979 ], [ -113.48303, 53.532984 ], [ -113.482861, 53.532989 ], [ -113.482746, 53.532989 ], [ -113.482627, 53.532981 ], [ -113.482515, 53.532968 ], [ -113.482419, 53.532948 ], [ -113.482333, 53.532932 ], [ -113.482249, 53.532921 ], [ -113.482045, 53.532882 ], [ -113.481908, 53.532858 ], [ -113.481724, 53.532815 ], [ -113.481647, 53.532799 ], [ -113.481589, 53.532789 ], [ -113.481519, 53.532784 ], [ -113.481296, 53.532774 ], [ -113.481159, 53.532763 ], [ -113.480584, 53.532701 ], [ -113.480446, 53.532691 ], [ -113.480328, 53.532685 ], [ -113.480157, 53.532674 ], [ -113.480128, 53.532674 ], [ -113.4801, 53.532678 ], [ -113.480079, 53.532684 ], [ -113.480045, 53.532714 ] ] } },
{ "type": "Feature", "properties": { "cls": "shared", "highway": "cycleway", "name": "Kâhasinîskâk Bridge" }, "geometry": { "type": "LineString", "coordinates": [ [ -113.480045, 53.532714 ], [ -113.479742, 53.53297 ] ] } },
{ "type": "Feature", "properties": { "cls": "shared", "highway": "cycleway", "name": null }, "geometry": { "type": "LineString", "coordinates": [ [ -113.483823, 53.532841 ], [ -113.483738, 53.532918 ], [ -113.48362, 53.533038 ], [ -113.483594, 53.533068 ], [ -113.483563, 53.533098 ], [ -113.483527, 53.53313 ], [ -113.483486, 53.533164 ], [ -113.483441, 53.5332 ], [ -113.483389, 53.533238 ], [ -113.483332, 53.533281 ], [ -113.483269, 53.533327 ], [ -113.4832, 53.533378 ], [ -113.483124, 53.533434 ], [ -113.483049, 53.533491 ], [ -113.48298, 53.533545 ], [ -113.482919, 53.533595 ], [ -113.482864, 53.533642 ], [ -113.482816, 53.533684 ], [ -113.482775, 53.533722 ], [ -113.48274, 53.533755 ], [ -113.482712, 53.533782 ], [ -113.48269, 53.533804 ], [ -113.482675, 53.533819 ], [ -113.482663, 53.533833 ], [ -113.48265, 53.53385 ], [ -113.482638, 53.533868 ], [ -113.482627, 53.533889 ], [ -113.482615, 53.53391 ], [ -113.482604, 53.533931 ], [ -113.482592, 53.533951 ], [ -113.482582, 53.53397 ], [ -113.482571, 53.533987 ], [ -113.482561, 53.534002 ], [ -113.482547, 53.534021 ], [ -113.482525, 53.534049 ], [ -113.482506, 53.534073 ] ] } },
{ "type": "Feature", "properties": { "cls": "shared", "highway": "cycleway", "name": null }, "geometry": { "type": "LineString", "coordinates": [ [ -113.482045, 53.532882 ], [ -113.482065, 53.532844 ], [ -113.482073, 53.532833 ], [ -113.482097, 53.53282 ], [ -113.482131, 53.532809 ], [ -113.482208, 53.532789 ], [ -113.48235, 53.532744 ], [ -113.482394, 53.532728 ], [ -113.482439, 53.532698 ], [ -113.482475, 53.532665 ], [ -113.482543, 53.53257 ], [ -113.48258, 53.532518 ], [ -113.482611, 53.532461 ], [ -113.48263, 53.53241 ], [ -113.48264, 53.532358 ], [ -113.482646, 53.532301 ], [ -113.482628, 53.532223 ], [ -113.482619, 53.532074 ], [ -113.48254, 53.531996 ], [ -113.482453, 53.531877 ], [ -113.482352, 53.53177 ], [ -113.482176, 53.531615 ], [ -113.482066, 53.531529 ], [ -113.481966, 53.531451 ], [ -113.481766, 53.531311 ], [ -113.481662, 53.531246 ], [ -113.481604, 53.53121 ], [ -113.481425, 53.531109 ], [ -113.481316, 53.531047 ], [ -113.480989, 53.530875 ], [ -113.48065, 53.530697 ], [ -113.480547, 53.530651 ], [ -113.480462, 53.530614 ], [ -113.480272, 53.530556 ], [ -113.480124, 53.530496 ], [ -113.479928, 53.530405 ], [ -113.47978, 53.530288 ], [ -113.479639, 53.530155 ], [ -113.479538, 53.530106 ], [ -113.479283, 53.530024 ], [ -113.478922, 53.529907 ], [ -113.478481, 53.529793 ], [ -113.477976, 53.529627 ], [ -113.477636, 53.529563 ], [ -113.47731, 53.529466 ], [ -113.477148, 53.529397 ], [ -113.476608, 53.529244 ], [ -113.476318, 53.529128 ], [ -113.476028, 53.529067 ], [ -113.47597, 53.529053 ], [ -113.47573, 53.529037 ], [ -113.475302, 53.528952 ], [ -113.475262, 53.528953 ] ] } },
{ "type": "Feature", "properties": { "cls": "shared", "highway": "path", "name": "Trans Canada Trail" }, "geometry": { "type": "LineString", "coordinates": [ [ -113.484945, 53.537168 ], [ -113.484817, 53.537083 ] ] } },
{ "type": "Feature", "properties": { "cls": "shared", "highway": "cycleway", "name": "Seminary Hill" }, "geometry": { "type": "Point", "coordinates": [ -113.458933, 53.541221 ] } },
{ "type": "Feature", "properties": { "cls": "sharrow", "highway": "tertiary", "name": "101 Avenue NW" }, "geometry": { "type": "Point", "coordinates": [ -113.456863, 53.541235 ] } },
{ "type": "Feature", "properties": { "cls": "shared", "highway": "cycleway", "name": "Forest Heights Access" }, "geometry": { "type": "LineString", "coordinates": [ [ -113.460355, 53.541203 ], [ -113.460234, 53.541571 ], [ -113.460221, 53.541711 ], [ -113.460191, 53.542045 ], [ -113.460238, 53.542178 ], [ -113.460327, 53.542435 ], [ -113.460342, 53.542478 ] ] } },
{ "type": "Feature", "properties": { "cls": "shared", "highway": "path", "name": null }, "geometry": { "type": "LineString", "coordinates": [ [ -113.457027, 53.541239 ], [ -113.457061, 53.54133 ] ] } },
{ "type": "Feature", "properties": { "cls": "shared", "highway": "cycleway", "name": null }, "geometry": { "type": "LineString", "coordinates": [ [ -113.457314, 53.543078 ], [ -113.457163, 53.543078 ] ] } },
{ "type": "Feature", "properties": { "cls": "shared", "highway": "cycleway", "name": null }, "geometry": { "type": "LineString", "coordinates": [ [ -113.457315, 53.543176 ], [ -113.457162, 53.543174 ] ] } },
{ "type": "Feature", "properties": { "cls": "shared", "highway": "cycleway", "name": "McNally Access" }, "geometry": { "type": "LineString", "coordinates": [ [ -113.459561, 53.545529 ], [ -113.45958, 53.545442 ], [ -113.459558, 53.545372 ], [ -113.459527, 53.545305 ], [ -113.459535, 53.545141 ], [ -113.45953, 53.54509 ], [ -113.459512, 53.545048 ], [ -113.459486, 53.545025 ], [ -113.459423, 53.544997 ], [ -113.459377, 53.544979 ], [ -113.459347, 53.544956 ], [ -113.459304, 53.544902 ], [ -113.459135, 53.54474 ], [ -113.459062, 53.544675 ], [ -113.458975, 53.544615 ], [ -113.458938, 53.544581 ], [ -113.458929, 53.544477 ], [ -113.458904, 53.54438 ], [ -113.458912, 53.544348 ], [ -113.45895, 53.544303 ], [ -113.458964, 53.544277 ], [ -113.458968, 53.544259 ], [ -113.458958, 53.544235 ], [ -113.458926, 53.544202 ], [ -113.458905, 53.544157 ], [ -113.458887, 53.54402 ], [ -113.458759, 53.543573 ], [ -113.458634, 53.543407 ], [ -113.45857, 53.543216 ], [ -113.45855, 53.54299 ], [ -113.458554, 53.542897 ], [ -113.458565, 53.542852 ], [ -113.45859, 53.542806 ], [ -113.458728, 53.54268 ], [ -113.458833, 53.542504 ], [ -113.458911, 53.542205 ], [ -113.459048, 53.54192 ], [ -113.459066, 53.541748 ], [ -113.459049, 53.541598 ], [ -113.459012, 53.541451 ], [ -113.458912, 53.541307 ], [ -113.458878, 53.541277 ], [ -113.458886, 53.541247 ], [ -113.458933, 53.541221 ] ] } },
{ "type": "Feature", "properties": { "cls": "shared", "highway": "cycleway", "name": "Forest Heights Access" }, "geometry": { "type": "LineString", "coordinates": [ [ -113.460342, 53.542478 ], [ -113.46067, 53.542661 ], [ -113.460725, 53.542797 ], [ -113.460639, 53.543522 ], [ -113.460684, 53.543735 ], [ -113.460676, 53.543849 ], [ -113.460617, 53.543986 ], [ -113.460506, 53.544151 ], [ -113.46049, 53.544211 ], [ -113.460526, 53.544315 ] ] } },
{ "type": "Feature", "properties": { "cls": "sharrow", "highway": "tertiary", "name": "79 Street NW" }, "geometry": { "type": "Point", "coordinates": [ -113.44932, 53.541228 ] } },
{ "type": "Feature", "properties": { "cls": "sharrow", "highway": "tertiary", "name": "101 Avenue NW" }, "geometry": { "type": "Point", "coordinates": [ -113.44932, 53.541228 ] } },
{ "type": "Feature", "properties": { "cls": "shared", "highway": "cycleway", "name": "Riverside Multiuse Pathway" }, "geometry": { "type": "LineString", "coordinates": [ [ -113.438589, 53.55438 ], [ -113.438707, 53.554309 ], [ -113.438838, 53.554241 ], [ -113.439035, 53.554192 ], [ -113.439263, 53.554151 ], [ -113.439558, 53.554124 ], [ -113.439862, 53.554085 ], [ -113.440206, 53.554014 ], [ -113.440367, 53.55402 ], [ -113.440695, 53.553989 ], [ -113.440857, 53.553988 ], [ -113.441206, 53.553969 ], [ -113.441411, 53.553942 ], [ -113.441552, 53.553873 ], [ -113.441853, 53.553787 ], [ -113.44217, 53.553733 ], [ -113.442411, 53.553734 ], [ -113.442776, 53.553739 ], [ -113.44326, 53.553656 ], [ -113.443436, 53.553657 ], [ -113.443871, 53.5536 ], [ -113.444178, 53.553583 ], [ -113.444532, 53.553521 ], [ -113.444922, 53.553472 ], [ -113.445061, 53.553454 ], [ -113.445203, 53.553447 ], [ -113.445395, 53.553439 ], [ -113.445604, 53.553417 ], [ -113.445752, 53.553359 ], [ -113.44599, 53.553299 ], [ -113.44635, 53.553263 ], [ -113.446576, 53.553248 ], [ -113.446834, 53.553261 ], [ -113.446998, 53.553251 ], [ -113.447155, 53.553235 ], [ -113.447418, 53.553225 ], [ -113.447705, 53.553215 ], [ -113.448037, 53.553208 ], [ -113.448323, 53.553182 ], [ -113.448668, 53.553127 ], [ -113.449077, 53.553075 ], [ -113.449177, 53.553041 ], [ -113.449215, 53.553012 ], [ -113.449248, 53.55298 ], [ -113.449303, 53.552885 ], [ -113.449324, 53.552819 ], [ -113.44934, 53.552791 ], [ -113.449353, 53.55276 ], [ -113.449385, 53.55273 ], [ -113.449611, 53.552572 ], [ -113.44993, 53.55236 ], [ -113.450059, 53.552276 ], [ -113.450245, 53.552218 ], [ -113.450563, 53.552101 ], [ -113.450773, 53.552036 ], [ -113.450879, 53.552017 ], [ -113.450987, 53.552002 ], [ -113.45108, 53.551999 ], [ -113.451172, 53.552001 ], [ -113.451353, 53.552015 ], [ -113.451445, 53.552028 ], [ -113.451488, 53.55204 ], [ -113.451577, 53.552076 ], [ -113.451759, 53.552121 ], [ -113.451825, 53.552127 ], [ -113.451907, 53.552121 ], [ -113.452033, 53.552088 ], [ -113.452152, 53.552055 ], [ -113.452208, 53.552037 ], [ -113.452336, 53.552022 ], [ -113.452545, 53.552001 ], [ -113.45276, 53.551962 ], [ -113.453052, 53.551913 ], [ -113.453231, 53.551883 ], [ -113.453376, 53.551836 ], [ -113.45348, 53.551781 ], [ -113.453523, 53.551751 ], [ -113.453646, 53.551697 ], [ -113.453819, 53.55165 ], [ -113.453891, 53.55163 ], [ -113.453957, 53.551584 ], [ -113.454078, 53.55148 ], [ -113.454184, 53.55142 ], [ -113.454519, 53.551313 ], [ -113.454678, 53.551265 ], [ -113.454922, 53.551163 ], [ -113.455162, 53.551115 ], [ -113.455313, 53.551079 ], [ -113.455357, 53.551066 ] ] } },
{ "type": "Feature", "properties": { "cls": "shared", "highway": "cycleway", "name": null }, "geometry": { "type": "LineString", "coordinates": [ [ -113.450082, 53.556088 ], [ -113.449969, 53.556029 ], [ -113.449838, 53.555952 ], [ -113.449139, 53.555802 ] ] } },
{ "type": "Feature", "properties": { "cls": "shared", "highway": "cycleway", "name": null }, "geometry": { "type": "LineString", "coordinates": [ [ -113.449139, 53.555802 ], [ -113.448909, 53.555827 ], [ -113.448597, 53.555708 ], [ -113.447968, 53.555706 ], [ -113.446734, 53.555665 ], [ -113.445936, 53.555627 ], [ -113.445076, 53.555595 ], [ -113.444365, 53.555748 ], [ -113.443565, 53.55583 ], [ -113.442746, 53.555841 ], [ -113.441798, 53.556011 ], [ -113.441576, 53.556036 ], [ -113.441434, 53.556087 ], [ -113.441273, 53.556119 ], [ -113.441019, 53.556133 ], [ -113.440761, 53.556129 ], [ -113.440378, 53.556204 ], [ -113.440027, 53.556302 ], [ -113.439623, 53.556444 ], [ -113.439415, 53.556675 ], [ -113.439232, 53.556725 ] ] } },
{ "type": "Feature", "properties": { "cls": "shared", "highway": "cycleway", "name": null }, "geometry": { "type": "LineString", "coordinates": [ [ -113.449661, 53.55619 ], [ -113.449618, 53.556165 ], [ -113.44947, 53.556093 ], [ -113.449437, 53.55608 ] ] } },
{ "type": "Feature", "properties": { "cls": "shared", "highway": "cycleway", "name": null }, "geometry": { "type": "LineString", "coordinates": [ [ -113.449437, 53.55608 ], [ -113.449394, 53.556095 ], [ -113.44931, 53.556154 ], [ -113.449286, 53.556186 ], [ -113.449304, 53.556224 ] ] } },
{ "type": "Feature", "properties": { "cls": "shared", "highway": "path", "name": null }, "geometry": { "type": "LineString", "coordinates": [ [ -113.457061, 53.54133 ], [ -113.457119, 53.541411 ], [ -113.457149, 53.541513 ], [ -113.457234, 53.541801 ], [ -113.457298, 53.542122 ], [ -113.457314, 53.542496 ], [ -113.457309, 53.54286 ], [ -113.457314, 53.543078 ], [ -113.457315, 53.543176 ], [ -113.457316, 53.544035 ], [ -113.45732, 53.54466 ], [ -113.457318, 53.544751 ], [ -113.457318, 53.544806 ], [ -113.457315, 53.545689 ], [ -113.457324, 53.546291 ], [ -113.457326, 53.546397 ], [ -113.457331, 53.546799 ], [ -113.45735, 53.546897 ], [ -113.45736, 53.547033 ], [ -113.457372, 53.547323 ], [ -113.457375, 53.54784 ] ] } },
{ "type": "Feature", "properties": { "cls": "shared", "highway": "footway", "name": null }, "geometry": { "type": "LineString", "coordinates": [ [ -113.457318, 53.544806 ], [ -113.45717, 53.544805 ] ] } },
{ "type": "Feature", "properties": { "cls": "shared", "highway": "cycleway", "name": null }, "geometry": { "type": "LineString", "coordinates": [ [ -113.459561, 53.545529 ], [ -113.459485, 53.545523 ], [ -113.459407, 53.545513 ], [ -113.459338, 53.545495 ], [ -113.459158, 53.54541 ], [ -113.458993, 53.54531 ] ] } },
{ "type": "Feature", "properties": { "cls": "shared", "highway": "cycleway", "name": null }, "geometry": { "type": "LineString", "coordinates": [ [ -113.457324, 53.546291 ], [ -113.457168, 53.54629 ] ] } },
{ "type": "Feature", "properties": { "cls": "shared", "highway": "cycleway", "name": null }, "geometry": { "type": "LineString", "coordinates": [ [ -113.457326, 53.546397 ], [ -113.457169, 53.546397 ] ] } },
{ "type": "Feature", "properties": { "cls": "separated", "highway": "cycleway", "name": "McNally Access" }, "geometry": { "type": "LineString", "coordinates": [ [ -113.458868, 53.549727 ], [ -113.459102, 53.549635 ], [ -113.459192, 53.549603 ], [ -113.459349, 53.549572 ], [ -113.459575, 53.549528 ], [ -113.459688, 53.549516 ], [ -113.460157, 53.549468 ], [ -113.460314, 53.549437 ], [ -113.460467, 53.549403 ], [ -113.460685, 53.549319 ], [ -113.460756, 53.549283 ], [ -113.460817, 53.54925 ], [ -113.460924, 53.549213 ], [ -113.461087, 53.549169 ], [ -113.461249, 53.549138 ], [ -113.461552, 53.549051 ], [ -113.461886, 53.548889 ], [ -113.461932, 53.548861 ], [ -113.462068, 53.548778 ], [ -113.462196, 53.548666 ], [ -113.462276, 53.548559 ], [ -113.462306, 53.54847 ], [ -113.462308, 53.54838 ], [ -113.462283, 53.548272 ], [ -113.462238, 53.548166 ], [ -113.462178, 53.548086 ], [ -113.462107, 53.548025 ], [ -113.461986, 53.547968 ], [ -113.461825, 53.547932 ], [ -113.461618, 53.547921 ], [ -113.46143, 53.547915 ], [ -113.461337, 53.5479 ], [ -113.461246, 53.547875 ], [ -113.461086, 53.5478 ], [ -113.460972, 53.547706 ], [ -113.460912, 53.547554 ], [ -113.460902, 53.54746 ], [ -113.460918, 53.54738 ], [ -113.460935, 53.547297 ], [ -113.460936, 53.54723 ], [ -113.460924, 53.547181 ], [ -113.4609, 53.547131 ], [ -113.460828, 53.547033 ], [ -113.460738, 53.546956 ], [ -113.460637, 53.546883 ], [ -113.460303, 53.546659 ], [ -113.460204, 53.546553 ], [ -113.460077, 53.546424 ], [ -113.460054, 53.546329 ], [ -113.46002, 53.546102 ], [ -113.459976, 53.545985 ], [ -113.459826, 53.545795 ], [ -113.459582, 53.545578 ], [ -113.459561, 53.545529 ] ] } },
{ "type": "Feature", "properties": { "cls": "shared", "highway": "path", "name": null }, "geometry": { "type": "LineString", "coordinates": [ [ -113.460499, 53.547781 ], [ -113.460525, 53.547785 ], [ -113.460835, 53.547745 ], [ -113.460972, 53.547706 ] ] } },
{ "type": "Feature", "properties": { "cls": "shared", "highway": "path", "name": null }, "geometry": { "type": "LineString", "coordinates": [ [ -113.459102, 53.549635 ], [ -113.459033, 53.549576 ], [ -113.458858, 53.549515 ], [ -113.458768, 53.549495 ], [ -113.458526, 53.549447 ], [ -113.458393, 53.549433 ], [ -113.45835, 53.549429 ], [ -113.458301, 53.549418 ], [ -113.458126, 53.549375 ], [ -113.457887, 53.549302 ], [ -113.457525, 53.549183 ], [ -113.457513, 53.549174 ], [ -113.457489, 53.549156 ] ] } },
{ "type": "Feature", "properties": { "cls": "shared", "highway": "path", "name": null }, "geometry": { "type": "LineString", "coordinates": [ [ -113.458257, 53.549174 ], [ -113.458422, 53.549263 ], [ -113.458485, 53.549291 ], [ -113.458549, 53.549323 ], [ -113.458613, 53.54936 ], [ -113.45867, 53.549405 ], [ -113.458712, 53.549443 ], [ -113.458747, 53.549474 ], [ -113.458768, 53.549495 ] ] } },
{ "type": "Feature", "properties": { "cls": "shared", "highway": "path", "name": null }, "geometry": { "type": "LineString", "coordinates": [ [ -113.457292, 53.549261 ], [ -113.457513, 53.549174 ] ] } },
{ "type": "Feature", "properties": { "cls": "shared", "highway": "cycleway", "name": null }, "geometry": { "type": "LineString", "coordinates": [ [ -113.442008, 53.546555 ], [ -113.442391, 53.546745 ] ] } },
{ "type": "Feature", "properties": { "cls": "shared", "highway": "footway", "name": null }, "geometry": { "type": "LineString", "coordinates": [ [ -113.442391, 53.546745 ], [ -113.442626, 53.546866 ], [ -113.442804, 53.546908 ], [ -113.442882, 53.54692 ], [ -113.442933, 53.546928 ], [ -113.443009, 53.546928 ] ] } },
{ "type": "Feature", "properties": { "cls": "shared", "highway": "cycleway", "name": null }, "geometry": { "type": "LineString", "coordinates": [ [ -113.436023, 53.551471 ], [ -113.435945, 53.55147 ] ] } },
{ "type": "Feature", "properties": { "cls": "shared", "highway": "cycleway", "name": null }, "geometry": { "type": "LineString", "coordinates": [ [ -113.435304, 53.553678 ], [ -113.435286, 53.553674 ] ] } },
{ "type": "Feature", "properties": { "cls": "shared", "highway": "path", "name": null }, "geometry": { "type": "LineString", "coordinates": [ [ -113.437243, 53.553579 ], [ -113.437083, 53.553518 ], [ -113.436854, 53.553466 ], [ -113.43678, 53.553461 ], [ -113.43664, 53.553494 ], [ -113.43644, 53.55359 ], [ -113.436315, 53.553652 ], [ -113.436205, 53.55374 ], [ -113.435967, 53.553953 ], [ -113.435867, 53.554085 ], [ -113.435906, 53.554206 ] ] } },
{ "type": "Feature", "properties": { "cls": "shared", "highway": "path", "name": "Wayne Gretzky" }, "geometry": { "type": "LineString", "coordinates": [ [ -113.437528, 53.554052 ], [ -113.437414, 53.554085 ], [ -113.437073, 53.554158 ], [ -113.436789, 53.554234 ], [ -113.436689, 53.554248 ], [ -113.436564, 53.554237 ], [ -113.436485, 53.554206 ], [ -113.436318, 53.554181 ], [ -113.436139, 53.554158 ], [ -113.436047, 53.554162 ], [ -113.435906, 53.554206 ] ] } },
{ "type": "Feature", "properties": { "cls": "shared", "highway": "cycleway", "name": null }, "geometry": { "type": "LineString", "coordinates": [ [ -113.438589, 53.55438 ], [ -113.438516, 53.554384 ], [ -113.438435, 53.554393 ], [ -113.438366, 53.554404 ] ] } },
{ "type": "Feature", "properties": { "cls": "shared", "highway": "cycleway", "name": null }, "geometry": { "type": "LineString", "coordinates": [ [ -113.437632, 53.554737 ], [ -113.437687, 53.554732 ], [ -113.43778, 53.554714 ], [ -113.437964, 53.554674 ], [ -113.437999, 53.554657 ], [ -113.438318, 53.554547 ], [ -113.438431, 53.554486 ], [ -113.438498, 53.55445 ], [ -113.438589, 53.55438 ] ] } },
{ "type": "Feature", "properties": { "cls": "shared", "highway": "path", "name": "Wayne Gretzky" }, "geometry": { "type": "LineString", "coordinates": [ [ -113.435906, 53.554206 ], [ -113.435871, 53.554293 ], [ -113.435703, 53.554463 ], [ -113.435697, 53.554575 ], [ -113.435735, 53.554696 ], [ -113.435831, 53.554936 ], [ -113.435904, 53.555005 ], [ -113.436095, 53.555105 ], [ -113.436144, 53.555156 ], [ -113.436168, 53.555209 ], [ -113.43616, 53.555261 ], [ -113.436111, 53.555318 ] ] } },
{ "type": "Feature", "properties": { "cls": "shared", "highway": "cycleway", "name": "Hardisty Drive Lookout" }, "geometry": { "type": "LineString", "coordinates": [ [ -113.434972, 53.554707 ], [ -113.435033, 53.55472 ], [ -113.435092, 53.55476 ], [ -113.435136, 53.55483 ], [ -113.435182, 53.554925 ], [ -113.4352, 53.554999 ], [ -113.435195, 53.555051 ], [ -113.435176, 53.555077 ], [ -113.435133, 53.555087 ], [ -113.435081, 53.555085 ], [ -113.434994, 53.555077 ], [ -113.434923, 53.555064 ], [ -113.43485, 53.555048 ], [ -113.434829, 53.555039 ] ] } },
{ "type": "Feature", "properties": { "cls": "shared", "highway": "cycleway", "name": null }, "geometry": { "type": "LineString", "coordinates": [ [ -113.466976, 53.499883 ], [ -113.466977, 53.499973 ], [ -113.466978, 53.500015 ] ] } },
{ "type": "Feature", "properties": { "cls": "shared", "highway": "cycleway", "name": null }, "geometry": { "type": "LineString", "coordinates": [ [ -113.466978, 53.500015 ], [ -113.466988, 53.500055 ] ] } },
{ "type": "Feature", "properties": { "cls": "shared", "highway": "cycleway", "name": null }, "geometry": { "type": "LineString", "coordinates": [ [ -113.46679, 53.500059 ], [ -113.466739, 53.50009 ], [ -113.466678, 53.50011 ] ] } },
{ "type": "Feature", "properties": { "cls": "shared", "highway": "cycleway", "name": null }, "geometry": { "type": "LineString", "coordinates": [ [ -113.466988, 53.500055 ], [ -113.46679, 53.500059 ], [ -113.466676, 53.500054 ] ] } },
{ "type": "Feature", "properties": { "cls": "shared", "highway": "cycleway", "name": null }, "geometry": { "type": "LineString", "coordinates": [ [ -113.467074, 53.500268 ], [ -113.467199, 53.500197 ], [ -113.467464, 53.500046 ] ] } },
{ "type": "Feature", "properties": { "cls": "shared", "highway": "cycleway", "name": null }, "geometry": { "type": "LineString", "coordinates": [ [ -113.466919, 53.500367 ], [ -113.466752, 53.500463 ], [ -113.466636, 53.50052 ] ] } },
{ "type": "Feature", "properties": { "cls": "shared", "highway": "cycleway", "name": null }, "geometry": { "type": "LineString", "coordinates": [ [ -113.466752, 53.500463 ], [ -113.466638, 53.500462 ] ] } },
{ "type": "Feature", "properties": { "cls": "shared", "highway": "cycleway", "name": null }, "geometry": { "type": "LineString", "coordinates": [ [ -113.46692, 53.500506 ], [ -113.466877, 53.500477 ], [ -113.466841, 53.500468 ], [ -113.466802, 53.500465 ], [ -113.466752, 53.500463 ] ] } },
{ "type": "Feature", "properties": { "cls": "shared", "highway": "cycleway", "name": null }, "geometry": { "type": "LineString", "coordinates": [ [ -113.466926, 53.50123 ], [ -113.466873, 53.501257 ], [ -113.466817, 53.50128 ], [ -113.466782, 53.501292 ], [ -113.466738, 53.501301 ], [ -113.466622, 53.501301 ] ] } },
{ "type": "Feature", "properties": { "cls": "shared", "highway": "cycleway", "name": null }, "geometry": { "type": "LineString", "coordinates": [ [ -113.466928, 53.501372 ], [ -113.466895, 53.501353 ], [ -113.466863, 53.501337 ], [ -113.466823, 53.50132 ], [ -113.466783, 53.501309 ], [ -113.466738, 53.501301 ] ] } },
{ "type": "Feature", "properties": { "cls": "shared", "highway": "cycleway", "name": null }, "geometry": { "type": "LineString", "coordinates": [ [ -113.466988, 53.500055 ], [ -113.467016, 53.500108 ], [ -113.467058, 53.500201 ], [ -113.467069, 53.500236 ], [ -113.467074, 53.500268 ], [ -113.466919, 53.500367 ], [ -113.46692, 53.500506 ], [ -113.466926, 53.50123 ], [ -113.466928, 53.501372 ], [ -113.466931, 53.502783 ], [ -113.46693, 53.502858 ] ] } },
{ "type": "Feature", "properties": { "cls": "shared", "highway": "cycleway", "name": null }, "geometry": { "type": "LineString", "coordinates": [ [ -113.46693, 53.502858 ], [ -113.4669, 53.502906 ] ] } },
{ "type": "Feature", "properties": { "cls": "shared", "highway": "cycleway", "name": null }, "geometry": { "type": "LineString", "coordinates": [ [ -113.4669, 53.502906 ], [ -113.466858, 53.502962 ] ] } },
{ "type": "Feature", "properties": { "cls": "shared", "highway": "cycleway", "name": null }, "geometry": { "type": "LineString", "coordinates": [ [ -113.466858, 53.502962 ], [ -113.466814, 53.503028 ], [ -113.466781, 53.503131 ], [ -113.466795, 53.503221 ], [ -113.46683, 53.503317 ], [ -113.466879, 53.503405 ], [ -113.467018, 53.50354 ], [ -113.467199, 53.50368 ], [ -113.467277, 53.503743 ], [ -113.467414, 53.503897 ], [ -113.467533, 53.50405 ], [ -113.467636, 53.504158 ], [ -113.46768, 53.504215 ], [ -113.467712, 53.504275 ], [ -113.467732, 53.504336 ], [ -113.46774, 53.504399 ], [ -113.467735, 53.504456 ], [ -113.46772, 53.504513 ], [ -113.467695, 53.504569 ], [ -113.467659, 53.504622 ], [ -113.467614, 53.504666 ], [ -113.467527, 53.504752 ], [ -113.467506, 53.504775 ], [ -113.467493, 53.504801 ], [ -113.467488, 53.504827 ], [ -113.467495, 53.504859 ], [ -113.467513, 53.504889 ], [ -113.467544, 53.504916 ], [ -113.467624, 53.504999 ] ] } },
{ "type": "Feature", "properties": { "cls": "shared", "highway": "cycleway", "name": null }, "geometry": { "type": "LineString", "coordinates": [ [ -113.467624, 53.504999 ], [ -113.467674, 53.504994 ], [ -113.46771, 53.504995 ], [ -113.467788, 53.505002 ], [ -113.467859, 53.50502 ], [ -113.46793, 53.50506 ], [ -113.468035, 53.505124 ], [ -113.468233, 53.505292 ] ] } },
{ "type": "Feature", "properties": { "cls": "sharrow", "highway": "service", "name": null }, "geometry": { "type": "LineString", "coordinates": [ [ -113.463008, 53.505187 ], [ -113.463033, 53.505198 ], [ -113.463074, 53.50523 ], [ -113.463089, 53.505259 ], [ -113.463088, 53.505284 ], [ -113.463044, 53.505324 ], [ -113.46245, 53.505734 ] ] } },
{ "type": "Feature", "properties": { "cls": "shared", "highway": "cycleway", "name": null }, "geometry": { "type": "LineString", "coordinates": [ [ -113.469567, 53.504819 ], [ -113.46937, 53.504821 ], [ -113.46926, 53.504822 ], [ -113.469078, 53.504856 ], [ -113.468941, 53.504872 ], [ -113.468842, 53.504878 ] ] } },
{ "type": "Feature", "properties": { "cls": "shared", "highway": "cycleway", "name": null }, "geometry": { "type": "LineString", "coordinates": [ [ -113.468287, 53.505132 ], [ -113.4683, 53.505003 ] ] } },
{ "type": "Feature", "properties": { "cls": "shared", "highway": "cycleway", "name": null }, "geometry": { "type": "LineString", "coordinates": [ [ -113.4683, 53.505003 ], [ -113.46831, 53.504961 ], [ -113.468349, 53.504925 ], [ -113.468411, 53.504908 ], [ -113.46847, 53.504899 ], [ -113.468597, 53.504886 ], [ -113.468842, 53.504878 ], [ -113.468971, 53.504944 ], [ -113.469055, 53.505005 ], [ -113.469325, 53.505212 ], [ -113.46954, 53.505407 ] ] } },
{ "type": "Feature", "properties": { "cls": "shared", "highway": "cycleway", "name": null }, "geometry": { "type": "LineString", "coordinates": [ [ -113.468233, 53.505292 ], [ -113.468278, 53.505208 ], [ -113.468287, 53.505132 ] ] } },
{ "type": "Feature", "properties": { "cls": "shared", "highway": "cycleway", "name": null }, "geometry": { "type": "LineString", "coordinates": [ [ -113.467337, 53.50672 ], [ -113.46865, 53.505837 ], [ -113.469016, 53.505632 ], [ -113.469226, 53.505531 ], [ -113.46954, 53.505407 ], [ -113.469732, 53.505347 ], [ -113.470174, 53.505222 ], [ -113.470241, 53.505212 ] ] } },
{ "type": "Feature", "properties": { "cls": "shared", "highway": "cycleway", "name": null }, "geometry": { "type": "LineString", "coordinates": [ [ -113.46241, 53.505712 ], [ -113.46245, 53.505734 ] ] } },
{ "type": "Feature", "properties": { "cls": "shared", "highway": "cycleway", "name": null }, "geometry": { "type": "LineString", "coordinates": [ [ -113.46245, 53.505734 ], [ -113.462506, 53.505765 ] ] } },
{ "type": "Feature", "properties": { "cls": "shared", "highway": "cycleway", "name": null }, "geometry": { "type": "LineString", "coordinates": [ [ -113.464417, 53.506743 ], [ -113.464539, 53.506727 ], [ -113.464628, 53.506709 ], [ -113.464688, 53.506694 ], [ -113.464809, 53.506646 ], [ -113.464838, 53.506634 ], [ -113.464873, 53.506628 ], [ -113.464899, 53.506629 ], [ -113.464925, 53.506634 ], [ -113.464947, 53.506643 ], [ -113.464995, 53.506668 ], [ -113.465015, 53.506679 ], [ -113.46504, 53.506685 ], [ -113.465066, 53.506686 ], [ -113.465098, 53.50668 ], [ -113.465122, 53.506668 ], [ -113.465159, 53.506639 ], [ -113.465278, 53.506564 ], [ -113.465397, 53.50654 ], [ -113.465653, 53.506492 ], [ -113.465835, 53.506442 ], [ -113.46601, 53.506397 ], [ -113.466117, 53.506352 ], [ -113.466439, 53.5062 ], [ -113.466557, 53.506162 ], [ -113.46669, 53.50614 ], [ -113.466844, 53.506125 ], [ -113.467, 53.506107 ], [ -113.467178, 53.506034 ], [ -113.467405, 53.505901 ], [ -113.467555, 53.5058 ], [ -113.467599, 53.505775 ], [ -113.467638, 53.505747 ], [ -113.467672, 53.505717 ], [ -113.4677, 53.505683 ], [ -113.467722, 53.505648 ], [ -113.467737, 53.505612 ], [ -113.467835, 53.505454 ], [ -113.467855, 53.505408 ], [ -113.467864, 53.50536 ], [ -113.467864, 53.505313 ], [ -113.467854, 53.50527 ], [ -113.467836, 53.505228 ], [ -113.46781, 53.505187 ], [ -113.467624, 53.504999 ] ] } },
{ "type": "Feature", "properties": { "cls": "shared", "highway": "path", "name": null }, "geometry": { "type": "LineString", "coordinates": [ [ -113.462506, 53.505765 ], [ -113.463275, 53.506144 ] ] } },
{ "type": "Feature", "properties": { "cls": "shared", "highway": "cycleway", "name": null }, "geometry": { "type": "LineString", "coordinates": [ [ -113.463275, 53.506144 ], [ -113.463332, 53.506124 ], [ -113.463399, 53.506107 ], [ -113.463463, 53.506098 ], [ -113.46353, 53.506093 ], [ -113.463632, 53.506099 ], [ -113.463716, 53.506109 ], [ -113.463818, 53.50613 ], [ -113.46401, 53.506213 ], [ -113.464156, 53.506294 ], [ -113.46431, 53.506385 ], [ -113.464378, 53.506437 ], [ -113.464436, 53.506494 ], [ -113.464475, 53.506555 ], [ -113.46449, 53.506613 ], [ -113.464483, 53.506651 ], [ -113.464417, 53.506743 ] ] } },
{ "type": "Feature", "properties": { "cls": "shared", "highway": "cycleway", "name": null }, "geometry": { "type": "LineString", "coordinates": [ [ -113.468233, 53.505292 ], [ -113.468141, 53.505488 ], [ -113.46767, 53.506049 ], [ -113.467232, 53.506376 ], [ -113.466735, 53.506687 ], [ -113.466494, 53.506784 ], [ -113.466151, 53.506861 ], [ -113.465696, 53.506861 ], [ -113.465241, 53.506922 ], [ -113.464855, 53.507106 ], [ -113.464461, 53.507342 ], [ -113.464392, 53.507504 ], [ -113.464298, 53.507737 ] ] } },
{ "type": "Feature", "properties": { "cls": "shared", "highway": "cycleway", "name": "Off-Leash Path" }, "geometry": { "type": "LineString", "coordinates": [ [ -113.460837, 53.507896 ], [ -113.460691, 53.507768 ], [ -113.460428, 53.507421 ], [ -113.460418, 53.507331 ], [ -113.459232, 53.506313 ], [ -113.458945, 53.506117 ], [ -113.458888, 53.50606 ], [ -113.458843, 53.505973 ], [ -113.458811, 53.505898 ], [ -113.45879, 53.505759 ], [ -113.458752, 53.505665 ], [ -113.45862, 53.505575 ] ] } },
{ "type": "Feature", "properties": { "cls": "shared", "highway": "cycleway", "name": null }, "geometry": { "type": "LineString", "coordinates": [ [ -113.467518, 53.506873 ], [ -113.467337, 53.50672 ] ] } },
{ "type": "Feature", "properties": { "cls": "shared", "highway": "cycleway", "name": null }, "geometry": { "type": "LineString", "coordinates": [ [ -113.466556, 53.507045 ], [ -113.46703, 53.506866 ], [ -113.467337, 53.50672 ] ] } },
{ "type": "Feature", "properties": { "cls": "shared", "highway": "cycleway", "name": null }, "geometry": { "type": "LineString", "coordinates": [ [ -113.466556, 53.507045 ], [ -113.466337, 53.507138 ] ] } },
{ "type": "Feature", "properties": { "cls": "shared", "highway": "cycleway", "name": null }, "geometry": { "type": "LineString", "coordinates": [ [ -113.464298, 53.507737 ], [ -113.464265, 53.507474 ], [ -113.464313, 53.507302 ], [ -113.464386, 53.507155 ], [ -113.464455, 53.507058 ], [ -113.464533, 53.506908 ], [ -113.464539, 53.506727 ] ] } },
{ "type": "Feature", "properties": { "cls": "shared", "highway": "cycleway", "name": null }, "geometry": { "type": "LineString", "coordinates": [ [ -113.464417, 53.506743 ], [ -113.464148, 53.507007 ], [ -113.464105, 53.507059 ], [ -113.464071, 53.507111 ], [ -113.464033, 53.507187 ], [ -113.463891, 53.507456 ], [ -113.463853, 53.50751 ], [ -113.463679, 53.507773 ], [ -113.463615, 53.5079 ], [ -113.463588, 53.507979 ], [ -113.463566, 53.508059 ], [ -113.463557, 53.508119 ], [ -113.463556, 53.508177 ], [ -113.46357, 53.508244 ], [ -113.463598, 53.508308 ], [ -113.463651, 53.508391 ], [ -113.463704, 53.50845 ], [ -113.463787, 53.508532 ], [ -113.463839, 53.508571 ], [ -113.463883, 53.508595 ], [ -113.46393, 53.508616 ], [ -113.463992, 53.508636 ], [ -113.464308, 53.508704 ], [ -113.464361, 53.508714 ] ] } },
{ "type": "Feature", "properties": { "cls": "shared", "highway": "cycleway", "name": null }, "geometry": { "type": "LineString", "coordinates": [ [ -113.464683, 53.508277 ], [ -113.464854, 53.508085 ], [ -113.464861, 53.508077 ], [ -113.465001, 53.50792 ], [ -113.465167, 53.507771 ], [ -113.465322, 53.50765 ], [ -113.46548, 53.507544 ], [ -113.465645, 53.507442 ], [ -113.466234, 53.507181 ], [ -113.466337, 53.507138 ] ] } },
{ "type": "Feature", "properties": { "cls": "shared", "highway": "cycleway", "name": null }, "geometry": { "type": "LineString", "coordinates": [ [ -113.464298, 53.507737 ], [ -113.464308, 53.507928 ] ] } },
{ "type": "Feature", "properties": { "cls": "shared", "highway": "cycleway", "name": null }, "geometry": { "type": "LineString", "coordinates": [ [ -113.4609, 53.508017 ], [ -113.460837, 53.507896 ] ] } },
{ "type": "Feature", "properties": { "cls": "shared", "highway": "cycleway", "name": null }, "geometry": { "type": "LineString", "coordinates": [ [ -113.464308, 53.507928 ], [ -113.464335, 53.508037 ] ] } },
{ "type": "Feature", "properties": { "cls": "shared", "highway": "cycleway", "name": null }, "geometry": { "type": "LineString", "coordinates": [ [ -113.460952, 53.508116 ], [ -113.4609, 53.508017 ] ] } },
{ "type": "Feature", "properties": { "cls": "shared", "highway": "cycleway", "name": null }, "geometry": { "type": "LineString", "coordinates": [ [ -113.464861, 53.508077 ], [ -113.464738, 53.508061 ], [ -113.464635, 53.508053 ], [ -113.464552, 53.508056 ], [ -113.464453, 53.508069 ], [ -113.464389, 53.508091 ], [ -113.464362, 53.508103 ] ] } },
{ "type": "Feature", "properties": { "cls": "shared", "highway": "cycleway", "name": null }, "geometry": { "type": "LineString", "coordinates": [ [ -113.461049, 53.508245 ], [ -113.460952, 53.508116 ] ] } },
{ "type": "Feature", "properties": { "cls": "shared", "highway": "cycleway", "name": null }, "geometry": { "type": "LineString", "coordinates": [ [ -113.464335, 53.508037 ], [ -113.464362, 53.508103 ], [ -113.464369, 53.508117 ], [ -113.464383, 53.50819 ], [ -113.464375, 53.508308 ] ] } },
{ "type": "Feature", "properties": { "cls": "shared", "highway": "cycleway", "name": null }, "geometry": { "type": "LineString", "coordinates": [ [ -113.461419, 53.508591 ], [ -113.461419, 53.508558 ], [ -113.461393, 53.508498 ], [ -113.461342, 53.508427 ], [ -113.461254, 53.508351 ], [ -113.461198, 53.508322 ], [ -113.461117, 53.508287 ], [ -113.461086, 53.50827 ], [ -113.461049, 53.508245 ] ] } },
{ "type": "Feature", "properties": { "cls": "shared", "highway": "cycleway", "name": null }, "geometry": { "type": "LineString", "coordinates": [ [ -113.464375, 53.508308 ], [ -113.464392, 53.508432 ] ] } },
{ "type": "Feature", "properties": { "cls": "shared", "highway": "cycleway", "name": null }, "geometry": { "type": "LineString", "coordinates": [ [ -113.464683, 53.508277 ], [ -113.464419, 53.508634 ] ] } },
{ "type": "Feature", "properties": { "cls": "shared", "highway": "cycleway", "name": null }, "geometry": { "type": "LineString", "coordinates": [ [ -113.461386, 53.508701 ], [ -113.461419, 53.508591 ] ] } },
{ "type": "Feature", "properties": { "cls": "shared", "highway": "cycleway", "name": null }, "geometry": { "type": "LineString", "coordinates": [ [ -113.464419, 53.508634 ], [ -113.464361, 53.508714 ] ] } },
{ "type": "Feature", "properties": { "cls": "shared", "highway": "cycleway", "name": null }, "geometry": { "type": "LineString", "coordinates": [ [ -113.461573, 53.508919 ], [ -113.461416, 53.50876 ], [ -113.461397, 53.508733 ], [ -113.461386, 53.508701 ] ] } },
{ "type": "Feature", "properties": { "cls": "shared", "highway": "cycleway", "name": null }, "geometry": { "type": "LineString", "coordinates": [ [ -113.461701, 53.509047 ], [ -113.461573, 53.508919 ] ] } },
{ "type": "Feature", "properties": { "cls": "shared", "highway": "cycleway", "name": null }, "geometry": { "type": "LineString", "coordinates": [ [ -113.464392, 53.508432 ], [ -113.464393, 53.508453 ], [ -113.46442, 53.508475 ], [ -113.464456, 53.508493 ], [ -113.464556, 53.508519 ], [ -113.464585, 53.508546 ], [ -113.464639, 53.508599 ], [ -113.464675, 53.508676 ], [ -113.464738, 53.50885 ], [ -113.464641, 53.509063 ], [ -113.46446, 53.509305 ], [ -113.464281, 53.509504 ] ] } },
{ "type": "Feature", "properties": { "cls": "shared", "highway": "cycleway", "name": null }, "geometry": { "type": "LineString", "coordinates": [ [ -113.464361, 53.508714 ], [ -113.464027, 53.509372 ] ] } },
{ "type": "Feature", "properties": { "cls": "shared", "highway": "cycleway", "name": null }, "geometry": { "type": "LineString", "coordinates": [ [ -113.463353, 53.509635 ], [ -113.463308, 53.509633 ], [ -113.463249, 53.509643 ], [ -113.463191, 53.509657 ], [ -113.463051, 53.509698 ], [ -113.462957, 53.509706 ], [ -113.462885, 53.509702 ], [ -113.462774, 53.509685 ], [ -113.462701, 53.509663 ], [ -113.462613, 53.509651 ], [ -113.462494, 53.509644 ], [ -113.462322, 53.509596 ], [ -113.462242, 53.509573 ], [ -113.462191, 53.50955 ], [ -113.462133, 53.509517 ], [ -113.46208, 53.509462 ], [ -113.461937, 53.50935 ], [ -113.461814, 53.509182 ], [ -113.461701, 53.509047 ] ] } },
{ "type": "Feature", "properties": { "cls": "shared", "highway": "cycleway", "name": null }, "geometry": { "type": "LineString", "coordinates": [ [ -113.464281, 53.509504 ], [ -113.464212, 53.509615 ] ] } },
{ "type": "Feature", "properties": { "cls": "shared", "highway": "cycleway", "name": null }, "geometry": { "type": "LineString", "coordinates": [ [ -113.464027, 53.509372 ], [ -113.463978, 53.509477 ], [ -113.46396, 53.50953 ], [ -113.46395, 53.509579 ], [ -113.463934, 53.509716 ], [ -113.463933, 53.509888 ] ] } },
{ "type": "Feature", "properties": { "cls": "shared", "highway": "cycleway", "name": null }, "geometry": { "type": "LineString", "coordinates": [ [ -113.463458, 53.5097 ], [ -113.463353, 53.509635 ] ] } },
{ "type": "Feature", "properties": { "cls": "shared", "highway": "cycleway", "name": null }, "geometry": { "type": "LineString", "coordinates": [ [ -113.46389, 53.509634 ], [ -113.463817, 53.509631 ], [ -113.463748, 53.509635 ], [ -113.46364, 53.509652 ], [ -113.463567, 53.509676 ], [ -113.463523, 53.509693 ], [ -113.463492, 53.509702 ], [ -113.463458, 53.5097 ] ] } },
{ "type": "Feature", "properties": { "cls": "shared", "highway": "cycleway", "name": null }, "geometry": { "type": "LineString", "coordinates": [ [ -113.464212, 53.509615 ], [ -113.464139, 53.509735 ] ] } },
{ "type": "Feature", "properties": { "cls": "shared", "highway": "cycleway", "name": null }, "geometry": { "type": "LineString", "coordinates": [ [ -113.464139, 53.509735 ], [ -113.464082, 53.509674 ], [ -113.464035, 53.509654 ], [ -113.463988, 53.509645 ], [ -113.46389, 53.509634 ] ] } },
{ "type": "Feature", "properties": { "cls": "shared", "highway": "cycleway", "name": null }, "geometry": { "type": "LineString", "coordinates": [ [ -113.463928, 53.509983 ], [ -113.463848, 53.509937 ], [ -113.463817, 53.509915 ], [ -113.463798, 53.509892 ] ] } },
{ "type": "Feature", "properties": { "cls": "shared", "highway": "cycleway", "name": null }, "geometry": { "type": "LineString", "coordinates": [ [ -113.464548, 53.510233 ], [ -113.464352, 53.509984 ], [ -113.464213, 53.509822 ], [ -113.464139, 53.509735 ] ] } },
{ "type": "Feature", "properties": { "cls": "shared", "highway": "cycleway", "name": null }, "geometry": { "type": "LineString", "coordinates": [ [ -113.464548, 53.510233 ], [ -113.464525, 53.510249 ], [ -113.464449, 53.510262 ], [ -113.464371, 53.510265 ], [ -113.464276, 53.510261 ], [ -113.46413, 53.510246 ], [ -113.464026, 53.510238 ], [ -113.463964, 53.510238 ] ] } },
{ "type": "Feature", "properties": { "cls": "shared", "highway": "cycleway", "name": null }, "geometry": { "type": "LineString", "coordinates": [ [ -113.463932, 53.510024 ], [ -113.463652, 53.510038 ], [ -113.46355, 53.510047 ], [ -113.463481, 53.51006 ], [ -113.463424, 53.510084 ], [ -113.463386, 53.510115 ], [ -113.463355, 53.510161 ], [ -113.463335, 53.510205 ], [ -113.463328, 53.510259 ], [ -113.463334, 53.510313 ], [ -113.463384, 53.510501 ], [ -113.463399, 53.510568 ], [ -113.463386, 53.510603 ], [ -113.463363, 53.510634 ], [ -113.463311, 53.510668 ], [ -113.463187, 53.510749 ], [ -113.46313, 53.510775 ], [ -113.463099, 53.510783 ] ] } },
{ "type": "Feature", "properties": { "cls": "sharrow", "highway": "tertiary", "name": "76 Avenue NW" }, "geometry": { "type": "LineString", "coordinates": [ [ -113.473276, 53.512284 ], [ -113.472993, 53.512279 ], [ -113.47066, 53.512224 ], [ -113.470303, 53.512225 ], [ -113.469826, 53.512232 ], [ -113.46927, 53.512254 ], [ -113.46883, 53.51228 ], [ -113.46782, 53.512296 ], [ -113.466898, 53.512295 ], [ -113.466146, 53.512295 ] ] } },
{ "type": "Feature", "properties": { "cls": "shared", "highway": "cycleway", "name": "Mill Creek Trestle Bridge" }, "geometry": { "type": "LineString", "coordinates": [ [ -113.469275, 53.51241 ], [ -113.46952, 53.512393 ], [ -113.469643, 53.512385 ], [ -113.469785, 53.512384 ], [ -113.470041, 53.512386 ] ] } },
{ "type": "Feature", "properties": { "cls": "shared", "highway": "cycleway", "name": null }, "geometry": { "type": "LineString", "coordinates": [ [ -113.470267, 53.513042 ], [ -113.470549, 53.513069 ] ] } },
{ "type": "Feature", "properties": { "cls": "shared", "highway": "cycleway", "name": null }, "geometry": { "type": "LineString", "coordinates": [ [ -113.470041, 53.512386 ], [ -113.47014, 53.512391 ], [ -113.470472, 53.512409 ], [ -113.470986, 53.512438 ], [ -113.471473, 53.512498 ], [ -113.4717, 53.512542 ], [ -113.472034, 53.512626 ], [ -113.472125, 53.512655 ], [ -113.472352, 53.512728 ], [ -113.472675, 53.512875 ], [ -113.472769, 53.512917 ], [ -113.473095, 53.513126 ], [ -113.473292, 53.513307 ], [ -113.473379, 53.513412 ], [ -113.473719, 53.513823 ], [ -113.473866, 53.514 ], [ -113.474308, 53.514439 ], [ -113.474462, 53.514614 ], [ -113.474654, 53.514904 ], [ -113.474718, 53.515035 ], [ -113.47479, 53.515347 ], [ -113.474783, 53.51549 ], [ -113.474696, 53.515982 ], [ -113.474643, 53.516149 ], [ -113.474426, 53.516626 ], [ -113.474283, 53.517049 ], [ -113.474254, 53.517354 ], [ -113.474278, 53.517478 ], [ -113.474323, 53.517642 ], [ -113.474392, 53.517744 ], [ -113.474513, 53.517811 ], [ -113.47475, 53.517894 ] ] } },
{ "type": "Feature", "properties": { "cls": "shared", "highway": "path", "name": null }, "geometry": { "type": "LineString", "coordinates": [ [ -113.475573, 53.516067 ], [ -113.475493, 53.516026 ], [ -113.475463, 53.515995 ], [ -113.475453, 53.515955 ], [ -113.475443, 53.515568 ], [ -113.475386, 53.515385 ], [ -113.475286, 53.515158 ], [ -113.475093, 53.514832 ], [ -113.474833, 53.514517 ], [ -113.474724, 53.514435 ], [ -113.474609, 53.51435 ], [ -113.474576, 53.514338 ], [ -113.474535, 53.514343 ], [ -113.474519, 53.514367 ], [ -113.474535, 53.514448 ], [ -113.474539, 53.514468 ], [ -113.474652, 53.51472 ], [ -113.474686, 53.5148 ], [ -113.474654, 53.514904 ] ] } },
{ "type": "Feature", "properties": { "cls": "shared", "highway": "path", "name": null }, "geometry": { "type": "LineString", "coordinates": [ [ -113.47233, 53.516545 ], [ -113.472038, 53.516539 ] ] } },
{ "type": "Feature", "properties": { "cls": "shared", "highway": "cycleway", "name": null }, "geometry": { "type": "LineString", "coordinates": [ [ -113.470267, 53.517902 ], [ -113.470275, 53.517908 ], [ -113.470293, 53.517912 ], [ -113.471067, 53.517912 ], [ -113.471409, 53.517946 ], [ -113.471574, 53.517945 ], [ -113.471623, 53.517945 ] ] } },
{ "type": "Feature", "properties": { "cls": "shared", "highway": "cycleway", "name": null }, "geometry": { "type": "LineString", "coordinates": [ [ -113.471623, 53.517945 ], [ -113.475156, 53.517951 ] ] } },
{ "type": "Feature", "properties": { "cls": "shared", "highway": "cycleway", "name": null }, "geometry": { "type": "LineString", "coordinates": [ [ -113.475156, 53.517951 ], [ -113.475381, 53.51795 ] ] } },
{ "type": "Feature", "properties": { "cls": "shared", "highway": "cycleway", "name": null }, "geometry": { "type": "LineString", "coordinates": [ [ -113.47475, 53.517894 ], [ -113.474816, 53.517942 ], [ -113.47486, 53.518041 ], [ -113.474843, 53.518156 ], [ -113.474867, 53.518219 ] ] } },
{ "type": "Feature", "properties": { "cls": "shared", "highway": "cycleway", "name": null }, "geometry": { "type": "LineString", "coordinates": [ [ -113.475164, 53.518133 ], [ -113.471744, 53.518131 ], [ -113.471723, 53.518131 ] ] } },
{ "type": "Feature", "properties": { "cls": "shared", "highway": "cycleway", "name": null }, "geometry": { "type": "LineString", "coordinates": [ [ -113.475345, 53.518135 ], [ -113.475164, 53.518133 ] ] } },
{ "type": "Feature", "properties": { "cls": "shared", "highway": "cycleway", "name": null }, "geometry": { "type": "LineString", "coordinates": [ [ -113.475345, 53.518135 ], [ -113.475394, 53.518136 ], [ -113.475445, 53.51814 ], [ -113.47547, 53.518145 ] ] } },
{ "type": "Feature", "properties": { "cls": "shared", "highway": "cycleway", "name": null }, "geometry": { "type": "LineString", "coordinates": [ [ -113.474867, 53.518219 ], [ -113.475008, 53.518459 ], [ -113.475145, 53.518637 ], [ -113.475174, 53.518688 ], [ -113.475229, 53.518801 ], [ -113.475256, 53.51887 ], [ -113.475272, 53.518934 ], [ -113.475356, 53.519722 ], [ -113.475365, 53.51977 ], [ -113.475379, 53.519797 ], [ -113.475406, 53.519823 ], [ -113.475424, 53.519835 ], [ -113.475453, 53.519848 ], [ -113.475463, 53.519851 ] ] } },
{ "type": "Feature", "properties": { "cls": "separated", "highway": "cycleway", "name": null }, "geometry": { "type": "LineString", "coordinates": [ [ -113.47395, 53.519926 ], [ -113.473897, 53.519943 ], [ -113.473865, 53.519953 ] ] } },
{ "type": "Feature", "properties": { "cls": "separated", "highway": "cycleway", "name": null }, "geometry": { "type": "LineString", "coordinates": [ [ -113.473865, 53.519953 ], [ -113.473762, 53.519985 ], [ -113.473694, 53.520025 ], [ -113.473442, 53.520079 ], [ -113.473287, 53.520096 ], [ -113.473113, 53.520079 ], [ -113.472853, 53.520039 ], [ -113.472663, 53.520056 ], [ -113.472511, 53.520069 ], [ -113.472332, 53.520139 ], [ -113.472223, 53.520153 ], [ -113.472162, 53.520158 ], [ -113.471999, 53.520154 ], [ -113.471857, 53.520151 ], [ -113.471765, 53.520147 ] ] } },
{ "type": "Feature", "properties": { "cls": "shared", "highway": "cycleway", "name": null }, "geometry": { "type": "LineString", "coordinates": [ [ -113.476517, 53.520024 ], [ -113.476571, 53.520006 ] ] } },
{ "type": "Feature", "properties": { "cls": "shared", "highway": "cycleway", "name": null }, "geometry": { "type": "LineString", "coordinates": [ [ -113.475669, 53.520009 ], [ -113.475676, 53.520037 ], [ -113.475701, 53.520106 ], [ -113.47585, 53.520373 ], [ -113.476059, 53.520715 ], [ -113.476212, 53.520803 ], [ -113.476295, 53.520863 ], [ -113.476309, 53.520896 ], [ -113.476314, 53.520938 ], [ -113.476302, 53.52098 ], [ -113.476256, 53.521051 ], [ -113.476197, 53.521094 ], [ -113.476111, 53.521129 ] ] } },
{ "type": "Feature", "properties": { "cls": "shared", "highway": "cycleway", "name": null }, "geometry": { "type": "LineString", "coordinates": [ [ -113.473147, 53.521896 ], [ -113.473176, 53.521733 ], [ -113.473217, 53.521611 ], [ -113.473253, 53.521491 ], [ -113.473254, 53.521486 ], [ -113.473287, 53.521432 ], [ -113.473358, 53.521335 ], [ -113.473452, 53.521257 ], [ -113.473463, 53.521249 ], [ -113.473557, 53.521162 ], [ -113.473596, 53.521112 ], [ -113.473616, 53.520978 ], [ -113.473725, 53.520756 ] ] } },
{ "type": "Feature", "properties": { "cls": "shared", "highway": "cycleway", "name": null }, "geometry": { "type": "LineString", "coordinates": [ [ -113.463933, 53.509888 ], [ -113.463928, 53.509983 ], [ -113.463932, 53.510024 ], [ -113.463964, 53.510238 ], [ -113.463994, 53.510339 ], [ -113.464048, 53.510465 ], [ -113.464096, 53.51058 ], [ -113.464151, 53.510694 ], [ -113.464254, 53.510869 ], [ -113.464368, 53.511028 ], [ -113.46478, 53.511436 ], [ -113.465295, 53.511753 ], [ -113.466071, 53.51215 ], [ -113.466156, 53.512176 ], [ -113.466229, 53.512182 ], [ -113.466621, 53.512198 ], [ -113.46673, 53.5122 ], [ -113.466839, 53.512211 ], [ -113.466876, 53.512226 ], [ -113.466896, 53.512254 ] ] } },
{ "type": "Feature", "properties": { "cls": "shared", "highway": "cycleway", "name": null }, "geometry": { "type": "LineString", "coordinates": [ [ -113.466156, 53.512176 ], [ -113.466046, 53.511962 ], [ -113.465991, 53.511865 ], [ -113.465895, 53.511786 ], [ -113.465665, 53.511622 ], [ -113.465266, 53.511543 ], [ -113.465223, 53.511533 ], [ -113.465186, 53.51151 ], [ -113.465155, 53.511445 ], [ -113.465154, 53.51142 ], [ -113.465157, 53.511375 ], [ -113.465108, 53.511136 ], [ -113.465001, 53.510611 ], [ -113.464601, 53.510336 ], [ -113.464548, 53.510233 ] ] } },
{ "type": "Feature", "properties": { "cls": "shared", "highway": "cycleway", "name": null }, "geometry": { "type": "LineString", "coordinates": [ [ -113.466896, 53.512254 ], [ -113.466898, 53.512295 ], [ -113.466898, 53.512344 ] ] } },
{ "type": "Feature", "properties": { "cls": "shared", "highway": "cycleway", "name": null }, "geometry": { "type": "LineString", "coordinates": [ [ -113.467002, 53.512382 ], [ -113.466944, 53.512379 ], [ -113.466915, 53.512371 ], [ -113.466903, 53.512363 ], [ -113.466898, 53.512354 ], [ -113.466898, 53.512344 ] ] } },
{ "type": "Feature", "properties": { "cls": "shared", "highway": "cycleway", "name": null }, "geometry": { "type": "LineString", "coordinates": [ [ -113.467002, 53.512382 ], [ -113.467274, 53.512391 ], [ -113.467347, 53.512398 ], [ -113.467479, 53.512416 ], [ -113.467595, 53.51244 ], [ -113.467609, 53.512442 ], [ -113.467664, 53.512452 ], [ -113.467849, 53.51247 ], [ -113.467902, 53.512473 ], [ -113.468314, 53.51247 ], [ -113.468411, 53.512464 ], [ -113.469069, 53.512426 ], [ -113.469275, 53.51241 ] ] } },
{ "type": "Feature", "properties": { "cls": "shared", "highway": "cycleway", "name": null }, "geometry": { "type": "LineString", "coordinates": [ [ -113.478638, 53.523875 ], [ -113.478578, 53.5239 ], [ -113.478487, 53.523935 ], [ -113.478424, 53.523952 ], [ -113.478349, 53.523968 ], [ -113.477813, 53.52406 ], [ -113.477736, 53.524071 ], [ -113.477658, 53.524067 ], [ -113.477587, 53.524058 ], [ -113.477523, 53.524041 ], [ -113.477466, 53.524014 ], [ -113.477413, 53.52397 ], [ -113.477165, 53.523744 ], [ -113.477042, 53.523581 ] ] } },
{ "type": "Feature", "properties": { "cls": "shared", "highway": "path", "name": null }, "geometry": { "type": "LineString", "coordinates": [ [ -113.478349, 53.523968 ], [ -113.478202, 53.524105 ], [ -113.478064, 53.52431 ], [ -113.477795, 53.524435 ], [ -113.477503, 53.524531 ], [ -113.477491, 53.524758 ], [ -113.477512, 53.524806 ], [ -113.47753, 53.524906 ], [ -113.477554, 53.52499 ] ] } },
{ "type": "Feature", "properties": { "cls": "shared", "highway": "path", "name": null }, "geometry": { "type": "LineString", "coordinates": [ [ -113.477503, 53.524531 ], [ -113.477344, 53.524553 ], [ -113.47717, 53.524619 ], [ -113.477126, 53.524736 ], [ -113.477137, 53.524856 ], [ -113.477131, 53.524974 ], [ -113.477115, 53.525162 ], [ -113.477157, 53.525242 ] ] } },
{ "type": "Feature", "properties": { "cls": "shared", "highway": "cycleway", "name": null }, "geometry": { "type": "LineString", "coordinates": [ [ -113.477978, 53.525079 ], [ -113.477819, 53.525074 ], [ -113.477799, 53.52507 ], [ -113.477786, 53.525065 ] ] } },
{ "type": "Feature", "properties": { "cls": "shared", "highway": "cycleway", "name": null }, "geometry": { "type": "LineString", "coordinates": [ [ -113.477467, 53.526129 ], [ -113.477542, 53.526102 ] ] } },
{ "type": "Feature", "properties": { "cls": "shared", "highway": "cycleway", "name": null }, "geometry": { "type": "LineString", "coordinates": [ [ -113.477216, 53.526139 ], [ -113.477467, 53.526129 ] ] } },
{ "type": "Feature", "properties": { "cls": "shared", "highway": "cycleway", "name": null }, "geometry": { "type": "LineString", "coordinates": [ [ -113.477216, 53.526139 ], [ -113.477154, 53.52614 ] ] } },
{ "type": "Feature", "properties": { "cls": "shared", "highway": "path", "name": null }, "geometry": { "type": "LineString", "coordinates": [ [ -113.477147, 53.52646 ], [ -113.476694, 53.526224 ], [ -113.476619, 53.52614 ], [ -113.476654, 53.526039 ] ] } },
{ "type": "Feature", "properties": { "cls": "shared", "highway": "cycleway", "name": null }, "geometry": { "type": "LineString", "coordinates": [ [ -113.477148, 53.529397 ], [ -113.477244, 53.529192 ], [ -113.477255, 53.529088 ], [ -113.477211, 53.528967 ], [ -113.477176, 53.52876 ], [ -113.477157, 53.528603 ], [ -113.477079, 53.528394 ], [ -113.477059, 53.528244 ], [ -113.477145, 53.527994 ], [ -113.477241, 53.527715 ], [ -113.477251, 53.527445 ], [ -113.47727, 53.527277 ], [ -113.477276, 53.527228 ], [ -113.47696, 53.526935 ], [ -113.476939, 53.526817 ], [ -113.477005, 53.526656 ], [ -113.477086, 53.526565 ], [ -113.477147, 53.52646 ], [ -113.477154, 53.526281 ], [ -113.477154, 53.52614 ], [ -113.476834, 53.526124 ], [ -113.476654, 53.526039 ], [ -113.476675, 53.525869 ], [ -113.47671, 53.525788 ], [ -113.476738, 53.525651 ], [ -113.476743, 53.52563 ], [ -113.47677, 53.525496 ], [ -113.476799, 53.525248 ], [ -113.476783, 53.525044 ], [ -113.476748, 53.524909 ], [ -113.47671, 53.524763 ], [ -113.4767, 53.524719 ], [ -113.47667, 53.524598 ], [ -113.476612, 53.524492 ], [ -113.476568, 53.524346 ], [ -113.476563, 53.52425 ], [ -113.476576, 53.524151 ], [ -113.4767, 53.524001 ], [ -113.476791, 53.523943 ], [ -113.476859, 53.523883 ], [ -113.476939, 53.523838 ], [ -113.477074, 53.523774 ], [ -113.477093, 53.523764 ], [ -113.477165, 53.523744 ] ] } },
{ "type": "Feature", "properties": { "cls": "shared", "highway": "cycleway", "name": null }, "geometry": { "type": "LineString", "coordinates": [ [ -113.476608, 53.529244 ], [ -113.477211, 53.528967 ] ] } },
{ "type": "Feature", "properties": { "cls": "shared", "highway": "cycleway", "name": null }, "geometry": { "type": "LineString", "coordinates": [ [ -113.482616, 53.527306 ], [ -113.48219, 53.527291 ], [ -113.482004, 53.527274 ], [ -113.48185, 53.527248 ], [ -113.481686, 53.527189 ], [ -113.481389, 53.527032 ], [ -113.481276, 53.526983 ], [ -113.481238, 53.526966 ], [ -113.480818, 53.526887 ], [ -113.480461, 53.526818 ], [ -113.480393, 53.526801 ], [ -113.480342, 53.526778 ], [ -113.479971, 53.526605 ], [ -113.479471, 53.52635 ], [ -113.479206, 53.5262 ], [ -113.479018, 53.526099 ], [ -113.478897, 53.526021 ], [ -113.478851, 53.525975 ], [ -113.478759, 53.525856 ], [ -113.478722, 53.525829 ], [ -113.478663, 53.525804 ], [ -113.478319, 53.525701 ], [ -113.478282, 53.525677 ], [ -113.478277, 53.52565 ], [ -113.478217, 53.525476 ], [ -113.478093, 53.525292 ], [ -113.477978, 53.525079 ] ] } },
{ "type": "Feature", "properties": { "cls": "shared", "highway": "cycleway", "name": null }, "geometry": { "type": "LineString", "coordinates": [ [ -113.476111, 53.521129 ], [ -113.476344, 53.52138 ], [ -113.476613, 53.521653 ], [ -113.476667, 53.521697 ], [ -113.477033, 53.521947 ], [ -113.477212, 53.522068 ], [ -113.477607, 53.522363 ], [ -113.478141, 53.522802 ], [ -113.478312, 53.523005 ], [ -113.478342, 53.52306 ], [ -113.47847, 53.523307 ], [ -113.478565, 53.523536 ], [ -113.478579, 53.523589 ], [ -113.478581, 53.523644 ], [ -113.478576, 53.523829 ], [ -113.478578, 53.5239 ], [ -113.478397, 53.524284 ], [ -113.47826, 53.524532 ], [ -113.478105, 53.524769 ], [ -113.478036, 53.524881 ], [ -113.478006, 53.524955 ], [ -113.47799, 53.525027 ], [ -113.477978, 53.525079 ], [ -113.477945, 53.525525 ], [ -113.47795, 53.525875 ], [ -113.477955, 53.52592 ], [ -113.478156, 53.526278 ], [ -113.478305, 53.526518 ], [ -113.47837, 53.526656 ], [ -113.478406, 53.526749 ], [ -113.478576, 53.526948 ], [ -113.478827, 53.527315 ], [ -113.478975, 53.527544 ], [ -113.479281, 53.527969 ], [ -113.479505, 53.52813 ], [ -113.479816, 53.528454 ], [ -113.479851, 53.528502 ], [ -113.4799, 53.528544 ], [ -113.480124, 53.52871 ], [ -113.480423, 53.528917 ], [ -113.480426, 53.528919 ], [ -113.480681, 53.529115 ], [ -113.480875, 53.529272 ], [ -113.480987, 53.529354 ], [ -113.481075, 53.529412 ], [ -113.481216, 53.529492 ], [ -113.481391, 53.529584 ], [ -113.481553, 53.529663 ], [ -113.481682, 53.52972 ], [ -113.481897, 53.529805 ], [ -113.48205, 53.529858 ], [ -113.482221, 53.529908 ], [ -113.482605, 53.530011 ], [ -113.482731, 53.530051 ], [ -113.482816, 53.530077 ], [ -113.483017, 53.530161 ], [ -113.483179, 53.530238 ], [ -113.483279, 53.530293 ], [ -113.483382, 53.530362 ], [ -113.483517, 53.530468 ], [ -113.48369, 53.530622 ], [ -113.484375, 53.531258 ], [ -113.484658, 53.531556 ] ] } },
{ "type": "Feature", "properties": { "cls": "separated", "highway": "cycleway", "name": null }, "geometry": { "type": "LineString", "coordinates": [ [ -113.479816, 53.528454 ], [ -113.479812, 53.52842 ], [ -113.479812, 53.528225 ], [ -113.479815, 53.528203 ], [ -113.479818, 53.528183 ], [ -113.47983, 53.528154 ], [ -113.479852, 53.528126 ] ] } },
{ "type": "Feature", "properties": { "cls": "sharrow", "highway": "residential", "name": "93 Avenue NW" }, "geometry": { "type": "Point", "coordinates": [ -113.482703, 53.528252 ] } },
{ "type": "Feature", "properties": { "cls": "shared", "highway": "cycleway", "name": null }, "geometry": { "type": "LineString", "coordinates": [ [ -113.480566, 53.529461 ], [ -113.480633, 53.52941 ], [ -113.480674, 53.529345 ], [ -113.48061, 53.529235 ], [ -113.480518, 53.529117 ], [ -113.480414, 53.52902 ], [ -113.480423, 53.528917 ] ] } },
{ "type": "Feature", "properties": { "cls": "shared", "highway": "path", "name": null }, "geometry": { "type": "LineString", "coordinates": [ [ -113.492901, 53.524449 ], [ -113.492703, 53.524512 ], [ -113.492355, 53.524631 ], [ -113.492027, 53.524743 ], [ -113.491925, 53.524767 ] ] } },
{ "type": "Feature", "properties": { "cls": "shared", "highway": "path", "name": null }, "geometry": { "type": "LineString", "coordinates": [ [ -113.503622, 53.523169 ], [ -113.503618, 53.523134 ] ] } },
{ "type": "Feature", "properties": { "cls": "shared", "highway": "cycleway", "name": null }, "geometry": { "type": "LineString", "coordinates": [ [ -113.49767, 53.523454 ], [ -113.497658, 53.523402 ], [ -113.497664, 53.523387 ] ] } },
{ "type": "Feature", "properties": { "cls": "shared", "highway": "cycleway", "name": null }, "geometry": { "type": "LineString", "coordinates": [ [ -113.497236, 53.523556 ], [ -113.497053, 53.523523 ] ] } },
{ "type": "Feature", "properties": { "cls": "shared", "highway": "footway", "name": null }, "geometry": { "type": "LineString", "coordinates": [ [ -113.497363, 53.523523 ], [ -113.497369, 53.523613 ] ] } },
{ "type": "Feature", "properties": { "cls": "shared", "highway": "path", "name": null }, "geometry": { "type": "LineString", "coordinates": [ [ -113.502497, 53.523251 ], [ -113.502416, 53.523241 ], [ -113.502381, 53.523243 ], [ -113.502308, 53.52325 ], [ -113.502197, 53.523256 ], [ -113.502104, 53.52326 ], [ -113.50193, 53.52326 ], [ -113.501494, 53.523273 ], [ -113.500966, 53.523288 ], [ -113.500699, 53.523298 ], [ -113.500347, 53.523315 ], [ -113.500256, 53.52332 ], [ -113.49897, 53.523376 ], [ -113.49852, 53.523403 ], [ -113.49767, 53.523454 ], [ -113.497619, 53.523457 ], [ -113.497516, 53.523477 ], [ -113.497363, 53.523523 ], [ -113.497276, 53.523548 ], [ -113.497236, 53.523556 ], [ -113.497226, 53.523558 ], [ -113.497091, 53.523616 ], [ -113.496988, 53.523643 ], [ -113.496888, 53.523657 ], [ -113.496226, 53.52372 ], [ -113.496005, 53.523754 ], [ -113.495944, 53.523766 ], [ -113.49576, 53.523798 ], [ -113.495666, 53.523817 ], [ -113.495608, 53.523826 ], [ -113.495364, 53.52386 ], [ -113.49466, 53.523998 ], [ -113.493658, 53.524211 ], [ -113.493547, 53.524243 ], [ -113.493405, 53.524283 ], [ -113.493325, 53.5243 ], [ -113.493299, 53.524327 ], [ -113.493276, 53.524351 ], [ -113.49325, 53.524365 ], [ -113.493216, 53.524371 ], [ -113.493176, 53.524372 ], [ -113.493138, 53.524372 ], [ -113.49303, 53.524407 ], [ -113.492961, 53.52443 ], [ -113.492901, 53.524449 ] ] } },
{ "type": "Feature", "properties": { "cls": "shared", "highway": "cycleway", "name": null }, "geometry": { "type": "LineString", "coordinates": [ [ -113.500413, 53.523741 ], [ -113.500442, 53.523752 ], [ -113.500458, 53.523764 ], [ -113.500461, 53.523785 ], [ -113.500425, 53.523928 ], [ -113.500417, 53.523953 ], [ -113.50041, 53.523969 ], [ -113.500402, 53.523987 ], [ -113.500378, 53.524016 ], [ -113.500356, 53.524051 ], [ -113.500335, 53.524074 ], [ -113.500322, 53.524098 ], [ -113.500317, 53.524111 ], [ -113.500315, 53.52412 ], [ -113.500308, 53.524156 ], [ -113.500308, 53.524172 ], [ -113.500312, 53.524183 ], [ -113.500325, 53.524208 ], [ -113.500408, 53.524321 ] ] } },
{ "type": "Feature", "properties": { "cls": "shared", "highway": "cycleway", "name": null }, "geometry": { "type": "LineString", "coordinates": [ [ -113.499867, 53.524199 ], [ -113.49957, 53.524159 ], [ -113.4995, 53.524152 ], [ -113.499439, 53.524149 ], [ -113.499386, 53.524147 ], [ -113.49893, 53.524237 ], [ -113.498863, 53.524248 ], [ -113.498833, 53.524259 ], [ -113.498732, 53.524311 ], [ -113.498704, 53.52432 ], [ -113.498669, 53.524328 ], [ -113.49862, 53.524335 ], [ -113.49858, 53.52434 ], [ -113.498519, 53.524347 ], [ -113.498323, 53.524361 ] ] } },
{ "type": "Feature", "properties": { "cls": "shared", "highway": "cycleway", "name": null }, "geometry": { "type": "LineString", "coordinates": [ [ -113.499961, 53.52421 ], [ -113.50012, 53.524235 ], [ -113.500408, 53.524321 ] ] } },
{ "type": "Feature", "properties": { "cls": "shared", "highway": "cycleway", "name": null }, "geometry": { "type": "LineString", "coordinates": [ [ -113.498147, 53.524398 ], [ -113.498221, 53.524382 ], [ -113.498323, 53.524361 ] ] } },
{ "type": "Feature", "properties": { "cls": "shared", "highway": "path", "name": null }, "geometry": { "type": "LineString", "coordinates": [ [ -113.503332, 53.523143 ], [ -113.503334, 53.523177 ] ] } },
{ "type": "Feature", "properties": { "cls": "shared", "highway": "path", "name": null }, "geometry": { "type": "LineString", "coordinates": [ [ -113.503629, 53.52322 ], [ -113.503622, 53.523169 ] ] } },
{ "type": "Feature", "properties": { "cls": "shared", "highway": "path", "name": null }, "geometry": { "type": "LineString", "coordinates": [ [ -113.503397, 53.523319 ], [ -113.503396, 53.523288 ], [ -113.50337, 53.523272 ], [ -113.503354, 53.523257 ], [ -113.503345, 53.523246 ], [ -113.503339, 53.523232 ], [ -113.503337, 53.523217 ], [ -113.503334, 53.523177 ] ] } },
{ "type": "Feature", "properties": { "cls": "shared", "highway": "path", "name": null }, "geometry": { "type": "LineString", "coordinates": [ [ -113.504096, 53.523199 ], [ -113.503987, 53.523196 ], [ -113.503907, 53.523196 ], [ -113.503815, 53.523199 ], [ -113.503733, 53.523207 ], [ -113.503629, 53.52322 ], [ -113.503581, 53.523235 ], [ -113.503481, 53.523268 ], [ -113.503457, 53.523275 ], [ -113.503433, 53.523281 ], [ -113.503396, 53.523288 ] ] } },
{ "type": "Feature", "properties": { "cls": "shared", "highway": "path", "name": null }, "geometry": { "type": "LineString", "coordinates": [ [ -113.504199, 53.523195 ], [ -113.504161, 53.523193 ], [ -113.504126, 53.523194 ], [ -113.504096, 53.523199 ], [ -113.504007, 53.523221 ], [ -113.503788, 53.523283 ], [ -113.503764, 53.523287 ], [ -113.503714, 53.523298 ], [ -113.503651, 53.523305 ], [ -113.503533, 53.523315 ], [ -113.503397, 53.523319 ] ] } },
{ "type": "Feature", "properties": { "cls": "shared", "highway": "path", "name": null }, "geometry": { "type": "LineString", "coordinates": [ [ -113.503397, 53.523319 ], [ -113.503274, 53.523319 ], [ -113.502894, 53.523296 ], [ -113.502852, 53.523293 ], [ -113.502668, 53.523268 ], [ -113.502581, 53.523257 ], [ -113.502497, 53.523251 ] ] } },
{ "type": "Feature", "properties": { "cls": "shared", "highway": "path", "name": null }, "geometry": { "type": "LineString", "coordinates": [ [ -113.505222, 53.523306 ], [ -113.504199, 53.523195 ] ] } },
{ "type": "Feature", "properties": { "cls": "shared", "highway": "cycleway", "name": null }, "geometry": { "type": "LineString", "coordinates": [ [ -113.506128, 53.523401 ], [ -113.506115, 53.52344 ] ] } },
{ "type": "Feature", "properties": { "cls": "shared", "highway": "path", "name": null }, "geometry": { "type": "LineString", "coordinates": [ [ -113.506976, 53.523574 ], [ -113.506771, 53.523533 ], [ -113.506544, 53.523504 ], [ -113.506418, 53.523485 ], [ -113.506216, 53.523459 ], [ -113.506115, 53.52344 ], [ -113.505983, 53.523415 ], [ -113.505222, 53.523306 ] ] } },
{ "type": "Feature", "properties": { "cls": "shared", "highway": "cycleway", "name": null }, "geometry": { "type": "LineString", "coordinates": [ [ -113.506432, 53.523444 ], [ -113.506418, 53.523485 ] ] } },
{ "type": "Feature", "properties": { "cls": "shared", "highway": "cycleway", "name": null }, "geometry": { "type": "LineString", "coordinates": [ [ -113.499867, 53.524199 ], [ -113.499961, 53.52421 ], [ -113.499967, 53.524198 ], [ -113.499983, 53.524185 ], [ -113.500006, 53.524179 ], [ -113.500051, 53.524174 ], [ -113.500114, 53.524162 ], [ -113.500207, 53.524143 ], [ -113.500317, 53.524111 ], [ -113.500432, 53.524083 ], [ -113.500495, 53.524066 ], [ -113.500579, 53.524054 ], [ -113.500799, 53.524038 ], [ -113.501063, 53.523996 ], [ -113.501123, 53.523981 ], [ -113.501164, 53.523959 ], [ -113.501188, 53.523929 ], [ -113.501232, 53.52381 ], [ -113.501244, 53.523779 ], [ -113.501291, 53.523734 ], [ -113.501381, 53.523677 ], [ -113.501462, 53.523638 ], [ -113.501594, 53.523621 ], [ -113.501825, 53.523624 ], [ -113.501951, 53.523641 ], [ -113.502104, 53.52364 ], [ -113.502351, 53.523607 ], [ -113.50267, 53.523556 ], [ -113.502708, 53.523544 ], [ -113.502714, 53.523527 ], [ -113.502693, 53.523509 ], [ -113.502646, 53.523498 ], [ -113.502484, 53.523495 ], [ -113.502307, 53.523489 ], [ -113.502038, 53.523459 ], [ -113.501863, 53.523438 ], [ -113.501829, 53.523427 ], [ -113.501823, 53.52342 ], [ -113.501829, 53.523413 ], [ -113.501854, 53.523406 ], [ -113.502029, 53.523402 ], [ -113.50214, 53.523408 ], [ -113.502247, 53.523402 ], [ -113.502331, 53.523376 ], [ -113.502365, 53.523353 ], [ -113.502468, 53.523273 ], [ -113.502497, 53.523251 ] ] } },
{ "type": "Feature", "properties": { "cls": "shared", "highway": "cycleway", "name": null }, "geometry": { "type": "LineString", "coordinates": [ [ -113.500772, 53.524429 ], [ -113.500952, 53.524501 ], [ -113.501201, 53.524611 ], [ -113.501423, 53.52472 ], [ -113.501492, 53.524759 ], [ -113.501638, 53.524855 ], [ -113.501753, 53.52491 ], [ -113.50183, 53.524937 ], [ -113.50198, 53.52498 ], [ -113.50246, 53.52513 ], [ -113.502633, 53.525175 ], [ -113.502919, 53.52524 ], [ -113.503027, 53.525273 ], [ -113.503089, 53.525298 ], [ -113.503137, 53.525329 ], [ -113.503168, 53.525354 ], [ -113.503195, 53.525409 ], [ -113.503178, 53.525471 ], [ -113.503153, 53.525576 ] ] } },
{ "type": "Feature", "properties": { "cls": "shared", "highway": "cycleway", "name": null }, "geometry": { "type": "LineString", "coordinates": [ [ -113.504503, 53.52398 ], [ -113.504446, 53.523999 ], [ -113.50438, 53.524026 ], [ -113.50431, 53.52407 ], [ -113.504294, 53.524087 ], [ -113.504189, 53.524284 ], [ -113.504112, 53.524453 ], [ -113.504092, 53.524631 ], [ -113.504041, 53.524878 ], [ -113.504015, 53.524944 ], [ -113.50398, 53.524985 ], [ -113.503899, 53.52504 ], [ -113.503816, 53.525093 ], [ -113.503745, 53.525149 ], [ -113.50369, 53.525204 ], [ -113.503564, 53.52532 ], [ -113.503466, 53.525385 ], [ -113.50331, 53.525488 ], [ -113.50323, 53.525533 ], [ -113.503153, 53.525576 ], [ -113.50314, 53.52559 ], [ -113.503089, 53.525641 ], [ -113.503025, 53.525717 ], [ -113.502944, 53.525834 ], [ -113.50288, 53.525961 ], [ -113.502827, 53.526096 ], [ -113.502787, 53.526231 ], [ -113.502926, 53.526268 ] ] } },
{ "type": "Feature", "properties": { "cls": "separated", "highway": "cycleway", "name": null }, "geometry": { "type": "LineString", "coordinates": [ [ -113.50311, 53.526316 ], [ -113.503139, 53.526295 ], [ -113.503212, 53.526206 ], [ -113.50331, 53.526086 ], [ -113.503522, 53.525874 ], [ -113.503654, 53.525758 ], [ -113.503743, 53.525671 ], [ -113.503968, 53.525413 ], [ -113.504062, 53.525328 ], [ -113.504235, 53.525202 ], [ -113.504419, 53.525082 ], [ -113.504597, 53.524976 ], [ -113.504799, 53.52487 ], [ -113.50495, 53.524797 ], [ -113.505015, 53.524768 ], [ -113.505272, 53.524671 ], [ -113.505478, 53.524604 ], [ -113.505683, 53.524547 ], [ -113.505883, 53.5245 ], [ -113.506081, 53.524461 ], [ -113.506275, 53.524429 ], [ -113.506464, 53.524405 ], [ -113.506647, 53.524386 ], [ -113.507284, 53.524336 ], [ -113.51151, 53.524038 ], [ -113.511571, 53.524034 ], [ -113.511613, 53.524033 ], [ -113.51166, 53.524035 ], [ -113.511736, 53.524045 ], [ -113.511767, 53.524053 ], [ -113.511784, 53.52406 ] ] } },
{ "type": "Feature", "properties": { "cls": "shared", "highway": "footway", "name": null }, "geometry": { "type": "LineString", "coordinates": [ [ -113.502926, 53.526268 ], [ -113.50311, 53.526316 ] ] } },
{ "type": "Feature", "properties": { "cls": "shared", "highway": "cycleway", "name": null }, "geometry": { "type": "LineString", "coordinates": [ [ -113.50952, 53.526105 ], [ -113.509411, 53.526119 ], [ -113.509356, 53.526122 ], [ -113.509309, 53.52612 ], [ -113.509187, 53.5261 ], [ -113.509092, 53.526076 ], [ -113.508731, 53.525926 ], [ -113.508567, 53.525864 ], [ -113.508432, 53.525821 ], [ -113.508267, 53.525782 ], [ -113.508153, 53.525767 ], [ -113.507989, 53.525754 ], [ -113.507812, 53.525747 ], [ -113.507666, 53.525728 ], [ -113.507549, 53.525699 ], [ -113.507446, 53.525666 ], [ -113.507354, 53.525628 ], [ -113.507157, 53.525608 ], [ -113.5067, 53.525622 ], [ -113.506367, 53.525608 ], [ -113.505976, 53.525546 ], [ -113.505759, 53.525499 ], [ -113.505405, 53.525414 ], [ -113.505161, 53.525358 ], [ -113.505002, 53.52533 ], [ -113.504836, 53.525317 ], [ -113.504753, 53.525325 ], [ -113.504648, 53.525346 ], [ -113.50457, 53.525384 ], [ -113.504495, 53.525441 ], [ -113.504431, 53.52551 ], [ -113.504278, 53.525661 ], [ -113.504124, 53.525816 ], [ -113.504061, 53.525871 ], [ -113.504004, 53.525974 ], [ -113.50392, 53.526119 ], [ -113.503913, 53.526153 ], [ -113.503923, 53.52618 ], [ -113.503962, 53.52623 ], [ -113.503989, 53.526268 ], [ -113.503977, 53.526308 ], [ -113.504001, 53.52641 ], [ -113.504013, 53.526463 ], [ -113.504017, 53.526494 ], [ -113.503967, 53.526623 ], [ -113.503724, 53.527179 ], [ -113.503712, 53.527212 ], [ -113.50367, 53.527318 ] ] } },
{ "type": "Feature", "properties": { "cls": "shared", "highway": "cycleway", "name": null }, "geometry": { "type": "LineString", "coordinates": [ [ -113.50311, 53.526316 ], [ -113.503166, 53.526322 ], [ -113.503211, 53.526351 ], [ -113.503272, 53.526375 ], [ -113.503307, 53.526385 ], [ -113.503391, 53.526399 ], [ -113.503464, 53.526406 ], [ -113.503557, 53.526412 ], [ -113.5036, 53.526411 ], [ -113.503669, 53.526402 ], [ -113.503724, 53.526384 ], [ -113.503889, 53.526306 ], [ -113.503989, 53.526268 ], [ -113.504084, 53.526255 ], [ -113.504166, 53.526256 ], [ -113.504235, 53.526262 ], [ -113.504297, 53.526275 ] ] } },
{ "type": "Feature", "properties": { "cls": "shared", "highway": "cycleway", "name": null }, "geometry": { "type": "LineString", "coordinates": [ [ -113.501667, 53.52698 ], [ -113.501715, 53.527004 ], [ -113.501925, 53.527076 ], [ -113.501984, 53.52709 ], [ -113.502053, 53.527098 ], [ -113.502087, 53.527097 ], [ -113.502121, 53.527091 ], [ -113.502153, 53.52708 ], [ -113.502183, 53.527062 ], [ -113.502209, 53.527037 ], [ -113.502245, 53.526977 ], [ -113.502305, 53.526851 ], [ -113.502323, 53.526775 ], [ -113.502346, 53.526688 ], [ -113.502361, 53.526596 ], [ -113.502364, 53.526485 ], [ -113.502358, 53.526408 ], [ -113.502349, 53.526326 ], [ -113.502341, 53.526285 ], [ -113.502337, 53.526267 ], [ -113.502366, 53.526257 ], [ -113.502397, 53.52625 ], [ -113.502512, 53.526244 ], [ -113.502658, 53.526231 ], [ -113.502734, 53.526223 ], [ -113.502787, 53.526231 ] ] } },
{ "type": "Feature", "properties": { "cls": "shared", "highway": "cycleway", "name": null }, "geometry": { "type": "LineString", "coordinates": [ [ -113.502551, 53.527137 ], [ -113.502562, 53.527101 ], [ -113.502581, 53.527059 ], [ -113.502595, 53.527023 ], [ -113.502708, 53.526806 ], [ -113.502865, 53.526563 ], [ -113.50296, 53.526459 ], [ -113.503028, 53.526381 ], [ -113.50311, 53.526316 ] ] } },
{ "type": "Feature", "properties": { "cls": "shared", "highway": "path", "name": null }, "geometry": { "type": "LineString", "coordinates": [ [ -113.501667, 53.52698 ], [ -113.501629, 53.526958 ], [ -113.501606, 53.526939 ], [ -113.501587, 53.526922 ] ] } },
{ "type": "Feature", "properties": { "cls": "shared", "highway": "cycleway", "name": null }, "geometry": { "type": "LineString", "coordinates": [ [ -113.500772, 53.524429 ], [ -113.500744, 53.524418 ], [ -113.500408, 53.524321 ] ] } },
{ "type": "Feature", "properties": { "cls": "shared", "highway": "cycleway", "name": null }, "geometry": { "type": "LineString", "coordinates": [ [ -113.497203, 53.524667 ], [ -113.4973, 53.524626 ], [ -113.497409, 53.524583 ], [ -113.497465, 53.524561 ], [ -113.497551, 53.52452 ], [ -113.497601, 53.5245 ], [ -113.49768, 53.524484 ], [ -113.497766, 53.524475 ], [ -113.497874, 53.524462 ], [ -113.497987, 53.524442 ], [ -113.498082, 53.524418 ], [ -113.498147, 53.524398 ] ] } },
{ "type": "Feature", "properties": { "cls": "shared", "highway": "cycleway", "name": null }, "geometry": { "type": "LineString", "coordinates": [ [ -113.493507, 53.525833 ], [ -113.493221, 53.525649 ] ] } },
{ "type": "Feature", "properties": { "cls": "shared", "highway": "cycleway", "name": null }, "geometry": { "type": "MultiLineString", "coordinates": [ [ [ -113.490121, 53.527231 ], [ -113.490262, 53.527204 ], [ -113.490404, 53.527171 ], [ -113.490499, 53.527144 ], [ -113.490543, 53.527132 ], [ -113.490648, 53.527097 ], [ -113.490736, 53.527063 ], [ -113.490804, 53.527032 ], [ -113.49087, 53.526993 ], [ -113.490963, 53.526916 ], [ -113.491085, 53.526782 ], [ -113.491144, 53.526725 ], [ -113.491173, 53.526703 ] ], [ [ -113.491838, 53.52637 ], [ -113.491895, 53.526331 ], [ -113.491924, 53.526316 ], [ -113.491977, 53.526306 ], [ -113.492, 53.526302 ], [ -113.492125, 53.526299 ], [ -113.492143, 53.526299 ], [ -113.492222, 53.526289 ], [ -113.492267, 53.526277 ], [ -113.492378, 53.526221 ], [ -113.492418, 53.526206 ], [ -113.492594, 53.526182 ], [ -113.492748, 53.526146 ], [ -113.492964, 53.526078 ], [ -113.493174, 53.525996 ], [ -113.493427, 53.525882 ], [ -113.493507, 53.525833 ], [ -113.493515, 53.525825 ], [ -113.493567, 53.525797 ], [ -113.493682, 53.525753 ], [ -113.494605, 53.525525 ], [ -113.49466, 53.525511 ], [ -113.495878, 53.525206 ], [ -113.496159, 53.525121 ], [ -113.496338, 53.525052 ], [ -113.496448, 53.52501 ], [ -113.496548, 53.524963 ], [ -113.496821, 53.524843 ], [ -113.497203, 53.524667 ] ] ] } },
{ "type": "Feature", "properties": { "cls": "shared", "highway": "path", "name": null }, "geometry": { "type": "LineString", "coordinates": [ [ -113.500452, 53.52598 ], [ -113.500326, 53.525985 ], [ -113.500195, 53.525982 ], [ -113.500087, 53.525972 ], [ -113.500007, 53.525953 ], [ -113.49987, 53.525919 ] ] } },
{ "type": "Feature", "properties": { "cls": "shared", "highway": "path", "name": null }, "geometry": { "type": "LineString", "coordinates": [ [ -113.502337, 53.526267 ], [ -113.502163, 53.526199 ], [ -113.502067, 53.526157 ], [ -113.501825, 53.526028 ], [ -113.501699, 53.525972 ], [ -113.501602, 53.52594 ], [ -113.501482, 53.52591 ], [ -113.501361, 53.525888 ], [ -113.501199, 53.525874 ], [ -113.500999, 53.525871 ], [ -113.500904, 53.525882 ], [ -113.500797, 53.525895 ], [ -113.500704, 53.525912 ], [ -113.500596, 53.52594 ], [ -113.500502, 53.525966 ], [ -113.500452, 53.52598 ], [ -113.500365, 53.52602 ], [ -113.500321, 53.526042 ], [ -113.500271, 53.526068 ], [ -113.500186, 53.526123 ], [ -113.500141, 53.526157 ], [ -113.50009, 53.526174 ] ] } },
{ "type": "Feature", "properties": { "cls": "shared", "highway": "cycleway", "name": null }, "geometry": { "type": "LineString", "coordinates": [ [ -113.492125, 53.526299 ], [ -113.492125, 53.526276 ] ] } },
{ "type": "Feature", "properties": { "cls": "shared", "highway": "path", "name": null }, "geometry": { "type": "LineString", "coordinates": [ [ -113.500548, 53.526699 ], [ -113.500197, 53.526481 ], [ -113.500124, 53.52643 ], [ -113.500079, 53.526382 ], [ -113.500065, 53.526348 ], [ -113.500042, 53.526307 ], [ -113.500031, 53.526269 ] ] } },
{ "type": "Feature", "properties": { "cls": "shared", "highway": "path", "name": null }, "geometry": { "type": "LineString", "coordinates": [ [ -113.50098, 53.526755 ], [ -113.500881, 53.526756 ], [ -113.500814, 53.526748 ], [ -113.500708, 53.526733 ], [ -113.500633, 53.526718 ], [ -113.500548, 53.526699 ] ] } },
{ "type": "Feature", "properties": { "cls": "shared", "highway": "path", "name": null }, "geometry": { "type": "LineString", "coordinates": [ [ -113.500548, 53.526699 ], [ -113.500615, 53.526745 ], [ -113.500899, 53.526896 ] ] } },
{ "type": "Feature", "properties": { "cls": "separated", "highway": "cycleway", "name": null }, "geometry": { "type": "LineString", "coordinates": [ [ -113.489942, 53.525379 ], [ -113.489952, 53.525377 ] ] } },
{ "type": "Feature", "properties": { "cls": "shared", "highway": "footway", "name": null }, "geometry": { "type": "LineString", "coordinates": [ [ -113.488535, 53.526386 ], [ -113.48853, 53.526388 ] ] } },
{ "type": "Feature", "properties": { "cls": "shared", "highway": "footway", "name": null }, "geometry": { "type": "LineString", "coordinates": [ [ -113.48853, 53.526388 ], [ -113.48848, 53.526415 ], [ -113.488467, 53.526425 ], [ -113.488471, 53.526433 ], [ -113.488449, 53.52644 ] ] } },
{ "type": "Feature", "properties": { "cls": "shared", "highway": "path", "name": null }, "geometry": { "type": "LineString", "coordinates": [ [ -113.488449, 53.52644 ], [ -113.488278, 53.526503 ], [ -113.488142, 53.526563 ] ] } },
{ "type": "Feature", "properties": { "cls": "shared", "highway": "cycleway", "name": null }, "geometry": { "type": "LineString", "coordinates": [ [ -113.488142, 53.526563 ], [ -113.48813, 53.526568 ], [ -113.487412, 53.526889 ], [ -113.487025, 53.527071 ] ] } },
{ "type": "Feature", "properties": { "cls": "shared", "highway": "path", "name": null }, "geometry": { "type": "LineString", "coordinates": [ [ -113.500899, 53.526896 ], [ -113.500871, 53.526877 ], [ -113.500855, 53.526854 ], [ -113.500852, 53.526829 ], [ -113.500861, 53.526805 ], [ -113.500881, 53.526785 ], [ -113.500909, 53.52677 ], [ -113.500943, 53.526759 ], [ -113.50098, 53.526755 ], [ -113.501119, 53.526749 ], [ -113.50121, 53.526755 ], [ -113.501312, 53.526771 ], [ -113.501401, 53.526799 ], [ -113.50147, 53.526834 ], [ -113.501533, 53.526878 ], [ -113.501587, 53.526922 ] ] } },
{ "type": "Feature", "properties": { "cls": "shared", "highway": "cycleway", "name": null }, "geometry": { "type": "LineString", "coordinates": [ [ -113.501454, 53.528316 ], [ -113.501535, 53.528151 ], [ -113.50159, 53.528013 ], [ -113.501635, 53.527874 ], [ -113.501671, 53.527738 ], [ -113.501693, 53.527621 ], [ -113.501713, 53.52747 ], [ -113.50172, 53.527362 ], [ -113.501719, 53.527214 ], [ -113.501707, 53.527082 ] ] } },
{ "type": "Feature", "properties": { "cls": "shared", "highway": "cycleway", "name": null }, "geometry": { "type": "LineString", "coordinates": [ [ -113.501233, 53.52936 ], [ -113.501287, 53.52937 ], [ -113.501317, 53.529376 ], [ -113.501377, 53.529393 ], [ -113.501424, 53.529413 ], [ -113.501459, 53.529435 ], [ -113.501486, 53.529459 ], [ -113.501506, 53.529484 ], [ -113.501553, 53.529564 ], [ -113.501588, 53.529606 ], [ -113.501646, 53.529654 ], [ -113.501735, 53.529711 ], [ -113.501851, 53.529771 ], [ -113.501963, 53.529818 ], [ -113.502036, 53.529841 ], [ -113.502186, 53.52988 ], [ -113.502264, 53.529907 ], [ -113.502334, 53.529939 ], [ -113.502407, 53.529984 ], [ -113.502472, 53.530036 ], [ -113.502533, 53.530107 ], [ -113.502564, 53.530163 ], [ -113.502585, 53.530229 ] ] } },
{ "type": "Feature", "properties": { "cls": "shared", "highway": "cycleway", "name": null }, "geometry": { "type": "LineString", "coordinates": [ [ -113.501707, 53.527082 ], [ -113.501704, 53.527064 ], [ -113.501701, 53.52705 ], [ -113.501698, 53.527037 ], [ -113.501694, 53.527025 ], [ -113.501715, 53.527004 ] ] } },
{ "type": "Feature", "properties": { "cls": "shared", "highway": "cycleway", "name": null }, "geometry": { "type": "LineString", "coordinates": [ [ -113.502551, 53.527137 ], [ -113.502515, 53.527144 ], [ -113.502484, 53.527156 ], [ -113.502458, 53.527173 ], [ -113.502436, 53.527197 ], [ -113.502417, 53.527226 ], [ -113.502391, 53.527265 ] ] } },
{ "type": "Feature", "properties": { "cls": "shared", "highway": "cycleway", "name": null }, "geometry": { "type": "LineString", "coordinates": [ [ -113.50367, 53.527318 ], [ -113.50362, 53.527294 ], [ -113.502694, 53.527145 ], [ -113.502664, 53.527142 ], [ -113.502593, 53.527135 ], [ -113.502551, 53.527137 ] ] } },
{ "type": "Feature", "properties": { "cls": "shared", "highway": "path", "name": null }, "geometry": { "type": "LineString", "coordinates": [ [ -113.500899, 53.526896 ], [ -113.501053, 53.526973 ], [ -113.501342, 53.527158 ], [ -113.501398, 53.527205 ], [ -113.501505, 53.52726 ], [ -113.501606, 53.527301 ], [ -113.501693, 53.527326 ], [ -113.501868, 53.527365 ], [ -113.502041, 53.527402 ], [ -113.502401, 53.527473 ], [ -113.50262, 53.527536 ], [ -113.502694, 53.527577 ], [ -113.502774, 53.527629 ], [ -113.502839, 53.527668 ], [ -113.502997, 53.527789 ], [ -113.503058, 53.527827 ], [ -113.503096, 53.527855 ], [ -113.503158, 53.527878 ], [ -113.503229, 53.52789 ], [ -113.503293, 53.527896 ] ] } },
{ "type": "Feature", "properties": { "cls": "shared", "highway": "cycleway", "name": null }, "geometry": { "type": "LineString", "coordinates": [ [ -113.50262, 53.527536 ], [ -113.502691, 53.527551 ], [ -113.502738, 53.527553 ], [ -113.502803, 53.527542 ], [ -113.502896, 53.527512 ], [ -113.503164, 53.527409 ], [ -113.503232, 53.527382 ], [ -113.503304, 53.527365 ], [ -113.503385, 53.527353 ], [ -113.50339, 53.527352 ], [ -113.503563, 53.527338 ], [ -113.503621, 53.527328 ], [ -113.50367, 53.527318 ] ] } },
{ "type": "Feature", "properties": { "cls": "shared", "highway": "cycleway", "name": null }, "geometry": { "type": "LineString", "coordinates": [ [ -113.50367, 53.527318 ], [ -113.503713, 53.527351 ], [ -113.503741, 53.527396 ], [ -113.503781, 53.527542 ], [ -113.503804, 53.52761 ], [ -113.503818, 53.527666 ], [ -113.503812, 53.527708 ], [ -113.50379, 53.527748 ], [ -113.503756, 53.527786 ], [ -113.503712, 53.527819 ], [ -113.50366, 53.527847 ], [ -113.5036, 53.527869 ], [ -113.503551, 53.527881 ] ] } },
{ "type": "Feature", "properties": { "cls": "shared", "highway": "cycleway", "name": null }, "geometry": { "type": "LineString", "coordinates": [ [ -113.503551, 53.527881 ], [ -113.503473, 53.52789 ], [ -113.503419, 53.527894 ], [ -113.503355, 53.527897 ], [ -113.503293, 53.527896 ] ] } },
{ "type": "Feature", "properties": { "cls": "separated", "highway": "secondary", "name": "105 Street NW" }, "geometry": { "type": "GeometryCollection", "geometries": [ { "type": "LineString", "coordinates": [ [ -113.502281, 53.527264 ], [ -113.501701, 53.52838 ] ] }, { "type": "Point", "coordinates": [ -113.501139, 53.529505 ] } ] } },
{ "type": "Feature", "properties": { "cls": "shared", "highway": "cycleway", "name": null }, "geometry": { "type": "MultiLineString", "coordinates": [ [ [ -113.502391, 53.527265 ], [ -113.50212, 53.527749 ], [ -113.501844, 53.528262 ], [ -113.501775, 53.528399 ] ], [ [ -113.501454, 53.529017 ], [ -113.501429, 53.529064 ], [ -113.501303, 53.529331 ], [ -113.501297, 53.529346 ], [ -113.501291, 53.52936 ], [ -113.501287, 53.52937 ], [ -113.501286, 53.529374 ], [ -113.501281, 53.529388 ], [ -113.501276, 53.529401 ], [ -113.501271, 53.529415 ], [ -113.501267, 53.529426 ], [ -113.501264, 53.529435 ], [ -113.501261, 53.529444 ], [ -113.501258, 53.529452 ], [ -113.501255, 53.529461 ], [ -113.501252, 53.529471 ], [ -113.501248, 53.529483 ], [ -113.501244, 53.529498 ], [ -113.50124, 53.52951 ], [ -113.501236, 53.529522 ], [ -113.501233, 53.529534 ], [ -113.501231, 53.529546 ], [ -113.50123, 53.529558 ] ] ] } },
{ "type": "Feature", "properties": { "cls": "shared", "highway": "cycleway", "name": null }, "geometry": { "type": "LineString", "coordinates": [ [ -113.502585, 53.530229 ], [ -113.502576, 53.530229 ], [ -113.502421, 53.53024 ], [ -113.502229, 53.530259 ], [ -113.502167, 53.530265 ], [ -113.501349, 53.530386 ], [ -113.501318, 53.530393 ], [ -113.501296, 53.530403 ], [ -113.501289, 53.53041 ], [ -113.501275, 53.530419 ] ] } },
{ "type": "Feature", "properties": { "cls": "shared", "highway": "path", "name": null }, "geometry": { "type": "LineString", "coordinates": [ [ -113.511447, 53.523935 ], [ -113.51143, 53.523924 ], [ -113.511406, 53.523917 ], [ -113.511397, 53.523915 ], [ -113.511371, 53.523915 ], [ -113.51066, 53.523921 ], [ -113.509154, 53.523933 ], [ -113.509043, 53.523927 ], [ -113.508959, 53.523917 ], [ -113.508887, 53.523907 ], [ -113.508495, 53.523833 ], [ -113.507899, 53.523727 ], [ -113.507644, 53.523686 ], [ -113.507444, 53.523668 ], [ -113.507292, 53.523643 ], [ -113.506976, 53.523574 ] ] } },
{ "type": "Feature", "properties": { "cls": "shared", "highway": "cycleway", "name": null }, "geometry": { "type": "LineString", "coordinates": [ [ -113.511956, 53.523903 ], [ -113.511944, 53.523896 ] ] } },
{ "type": "Feature", "properties": { "cls": "shared", "highway": "footway", "name": null }, "geometry": { "type": "LineString", "coordinates": [ [ -113.511527, 53.523875 ], [ -113.511447, 53.52391 ] ] } },
{ "type": "Feature", "properties": { "cls": "shared", "highway": "cycleway", "name": null }, "geometry": { "type": "LineString", "coordinates": [ [ -113.511981, 53.523915 ], [ -113.511956, 53.523903 ] ] } },
{ "type": "Feature", "properties": { "cls": "shared", "highway": "cycleway", "name": null }, "geometry": { "type": "LineString", "coordinates": [ [ -113.511447, 53.52391 ], [ -113.511447, 53.523935 ] ] } },
{ "type": "Feature", "properties": { "cls": "shared", "highway": "cycleway", "name": null }, "geometry": { "type": "LineString", "coordinates": [ [ -113.512001, 53.523922 ], [ -113.511981, 53.523915 ] ] } },
{ "type": "Feature", "properties": { "cls": "shared", "highway": "cycleway", "name": null }, "geometry": { "type": "LineString", "coordinates": [ [ -113.512144, 53.523943 ], [ -113.512163, 53.523926 ], [ -113.512178, 53.523917 ] ] } },
{ "type": "Feature", "properties": { "cls": "shared", "highway": "cycleway", "name": null }, "geometry": { "type": "LineString", "coordinates": [ [ -113.51213, 53.523941 ], [ -113.512063, 53.523933 ], [ -113.512001, 53.523922 ] ] } },
{ "type": "Feature", "properties": { "cls": "shared", "highway": "cycleway", "name": null }, "geometry": { "type": "LineString", "coordinates": [ [ -113.511929, 53.523966 ], [ -113.511951, 53.523947 ], [ -113.511968, 53.523931 ], [ -113.511981, 53.523915 ] ] } },
{ "type": "Feature", "properties": { "cls": "shared", "highway": "cycleway", "name": null }, "geometry": { "type": "LineString", "coordinates": [ [ -113.512144, 53.523943 ], [ -113.51213, 53.523941 ] ] } },
{ "type": "Feature", "properties": { "cls": "shared", "highway": "cycleway", "name": null }, "geometry": { "type": "LineString", "coordinates": [ [ -113.511797, 53.524052 ], [ -113.511854, 53.524015 ], [ -113.511929, 53.523966 ] ] } },
{ "type": "Feature", "properties": { "cls": "separated", "highway": "cycleway", "name": null }, "geometry": { "type": "LineString", "coordinates": [ [ -113.511539, 53.524007 ], [ -113.511571, 53.524034 ] ] } },
{ "type": "Feature", "properties": { "cls": "separated", "highway": "cycleway", "name": null }, "geometry": { "type": "LineString", "coordinates": [ [ -113.511784, 53.52406 ], [ -113.511797, 53.524052 ] ] } },
{ "type": "Feature", "properties": { "cls": "shared", "highway": "cycleway", "name": null }, "geometry": { "type": "LineString", "coordinates": [ [ -113.512731, 53.52428 ], [ -113.512599, 53.524185 ] ] } },
{ "type": "Feature", "properties": { "cls": "separated", "highway": "cycleway", "name": null }, "geometry": { "type": "LineString", "coordinates": [ [ -113.511879, 53.524294 ], [ -113.511774, 53.524178 ], [ -113.511745, 53.524152 ], [ -113.511717, 53.524134 ], [ -113.511571, 53.524034 ] ] } },
{ "type": "Feature", "properties": { "cls": "shared", "highway": "cycleway", "name": null }, "geometry": { "type": "LineString", "coordinates": [ [ -113.513147, 53.525742 ], [ -113.513133, 53.525656 ], [ -113.513114, 53.52559 ], [ -113.513092, 53.525478 ], [ -113.513055, 53.525364 ], [ -113.512979, 53.525197 ], [ -113.51293, 53.525115 ], [ -113.512813, 53.524955 ], [ -113.51267, 53.5248 ], [ -113.512606, 53.524741 ], [ -113.512174, 53.524392 ], [ -113.512135, 53.524349 ], [ -113.512114, 53.524318 ], [ -113.51211, 53.524289 ], [ -113.512108, 53.524245 ], [ -113.51211, 53.524005 ], [ -113.512112, 53.523984 ], [ -113.51212, 53.523967 ], [ -113.512144, 53.523943 ] ] } },
{ "type": "Feature", "properties": { "cls": "shared", "highway": "cycleway", "name": null }, "geometry": { "type": "LineString", "coordinates": [ [ -113.513349, 53.525646 ], [ -113.513341, 53.525629 ], [ -113.513348, 53.525503 ], [ -113.513333, 53.525389 ], [ -113.513298, 53.525252 ], [ -113.513248, 53.525115 ], [ -113.513172, 53.524952 ], [ -113.513108, 53.524835 ], [ -113.513004, 53.524684 ], [ -113.512816, 53.524442 ], [ -113.512775, 53.524372 ], [ -113.51276, 53.524322 ], [ -113.512731, 53.52428 ] ] } },
{ "type": "Feature", "properties": { "cls": "shared", "highway": "cycleway", "name": null }, "geometry": { "type": "MultiLineString", "coordinates": [ [ [ -113.513762, 53.525659 ], [ -113.513634, 53.525556 ], [ -113.513504, 53.525276 ], [ -113.513236, 53.524805 ], [ -113.513199, 53.524756 ] ], [ [ -113.512996, 53.524521 ], [ -113.51299, 53.524514 ], [ -113.512921, 53.524434 ] ], [ [ -113.512885, 53.524393 ], [ -113.512731, 53.52428 ] ] ] } },
{ "type": "Feature", "properties": { "cls": "separated", "highway": "cycleway", "name": null }, "geometry": { "type": "LineString", "coordinates": [ [ -113.511784, 53.52406 ], [ -113.511809, 53.524078 ], [ -113.511824, 53.524093 ], [ -113.51183, 53.524119 ], [ -113.511839, 53.524179 ], [ -113.511867, 53.524251 ], [ -113.511879, 53.524294 ], [ -113.511909, 53.524372 ], [ -113.511977, 53.524452 ], [ -113.512026, 53.524493 ], [ -113.512461, 53.524808 ], [ -113.51253, 53.524866 ], [ -113.512586, 53.524922 ], [ -113.512651, 53.524999 ], [ -113.512732, 53.525119 ], [ -113.512809, 53.525249 ], [ -113.512878, 53.525382 ], [ -113.512925, 53.525486 ], [ -113.512954, 53.525578 ], [ -113.51298, 53.525705 ], [ -113.512985, 53.525798 ], [ -113.512981, 53.525872 ], [ -113.512966, 53.525963 ], [ -113.512953, 53.526006 ], [ -113.512955, 53.526052 ] ] } },
{ "type": "Feature", "properties": { "cls": "shared", "highway": "cycleway", "name": null }, "geometry": { "type": "LineString", "coordinates": [ [ -113.513147, 53.525742 ], [ -113.513179, 53.52569 ], [ -113.513208, 53.525667 ], [ -113.513257, 53.525652 ], [ -113.513294, 53.525646 ], [ -113.513349, 53.525646 ] ] } },
{ "type": "Feature", "properties": { "cls": "shared", "highway": "cycleway", "name": null }, "geometry": { "type": "LineString", "coordinates": [ [ -113.513769, 53.525661 ], [ -113.513762, 53.525659 ] ] } },
{ "type": "Feature", "properties": { "cls": "shared", "highway": "cycleway", "name": null }, "geometry": { "type": "LineString", "coordinates": [ [ -113.513775, 53.52567 ], [ -113.513762, 53.525659 ] ] } },
{ "type": "Feature", "properties": { "cls": "sharrow", "highway": "residential", "name": "90 Avenue NW" }, "geometry": { "type": "LineString", "coordinates": [ [ -113.514757, 53.525743 ], [ -113.514931, 53.525744 ], [ -113.51501, 53.525744 ] ] } },
{ "type": "Feature", "properties": { "cls": "shared", "highway": "cycleway", "name": null }, "geometry": { "type": "LineString", "coordinates": [ [ -113.514932, 53.525741 ], [ -113.514931, 53.525744 ], [ -113.514914, 53.525796 ] ] } },
{ "type": "Feature", "properties": { "cls": "shared", "highway": "cycleway", "name": null }, "geometry": { "type": "LineString", "coordinates": [ [ -113.515144, 53.525824 ], [ -113.515144, 53.525832 ] ] } },
{ "type": "Feature", "properties": { "cls": "shared", "highway": "cycleway", "name": null }, "geometry": { "type": "LineString", "coordinates": [ [ -113.514628, 53.525744 ], [ -113.514759, 53.525784 ], [ -113.514777, 53.525784 ], [ -113.514833, 53.525785 ], [ -113.514867, 53.525787 ], [ -113.514906, 53.525793 ], [ -113.514914, 53.525796 ], [ -113.514948, 53.525808 ], [ -113.515009, 53.525842 ], [ -113.515147, 53.525898 ] ] } },
{ "type": "Feature", "properties": { "cls": "shared", "highway": "cycleway", "name": null }, "geometry": { "type": "LineString", "coordinates": [ [ -113.513124, 53.526037 ], [ -113.513147, 53.525827 ], [ -113.513147, 53.525742 ] ] } },
{ "type": "Feature", "properties": { "cls": "shared", "highway": "cycleway", "name": null }, "geometry": { "type": "LineString", "coordinates": [ [ -113.515144, 53.525832 ], [ -113.515145, 53.525855 ], [ -113.515147, 53.525898 ] ] } },
{ "type": "Feature", "properties": { "cls": "shared", "highway": "cycleway", "name": null }, "geometry": { "type": "LineString", "coordinates": [ [ -113.510256, 53.526035 ], [ -113.510223, 53.526038 ], [ -113.509677, 53.526086 ], [ -113.50952, 53.526105 ] ] } },
{ "type": "Feature", "properties": { "cls": "separated", "highway": "cycleway", "name": null }, "geometry": { "type": "LineString", "coordinates": [ [ -113.512955, 53.526052 ], [ -113.51295, 53.526072 ] ] } },
{ "type": "Feature", "properties": { "cls": "shared", "highway": "cycleway", "name": null }, "geometry": { "type": "LineString", "coordinates": [ [ -113.515022, 53.526565 ], [ -113.51522, 53.526588 ], [ -113.515499, 53.526634 ], [ -113.515626, 53.526658 ], [ -113.515989, 53.526739 ], [ -113.516033, 53.526745 ], [ -113.516129, 53.52675 ], [ -113.516287, 53.526743 ], [ -113.51638, 53.526743 ], [ -113.516664, 53.526766 ], [ -113.516806, 53.526769 ], [ -113.516862, 53.526763 ], [ -113.516916, 53.52675 ], [ -113.516976, 53.526726 ], [ -113.517087, 53.526667 ], [ -113.517131, 53.526656 ], [ -113.5172, 53.526649 ], [ -113.517215, 53.526644 ], [ -113.517223, 53.526635 ], [ -113.517222, 53.526624 ], [ -113.517212, 53.526615 ], [ -113.517176, 53.526603 ], [ -113.516895, 53.526596 ], [ -113.516843, 53.526588 ], [ -113.51681, 53.526572 ], [ -113.516795, 53.526556 ], [ -113.516788, 53.526535 ], [ -113.516789, 53.526514 ], [ -113.516798, 53.526494 ], [ -113.516838, 53.526453 ], [ -113.516913, 53.526409 ] ] } },
{ "type": "Feature", "properties": { "cls": "shared", "highway": "cycleway", "name": null }, "geometry": { "type": "LineString", "coordinates": [ [ -113.520288, 53.528138 ], [ -113.520383, 53.528076 ] ] } },
{ "type": "Feature", "properties": { "cls": "shared", "highway": "cycleway", "name": null }, "geometry": { "type": "LineString", "coordinates": [ [ -113.516721, 53.532126 ], [ -113.516754, 53.532182 ], [ -113.51678, 53.532211 ], [ -113.516824, 53.532249 ], [ -113.516883, 53.532288 ], [ -113.516955, 53.53233 ], [ -113.517014, 53.532361 ], [ -113.517144, 53.532421 ] ] } },
{ "type": "Feature", "properties": { "cls": "separated", "highway": "cycleway", "name": null }, "geometry": { "type": "LineString", "coordinates": [ [ -113.513109, 53.52609 ], [ -113.513124, 53.526037 ] ] } },
{ "type": "Feature", "properties": { "cls": "shared", "highway": "cycleway", "name": null }, "geometry": { "type": "LineString", "coordinates": [ [ -113.512773, 53.526589 ], [ -113.512442, 53.526615 ], [ -113.512146, 53.526635 ], [ -113.512069, 53.526637 ], [ -113.511991, 53.526633 ], [ -113.511826, 53.526611 ], [ -113.511641, 53.526568 ], [ -113.511358, 53.526483 ], [ -113.511053, 53.526379 ], [ -113.510877, 53.526309 ], [ -113.510733, 53.526242 ], [ -113.510586, 53.52616 ], [ -113.510431, 53.526057 ], [ -113.510402, 53.526043 ], [ -113.510373, 53.526035 ], [ -113.510306, 53.526032 ], [ -113.510256, 53.526035 ] ] } },
{ "type": "Feature", "properties": { "cls": "separated", "highway": "cycleway", "name": null }, "geometry": { "type": "LineString", "coordinates": [ [ -113.513346, 53.526494 ], [ -113.513222, 53.526518 ] ] } },
{ "type": "Feature", "properties": { "cls": "separated", "highway": "cycleway", "name": null }, "geometry": { "type": "LineString", "coordinates": [ [ -113.513222, 53.526518 ], [ -113.513012, 53.526558 ], [ -113.512832, 53.526584 ] ] } },
{ "type": "Feature", "properties": { "cls": "separated", "highway": "cycleway", "name": null }, "geometry": { "type": "LineString", "coordinates": [ [ -113.512832, 53.526584 ], [ -113.512773, 53.526589 ] ] } },
{ "type": "Feature", "properties": { "cls": "shared", "highway": "cycleway", "name": null }, "geometry": { "type": "LineString", "coordinates": [ [ -113.513346, 53.526494 ], [ -113.513471, 53.526492 ], [ -113.513633, 53.5265 ], [ -113.515022, 53.526565 ], [ -113.515021, 53.52667 ], [ -113.515017, 53.52676 ], [ -113.515016, 53.526812 ], [ -113.515028, 53.527006 ], [ -113.515035, 53.527117 ], [ -113.515031, 53.527238 ], [ -113.515013, 53.527301 ], [ -113.514981, 53.527355 ], [ -113.514938, 53.527391 ], [ -113.514883, 53.527416 ], [ -113.514834, 53.527425 ], [ -113.514771, 53.527426 ], [ -113.514392, 53.527413 ] ] } },
{ "type": "Feature", "properties": { "cls": "shared", "highway": "cycleway", "name": null }, "geometry": { "type": "LineString", "coordinates": [ [ -113.513174, 53.528698 ], [ -113.513172, 53.52867 ], [ -113.513167, 53.52865 ], [ -113.513158, 53.528622 ], [ -113.513145, 53.528591 ], [ -113.51312, 53.528537 ], [ -113.513119, 53.528522 ], [ -113.51312, 53.528506 ], [ -113.513159, 53.528367 ], [ -113.513172, 53.528318 ], [ -113.513175, 53.528282 ], [ -113.513177, 53.528268 ], [ -113.513172, 53.528217 ], [ -113.513162, 53.528175 ], [ -113.513145, 53.528134 ], [ -113.513088, 53.528061 ], [ -113.512942, 53.527915 ], [ -113.512857, 53.527841 ], [ -113.512737, 53.527748 ], [ -113.512699, 53.527702 ], [ -113.512693, 53.527678 ], [ -113.512696, 53.527655 ], [ -113.512739, 53.527564 ], [ -113.512792, 53.527408 ] ] } },
{ "type": "Feature", "properties": { "cls": "shared", "highway": "cycleway", "name": null }, "geometry": { "type": "LineString", "coordinates": [ [ -113.512684, 53.529239 ], [ -113.512742, 53.529212 ], [ -113.512808, 53.52916 ], [ -113.512825, 53.529147 ], [ -113.512848, 53.529122 ], [ -113.512881, 53.529083 ], [ -113.513164, 53.528763 ], [ -113.513171, 53.528711 ], [ -113.513174, 53.528698 ] ] } },
{ "type": "Feature", "properties": { "cls": "shared", "highway": "cycleway", "name": null }, "geometry": { "type": "LineString", "coordinates": [ [ -113.512524, 53.529198 ], [ -113.512526, 53.529169 ], [ -113.512561, 53.529136 ], [ -113.512659, 53.529111 ], [ -113.512881, 53.529083 ], [ -113.513071, 53.529059 ], [ -113.513156, 53.529047 ] ] } },
{ "type": "Feature", "properties": { "cls": "shared", "highway": "cycleway", "name": null }, "geometry": { "type": "LineString", "coordinates": [ [ -113.512673, 53.52928 ], [ -113.512627, 53.529268 ], [ -113.512557, 53.529237 ], [ -113.512524, 53.529198 ] ] } },
{ "type": "Feature", "properties": { "cls": "shared", "highway": "cycleway", "name": null }, "geometry": { "type": "LineString", "coordinates": [ [ -113.512627, 53.529268 ], [ -113.512684, 53.529239 ] ] } },
{ "type": "Feature", "properties": { "cls": "shared", "highway": "cycleway", "name": null }, "geometry": { "type": "LineString", "coordinates": [ [ -113.512792, 53.529214 ], [ -113.512808, 53.529204 ], [ -113.512825, 53.529196 ], [ -113.512844, 53.529192 ], [ -113.512864, 53.529192 ], [ -113.512885, 53.529196 ], [ -113.512908, 53.529206 ], [ -113.512936, 53.529226 ], [ -113.512947, 53.529241 ], [ -113.512949, 53.52926 ], [ -113.512938, 53.529283 ], [ -113.512928, 53.529293 ], [ -113.512898, 53.529307 ], [ -113.51284, 53.529314 ], [ -113.512812, 53.52931 ] ] } },
{ "type": "Feature", "properties": { "cls": "shared", "highway": "cycleway", "name": null }, "geometry": { "type": "LineString", "coordinates": [ [ -113.512812, 53.52931 ], [ -113.512747, 53.5293 ], [ -113.512673, 53.52928 ] ] } },
{ "type": "Feature", "properties": { "cls": "shared", "highway": "cycleway", "name": null }, "geometry": { "type": "LineString", "coordinates": [ [ -113.51295, 53.526072 ], [ -113.512909, 53.526213 ], [ -113.512888, 53.526304 ], [ -113.512867, 53.526419 ], [ -113.512887, 53.526551 ], [ -113.512914, 53.526655 ], [ -113.512921, 53.526723 ], [ -113.512923, 53.52677 ], [ -113.512917, 53.526815 ], [ -113.512898, 53.526875 ], [ -113.512839, 53.526968 ], [ -113.511176, 53.5298 ], [ -113.510501, 53.53094 ], [ -113.510212, 53.531455 ], [ -113.509692, 53.532381 ] ] } },
{ "type": "Feature", "properties": { "cls": "shared", "highway": "cycleway", "name": null }, "geometry": { "type": "LineString", "coordinates": [ [ -113.509935, 53.53286 ], [ -113.509939, 53.532842 ], [ -113.509944, 53.532812 ], [ -113.509934, 53.532761 ], [ -113.509902, 53.532683 ], [ -113.509825, 53.53254 ], [ -113.509813, 53.532514 ], [ -113.509797, 53.532477 ], [ -113.509798, 53.532457 ], [ -113.509799, 53.532441 ], [ -113.509802, 53.532424 ], [ -113.512296, 53.528163 ], [ -113.513064, 53.526841 ], [ -113.513074, 53.526806 ], [ -113.513081, 53.526764 ], [ -113.513079, 53.526733 ], [ -113.513052, 53.526555 ], [ -113.51304, 53.526499 ], [ -113.513026, 53.526441 ], [ -113.513024, 53.526386 ], [ -113.513109, 53.52609 ] ] } },
{ "type": "Feature", "properties": { "cls": "shared", "highway": "cycleway", "name": null }, "geometry": { "type": "LineString", "coordinates": [ [ -113.512792, 53.529214 ], [ -113.512777, 53.529227 ], [ -113.512764, 53.529242 ], [ -113.512734, 53.529281 ], [ -113.512701, 53.529327 ], [ -113.512668, 53.529379 ], [ -113.512634, 53.529431 ], [ -113.512603, 53.529482 ], [ -113.512575, 53.529527 ], [ -113.512553, 53.529565 ], [ -113.512537, 53.529592 ], [ -113.512508, 53.52964 ], [ -113.512031, 53.530455 ], [ -113.511426, 53.531487 ], [ -113.511289, 53.531721 ] ] } },
{ "type": "Feature", "properties": { "cls": "shared", "highway": "cycleway", "name": null }, "geometry": { "type": "LineString", "coordinates": [ [ -113.510002, 53.531757 ], [ -113.509759, 53.531701 ] ] } },
{ "type": "Feature", "properties": { "cls": "shared", "highway": "cycleway", "name": null }, "geometry": { "type": "LineString", "coordinates": [ [ -113.510209, 53.531799 ], [ -113.510111, 53.531782 ], [ -113.510002, 53.531757 ] ] } },
{ "type": "Feature", "properties": { "cls": "shared", "highway": "cycleway", "name": null }, "geometry": { "type": "LineString", "coordinates": [ [ -113.511289, 53.531721 ], [ -113.511271, 53.531753 ], [ -113.511257, 53.531776 ], [ -113.511244, 53.531796 ] ] } },
{ "type": "Feature", "properties": { "cls": "shared", "highway": "cycleway", "name": null }, "geometry": { "type": "LineString", "coordinates": [ [ -113.511244, 53.531796 ], [ -113.511239, 53.531804 ], [ -113.511236, 53.531807 ], [ -113.511234, 53.53181 ], [ -113.511231, 53.531812 ], [ -113.511228, 53.531816 ], [ -113.511223, 53.531819 ], [ -113.511217, 53.531823 ], [ -113.511211, 53.531827 ], [ -113.511204, 53.53183 ], [ -113.511195, 53.531833 ], [ -113.511188, 53.531835 ], [ -113.511177, 53.531836 ], [ -113.511168, 53.531838 ], [ -113.511159, 53.531838 ], [ -113.511148, 53.531838 ], [ -113.511139, 53.531838 ], [ -113.511128, 53.531837 ], [ -113.511115, 53.531835 ], [ -113.511101, 53.531831 ], [ -113.511071, 53.531816 ], [ -113.511058, 53.531801 ], [ -113.511054, 53.531784 ], [ -113.511062, 53.53176 ], [ -113.511075, 53.531746 ], [ -113.511099, 53.531735 ], [ -113.51113, 53.531729 ], [ -113.511168, 53.531729 ], [ -113.511203, 53.531739 ], [ -113.511246, 53.53176 ], [ -113.511401, 53.531873 ] ] } },
{ "type": "Feature", "properties": { "cls": "shared", "highway": "cycleway", "name": null }, "geometry": { "type": "LineString", "coordinates": [ [ -113.541223, 53.524797 ], [ -113.541155, 53.524788 ] ] } },
{ "type": "Feature", "properties": { "cls": "shared", "highway": "cycleway", "name": null }, "geometry": { "type": "LineString", "coordinates": [ [ -113.542413, 53.528213 ], [ -113.542348, 53.528112 ], [ -113.542295, 53.528013 ], [ -113.542254, 53.52792 ], [ -113.542222, 53.527807 ], [ -113.542199, 53.527681 ], [ -113.542196, 53.527545 ], [ -113.542206, 53.527429 ], [ -113.542226, 53.527359 ], [ -113.542247, 53.52731 ], [ -113.542275, 53.527223 ], [ -113.542316, 53.527136 ], [ -113.54241, 53.526922 ], [ -113.542447, 53.526815 ], [ -113.542474, 53.526728 ], [ -113.542514, 53.526659 ], [ -113.542552, 53.526567 ], [ -113.542573, 53.526497 ], [ -113.542648, 53.526312 ], [ -113.542816, 53.525982 ], [ -113.543034, 53.52572 ], [ -113.543207, 53.525504 ], [ -113.543329, 53.525363 ], [ -113.543452, 53.525248 ], [ -113.543645, 53.525095 ], [ -113.543899, 53.524866 ], [ -113.544084, 53.524759 ], [ -113.544356, 53.524625 ], [ -113.544541, 53.524533 ], [ -113.544823, 53.524405 ], [ -113.545208, 53.524254 ], [ -113.545299, 53.524197 ], [ -113.545405, 53.524123 ], [ -113.545582, 53.523959 ] ] } },
{ "type": "Feature", "properties": { "cls": "separated", "highway": "cycleway", "name": null }, "geometry": { "type": "LineString", "coordinates": [ [ -113.541042, 53.522786 ], [ -113.541053, 53.522843 ], [ -113.541319, 53.523071 ], [ -113.541591, 53.523244 ], [ -113.541734, 53.523351 ], [ -113.541875, 53.523475 ], [ -113.541985, 53.523597 ], [ -113.542089, 53.523749 ], [ -113.542157, 53.52387 ], [ -113.542216, 53.524033 ], [ -113.542252, 53.524194 ], [ -113.542254, 53.524313 ], [ -113.542247, 53.524418 ], [ -113.542229, 53.524502 ], [ -113.542201, 53.524607 ], [ -113.542127, 53.52479 ], [ -113.541817, 53.525587 ], [ -113.541689, 53.525891 ], [ -113.541131, 53.526948 ], [ -113.540582, 53.527958 ], [ -113.540393, 53.528357 ], [ -113.540204, 53.52886 ], [ -113.540121, 53.529222 ], [ -113.540084, 53.5294 ], [ -113.540078, 53.529474 ], [ -113.540087, 53.529525 ], [ -113.540107, 53.529574 ], [ -113.540139, 53.529623 ], [ -113.540189, 53.529665 ], [ -113.540261, 53.529696 ] ] } },
{ "type": "Feature", "properties": { "cls": "shared", "highway": "cycleway", "name": null }, "geometry": { "type": "LineString", "coordinates": [ [ -113.542247, 53.52731 ], [ -113.542308, 53.527376 ], [ -113.542346, 53.527408 ], [ -113.542389, 53.527433 ], [ -113.542442, 53.527453 ], [ -113.542498, 53.527469 ], [ -113.542567, 53.527482 ] ] } },
{ "type": "Feature", "properties": { "cls": "shared", "highway": "cycleway", "name": null }, "geometry": { "type": "LineString", "coordinates": [ [ -113.542678, 53.527489 ], [ -113.542792, 53.527495 ], [ -113.543006, 53.527515 ], [ -113.543147, 53.527521 ], [ -113.543241, 53.527509 ], [ -113.543317, 53.52747 ], [ -113.543406, 53.527359 ], [ -113.543463, 53.527305 ], [ -113.543554, 53.527243 ] ] } },
{ "type": "Feature", "properties": { "cls": "shared", "highway": "cycleway", "name": null }, "geometry": { "type": "LineString", "coordinates": [ [ -113.542567, 53.527482 ], [ -113.542617, 53.527486 ], [ -113.542678, 53.527489 ] ] } },
{ "type": "Feature", "properties": { "cls": "shared", "highway": "cycleway", "name": null }, "geometry": { "type": "MultiLineString", "coordinates": [ [ [ -113.541223, 53.524797 ], [ -113.541225, 53.524825 ], [ -113.54123, 53.524881 ], [ -113.54124, 53.525112 ], [ -113.541212, 53.525254 ], [ -113.541174, 53.525382 ], [ -113.541104, 53.525516 ], [ -113.540998, 53.525661 ], [ -113.540884, 53.525782 ], [ -113.54076, 53.525884 ], [ -113.540401, 53.526145 ], [ -113.54007, 53.52638 ], [ -113.540011, 53.526422 ] ], [ [ -113.539642, 53.526692 ], [ -113.539588, 53.526733 ], [ -113.539511, 53.526815 ], [ -113.539481, 53.526854 ] ], [ [ -113.539012, 53.527638 ], [ -113.538965, 53.527702 ], [ -113.53889, 53.527771 ], [ -113.538778, 53.527861 ], [ -113.538685, 53.527914 ], [ -113.538517, 53.527995 ], [ -113.538436, 53.528024 ] ], [ [ -113.537612, 53.528327 ], [ -113.53756, 53.528353 ] ], [ [ -113.537404, 53.528463 ], [ -113.537403, 53.528463 ] ], [ [ -113.537034, 53.529335 ], [ -113.536958, 53.529601 ], [ -113.536918, 53.529692 ], [ -113.536814, 53.52995 ], [ -113.536763, 53.530046 ], [ -113.536681, 53.530153 ], [ -113.536607, 53.530231 ], [ -113.536504, 53.530313 ], [ -113.536398, 53.530386 ], [ -113.535944, 53.530628 ], [ -113.535319, 53.530964 ], [ -113.534745, 53.531274 ], [ -113.534665, 53.531306 ], [ -113.534647, 53.531311 ] ], [ [ -113.53459, 53.531328 ], [ -113.534568, 53.531334 ], [ -113.534468, 53.531359 ], [ -113.534274, 53.531392 ], [ -113.534233, 53.531398 ] ] ] } },
{ "type": "Feature", "properties": { "cls": "shared", "highway": "cycleway", "name": null }, "geometry": { "type": "LineString", "coordinates": [ [ -113.542459, 53.52827 ], [ -113.542435, 53.52824 ], [ -113.542413, 53.528213 ] ] } },
{ "type": "Feature", "properties": { "cls": "shared", "highway": "cycleway", "name": null }, "geometry": { "type": "LineString", "coordinates": [ [ -113.555287, 53.530441 ], [ -113.555246, 53.530333 ], [ -113.555206, 53.530225 ], [ -113.555154, 53.53011 ], [ -113.555105, 53.529965 ], [ -113.55506, 53.529809 ], [ -113.555023, 53.529694 ], [ -113.555015, 53.529654 ], [ -113.55498, 53.529568 ], [ -113.55494, 53.529492 ], [ -113.554917, 53.529441 ], [ -113.554837, 53.529284 ], [ -113.554712, 53.529073 ], [ -113.554363, 53.528672 ], [ -113.554256, 53.528542 ], [ -113.55404, 53.528339 ], [ -113.553821, 53.528181 ], [ -113.553717, 53.52809 ], [ -113.55369, 53.528072 ], [ -113.553673, 53.528057 ], [ -113.553462, 53.527861 ], [ -113.553335, 53.527727 ], [ -113.553158, 53.527549 ], [ -113.552887, 53.527323 ], [ -113.552666, 53.527158 ], [ -113.552531, 53.527063 ], [ -113.552394, 53.526965 ], [ -113.551893, 53.526631 ], [ -113.551688, 53.526513 ], [ -113.551515, 53.526423 ], [ -113.551331, 53.526327 ], [ -113.551244, 53.526282 ], [ -113.551002, 53.52612 ], [ -113.550787, 53.525967 ], [ -113.550663, 53.52589 ], [ -113.550579, 53.525841 ], [ -113.550478, 53.525786 ], [ -113.550322, 53.525705 ], [ -113.550223, 53.525656 ], [ -113.550126, 53.525628 ], [ -113.549995, 53.525607 ], [ -113.549759, 53.525575 ], [ -113.549602, 53.525532 ], [ -113.549383, 53.525439 ], [ -113.549207, 53.525378 ], [ -113.549037, 53.525316 ], [ -113.548861, 53.525236 ], [ -113.548684, 53.525144 ], [ -113.548522, 53.525076 ], [ -113.548159, 53.524972 ], [ -113.547795, 53.524845 ], [ -113.547197, 53.52468 ], [ -113.547091, 53.524639 ], [ -113.546999, 53.524587 ], [ -113.546802, 53.524488 ], [ -113.54666, 53.524443 ], [ -113.546249, 53.524371 ], [ -113.546153, 53.524354 ], [ -113.54609, 53.524329 ], [ -113.546006, 53.524268 ], [ -113.545787, 53.524108 ], [ -113.545663, 53.524025 ], [ -113.545631, 53.523989 ], [ -113.545582, 53.523959 ] ] } },
{ "type": "Feature", "properties": { "cls": "shared", "highway": "cycleway", "name": null }, "geometry": { "type": "LineString", "coordinates": [ [ -113.547896, 53.52999 ], [ -113.548095, 53.529967 ], [ -113.548312, 53.529958 ], [ -113.548474, 53.529974 ], [ -113.548633, 53.529993 ], [ -113.549338, 53.530116 ], [ -113.549739, 53.530172 ], [ -113.550146, 53.530205 ], [ -113.55031, 53.530213 ], [ -113.550592, 53.530213 ], [ -113.5508, 53.530206 ], [ -113.551049, 53.530187 ], [ -113.551398, 53.530142 ], [ -113.551541, 53.530118 ], [ -113.551702, 53.530084 ], [ -113.551807, 53.530044 ], [ -113.551881, 53.529995 ], [ -113.551984, 53.529881 ], [ -113.552019, 53.529857 ], [ -113.552067, 53.529841 ], [ -113.552127, 53.52984 ], [ -113.552189, 53.529847 ], [ -113.552271, 53.529864 ], [ -113.552417, 53.529906 ], [ -113.552606, 53.529945 ], [ -113.552727, 53.529957 ], [ -113.552847, 53.529958 ], [ -113.552971, 53.529942 ], [ -113.553062, 53.529924 ], [ -113.553169, 53.529892 ], [ -113.553261, 53.529847 ], [ -113.553408, 53.529748 ], [ -113.553559, 53.529609 ], [ -113.553622, 53.529534 ], [ -113.55368, 53.529448 ], [ -113.553725, 53.52937 ], [ -113.553765, 53.52929 ], [ -113.553748, 53.529124 ], [ -113.553766, 53.528968 ], [ -113.553767, 53.528882 ], [ -113.553757, 53.52879 ], [ -113.553723, 53.528643 ], [ -113.553692, 53.52855 ], [ -113.553658, 53.528473 ], [ -113.553553, 53.528271 ], [ -113.553474, 53.528149 ], [ -113.55338, 53.528039 ], [ -113.553329, 53.527988 ], [ -113.553126, 53.527776 ], [ -113.553114, 53.527749 ], [ -113.553099, 53.527681 ], [ -113.553074, 53.52764 ], [ -113.552957, 53.527537 ], [ -113.552695, 53.52732 ], [ -113.55257, 53.527224 ], [ -113.552283, 53.527019 ], [ -113.5522, 53.526982 ], [ -113.552002, 53.526914 ], [ -113.551886, 53.526838 ], [ -113.551811, 53.526801 ], [ -113.551783, 53.526792 ], [ -113.551756, 53.526794 ], [ -113.551732, 53.526805 ], [ -113.5517, 53.526815 ], [ -113.551665, 53.526818 ], [ -113.551624, 53.526816 ], [ -113.551591, 53.526809 ], [ -113.551552, 53.526792 ], [ -113.551523, 53.526768 ], [ -113.551486, 53.526733 ], [ -113.551297, 53.526549 ], [ -113.551224, 53.526483 ], [ -113.551168, 53.526449 ], [ -113.551079, 53.526402 ], [ -113.550973, 53.526351 ], [ -113.550764, 53.526258 ], [ -113.55044, 53.526124 ], [ -113.54994, 53.525938 ], [ -113.549703, 53.525862 ], [ -113.54959, 53.525828 ], [ -113.549518, 53.525813 ], [ -113.549413, 53.525797 ], [ -113.549315, 53.525795 ], [ -113.549151, 53.525804 ], [ -113.548946, 53.52583 ], [ -113.548772, 53.525864 ], [ -113.548547, 53.525884 ], [ -113.548486, 53.525884 ], [ -113.548446, 53.525855 ], [ -113.548369, 53.525773 ], [ -113.54828, 53.525697 ], [ -113.548202, 53.525647 ], [ -113.548125, 53.525607 ], [ -113.54805, 53.525575 ], [ -113.547967, 53.525548 ], [ -113.547881, 53.525531 ], [ -113.547797, 53.525522 ], [ -113.547672, 53.525519 ], [ -113.547525, 53.52552 ], [ -113.547377, 53.525519 ], [ -113.547318, 53.525512 ], [ -113.547253, 53.525502 ], [ -113.547127, 53.525471 ], [ -113.54704, 53.525445 ], [ -113.546898, 53.525391 ], [ -113.546695, 53.525328 ], [ -113.546511, 53.525275 ], [ -113.546318, 53.52523 ], [ -113.546134, 53.525198 ], [ -113.545958, 53.525178 ], [ -113.545776, 53.525171 ], [ -113.545556, 53.525172 ], [ -113.545384, 53.525185 ], [ -113.545222, 53.525205 ], [ -113.545018, 53.525245 ], [ -113.544659, 53.525326 ], [ -113.544505, 53.52537 ], [ -113.544338, 53.525436 ], [ -113.544209, 53.525506 ], [ -113.544095, 53.525593 ], [ -113.54401, 53.525686 ], [ -113.543757, 53.526066 ], [ -113.543695, 53.526154 ], [ -113.543602, 53.526279 ], [ -113.543577, 53.526334 ], [ -113.543535, 53.526501 ], [ -113.543498, 53.526558 ], [ -113.54345, 53.526594 ], [ -113.543379, 53.526617 ], [ -113.543285, 53.526642 ], [ -113.54322, 53.526673 ], [ -113.54318, 53.526706 ], [ -113.543107, 53.526783 ], [ -113.543039, 53.526879 ], [ -113.542953, 53.527018 ], [ -113.542846, 53.527244 ], [ -113.542813, 53.527343 ], [ -113.542792, 53.527495 ], [ -113.54277, 53.527666 ], [ -113.542765, 53.527772 ], [ -113.54279, 53.527932 ], [ -113.542844, 53.528105 ], [ -113.542916, 53.528244 ], [ -113.542955, 53.528322 ], [ -113.542976, 53.528374 ], [ -113.542985, 53.528434 ], [ -113.542983, 53.528529 ], [ -113.54297, 53.52862 ], [ -113.542931, 53.528758 ], [ -113.542865, 53.5289 ], [ -113.542801, 53.529001 ], [ -113.542683, 53.529153 ], [ -113.542564, 53.529298 ], [ -113.542456, 53.529418 ], [ -113.542319, 53.529557 ], [ -113.542137, 53.529726 ], [ -113.542089, 53.529767 ], [ -113.542137, 53.529782 ], [ -113.542286, 53.529848 ], [ -113.542415, 53.529887 ], [ -113.542522, 53.529902 ], [ -113.542673, 53.529906 ], [ -113.542836, 53.52991 ], [ -113.543052, 53.529929 ], [ -113.543194, 53.529953 ], [ -113.543355, 53.529991 ], [ -113.543684, 53.530086 ], [ -113.543772, 53.530105 ], [ -113.543884, 53.530125 ], [ -113.54399, 53.530133 ], [ -113.544103, 53.530122 ], [ -113.544202, 53.530099 ], [ -113.544294, 53.530065 ], [ -113.544387, 53.530009 ], [ -113.54445, 53.529951 ], [ -113.544509, 53.529869 ], [ -113.544557, 53.529779 ], [ -113.544591, 53.529666 ], [ -113.544616, 53.529607 ], [ -113.544679, 53.529538 ], [ -113.544762, 53.529494 ], [ -113.544895, 53.529465 ], [ -113.54509, 53.529442 ], [ -113.545223, 53.529432 ], [ -113.545839, 53.529398 ], [ -113.54606, 53.529371 ], [ -113.546307, 53.529331 ], [ -113.546565, 53.529271 ], [ -113.546739, 53.529225 ], [ -113.546981, 53.529151 ], [ -113.547269, 53.529058 ], [ -113.547281, 53.529462 ], [ -113.54741, 53.529574 ], [ -113.547469, 53.529622 ], [ -113.547678, 53.529773 ], [ -113.547809, 53.529892 ], [ -113.547896, 53.52999 ] ] } },
{ "type": "Feature", "properties": { "cls": "shared", "highway": "cycleway", "name": null }, "geometry": { "type": "LineString", "coordinates": [ [ -113.548061, 53.527792 ], [ -113.548079, 53.527704 ] ] } },
{ "type": "Feature", "properties": { "cls": "shared", "highway": "cycleway", "name": null }, "geometry": { "type": "LineString", "coordinates": [ [ -113.548164, 53.526546 ], [ -113.548163, 53.526565 ], [ -113.548161, 53.526607 ], [ -113.548182, 53.526672 ], [ -113.548228, 53.526717 ], [ -113.548252, 53.526742 ], [ -113.548285, 53.526775 ], [ -113.548311, 53.526806 ], [ -113.548322, 53.526833 ], [ -113.548324, 53.526864 ], [ -113.548327, 53.526916 ], [ -113.548348, 53.526959 ], [ -113.548403, 53.527005 ], [ -113.548479, 53.527042 ], [ -113.54853, 53.527062 ], [ -113.54859, 53.527078 ], [ -113.548722, 53.527109 ], [ -113.54885, 53.527139 ], [ -113.548938, 53.527147 ], [ -113.549032, 53.527153 ], [ -113.54926, 53.527162 ], [ -113.549325, 53.527171 ], [ -113.549394, 53.527192 ], [ -113.549426, 53.527215 ], [ -113.549465, 53.527253 ], [ -113.549502, 53.527299 ], [ -113.549547, 53.527375 ], [ -113.549618, 53.527455 ], [ -113.549698, 53.527501 ], [ -113.54996, 53.527622 ], [ -113.55003, 53.527664 ], [ -113.550076, 53.527706 ], [ -113.550118, 53.527751 ], [ -113.550153, 53.527828 ], [ -113.55017, 53.527906 ], [ -113.550166, 53.527959 ], [ -113.550025, 53.527957 ], [ -113.549889, 53.527964 ], [ -113.549732, 53.527983 ], [ -113.549605, 53.528011 ], [ -113.549478, 53.528043 ], [ -113.549416, 53.528058 ], [ -113.549289, 53.528113 ], [ -113.549156, 53.528192 ], [ -113.549033, 53.528298 ], [ -113.548835, 53.528454 ], [ -113.548744, 53.528494 ], [ -113.548609, 53.528534 ], [ -113.548416, 53.528598 ], [ -113.548276, 53.528655 ], [ -113.548108, 53.528707 ], [ -113.547744, 53.528926 ], [ -113.547269, 53.529058 ] ] } },
{ "type": "Feature", "properties": { "cls": "shared", "highway": "cycleway", "name": null }, "geometry": { "type": "LineString", "coordinates": [ [ -113.552957, 53.527537 ], [ -113.552957, 53.527558 ], [ -113.552952, 53.527581 ], [ -113.552938, 53.5276 ], [ -113.552918, 53.52762 ], [ -113.552873, 53.527647 ], [ -113.552851, 53.527654 ], [ -113.552829, 53.527658 ], [ -113.552804, 53.52767 ], [ -113.55279, 53.527687 ], [ -113.552793, 53.527712 ], [ -113.552811, 53.527742 ], [ -113.552837, 53.52777 ], [ -113.552844, 53.527794 ], [ -113.552831, 53.527822 ], [ -113.552801, 53.527851 ], [ -113.552784, 53.527872 ], [ -113.552787, 53.527889 ], [ -113.552802, 53.527903 ], [ -113.55283, 53.527912 ], [ -113.552865, 53.527916 ], [ -113.553038, 53.527914 ], [ -113.553126, 53.527919 ], [ -113.553169, 53.527928 ], [ -113.553208, 53.527941 ], [ -113.553329, 53.527988 ] ] } },
{ "type": "Feature", "properties": { "cls": "shared", "highway": "cycleway", "name": null }, "geometry": { "type": "LineString", "coordinates": [ [ -113.546723, 53.527817 ], [ -113.547012, 53.527864 ], [ -113.547185, 53.527894 ], [ -113.547311, 53.527918 ], [ -113.547476, 53.52797 ] ] } },
{ "type": "Feature", "properties": { "cls": "shared", "highway": "cycleway", "name": null }, "geometry": { "type": "LineString", "coordinates": [ [ -113.547311, 53.527918 ], [ -113.547324, 53.527903 ], [ -113.547355, 53.52788 ], [ -113.547422, 53.527859 ] ] } },
{ "type": "Feature", "properties": { "cls": "shared", "highway": "cycleway", "name": null }, "geometry": { "type": "LineString", "coordinates": [ [ -113.547274, 53.528324 ], [ -113.547162, 53.528232 ], [ -113.547068, 53.528158 ], [ -113.546847, 53.527989 ], [ -113.546766, 53.527915 ], [ -113.546741, 53.527866 ], [ -113.546723, 53.527817 ], [ -113.546712, 53.527781 ], [ -113.546708, 53.527702 ], [ -113.546722, 53.527614 ], [ -113.546749, 53.527548 ], [ -113.546765, 53.527519 ], [ -113.546803, 53.527488 ] ] } },
{ "type": "Feature", "properties": { "cls": "shared", "highway": "cycleway", "name": null }, "geometry": { "type": "LineString", "coordinates": [ [ -113.550166, 53.527959 ], [ -113.550162, 53.527985 ] ] } },
{ "type": "Feature", "properties": { "cls": "separated", "highway": "cycleway", "name": null }, "geometry": { "type": "LineString", "coordinates": [ [ -113.55375, 53.527862 ], [ -113.553673, 53.528057 ] ] } },
{ "type": "Feature", "properties": { "cls": "shared", "highway": "cycleway", "name": null }, "geometry": { "type": "LineString", "coordinates": [ [ -113.54885, 53.527139 ], [ -113.54885, 53.527173 ], [ -113.548826, 53.527288 ], [ -113.548807, 53.527339 ], [ -113.548761, 53.527398 ], [ -113.548715, 53.527437 ], [ -113.548502, 53.527591 ], [ -113.548391, 53.527655 ], [ -113.548255, 53.527725 ], [ -113.548061, 53.527792 ], [ -113.547955, 53.527832 ], [ -113.547716, 53.527895 ], [ -113.547476, 53.52797 ], [ -113.547431, 53.528019 ], [ -113.547372, 53.52807 ], [ -113.547323, 53.528143 ], [ -113.547294, 53.528221 ], [ -113.547274, 53.528324 ], [ -113.547269, 53.529058 ] ] } },
{ "type": "Feature", "properties": { "cls": "shared", "highway": "cycleway", "name": null }, "geometry": { "type": "LineString", "coordinates": [ [ -113.548835, 53.528454 ], [ -113.549349, 53.528405 ], [ -113.549478, 53.528043 ] ] } },
{ "type": "Feature", "properties": { "cls": "shared", "highway": "cycleway", "name": null }, "geometry": { "type": "LineString", "coordinates": [ [ -113.549349, 53.528405 ], [ -113.549476, 53.528404 ] ] } },
{ "type": "Feature", "properties": { "cls": "shared", "highway": "cycleway", "name": null }, "geometry": { "type": "LineString", "coordinates": [ [ -113.548744, 53.528494 ], [ -113.548689, 53.528591 ], [ -113.548586, 53.52874 ], [ -113.548544, 53.528785 ], [ -113.548501, 53.52881 ], [ -113.548459, 53.528819 ], [ -113.548422, 53.528814 ], [ -113.54838, 53.528793 ], [ -113.548338, 53.52875 ], [ -113.548276, 53.528655 ] ] } },
{ "type": "Feature", "properties": { "cls": "shared", "highway": "cycleway", "name": null }, "geometry": { "type": "LineString", "coordinates": [ [ -113.546565, 53.529271 ], [ -113.546488, 53.529009 ], [ -113.546678, 53.528988 ] ] } },
{ "type": "Feature", "properties": { "cls": "shared", "highway": "cycleway", "name": null }, "geometry": { "type": "LineString", "coordinates": [ [ -113.546981, 53.529151 ], [ -113.546914, 53.529328 ] ] } },
{ "type": "Feature", "properties": { "cls": "shared", "highway": "cycleway", "name": null }, "geometry": { "type": "LineString", "coordinates": [ [ -113.545223, 53.529432 ], [ -113.54519, 53.529453 ], [ -113.545188, 53.529478 ], [ -113.545256, 53.529535 ] ] } },
{ "type": "Feature", "properties": { "cls": "shared", "highway": "cycleway", "name": null }, "geometry": { "type": "LineString", "coordinates": [ [ -113.547281, 53.529462 ], [ -113.547262, 53.529644 ], [ -113.547208, 53.529661 ] ] } },
{ "type": "Feature", "properties": { "cls": "shared", "highway": "cycleway", "name": null }, "geometry": { "type": "LineString", "coordinates": [ [ -113.547896, 53.52999 ], [ -113.547575, 53.530074 ] ] } },
{ "type": "Feature", "properties": { "cls": "shared", "highway": "cycleway", "name": null }, "geometry": { "type": "LineString", "coordinates": [ [ -113.548022, 53.53016 ], [ -113.547896, 53.52999 ] ] } },
{ "type": "Feature", "properties": { "cls": "shared", "highway": "cycleway", "name": null }, "geometry": { "type": "LineString", "coordinates": [ [ -113.542155, 53.529059 ], [ -113.542194, 53.529 ], [ -113.542221, 53.528938 ], [ -113.54224, 53.528815 ], [ -113.542288, 53.528714 ], [ -113.542323, 53.528665 ], [ -113.54236, 53.528624 ], [ -113.542495, 53.528504 ], [ -113.542522, 53.528466 ], [ -113.542534, 53.528424 ], [ -113.542531, 53.528384 ], [ -113.542515, 53.528343 ], [ -113.542459, 53.52827 ] ] } },
{ "type": "Feature", "properties": { "cls": "shared", "highway": "cycleway", "name": null }, "geometry": { "type": "LineString", "coordinates": [ [ -113.542111, 53.529118 ], [ -113.542136, 53.529085 ], [ -113.542155, 53.529059 ] ] } },
{ "type": "Feature", "properties": { "cls": "shared", "highway": "cycleway", "name": null }, "geometry": { "type": "LineString", "coordinates": [ [ -113.541162, 53.529715 ], [ -113.541231, 53.529678 ], [ -113.541282, 53.529644 ], [ -113.541309, 53.529597 ], [ -113.541456, 53.529469 ], [ -113.542111, 53.529118 ] ] } },
{ "type": "Feature", "properties": { "cls": "shared", "highway": "cycleway", "name": null }, "geometry": { "type": "LineString", "coordinates": [ [ -113.541282, 53.529644 ], [ -113.54148, 53.529674 ] ] } },
{ "type": "Feature", "properties": { "cls": "shared", "highway": "cycleway", "name": null }, "geometry": { "type": "LineString", "coordinates": [ [ -113.54148, 53.529674 ], [ -113.541557, 53.529687 ], [ -113.541623, 53.529698 ] ] } },
{ "type": "Feature", "properties": { "cls": "shared", "highway": "cycleway", "name": null }, "geometry": { "type": "LineString", "coordinates": [ [ -113.540261, 53.529696 ], [ -113.540217, 53.529727 ], [ -113.540171, 53.52976 ] ] } },
{ "type": "Feature", "properties": { "cls": "shared", "highway": "cycleway", "name": null }, "geometry": { "type": "LineString", "coordinates": [ [ -113.540261, 53.529696 ], [ -113.540409, 53.529728 ], [ -113.540526, 53.529746 ], [ -113.540902, 53.529745 ], [ -113.541033, 53.529735 ], [ -113.541162, 53.529715 ] ] } },
{ "type": "Feature", "properties": { "cls": "shared", "highway": "cycleway", "name": null }, "geometry": { "type": "LineString", "coordinates": [ [ -113.541623, 53.529698 ], [ -113.54177, 53.529722 ], [ -113.541924, 53.529745 ] ] } },
{ "type": "Feature", "properties": { "cls": "shared", "highway": "cycleway", "name": null }, "geometry": { "type": "LineString", "coordinates": [ [ -113.541924, 53.529745 ], [ -113.541964, 53.52975 ], [ -113.54201, 53.529757 ] ] } },
{ "type": "Feature", "properties": { "cls": "separated", "highway": "cycleway", "name": null }, "geometry": { "type": "LineString", "coordinates": [ [ -113.540171, 53.52976 ], [ -113.540161, 53.529778 ], [ -113.540138, 53.529793 ], [ -113.539874, 53.52983 ] ] } },
{ "type": "Feature", "properties": { "cls": "painted", "highway": "tertiary", "name": "116 Street NW" }, "geometry": { "type": "LineString", "coordinates": [ [ -113.530771, 53.530864 ], [ -113.530771, 53.53086 ] ] } },
{ "type": "Feature", "properties": { "cls": "shared", "highway": "footway", "name": null }, "geometry": { "type": "LineString", "coordinates": [ [ -113.530516, 53.530875 ], [ -113.530544, 53.53084 ] ] } },
{ "type": "Feature", "properties": { "cls": "painted", "highway": "residential", "name": "Saskatchewan Drive NW" }, "geometry": { "type": "LineString", "coordinates": [ [ -113.53088, 53.530861 ], [ -113.530831, 53.53087 ] ] } },
{ "type": "Feature", "properties": { "cls": "shared", "highway": "cycleway", "name": null }, "geometry": { "type": "LineString", "coordinates": [ [ -113.53576, 53.532444 ], [ -113.535325, 53.532374 ], [ -113.535013, 53.532325 ], [ -113.534859, 53.53229 ], [ -113.53462, 53.532225 ], [ -113.534212, 53.532098 ], [ -113.533908, 53.531985 ], [ -113.533614, 53.531861 ], [ -113.533487, 53.531796 ], [ -113.53331, 53.531699 ], [ -113.533212, 53.531637 ], [ -113.533058, 53.531539 ], [ -113.532906, 53.53144 ], [ -113.532789, 53.531371 ], [ -113.532693, 53.531312 ], [ -113.532592, 53.53126 ], [ -113.532473, 53.531207 ], [ -113.532308, 53.531157 ], [ -113.532133, 53.531118 ], [ -113.531909, 53.531078 ], [ -113.531644, 53.531038 ], [ -113.531284, 53.53098 ], [ -113.531002, 53.530937 ], [ -113.53095, 53.530929 ], [ -113.530834, 53.530913 ], [ -113.53078, 53.530907 ], [ -113.530516, 53.530875 ] ] } },
{ "type": "Feature", "properties": { "cls": "separated", "highway": "cycleway", "name": null }, "geometry": { "type": "LineString", "coordinates": [ [ -113.537632, 53.53237 ], [ -113.537214, 53.532373 ], [ -113.537169, 53.532394 ] ] } },
{ "type": "Feature", "properties": { "cls": "separated", "highway": "cycleway", "name": null }, "geometry": { "type": "LineString", "coordinates": [ [ -113.53701, 53.5324 ], [ -113.536971, 53.532387 ], [ -113.536598, 53.532413 ] ] } },
{ "type": "Feature", "properties": { "cls": "shared", "highway": "cycleway", "name": null }, "geometry": { "type": "LineString", "coordinates": [ [ -113.537169, 53.532394 ], [ -113.537094, 53.532397 ], [ -113.53701, 53.5324 ] ] } },
{ "type": "Feature", "properties": { "cls": "shared", "highway": "cycleway", "name": null }, "geometry": { "type": "LineString", "coordinates": [ [ -113.53576, 53.532444 ], [ -113.535978, 53.53247 ] ] } },
{ "type": "Feature", "properties": { "cls": "shared", "highway": "cycleway", "name": null }, "geometry": { "type": "LineString", "coordinates": [ [ -113.54201, 53.529757 ], [ -113.542089, 53.529767 ] ] } },
{ "type": "Feature", "properties": { "cls": "shared", "highway": "cycleway", "name": null }, "geometry": { "type": "LineString", "coordinates": [ [ -113.53984, 53.529956 ], [ -113.539854, 53.529902 ], [ -113.539874, 53.52983 ] ] } },
{ "type": "Feature", "properties": { "cls": "shared", "highway": "cycleway", "name": null }, "geometry": { "type": "LineString", "coordinates": [ [ -113.539802, 53.530128 ], [ -113.539783, 53.530101 ], [ -113.53984, 53.529956 ] ] } },
{ "type": "Feature", "properties": { "cls": "shared", "highway": "cycleway", "name": null }, "geometry": { "type": "LineString", "coordinates": [ [ -113.539851, 53.530183 ], [ -113.539822, 53.530152 ], [ -113.539802, 53.530128 ] ] } },
{ "type": "Feature", "properties": { "cls": "shared", "highway": "cycleway", "name": null }, "geometry": { "type": "LineString", "coordinates": [ [ -113.539851, 53.530183 ], [ -113.539931, 53.530117 ], [ -113.540046, 53.530048 ], [ -113.540245, 53.529988 ], [ -113.540408, 53.529974 ], [ -113.540594, 53.529951 ], [ -113.540762, 53.529947 ], [ -113.540853, 53.529957 ], [ -113.541051, 53.529998 ], [ -113.541132, 53.530005 ], [ -113.541193, 53.530001 ], [ -113.541425, 53.529959 ], [ -113.541505, 53.529952 ], [ -113.541627, 53.529964 ], [ -113.541788, 53.529986 ], [ -113.541818, 53.529992 ], [ -113.541931, 53.530016 ], [ -113.542119, 53.530076 ], [ -113.542273, 53.530096 ], [ -113.542373, 53.530123 ], [ -113.54261, 53.530218 ], [ -113.542871, 53.530306 ], [ -113.543099, 53.530373 ], [ -113.543287, 53.530425 ], [ -113.543544, 53.530484 ], [ -113.543801, 53.530538 ], [ -113.544067, 53.530581 ], [ -113.544324, 53.530618 ], [ -113.54464, 53.530649 ], [ -113.544907, 53.530667 ], [ -113.545157, 53.530675 ], [ -113.545457, 53.530676 ], [ -113.545771, 53.530668 ], [ -113.546082, 53.530647 ], [ -113.546421, 53.53061 ], [ -113.54672, 53.530568 ], [ -113.547083, 53.530499 ], [ -113.547401, 53.530423 ], [ -113.547731, 53.53033 ], [ -113.548072, 53.530229 ] ] } },
{ "type": "Feature", "properties": { "cls": "separated", "highway": "cycleway", "name": null }, "geometry": { "type": "LineString", "coordinates": [ [ -113.539747, 53.529852 ], [ -113.539724, 53.529885 ], [ -113.539569, 53.529952 ], [ -113.539443, 53.530032 ], [ -113.539356, 53.530112 ], [ -113.539309, 53.530189 ], [ -113.539284, 53.530253 ], [ -113.539255, 53.530347 ], [ -113.539205, 53.530597 ], [ -113.539151, 53.530808 ], [ -113.53911, 53.530951 ], [ -113.53896, 53.531293 ], [ -113.538835, 53.531536 ], [ -113.538785, 53.531572 ], [ -113.538641, 53.531697 ], [ -113.538596, 53.531742 ], [ -113.538582, 53.531764 ], [ -113.538546, 53.531818 ], [ -113.538539, 53.531837 ] ] } },
{ "type": "Feature", "properties": { "cls": "shared", "highway": "cycleway", "name": null }, "geometry": { "type": "LineString", "coordinates": [ [ -113.539855, 53.533426 ], [ -113.539787, 53.533312 ], [ -113.539313, 53.532531 ], [ -113.539281, 53.53249 ], [ -113.539237, 53.532442 ], [ -113.53918, 53.532391 ], [ -113.538995, 53.532241 ], [ -113.538913, 53.532161 ], [ -113.538866, 53.532104 ], [ -113.538852, 53.532077 ], [ -113.53885, 53.532053 ], [ -113.538849, 53.532023 ], [ -113.53886, 53.531995 ], [ -113.538868, 53.531975 ], [ -113.538881, 53.531954 ], [ -113.538956, 53.531878 ], [ -113.539014, 53.531805 ], [ -113.539051, 53.531742 ], [ -113.539412, 53.530987 ], [ -113.539715, 53.530367 ], [ -113.539851, 53.530183 ] ] } },
{ "type": "Feature", "properties": { "cls": "separated", "highway": "cycleway", "name": null }, "geometry": { "type": "LineString", "coordinates": [ [ -113.538539, 53.531837 ], [ -113.538501, 53.532411 ] ] } },
{ "type": "Feature", "properties": { "cls": "separated", "highway": "cycleway", "name": null }, "geometry": { "type": "LineString", "coordinates": [ [ -113.53855, 53.532394 ], [ -113.538322, 53.53237 ], [ -113.537632, 53.53237 ] ] } },
{ "type": "Feature", "properties": { "cls": "separated", "highway": "cycleway", "name": null }, "geometry": { "type": "LineString", "coordinates": [ [ -113.538501, 53.532411 ], [ -113.538509, 53.532429 ], [ -113.538521, 53.532446 ], [ -113.538545, 53.532468 ], [ -113.538596, 53.532495 ], [ -113.538645, 53.532522 ], [ -113.538673, 53.532536 ], [ -113.538714, 53.532554 ], [ -113.538738, 53.532556 ], [ -113.538763, 53.532558 ], [ -113.538786, 53.532548 ], [ -113.53879, 53.53253 ], [ -113.53877, 53.532502 ], [ -113.538725, 53.532457 ], [ -113.538682, 53.532432 ], [ -113.53855, 53.532394 ] ] } },
{ "type": "Feature", "properties": { "cls": "shared", "highway": "cycleway", "name": null }, "geometry": { "type": "LineString", "coordinates": [ [ -113.536598, 53.532413 ], [ -113.536562, 53.532454 ], [ -113.536534, 53.532486 ] ] } },
{ "type": "Feature", "properties": { "cls": "shared", "highway": "cycleway", "name": null }, "geometry": { "type": "LineString", "coordinates": [ [ -113.536067, 53.532484 ], [ -113.536201, 53.532438 ], [ -113.536534, 53.532486 ] ] } },
{ "type": "Feature", "properties": { "cls": "shared", "highway": "path", "name": null }, "geometry": { "type": "LineString", "coordinates": [ [ -113.535978, 53.53247 ], [ -113.536067, 53.532484 ] ] } },
{ "type": "Feature", "properties": { "cls": "separated", "highway": "cycleway", "name": null }, "geometry": { "type": "LineString", "coordinates": [ [ -113.533248, 53.532905 ], [ -113.533317, 53.532898 ], [ -113.533386, 53.532902 ], [ -113.533408, 53.532907 ], [ -113.533452, 53.532915 ], [ -113.533511, 53.532937 ] ] } },
{ "type": "Feature", "properties": { "cls": "shared", "highway": "cycleway", "name": null }, "geometry": { "type": "LineString", "coordinates": [ [ -113.533248, 53.532905 ], [ -113.53328, 53.532924 ], [ -113.533322, 53.532968 ], [ -113.533362, 53.532989 ], [ -113.534518, 53.533432 ], [ -113.534566, 53.533444 ], [ -113.534674, 53.533458 ], [ -113.534721, 53.533469 ], [ -113.53485, 53.533535 ], [ -113.535081, 53.533634 ], [ -113.535263, 53.533696 ] ] } },
{ "type": "Feature", "properties": { "cls": "shared", "highway": "cycleway", "name": null }, "geometry": { "type": "LineString", "coordinates": [ [ -113.535263, 53.533696 ], [ -113.535532, 53.533789 ], [ -113.535744, 53.533883 ], [ -113.536159, 53.534045 ] ] } },
{ "type": "Feature", "properties": { "cls": "shared", "highway": "path", "name": null }, "geometry": { "type": "LineString", "coordinates": [ [ -113.5362, 53.533971 ], [ -113.536159, 53.534045 ] ] } },
{ "type": "Feature", "properties": { "cls": "shared", "highway": "cycleway", "name": null }, "geometry": { "type": "LineString", "coordinates": [ [ -113.536159, 53.534045 ], [ -113.537017, 53.534396 ], [ -113.537134, 53.534432 ], [ -113.537571, 53.534536 ], [ -113.537682, 53.534573 ], [ -113.537766, 53.534614 ], [ -113.537911, 53.534699 ], [ -113.538061, 53.534817 ], [ -113.538173, 53.534889 ], [ -113.538393, 53.535004 ], [ -113.53859, 53.535121 ], [ -113.538842, 53.535232 ], [ -113.53889, 53.535264 ], [ -113.539006, 53.535361 ], [ -113.539026, 53.535373 ] ] } },
{ "type": "Feature", "properties": { "cls": "shared", "highway": "footway", "name": null }, "geometry": { "type": "LineString", "coordinates": [ [ -113.532256, 53.535466 ], [ -113.532196, 53.535527 ] ] } },
{ "type": "Feature", "properties": { "cls": "shared", "highway": "footway", "name": null }, "geometry": { "type": "LineString", "coordinates": [ [ -113.532196, 53.535527 ], [ -113.532178, 53.535546 ], [ -113.532122, 53.535607 ], [ -113.532084, 53.535647 ], [ -113.532046, 53.535687 ] ] } },
{ "type": "Feature", "properties": { "cls": "shared", "highway": "cycleway", "name": null }, "geometry": { "type": "LineString", "coordinates": [ [ -113.536534, 53.532486 ], [ -113.536835, 53.532568 ], [ -113.53708, 53.532672 ], [ -113.537867, 53.533102 ], [ -113.538861, 53.533648 ], [ -113.539211, 53.53387 ], [ -113.53959, 53.534212 ], [ -113.5397, 53.534358 ], [ -113.539768, 53.534516 ], [ -113.539808, 53.534702 ], [ -113.539823, 53.534921 ] ] } },
{ "type": "Feature", "properties": { "cls": "shared", "highway": "cycleway", "name": null }, "geometry": { "type": "LineString", "coordinates": [ [ -113.539333, 53.534976 ], [ -113.539298, 53.534997 ], [ -113.539253, 53.535082 ], [ -113.539167, 53.535178 ], [ -113.539088, 53.535301 ], [ -113.539026, 53.535373 ] ] } },
{ "type": "Feature", "properties": { "cls": "shared", "highway": "cycleway", "name": null }, "geometry": { "type": "LineString", "coordinates": [ [ -113.539823, 53.534921 ], [ -113.539797, 53.535104 ], [ -113.539759, 53.535272 ], [ -113.53972, 53.53538 ], [ -113.539687, 53.535476 ], [ -113.539648, 53.535551 ], [ -113.53963, 53.535589 ] ] } },
{ "type": "Feature", "properties": { "cls": "shared", "highway": "cycleway", "name": null }, "geometry": { "type": "LineString", "coordinates": [ [ -113.539026, 53.535373 ], [ -113.539056, 53.535392 ], [ -113.53915, 53.535481 ], [ -113.539251, 53.535538 ], [ -113.539492, 53.535668 ], [ -113.539542, 53.535694 ], [ -113.539751, 53.535804 ], [ -113.539998, 53.535819 ] ] } },
{ "type": "Feature", "properties": { "cls": "separated", "highway": "cycleway", "name": null }, "geometry": { "type": "LineString", "coordinates": [ [ -113.53963, 53.535589 ], [ -113.537834, 53.537976 ] ] } },
{ "type": "Feature", "properties": { "cls": "shared", "highway": "cycleway", "name": null }, "geometry": { "type": "LineString", "coordinates": [ [ -113.539717, 53.538862 ], [ -113.539716, 53.538824 ], [ -113.539714, 53.538759 ], [ -113.539691, 53.538695 ], [ -113.53949, 53.538466 ] ] } },
{ "type": "Feature", "properties": { "cls": "shared", "highway": "cycleway", "name": null }, "geometry": { "type": "LineString", "coordinates": [ [ -113.539714, 53.538759 ], [ -113.539762, 53.538584 ] ] } },
{ "type": "Feature", "properties": { "cls": "shared", "highway": "cycleway", "name": null }, "geometry": { "type": "LineString", "coordinates": [ [ -113.541598, 53.539 ], [ -113.541596, 53.538977 ], [ -113.541581, 53.538946 ], [ -113.541565, 53.538918 ], [ -113.541534, 53.538883 ], [ -113.541504, 53.538865 ], [ -113.541471, 53.538861 ], [ -113.541423, 53.538853 ], [ -113.541365, 53.538863 ], [ -113.54131, 53.538882 ], [ -113.54125, 53.538934 ], [ -113.541219, 53.538969 ] ] } },
{ "type": "Feature", "properties": { "cls": "shared", "highway": "cycleway", "name": null }, "geometry": { "type": "LineString", "coordinates": [ [ -113.540354, 53.538949 ], [ -113.54051, 53.538969 ], [ -113.540572, 53.538967 ], [ -113.54069, 53.538952 ], [ -113.540789, 53.538933 ] ] } },
{ "type": "Feature", "properties": { "cls": "shared", "highway": "cycleway", "name": null }, "geometry": { "type": "LineString", "coordinates": [ [ -113.54134, 53.539118 ], [ -113.541399, 53.539065 ], [ -113.54146, 53.539036 ], [ -113.54153, 53.539011 ], [ -113.541598, 53.539 ] ] } },
{ "type": "Feature", "properties": { "cls": "shared", "highway": "cycleway", "name": null }, "geometry": { "type": "LineString", "coordinates": [ [ -113.548072, 53.530229 ], [ -113.548042, 53.530188 ], [ -113.548022, 53.53016 ] ] } },
{ "type": "Feature", "properties": { "cls": "shared", "highway": "cycleway", "name": null }, "geometry": { "type": "LineString", "coordinates": [ [ -113.555632, 53.530445 ], [ -113.555709, 53.530623 ], [ -113.555873, 53.53085 ], [ -113.555954, 53.530972 ], [ -113.555969, 53.531025 ], [ -113.555954, 53.531112 ], [ -113.555911, 53.531172 ], [ -113.555869, 53.531229 ], [ -113.555851, 53.531312 ], [ -113.555869, 53.531518 ], [ -113.555874, 53.531655 ], [ -113.555862, 53.531767 ], [ -113.555834, 53.53182 ], [ -113.555792, 53.531874 ], [ -113.555768, 53.53192 ], [ -113.555754, 53.532039 ], [ -113.555717, 53.532235 ], [ -113.555666, 53.532404 ], [ -113.555537, 53.532536 ], [ -113.555425, 53.532638 ], [ -113.555245, 53.532812 ], [ -113.555168, 53.532929 ], [ -113.555091, 53.533113 ], [ -113.554953, 53.533373 ], [ -113.554816, 53.533608 ], [ -113.554541, 53.534062 ], [ -113.55431, 53.534311 ], [ -113.553975, 53.534618 ], [ -113.553623, 53.535021 ], [ -113.552979, 53.535434 ], [ -113.552267, 53.535842 ], [ -113.551761, 53.536056 ], [ -113.551125, 53.53626 ], [ -113.550756, 53.536367 ], [ -113.550559, 53.536469 ] ] } },
{ "type": "Feature", "properties": { "cls": "shared", "highway": "cycleway", "name": null }, "geometry": { "type": "LineString", "coordinates": [ [ -113.539998, 53.535819 ], [ -113.540144, 53.535838 ], [ -113.540362, 53.535885 ], [ -113.540644, 53.53589 ], [ -113.540827, 53.535907 ], [ -113.541152, 53.535989 ], [ -113.541771, 53.536129 ], [ -113.541868, 53.53616 ], [ -113.542024, 53.536226 ], [ -113.542346, 53.536417 ], [ -113.542516, 53.536474 ], [ -113.542693, 53.536509 ], [ -113.543113, 53.536566 ], [ -113.543602, 53.536645 ], [ -113.543909, 53.536713 ], [ -113.544121, 53.536768 ], [ -113.544326, 53.536798 ], [ -113.544609, 53.536811 ], [ -113.545111, 53.536857 ], [ -113.54544, 53.536869 ], [ -113.545765, 53.53689 ], [ -113.546076, 53.536885 ], [ -113.546484, 53.536848 ], [ -113.546574, 53.536847 ], [ -113.54684, 53.536854 ], [ -113.54721, 53.536853 ], [ -113.547528, 53.536871 ], [ -113.5476, 53.53688 ], [ -113.547661, 53.5369 ], [ -113.547724, 53.536906 ], [ -113.547856, 53.536888 ], [ -113.547926, 53.536886 ], [ -113.548067, 53.536859 ], [ -113.54838, 53.536841 ], [ -113.548693, 53.536807 ], [ -113.549429, 53.536706 ], [ -113.54968, 53.536681 ], [ -113.550077, 53.536609 ], [ -113.55019, 53.536583 ], [ -113.550265, 53.536554 ], [ -113.550421, 53.536459 ], [ -113.550458, 53.536427 ], [ -113.550469, 53.536396 ], [ -113.5505, 53.536369 ], [ -113.550508, 53.536341 ], [ -113.550582, 53.536247 ], [ -113.550593, 53.536207 ], [ -113.550713, 53.536074 ], [ -113.550799, 53.536009 ], [ -113.551019, 53.535905 ], [ -113.551149, 53.535823 ], [ -113.551357, 53.535656 ], [ -113.551369, 53.535626 ], [ -113.551401, 53.535599 ], [ -113.551416, 53.535569 ], [ -113.551657, 53.535372 ], [ -113.551675, 53.535341 ], [ -113.551744, 53.535283 ], [ -113.551756, 53.535254 ], [ -113.551793, 53.535222 ], [ -113.551918, 53.535124 ], [ -113.552268, 53.534899 ], [ -113.552561, 53.534673 ], [ -113.552574, 53.534653 ], [ -113.5527, 53.534578 ], [ -113.552829, 53.534519 ], [ -113.55296, 53.534473 ], [ -113.553213, 53.534413 ], [ -113.553293, 53.534382 ], [ -113.553421, 53.534296 ], [ -113.553435, 53.534273 ], [ -113.553508, 53.534216 ], [ -113.553516, 53.534199 ], [ -113.553723, 53.534046 ], [ -113.553986, 53.533872 ], [ -113.554157, 53.533772 ], [ -113.554282, 53.533672 ], [ -113.554335, 53.533603 ], [ -113.554499, 53.533438 ], [ -113.554604, 53.533346 ], [ -113.554718, 53.533265 ], [ -113.554769, 53.53319 ], [ -113.554797, 53.533171 ], [ -113.55481, 53.533143 ], [ -113.554839, 53.533127 ], [ -113.554897, 53.533059 ], [ -113.55497, 53.533 ], [ -113.554982, 53.532974 ], [ -113.555085, 53.532881 ], [ -113.555129, 53.53285 ], [ -113.555197, 53.532784 ], [ -113.555256, 53.532748 ], [ -113.555311, 53.532693 ], [ -113.555357, 53.532638 ], [ -113.555434, 53.532552 ], [ -113.555478, 53.532481 ], [ -113.555535, 53.53238 ], [ -113.55556, 53.532315 ], [ -113.555578, 53.532254 ], [ -113.555626, 53.532137 ], [ -113.555634, 53.532029 ], [ -113.555638, 53.53197 ], [ -113.555632, 53.531888 ], [ -113.555639, 53.531838 ], [ -113.55566, 53.531418 ], [ -113.555669, 53.531295 ], [ -113.555696, 53.531256 ], [ -113.555698, 53.531113 ], [ -113.555668, 53.531068 ], [ -113.555659, 53.531021 ], [ -113.555498, 53.530799 ], [ -113.555482, 53.530747 ], [ -113.555407, 53.530653 ], [ -113.555386, 53.53062 ], [ -113.555366, 53.530589 ], [ -113.555326, 53.530512 ], [ -113.555287, 53.530441 ] ] } },
{ "type": "Feature", "properties": { "cls": "shared", "highway": "cycleway", "name": null }, "geometry": { "type": "LineString", "coordinates": [ [ -113.550559, 53.536469 ], [ -113.550336, 53.536602 ], [ -113.55007, 53.536663 ], [ -113.549726, 53.536735 ], [ -113.549374, 53.536816 ], [ -113.549083, 53.536898 ], [ -113.548722, 53.536928 ], [ -113.548405, 53.536944 ], [ -113.548027, 53.536949 ], [ -113.547692, 53.536928 ], [ -113.547314, 53.536928 ], [ -113.546765, 53.536898 ], [ -113.54635, 53.536889 ], [ -113.546284, 53.536888 ], [ -113.545915, 53.536903 ], [ -113.545695, 53.536903 ], [ -113.545589, 53.536903 ], [ -113.545349, 53.536918 ], [ -113.54528, 53.536911 ], [ -113.544946, 53.536877 ], [ -113.544628, 53.536857 ], [ -113.544482, 53.536847 ], [ -113.544259, 53.536826 ], [ -113.543916, 53.536786 ], [ -113.543744, 53.536796 ], [ -113.543392, 53.536755 ], [ -113.543066, 53.536704 ], [ -113.54286, 53.536673 ], [ -113.542199, 53.536505 ], [ -113.541718, 53.536367 ], [ -113.541238, 53.536214 ], [ -113.54074, 53.536046 ], [ -113.540139, 53.535861 ], [ -113.539998, 53.535819 ] ] } },
{ "type": "Feature", "properties": { "cls": "separated", "highway": "cycleway", "name": null }, "geometry": { "type": "LineString", "coordinates": [ [ -113.550559, 53.536469 ], [ -113.5505, 53.536369 ] ] } },
{ "type": "Feature", "properties": { "cls": "shared", "highway": "cycleway", "name": null }, "geometry": { "type": "LineString", "coordinates": [ [ -113.565092, 53.538786 ], [ -113.564933, 53.538745 ], [ -113.564753, 53.538704 ], [ -113.564505, 53.538661 ], [ -113.564181, 53.538621 ], [ -113.56379, 53.53854 ], [ -113.563361, 53.538426 ], [ -113.563252, 53.538397 ], [ -113.562986, 53.538323 ], [ -113.562791, 53.538288 ], [ -113.562563, 53.538258 ], [ -113.562343, 53.538243 ], [ -113.5622, 53.538239 ], [ -113.561841, 53.538236 ], [ -113.561689, 53.538235 ], [ -113.561423, 53.538233 ], [ -113.560556, 53.538224 ], [ -113.55994, 53.538236 ], [ -113.559707, 53.538244 ], [ -113.559511, 53.538241 ], [ -113.559386, 53.53823 ], [ -113.559026, 53.538161 ], [ -113.558853, 53.538136 ], [ -113.558462, 53.538092 ], [ -113.558185, 53.538079 ], [ -113.55813, 53.53808 ], [ -113.558046, 53.538081 ], [ -113.557966, 53.538085 ], [ -113.557893, 53.538095 ], [ -113.557864, 53.538099 ], [ -113.557777, 53.538119 ], [ -113.557711, 53.538136 ], [ -113.55748, 53.538194 ], [ -113.557219, 53.53825 ], [ -113.557037, 53.538282 ], [ -113.55684, 53.53831 ], [ -113.55668, 53.538316 ], [ -113.556464, 53.538307 ], [ -113.556145, 53.538278 ], [ -113.555801, 53.538215 ], [ -113.555558, 53.53816 ], [ -113.555504, 53.538148 ], [ -113.555189, 53.538058 ], [ -113.554835, 53.53794 ], [ -113.55469, 53.537893 ], [ -113.554678, 53.537889 ], [ -113.55452, 53.53785 ], [ -113.554356, 53.537822 ], [ -113.55432, 53.537816 ], [ -113.554158, 53.53781 ], [ -113.553988, 53.537817 ], [ -113.553911, 53.537824 ], [ -113.553835, 53.53783 ], [ -113.55371, 53.537848 ], [ -113.553499, 53.537895 ], [ -113.55345, 53.537909 ], [ -113.553259, 53.537965 ], [ -113.553045, 53.53802 ], [ -113.55278, 53.53807 ], [ -113.552733, 53.538079 ], [ -113.552492, 53.538121 ], [ -113.552189, 53.538186 ], [ -113.551701, 53.538295 ], [ -113.551061, 53.53843 ], [ -113.55037, 53.538587 ], [ -113.54969, 53.53873 ], [ -113.549573, 53.538754 ], [ -113.549334, 53.538802 ], [ -113.549052, 53.53885 ], [ -113.54887, 53.538865 ], [ -113.548591, 53.538886 ], [ -113.548497, 53.538893 ], [ -113.548115, 53.538927 ], [ -113.547914, 53.538948 ], [ -113.547767, 53.538967 ], [ -113.547493, 53.538996 ], [ -113.547396, 53.539013 ], [ -113.546793, 53.53905 ], [ -113.546437, 53.539069 ], [ -113.546363, 53.539076 ], [ -113.545966, 53.539113 ], [ -113.545589, 53.539137 ], [ -113.545482, 53.539141 ], [ -113.545269, 53.539138 ], [ -113.54489, 53.53916 ], [ -113.544601, 53.539154 ], [ -113.544313, 53.539138 ], [ -113.543749, 53.539091 ], [ -113.54326, 53.539061 ], [ -113.542519, 53.539036 ], [ -113.541981, 53.539028 ], [ -113.541598, 53.539 ], [ -113.541219, 53.538969 ], [ -113.540789, 53.538933 ], [ -113.540716, 53.53892 ], [ -113.540306, 53.538779 ], [ -113.540143, 53.538726 ], [ -113.539762, 53.538584 ], [ -113.53949, 53.538466 ], [ -113.539198, 53.538323 ], [ -113.53904, 53.538245 ], [ -113.538761, 53.538123 ], [ -113.538565, 53.538051 ], [ -113.538301, 53.537954 ], [ -113.537372, 53.537597 ] ] } },
{ "type": "Feature", "properties": { "cls": "shared", "highway": "path", "name": null }, "geometry": { "type": "LineString", "coordinates": [ [ -113.548405, 53.539039 ], [ -113.548339, 53.538999 ], [ -113.548229, 53.538953 ], [ -113.548115, 53.538927 ] ] } },
{ "type": "Feature", "properties": { "cls": "shared", "highway": "cycleway", "name": null }, "geometry": { "type": "LineString", "coordinates": [ [ -113.542852, 53.539481 ], [ -113.542863, 53.539479 ], [ -113.542962, 53.539449 ], [ -113.543037, 53.539437 ], [ -113.543124, 53.539431 ], [ -113.543275, 53.539436 ], [ -113.543496, 53.539458 ], [ -113.544043, 53.539494 ], [ -113.54441, 53.539508 ], [ -113.544783, 53.539509 ], [ -113.544943, 53.539518 ], [ -113.545097, 53.539554 ], [ -113.545299, 53.539586 ], [ -113.5455, 53.539587 ], [ -113.545751, 53.539556 ], [ -113.546052, 53.539485 ], [ -113.546424, 53.539355 ], [ -113.546922, 53.539184 ], [ -113.547196, 53.539087 ], [ -113.547396, 53.539013 ] ] } },
{ "type": "Feature", "properties": { "cls": "shared", "highway": "path", "name": "Ramsay Ravine Multi-Use Trail" }, "geometry": { "type": "LineString", "coordinates": [ [ -113.548497, 53.538893 ], [ -113.548437, 53.538949 ], [ -113.548405, 53.539039 ], [ -113.548408, 53.539079 ], [ -113.548407, 53.539139 ], [ -113.548411, 53.539172 ], [ -113.548445, 53.539222 ], [ -113.548735, 53.539468 ], [ -113.548961, 53.539756 ], [ -113.549133, 53.539928 ], [ -113.549359, 53.540161 ], [ -113.54941, 53.540229 ], [ -113.54945, 53.540299 ], [ -113.549479, 53.540372 ], [ -113.549497, 53.540445 ], [ -113.549503, 53.54052 ], [ -113.549498, 53.540586 ], [ -113.549485, 53.540652 ], [ -113.549463, 53.540717 ], [ -113.549431, 53.540781 ], [ -113.54929, 53.540932 ], [ -113.549074, 53.54112 ], [ -113.549042, 53.541176 ], [ -113.549018, 53.541235 ], [ -113.549005, 53.541294 ], [ -113.549001, 53.541335 ], [ -113.549097, 53.541544 ], [ -113.549182, 53.541699 ], [ -113.549218, 53.541804 ], [ -113.549245, 53.541867 ], [ -113.549261, 53.541931 ], [ -113.549266, 53.541996 ], [ -113.549259, 53.542061 ], [ -113.549248, 53.542102 ], [ -113.549234, 53.542142 ], [ -113.549137, 53.542283 ], [ -113.548985, 53.542425 ], [ -113.548577, 53.542671 ], [ -113.548233, 53.542901 ] ] } },
{ "type": "Feature", "properties": { "cls": "shared", "highway": "footway", "name": null }, "geometry": { "type": "LineString", "coordinates": [ [ -113.532046, 53.535687 ], [ -113.532035, 53.535687 ], [ -113.532039, 53.535714 ], [ -113.53203, 53.535746 ], [ -113.531995, 53.535779 ], [ -113.531931, 53.53584 ], [ -113.531912, 53.535853 ] ] } },
{ "type": "Feature", "properties": { "cls": "shared", "highway": "path", "name": null }, "geometry": { "type": "LineString", "coordinates": [ [ -113.531912, 53.535853 ], [ -113.531931, 53.535859 ] ] } },
{ "type": "Feature", "properties": { "cls": "shared", "highway": "path", "name": null }, "geometry": { "type": "LineString", "coordinates": [ [ -113.531931, 53.535859 ], [ -113.531968, 53.535875 ], [ -113.532047, 53.535907 ], [ -113.53208, 53.535921 ] ] } },
{ "type": "Feature", "properties": { "cls": "shared", "highway": "path", "name": null }, "geometry": { "type": "LineString", "coordinates": [ [ -113.53208, 53.535921 ], [ -113.532122, 53.53594 ], [ -113.53217, 53.535976 ], [ -113.532257, 53.536003 ], [ -113.532349, 53.536027 ], [ -113.532432, 53.536035 ], [ -113.532658, 53.536041 ], [ -113.532828, 53.536057 ], [ -113.532997, 53.53608 ], [ -113.533219, 53.536124 ], [ -113.533312, 53.536156 ], [ -113.533417, 53.536215 ], [ -113.533573, 53.536341 ], [ -113.533647, 53.536402 ], [ -113.533701, 53.536424 ], [ -113.53373, 53.536447 ], [ -113.533739, 53.536478 ], [ -113.533743, 53.536515 ], [ -113.533753, 53.53656 ], [ -113.533775, 53.536593 ], [ -113.533824, 53.536635 ], [ -113.533923, 53.536735 ], [ -113.533993, 53.536813 ], [ -113.534024, 53.536855 ], [ -113.534042, 53.536892 ], [ -113.53405, 53.536918 ], [ -113.534064, 53.536953 ] ] } },
{ "type": "Feature", "properties": { "cls": "shared", "highway": "cycleway", "name": null }, "geometry": { "type": "LineString", "coordinates": [ [ -113.537372, 53.537597 ], [ -113.537326, 53.537641 ], [ -113.53724, 53.537748 ], [ -113.537205, 53.537799 ], [ -113.537187, 53.537808 ], [ -113.537146, 53.537804 ], [ -113.537068, 53.537791 ], [ -113.536998, 53.537783 ], [ -113.536887, 53.537796 ], [ -113.536812, 53.537817 ], [ -113.536748, 53.537857 ], [ -113.536727, 53.537905 ], [ -113.536718, 53.53794 ], [ -113.536724, 53.537978 ], [ -113.536743, 53.53802 ], [ -113.536795, 53.538063 ], [ -113.53688, 53.538094 ], [ -113.537303, 53.538211 ], [ -113.537353, 53.538221 ], [ -113.537421, 53.538231 ], [ -113.537503, 53.538233 ] ] } },
{ "type": "Feature", "properties": { "cls": "shared", "highway": "cycleway", "name": null }, "geometry": { "type": "LineString", "coordinates": [ [ -113.537834, 53.537976 ], [ -113.537773, 53.538061 ], [ -113.537698, 53.538152 ], [ -113.537659, 53.538183 ], [ -113.537606, 53.538207 ], [ -113.537563, 53.538221 ], [ -113.537503, 53.538233 ] ] } },
{ "type": "Feature", "properties": { "cls": "shared", "highway": "cycleway", "name": null }, "geometry": { "type": "LineString", "coordinates": [ [ -113.537503, 53.538233 ], [ -113.537504, 53.538284 ], [ -113.537483, 53.538341 ], [ -113.537425, 53.538372 ], [ -113.537367, 53.538417 ], [ -113.537314, 53.538478 ], [ -113.537239, 53.538578 ], [ -113.53722, 53.538646 ], [ -113.537187, 53.538757 ], [ -113.537149, 53.538809 ], [ -113.537054, 53.538953 ] ] } },
{ "type": "Feature", "properties": { "cls": "separated", "highway": "cycleway", "name": "Victoria Park Road Protected Bike Lane" }, "geometry": { "type": "LineString", "coordinates": [ [ -113.537054, 53.538953 ], [ -113.537071, 53.539002 ], [ -113.536843, 53.539319 ], [ -113.536699, 53.539469 ], [ -113.536489, 53.539614 ], [ -113.536333, 53.5397 ], [ -113.536216, 53.539751 ], [ -113.536025, 53.539812 ], [ -113.535842, 53.539853 ], [ -113.535588, 53.539891 ], [ -113.535308, 53.539912 ], [ -113.535107, 53.539911 ], [ -113.534934, 53.539907 ], [ -113.532545, 53.539798 ], [ -113.531353, 53.539745 ], [ -113.530756, 53.539716 ], [ -113.530153, 53.53968 ], [ -113.529453, 53.53962 ], [ -113.529069, 53.539579 ], [ -113.526725, 53.539282 ], [ -113.524389, 53.538978 ], [ -113.523028, 53.538815 ], [ -113.522458, 53.538769 ] ] } },
{ "type": "Feature", "properties": { "cls": "shared", "highway": "cycleway", "name": null }, "geometry": { "type": "LineString", "coordinates": [ [ -113.487025, 53.527071 ], [ -113.486812, 53.527174 ], [ -113.486303, 53.52743 ] ] } },
{ "type": "Feature", "properties": { "cls": "shared", "highway": "cycleway", "name": null }, "geometry": { "type": "LineString", "coordinates": [ [ -113.486303, 53.52743 ], [ -113.486277, 53.527447 ], [ -113.486258, 53.527459 ], [ -113.486177, 53.527513 ], [ -113.486129, 53.52756 ], [ -113.486088, 53.527607 ], [ -113.486052, 53.527653 ] ] } },
{ "type": "Feature", "properties": { "cls": "shared", "highway": "cycleway", "name": null }, "geometry": { "type": "LineString", "coordinates": [ [ -113.486052, 53.527653 ], [ -113.485737, 53.528112 ], [ -113.485629, 53.528298 ] ] } },
{ "type": "Feature", "properties": { "cls": "shared", "highway": "cycleway", "name": null }, "geometry": { "type": "LineString", "coordinates": [ [ -113.485629, 53.528298 ], [ -113.485613, 53.528334 ], [ -113.485562, 53.528434 ], [ -113.485481, 53.528579 ], [ -113.48544, 53.528719 ], [ -113.485404, 53.52889 ], [ -113.485385, 53.529048 ], [ -113.485381, 53.529173 ], [ -113.485392, 53.529338 ], [ -113.485398, 53.529393 ], [ -113.485424, 53.529506 ], [ -113.48547, 53.529667 ], [ -113.485501, 53.529723 ], [ -113.485537, 53.529771 ], [ -113.485692, 53.529916 ], [ -113.485737, 53.529974 ], [ -113.485753, 53.53001 ], [ -113.48576, 53.530052 ], [ -113.485756, 53.5301 ], [ -113.485741, 53.530174 ], [ -113.485749, 53.530229 ], [ -113.485771, 53.530275 ], [ -113.485802, 53.530322 ], [ -113.485916, 53.530445 ] ] } },
{ "type": "Feature", "properties": { "cls": "shared", "highway": "cycleway", "name": "Old Timers' Access" }, "geometry": { "type": "LineString", "coordinates": [ [ -113.486964, 53.531542 ], [ -113.486952, 53.531388 ], [ -113.486934, 53.531307 ], [ -113.486907, 53.531231 ], [ -113.486827, 53.531097 ], [ -113.486774, 53.530986 ], [ -113.486708, 53.530871 ], [ -113.486668, 53.530806 ], [ -113.486481, 53.530529 ], [ -113.48644, 53.530446 ], [ -113.48642, 53.530391 ], [ -113.486406, 53.530349 ], [ -113.486382, 53.530206 ], [ -113.486371, 53.530135 ], [ -113.486332, 53.529778 ], [ -113.486323, 53.529561 ], [ -113.486332, 53.529398 ], [ -113.48635, 53.529302 ], [ -113.486396, 53.529138 ], [ -113.486489, 53.528862 ], [ -113.486512, 53.528811 ], [ -113.486596, 53.528628 ], [ -113.486727, 53.528405 ], [ -113.486822, 53.528267 ], [ -113.486931, 53.528123 ], [ -113.487019, 53.528017 ], [ -113.487104, 53.527926 ], [ -113.487186, 53.52785 ], [ -113.487268, 53.527787 ], [ -113.48735, 53.527736 ], [ -113.487447, 53.527691 ], [ -113.487679, 53.527618 ], [ -113.487739, 53.527601 ], [ -113.487923, 53.52755 ], [ -113.488153, 53.527495 ], [ -113.488392, 53.527447 ], [ -113.488555, 53.52742 ], [ -113.488595, 53.527413 ], [ -113.488819, 53.527383 ], [ -113.489083, 53.527356 ], [ -113.489553, 53.527308 ], [ -113.48993, 53.527261 ], [ -113.490024, 53.527246 ], [ -113.490121, 53.527231 ] ] } },
{ "type": "Feature", "properties": { "cls": "shared", "highway": "cycleway", "name": null }, "geometry": { "type": "LineString", "coordinates": [ [ -113.48642, 53.530391 ], [ -113.486398, 53.530374 ], [ -113.486356, 53.530354 ], [ -113.486324, 53.530347 ], [ -113.486289, 53.530347 ], [ -113.486263, 53.530348 ], [ -113.486237, 53.530353 ], [ -113.486169, 53.530375 ] ] } },
{ "type": "Feature", "properties": { "cls": "shared", "highway": "cycleway", "name": null }, "geometry": { "type": "LineString", "coordinates": [ [ -113.486382, 53.530206 ], [ -113.486337, 53.530258 ], [ -113.486301, 53.530289 ], [ -113.486264, 53.53032 ], [ -113.486217, 53.53035 ], [ -113.48619, 53.530365 ], [ -113.486169, 53.530375 ], [ -113.486146, 53.530383 ], [ -113.485916, 53.530445 ], [ -113.485895, 53.530451 ], [ -113.48587, 53.530458 ], [ -113.485838, 53.530468 ], [ -113.485798, 53.530484 ], [ -113.485769, 53.530502 ], [ -113.48574, 53.530528 ], [ -113.485707, 53.53056 ] ] } },
{ "type": "Feature", "properties": { "cls": "shared", "highway": "cycleway", "name": null }, "geometry": { "type": "LineString", "coordinates": [ [ -113.485895, 53.530451 ], [ -113.485878, 53.530471 ], [ -113.485865, 53.530489 ], [ -113.485852, 53.530512 ], [ -113.485844, 53.53054 ], [ -113.485838, 53.530569 ], [ -113.485838, 53.53059 ], [ -113.485839, 53.530597 ] ] } },
{ "type": "Feature", "properties": { "cls": "sharrow", "highway": "residential", "name": "94 Avenue NW" }, "geometry": { "type": "MultiLineString", "coordinates": [ [ [ -113.484808, 53.531122 ], [ -113.484834, 53.531128 ] ], [ [ -113.484834, 53.531128 ], [ -113.484862, 53.531131 ] ], [ [ -113.484862, 53.531131 ], [ -113.484893, 53.531134 ] ], [ [ -113.484893, 53.531134 ], [ -113.48493, 53.531133 ] ], [ [ -113.48493, 53.531133 ], [ -113.485554, 53.531098 ] ], [ [ -113.485554, 53.531098 ], [ -113.485691, 53.531094 ] ] ] } },
{ "type": "Feature", "properties": { "cls": "shared", "highway": "cycleway", "name": null }, "geometry": { "type": "LineString", "coordinates": [ [ -113.50123, 53.529558 ], [ -113.501232, 53.52958 ], [ -113.501266, 53.529698 ], [ -113.501297, 53.5299 ], [ -113.501303, 53.529916 ], [ -113.501364, 53.530077 ], [ -113.501378, 53.530153 ], [ -113.501373, 53.530228 ], [ -113.501356, 53.530297 ], [ -113.501334, 53.53035 ], [ -113.501312, 53.530379 ], [ -113.501289, 53.53041 ] ] } },
{ "type": "Feature", "properties": { "cls": "shared", "highway": "cycleway", "name": null }, "geometry": { "type": "LineString", "coordinates": [ [ -113.501275, 53.530419 ], [ -113.501265, 53.530423 ], [ -113.501251, 53.530426 ], [ -113.501099, 53.530427 ] ] } },
{ "type": "Feature", "properties": { "cls": "shared", "highway": "path", "name": null }, "geometry": { "type": "LineString", "coordinates": [ [ -113.501257, 53.530701 ], [ -113.501287, 53.530631 ], [ -113.501299, 53.530491 ], [ -113.501275, 53.530419 ] ] } },
{ "type": "Feature", "properties": { "cls": "shared", "highway": "path", "name": null }, "geometry": { "type": "LineString", "coordinates": [ [ -113.501093, 53.530721 ], [ -113.501257, 53.530701 ] ] } },
{ "type": "Feature", "properties": { "cls": "shared", "highway": "path", "name": null }, "geometry": { "type": "LineString", "coordinates": [ [ -113.501257, 53.530701 ], [ -113.501248, 53.530719 ], [ -113.501248, 53.530726 ] ] } },
{ "type": "Feature", "properties": { "cls": "shared", "highway": "cycleway", "name": null }, "geometry": { "type": "LineString", "coordinates": [ [ -113.509759, 53.531701 ], [ -113.509403, 53.531604 ], [ -113.508909, 53.531454 ], [ -113.507638, 53.53106 ], [ -113.507424, 53.530998 ], [ -113.507234, 53.530949 ], [ -113.505819, 53.530639 ], [ -113.505381, 53.530548 ], [ -113.505042, 53.530485 ], [ -113.50473, 53.530436 ], [ -113.504217, 53.530345 ], [ -113.504091, 53.530325 ], [ -113.503988, 53.530309 ], [ -113.503752, 53.530283 ], [ -113.503275, 53.530255 ], [ -113.502949, 53.530227 ], [ -113.502816, 53.530224 ], [ -113.502585, 53.530229 ] ] } },
{ "type": "Feature", "properties": { "cls": "sharrow", "highway": "unclassified", "name": "Fortway Drive NW" }, "geometry": { "type": "LineString", "coordinates": [ [ -113.5072, 53.531677 ], [ -113.507306, 53.531682 ], [ -113.507404, 53.531695 ] ] } },
{ "type": "Feature", "properties": { "cls": "shared", "highway": "cycleway", "name": null }, "geometry": { "type": "LineString", "coordinates": [ [ -113.486812, 53.533252 ], [ -113.486654, 53.53325 ] ] } },
{ "type": "Feature", "properties": { "cls": "shared", "highway": "cycleway", "name": null }, "geometry": { "type": "LineString", "coordinates": [ [ -113.486185, 53.535717 ], [ -113.486227, 53.535703 ], [ -113.486244, 53.535689 ], [ -113.486255, 53.535671 ], [ -113.486246, 53.535525 ], [ -113.486259, 53.535437 ], [ -113.486276, 53.5353 ], [ -113.486403, 53.535014 ], [ -113.486447, 53.534891 ], [ -113.48646, 53.534821 ], [ -113.486473, 53.534717 ], [ -113.486486, 53.534631 ], [ -113.486516, 53.534458 ], [ -113.486521, 53.534397 ], [ -113.486539, 53.534369 ], [ -113.486549, 53.534354 ], [ -113.48659, 53.534316 ], [ -113.486662, 53.534266 ], [ -113.486695, 53.53423 ], [ -113.486721, 53.534182 ], [ -113.486732, 53.534136 ], [ -113.486718, 53.53409 ], [ -113.486678, 53.534048 ], [ -113.486594, 53.534002 ], [ -113.486422, 53.533938 ], [ -113.486364, 53.533911 ], [ -113.486341, 53.533894 ], [ -113.486326, 53.533876 ], [ -113.48632, 53.533836 ], [ -113.486336, 53.533808 ], [ -113.486363, 53.533781 ], [ -113.486425, 53.533763 ], [ -113.486562, 53.533739 ], [ -113.486661, 53.533714 ], [ -113.486715, 53.533692 ], [ -113.486751, 53.533648 ], [ -113.486799, 53.533422 ], [ -113.486811, 53.533326 ], [ -113.486811, 53.533318 ], [ -113.486812, 53.533252 ], [ -113.486813, 53.533226 ], [ -113.486817, 53.533208 ], [ -113.486832, 53.53318 ], [ -113.486879, 53.533113 ], [ -113.486899, 53.533071 ], [ -113.486901, 53.533034 ], [ -113.486929, 53.532607 ], [ -113.486932, 53.532565 ], [ -113.486941, 53.532525 ], [ -113.486965, 53.532477 ], [ -113.486978, 53.532361 ], [ -113.486987, 53.531894 ], [ -113.486959, 53.531619 ], [ -113.486964, 53.531542 ] ] } },
{ "type": "Feature", "properties": { "cls": "shared", "highway": "cycleway", "name": null }, "geometry": { "type": "LineString", "coordinates": [ [ -113.486539, 53.534369 ], [ -113.486474, 53.534359 ], [ -113.486397, 53.534353 ], [ -113.486221, 53.534349 ], [ -113.486199, 53.534348 ], [ -113.486154, 53.53433 ] ] } },
{ "type": "Feature", "properties": { "cls": "shared", "highway": "cycleway", "name": null }, "geometry": { "type": "LineString", "coordinates": [ [ -113.485812, 53.536584 ], [ -113.485962, 53.536495 ], [ -113.486025, 53.536437 ], [ -113.48607, 53.536375 ], [ -113.48609, 53.536333 ], [ -113.486141, 53.536189 ], [ -113.486243, 53.53588 ], [ -113.486245, 53.535835 ], [ -113.486242, 53.535796 ], [ -113.486226, 53.535757 ], [ -113.486185, 53.535717 ] ] } },
{ "type": "Feature", "properties": { "cls": "shared", "highway": "cycleway", "name": "Trans Canada Trail" }, "geometry": { "type": "LineString", "coordinates": [ [ -113.485812, 53.536584 ], [ -113.485752, 53.536615 ], [ -113.485687, 53.536645 ], [ -113.485498, 53.536712 ] ] } },
{ "type": "Feature", "properties": { "cls": "shared", "highway": "cycleway", "name": null }, "geometry": { "type": "LineString", "coordinates": [ [ -113.485799, 53.53673 ], [ -113.485838, 53.536704 ], [ -113.48587, 53.536664 ], [ -113.485872, 53.536649 ], [ -113.485862, 53.536632 ], [ -113.485812, 53.536584 ] ] } },
{ "type": "Feature", "properties": { "cls": "shared", "highway": "cycleway", "name": null }, "geometry": { "type": "LineString", "coordinates": [ [ -113.485498, 53.536712 ], [ -113.485585, 53.536781 ], [ -113.485619, 53.536821 ] ] } },
{ "type": "Feature", "properties": { "cls": "shared", "highway": "cycleway", "name": null }, "geometry": { "type": "LineString", "coordinates": [ [ -113.485619, 53.536821 ], [ -113.485677, 53.536808 ], [ -113.485728, 53.536789 ], [ -113.485769, 53.536762 ], [ -113.485799, 53.53673 ] ] } },
{ "type": "Feature", "properties": { "cls": "shared", "highway": "cycleway", "name": null }, "geometry": { "type": "LineString", "coordinates": [ [ -113.485089, 53.537012 ], [ -113.485313, 53.53708 ], [ -113.485518, 53.537134 ] ] } },
{ "type": "Feature", "properties": { "cls": "shared", "highway": "cycleway", "name": null }, "geometry": { "type": "LineString", "coordinates": [ [ -113.485619, 53.536821 ], [ -113.485623, 53.536872 ], [ -113.485615, 53.536917 ], [ -113.485592, 53.536978 ], [ -113.485518, 53.537134 ], [ -113.485511, 53.537148 ], [ -113.48549, 53.537255 ], [ -113.485437, 53.537385 ] ] } },
{ "type": "Feature", "properties": { "cls": "shared", "highway": "cycleway", "name": null }, "geometry": { "type": "LineString", "coordinates": [ [ -113.485136, 53.537278 ], [ -113.485144, 53.537227 ], [ -113.48515, 53.537205 ], [ -113.485169, 53.53717 ], [ -113.485195, 53.537149 ], [ -113.485243, 53.53712 ], [ -113.485313, 53.53708 ] ] } },
{ "type": "Feature", "properties": { "cls": "shared", "highway": "cycleway", "name": null }, "geometry": { "type": "LineString", "coordinates": [ [ -113.485437, 53.537385 ], [ -113.485435, 53.537388 ], [ -113.485406, 53.53743 ], [ -113.48537, 53.537469 ] ] } },
{ "type": "Feature", "properties": { "cls": "shared", "highway": "cycleway", "name": null }, "geometry": { "type": "MultiLineString", "coordinates": [ [ [ -113.515147, 53.525898 ], [ -113.515162, 53.525903 ], [ -113.515642, 53.526044 ], [ -113.515799, 53.526089 ] ], [ [ -113.517792, 53.526708 ], [ -113.517799, 53.526711 ], [ -113.517842, 53.526737 ], [ -113.51791, 53.526818 ], [ -113.517961, 53.526869 ], [ -113.518025, 53.526911 ], [ -113.518098, 53.526944 ], [ -113.518141, 53.526958 ], [ -113.518342, 53.526999 ], [ -113.51841, 53.527018 ], [ -113.518465, 53.527041 ], [ -113.519033, 53.527398 ], [ -113.519153, 53.527498 ], [ -113.519533, 53.527739 ], [ -113.519736, 53.52783 ], [ -113.520197, 53.528074 ], [ -113.520288, 53.528138 ], [ -113.520416, 53.528187 ], [ -113.520469, 53.528221 ], [ -113.520524, 53.528266 ], [ -113.520555, 53.528283 ], [ -113.520869, 53.528443 ], [ -113.520938, 53.528482 ], [ -113.521047, 53.528553 ], [ -113.521223, 53.528605 ], [ -113.521314, 53.528634 ], [ -113.521472, 53.528685 ], [ -113.521555, 53.528734 ], [ -113.521607, 53.528748 ], [ -113.521784, 53.528773 ], [ -113.522057, 53.528843 ], [ -113.522443, 53.52896 ], [ -113.522466, 53.528965 ], [ -113.522502, 53.528967 ], [ -113.522644, 53.529017 ], [ -113.522668, 53.529036 ], [ -113.522852, 53.529103 ], [ -113.523197, 53.529238 ], [ -113.523559, 53.529392 ], [ -113.523837, 53.529504 ], [ -113.523849, 53.529509 ], [ -113.523996, 53.529562 ], [ -113.524212, 53.529632 ], [ -113.524383, 53.529676 ], [ -113.524749, 53.529762 ], [ -113.52505, 53.529812 ], [ -113.52528, 53.529842 ], [ -113.525457, 53.529867 ], [ -113.526441, 53.529973 ], [ -113.52739, 53.530187 ], [ -113.527712, 53.530267 ], [ -113.529318, 53.53065 ], [ -113.529786, 53.530757 ], [ -113.530191, 53.530836 ], [ -113.530516, 53.530875 ] ] ] } },
{ "type": "Feature", "properties": { "cls": "shared", "highway": "cycleway", "name": null }, "geometry": { "type": "LineString", "coordinates": [ [ -113.523888, 53.529476 ], [ -113.523849, 53.529509 ] ] } },
{ "type": "Feature", "properties": { "cls": "shared", "highway": "cycleway", "name": null }, "geometry": { "type": "LineString", "coordinates": [ [ -113.525474, 53.529835 ], [ -113.525457, 53.529867 ] ] } },
{ "type": "Feature", "properties": { "cls": "shared", "highway": "cycleway", "name": null }, "geometry": { "type": "LineString", "coordinates": [ [ -113.52739, 53.530187 ], [ -113.527409, 53.530156 ] ] } },
{ "type": "Feature", "properties": { "cls": "shared", "highway": "cycleway", "name": null }, "geometry": { "type": "LineString", "coordinates": [ [ -113.513156, 53.529047 ], [ -113.513335, 53.529017 ], [ -113.513422, 53.528994 ], [ -113.513486, 53.528972 ], [ -113.513528, 53.528953 ], [ -113.513583, 53.528929 ], [ -113.513741, 53.528843 ], [ -113.513856, 53.528788 ], [ -113.513879, 53.528779 ], [ -113.513953, 53.528749 ], [ -113.514065, 53.528714 ], [ -113.514186, 53.528686 ], [ -113.514282, 53.528672 ], [ -113.514415, 53.528663 ], [ -113.514516, 53.528664 ], [ -113.514615, 53.528673 ], [ -113.514731, 53.528696 ], [ -113.514841, 53.528734 ], [ -113.514989, 53.528803 ], [ -113.515015, 53.52881 ], [ -113.515033, 53.528815 ], [ -113.515079, 53.528822 ], [ -113.515234, 53.528829 ], [ -113.515422, 53.528829 ], [ -113.515958, 53.528818 ], [ -113.516305, 53.528802 ], [ -113.516372, 53.528808 ], [ -113.516548, 53.528846 ], [ -113.516829, 53.528892 ], [ -113.51715, 53.528964 ], [ -113.517397, 53.529033 ], [ -113.517656, 53.529119 ], [ -113.5181, 53.529279 ], [ -113.51829, 53.529338 ], [ -113.518552, 53.529399 ], [ -113.518934, 53.529489 ], [ -113.519088, 53.529525 ], [ -113.51932, 53.529568 ], [ -113.519502, 53.529593 ], [ -113.51965, 53.529607 ], [ -113.519738, 53.529593 ], [ -113.519876, 53.529557 ], [ -113.520034, 53.52951 ], [ -113.520141, 53.529489 ], [ -113.520227, 53.529479 ], [ -113.520382, 53.529462 ], [ -113.520548, 53.529464 ], [ -113.520685, 53.529469 ], [ -113.520785, 53.529466 ], [ -113.520994, 53.529455 ], [ -113.521112, 53.529445 ], [ -113.521318, 53.529448 ], [ -113.521546, 53.529507 ], [ -113.521694, 53.529574 ], [ -113.521761, 53.529633 ], [ -113.521836, 53.529686 ], [ -113.521884, 53.529748 ], [ -113.521901, 53.529782 ], [ -113.521898, 53.529812 ], [ -113.521887, 53.529833 ], [ -113.521868, 53.529872 ], [ -113.521806, 53.529921 ], [ -113.521757, 53.529944 ], [ -113.521712, 53.529963 ], [ -113.521685, 53.529985 ], [ -113.521678, 53.530002 ], [ -113.521681, 53.530019 ], [ -113.521696, 53.530046 ], [ -113.521715, 53.530063 ], [ -113.521739, 53.530079 ], [ -113.521788, 53.5301 ], [ -113.522084, 53.530181 ], [ -113.52236, 53.53029 ], [ -113.522526, 53.530341 ], [ -113.522731, 53.53039 ], [ -113.52295, 53.530428 ], [ -113.523252, 53.530467 ], [ -113.523873, 53.530524 ], [ -113.524085, 53.53055 ], [ -113.524936, 53.530673 ], [ -113.525149, 53.530707 ], [ -113.525538, 53.530779 ], [ -113.527076, 53.53111 ], [ -113.527193, 53.531138 ], [ -113.527713, 53.531283 ], [ -113.527982, 53.531354 ], [ -113.528858, 53.531565 ], [ -113.529002, 53.531607 ], [ -113.529183, 53.531665 ], [ -113.529633, 53.531808 ], [ -113.529777, 53.531848 ], [ -113.529904, 53.531876 ], [ -113.530102, 53.531881 ], [ -113.530199, 53.531888 ], [ -113.530333, 53.531921 ], [ -113.530858, 53.532053 ], [ -113.531031, 53.5321 ], [ -113.531137, 53.532134 ], [ -113.531303, 53.532199 ], [ -113.531447, 53.532249 ], [ -113.531519, 53.532268 ], [ -113.531639, 53.532289 ], [ -113.531735, 53.532317 ], [ -113.531808, 53.532343 ], [ -113.532037, 53.532439 ], [ -113.532366, 53.532567 ], [ -113.532657, 53.532688 ], [ -113.533248, 53.532905 ] ] } },
{ "type": "Feature", "properties": { "cls": "shared", "highway": "cycleway", "name": null }, "geometry": { "type": "LineString", "coordinates": [ [ -113.524573, 53.533058 ], [ -113.524516, 53.533178 ], [ -113.524494, 53.533212 ], [ -113.524456, 53.53327 ], [ -113.524419, 53.533295 ], [ -113.524359, 53.533306 ], [ -113.524282, 53.533301 ], [ -113.524168, 53.533275 ] ] } },
{ "type": "Feature", "properties": { "cls": "shared", "highway": "cycleway", "name": null }, "geometry": { "type": "LineString", "coordinates": [ [ -113.537372, 53.537597 ], [ -113.536335, 53.537193 ], [ -113.536143, 53.537111 ], [ -113.53598, 53.537028 ], [ -113.535286, 53.536743 ], [ -113.535013, 53.536628 ], [ -113.533981, 53.536131 ], [ -113.533711, 53.536009 ], [ -113.532256, 53.535466 ], [ -113.528063, 53.533924 ], [ -113.526154, 53.533406 ], [ -113.525215, 53.533198 ], [ -113.524573, 53.533058 ], [ -113.524395, 53.53302 ], [ -113.523654, 53.532873 ], [ -113.522872, 53.532722 ], [ -113.522281, 53.532622 ], [ -113.521609, 53.532526 ], [ -113.520405, 53.53237 ], [ -113.518303, 53.532127 ], [ -113.517641, 53.532061 ], [ -113.516741, 53.53201 ], [ -113.515033, 53.531913 ], [ -113.514465, 53.531889 ], [ -113.513921, 53.531886 ], [ -113.5132, 53.531889 ] ] } },
{ "type": "Feature", "properties": { "cls": "shared", "highway": "cycleway", "name": null }, "geometry": { "type": "LineString", "coordinates": [ [ -113.522913, 53.538784 ], [ -113.522216, 53.538602 ], [ -113.522131, 53.538577 ] ] } },
{ "type": "Feature", "properties": { "cls": "shared", "highway": "cycleway", "name": null }, "geometry": { "type": "LineString", "coordinates": [ [ -113.511622, 53.531921 ], [ -113.511229, 53.531915 ], [ -113.51081, 53.531886 ], [ -113.510675, 53.531872 ], [ -113.510461, 53.531843 ], [ -113.510209, 53.531799 ] ] } },
{ "type": "Feature", "properties": { "cls": "shared", "highway": "cycleway", "name": null }, "geometry": { "type": "LineString", "coordinates": [ [ -113.511401, 53.531873 ], [ -113.511445, 53.531897 ], [ -113.511484, 53.53191 ], [ -113.511521, 53.531917 ], [ -113.511622, 53.531921 ] ] } },
{ "type": "Feature", "properties": { "cls": "shared", "highway": "cycleway", "name": null }, "geometry": { "type": "LineString", "coordinates": [ [ -113.5132, 53.531889 ], [ -113.51309, 53.531891 ], [ -113.511979, 53.531923 ], [ -113.511622, 53.531921 ] ] } },
{ "type": "Feature", "properties": { "cls": "shared", "highway": "cycleway", "name": null }, "geometry": { "type": "LineString", "coordinates": [ [ -113.5132, 53.531889 ], [ -113.513221, 53.531945 ] ] } },
{ "type": "Feature", "properties": { "cls": "shared", "highway": "footway", "name": null }, "geometry": { "type": "LineString", "coordinates": [ [ -113.513117, 53.532108 ], [ -113.513108, 53.532022 ], [ -113.513099, 53.531943 ], [ -113.51309, 53.531891 ] ] } },
{ "type": "Feature", "properties": { "cls": "shared", "highway": "path", "name": null }, "geometry": { "type": "LineString", "coordinates": [ [ -113.507417, 53.531661 ], [ -113.507423, 53.531649 ], [ -113.507849, 53.531742 ], [ -113.508232, 53.531828 ], [ -113.508441, 53.531887 ], [ -113.50882, 53.532008 ], [ -113.50911, 53.532108 ], [ -113.509273, 53.532151 ], [ -113.509432, 53.532186 ], [ -113.509634, 53.532215 ], [ -113.509698, 53.532222 ], [ -113.509866, 53.532231 ], [ -113.510073, 53.53224 ], [ -113.510644, 53.53226 ], [ -113.511111, 53.532286 ], [ -113.511239, 53.5323 ], [ -113.511388, 53.532327 ], [ -113.511583, 53.532383 ], [ -113.511724, 53.53243 ], [ -113.511915, 53.532512 ], [ -113.512109, 53.532584 ], [ -113.512286, 53.532618 ], [ -113.512455, 53.532623 ], [ -113.512534, 53.532617 ], [ -113.512683, 53.532597 ], [ -113.512779, 53.532569 ], [ -113.512876, 53.532534 ], [ -113.512959, 53.532487 ], [ -113.51301, 53.532452 ], [ -113.51304, 53.532434 ], [ -113.513085, 53.53239 ], [ -113.513119, 53.532332 ], [ -113.513141, 53.532276 ], [ -113.513158, 53.532209 ], [ -113.513145, 53.53214 ], [ -113.513117, 53.532108 ] ] } },
{ "type": "Feature", "properties": { "cls": "separated", "highway": "cycleway", "name": null }, "geometry": { "type": "LineString", "coordinates": [ [ -113.509921, 53.532886 ], [ -113.509935, 53.53286 ] ] } },
{ "type": "Feature", "properties": { "cls": "shared", "highway": "cycleway", "name": null }, "geometry": { "type": "LineString", "coordinates": [ [ -113.510593, 53.533268 ], [ -113.510502, 53.533245 ], [ -113.510348, 53.533213 ], [ -113.510233, 53.533189 ], [ -113.51015, 53.533164 ], [ -113.510065, 53.53313 ], [ -113.510033, 53.533108 ], [ -113.510001, 53.533077 ], [ -113.509941, 53.53299 ], [ -113.509916, 53.532928 ], [ -113.509921, 53.532886 ] ] } },
{ "type": "Feature", "properties": { "cls": "separated", "highway": "cycleway", "name": null }, "geometry": { "type": "LineString", "coordinates": [ [ -113.509921, 53.532886 ], [ -113.509901, 53.532968 ], [ -113.509879, 53.533074 ], [ -113.509745, 53.533497 ], [ -113.509715, 53.533607 ], [ -113.509693, 53.53374 ], [ -113.50971, 53.533784 ], [ -113.509745, 53.533824 ], [ -113.509807, 53.533869 ] ] } },
{ "type": "Feature", "properties": { "cls": "shared", "highway": "cycleway", "name": null }, "geometry": { "type": "LineString", "coordinates": [ [ -113.511089, 53.533445 ], [ -113.51097, 53.53339 ] ] } },
{ "type": "Feature", "properties": { "cls": "shared", "highway": "cycleway", "name": null }, "geometry": { "type": "LineString", "coordinates": [ [ -113.515907, 53.533127 ], [ -113.515903, 53.53316 ], [ -113.515877, 53.533568 ] ] } },
{ "type": "Feature", "properties": { "cls": "shared", "highway": "cycleway", "name": null }, "geometry": { "type": "LineString", "coordinates": [ [ -113.51097, 53.53339 ], [ -113.510875, 53.533463 ], [ -113.510846, 53.533523 ] ] } },
{ "type": "Feature", "properties": { "cls": "shared", "highway": "cycleway", "name": null }, "geometry": { "type": "LineString", "coordinates": [ [ -113.509807, 53.533869 ], [ -113.509846, 53.533854 ], [ -113.509909, 53.533832 ], [ -113.510005, 53.53381 ], [ -113.510119, 53.533794 ], [ -113.510228, 53.533773 ], [ -113.510392, 53.533731 ], [ -113.510586, 53.533694 ], [ -113.510645, 53.533679 ], [ -113.510686, 53.533662 ], [ -113.510731, 53.533633 ], [ -113.510768, 53.533603 ], [ -113.510846, 53.533523 ], [ -113.510897, 53.533502 ] ] } },
{ "type": "Feature", "properties": { "cls": "shared", "highway": "cycleway", "name": null }, "geometry": { "type": "LineString", "coordinates": [ [ -113.510897, 53.533502 ], [ -113.510976, 53.533476 ], [ -113.511089, 53.533445 ], [ -113.511438, 53.533601 ], [ -113.511585, 53.533669 ], [ -113.511631, 53.533699 ], [ -113.511676, 53.533741 ], [ -113.511704, 53.533784 ], [ -113.511715, 53.533821 ], [ -113.511717, 53.533889 ], [ -113.511719, 53.533999 ] ] } },
{ "type": "Feature", "properties": { "cls": "separated", "highway": "cycleway", "name": null }, "geometry": { "type": "LineString", "coordinates": [ [ -113.510393, 53.533996 ], [ -113.51039, 53.533963 ], [ -113.510392, 53.533731 ] ] } },
{ "type": "Feature", "properties": { "cls": "shared", "highway": "cycleway", "name": null }, "geometry": { "type": "LineString", "coordinates": [ [ -113.509807, 53.533869 ], [ -113.509724, 53.533918 ], [ -113.509634, 53.53397 ], [ -113.509623, 53.533977 ] ] } },
{ "type": "Feature", "properties": { "cls": "separated", "highway": "cycleway", "name": null }, "geometry": { "type": "LineString", "coordinates": [ [ -113.509807, 53.533869 ], [ -113.509926, 53.533927 ], [ -113.510029, 53.533972 ], [ -113.510083, 53.533988 ], [ -113.510116, 53.533997 ], [ -113.510129, 53.534 ] ] } },
{ "type": "Feature", "properties": { "cls": "shared", "highway": "cycleway", "name": null }, "geometry": { "type": "LineString", "coordinates": [ [ -113.515877, 53.533568 ], [ -113.515875, 53.533586 ], [ -113.515859, 53.533608 ], [ -113.515837, 53.533626 ], [ -113.515811, 53.533634 ], [ -113.515768, 53.533643 ], [ -113.515683, 53.533661 ], [ -113.515581, 53.533694 ], [ -113.515525, 53.533716 ], [ -113.515024, 53.534018 ], [ -113.514985, 53.534038 ], [ -113.514904, 53.534063 ], [ -113.514715, 53.534113 ], [ -113.514405, 53.534171 ], [ -113.514348, 53.534188 ] ] } },
{ "type": "Feature", "properties": { "cls": "shared", "highway": "cycleway", "name": null }, "geometry": { "type": "LineString", "coordinates": [ [ -113.50952, 53.534052 ], [ -113.509495, 53.534072 ] ] } },
{ "type": "Feature", "properties": { "cls": "shared", "highway": "cycleway", "name": null }, "geometry": { "type": "LineString", "coordinates": [ [ -113.514348, 53.534188 ], [ -113.514299, 53.534207 ], [ -113.514257, 53.534231 ], [ -113.51423, 53.534255 ], [ -113.514209, 53.534288 ], [ -113.514195, 53.534329 ], [ -113.51419, 53.534382 ], [ -113.514199, 53.534456 ], [ -113.514211, 53.534508 ], [ -113.514234, 53.534545 ], [ -113.514326, 53.534642 ], [ -113.514528, 53.534833 ], [ -113.514754, 53.535047 ], [ -113.51499, 53.535286 ], [ -113.515106, 53.535441 ], [ -113.515142, 53.535517 ] ] } },
{ "type": "Feature", "properties": { "cls": "shared", "highway": "cycleway", "name": null }, "geometry": { "type": "LineString", "coordinates": [ [ -113.516741, 53.53201 ], [ -113.516732, 53.532064 ], [ -113.516721, 53.532126 ], [ -113.516695, 53.53217 ], [ -113.516632, 53.532244 ], [ -113.516611, 53.532276 ], [ -113.516563, 53.532423 ], [ -113.51654, 53.532472 ], [ -113.516504, 53.532517 ], [ -113.516389, 53.532605 ], [ -113.516362, 53.532638 ], [ -113.516333, 53.532737 ], [ -113.516302, 53.532841 ], [ -113.516278, 53.532891 ], [ -113.516254, 53.532914 ], [ -113.51622, 53.532934 ], [ -113.516045, 53.532999 ], [ -113.515974, 53.533035 ], [ -113.515928, 53.533075 ], [ -113.515907, 53.533127 ], [ -113.515917, 53.532789 ], [ -113.515902, 53.532754 ] ] } },
{ "type": "Feature", "properties": { "cls": "shared", "highway": "cycleway", "name": null }, "geometry": { "type": "LineString", "coordinates": [ [ -113.524415, 53.53895 ], [ -113.524286, 53.538905 ], [ -113.524123, 53.538871 ], [ -113.524049, 53.538849 ], [ -113.523057, 53.538483 ], [ -113.52284, 53.538399 ], [ -113.521997, 53.538051 ], [ -113.521694, 53.537931 ], [ -113.521336, 53.537797 ], [ -113.521104, 53.537715 ], [ -113.520544, 53.537516 ], [ -113.519822, 53.53728 ], [ -113.518974, 53.537009 ], [ -113.51809, 53.536761 ], [ -113.51782, 53.536681 ], [ -113.517467, 53.536577 ], [ -113.517206, 53.53649 ], [ -113.516511, 53.536234 ], [ -113.516273, 53.536142 ], [ -113.516094, 53.536057 ], [ -113.515834, 53.535933 ], [ -113.515372, 53.535737 ], [ -113.515312, 53.535706 ], [ -113.515254, 53.535668 ], [ -113.515208, 53.535631 ], [ -113.515181, 53.5356 ], [ -113.515142, 53.535517 ], [ -113.515061, 53.535477 ], [ -113.514795, 53.53537 ], [ -113.51464, 53.535291 ], [ -113.514548, 53.535231 ], [ -113.514378, 53.535103 ], [ -113.51419, 53.534973 ], [ -113.514175, 53.534963 ], [ -113.513981, 53.534839 ], [ -113.513736, 53.534692 ], [ -113.513652, 53.534656 ], [ -113.513443, 53.534588 ], [ -113.513195, 53.534483 ], [ -113.512909, 53.534353 ], [ -113.51271, 53.534246 ], [ -113.512492, 53.534107 ], [ -113.512307, 53.533976 ], [ -113.512121, 53.533812 ], [ -113.511863, 53.533566 ], [ -113.511793, 53.533519 ], [ -113.511706, 53.533484 ], [ -113.511597, 53.533458 ], [ -113.51149, 53.533445 ], [ -113.511234, 53.533427 ], [ -113.511087, 53.533412 ], [ -113.51097, 53.53339 ], [ -113.510885, 53.533364 ], [ -113.510693, 53.533293 ], [ -113.510593, 53.533268 ] ] } },
{ "type": "Feature", "properties": { "cls": "shared", "highway": "cycleway", "name": null }, "geometry": { "type": "LineString", "coordinates": [ [ -113.521914, 53.538511 ], [ -113.521854, 53.53849 ], [ -113.521783, 53.538457 ], [ -113.521753, 53.538443 ], [ -113.521651, 53.538386 ], [ -113.521603, 53.53835 ], [ -113.521501, 53.538269 ], [ -113.521467, 53.53825 ], [ -113.521434, 53.538237 ], [ -113.521392, 53.538226 ], [ -113.521335, 53.538223 ], [ -113.5212, 53.538224 ] ] } },
{ "type": "Feature", "properties": { "cls": "shared", "highway": "cycleway", "name": null }, "geometry": { "type": "LineString", "coordinates": [ [ -113.521527, 53.538733 ], [ -113.521541, 53.538722 ], [ -113.521825, 53.538594 ] ] } },
{ "type": "Feature", "properties": { "cls": "shared", "highway": "cycleway", "name": null }, "geometry": { "type": "LineString", "coordinates": [ [ -113.522458, 53.538769 ], [ -113.521527, 53.538769 ] ] } },
{ "type": "Feature", "properties": { "cls": "separated", "highway": "cycleway", "name": "102 Avenue NW Protected Bike Lane" }, "geometry": { "type": "LineString", "coordinates": [ [ -113.539494, 53.543096 ], [ -113.539338, 53.543096 ] ] } },
{ "type": "Feature", "properties": { "cls": "shared", "highway": "path", "name": null }, "geometry": { "type": "LineString", "coordinates": [ [ -113.602692, 53.504524 ], [ -113.602731, 53.504394 ], [ -113.602758, 53.50419 ], [ -113.602733, 53.504023 ], [ -113.602682, 53.503923 ], [ -113.602608, 53.503852 ], [ -113.602502, 53.503733 ], [ -113.602471, 53.503678 ], [ -113.602453, 53.503599 ], [ -113.602397, 53.503453 ], [ -113.602366, 53.503323 ], [ -113.602363, 53.503166 ] ] } },
{ "type": "Feature", "properties": { "cls": "shared", "highway": "path", "name": null }, "geometry": { "type": "LineString", "coordinates": [ [ -113.593729, 53.50377 ], [ -113.593808, 53.503796 ], [ -113.593907, 53.503832 ], [ -113.593987, 53.503884 ], [ -113.594041, 53.503962 ], [ -113.594096, 53.504018 ], [ -113.594403, 53.504115 ], [ -113.594513, 53.504167 ], [ -113.594649, 53.504361 ], [ -113.594814, 53.504571 ], [ -113.594961, 53.504773 ], [ -113.595181, 53.504978 ], [ -113.595403, 53.505121 ], [ -113.595571, 53.505248 ], [ -113.595665, 53.505329 ], [ -113.595698, 53.505431 ], [ -113.595756, 53.505597 ], [ -113.59596, 53.505783 ], [ -113.595976, 53.50589 ], [ -113.595954, 53.506 ], [ -113.595952, 53.50627 ], [ -113.596071, 53.506468 ], [ -113.596102, 53.506672 ], [ -113.596244, 53.506803 ], [ -113.596305, 53.506903 ], [ -113.596296, 53.506993 ] ] } },
{ "type": "Feature", "properties": { "cls": "painted", "highway": "tertiary", "name": "Wolf Willow Road NW" }, "geometry": { "type": "MultiLineString", "coordinates": [ [ [ -113.608484, 53.504984 ], [ -113.608245, 53.505092 ], [ -113.608083, 53.505186 ], [ -113.607872, 53.505323 ], [ -113.607676, 53.505477 ], [ -113.607317, 53.505774 ] ], [ [ -113.607317, 53.505774 ], [ -113.607063, 53.505984 ] ] ] } },
{ "type": "Feature", "properties": { "cls": "shared", "highway": "cycleway", "name": null }, "geometry": { "type": "LineString", "coordinates": [ [ -113.596296, 53.506993 ], [ -113.596317, 53.507111 ] ] } },
{ "type": "Feature", "properties": { "cls": "shared", "highway": "cycleway", "name": null }, "geometry": { "type": "LineString", "coordinates": [ [ -113.596317, 53.507111 ], [ -113.59635, 53.50716 ], [ -113.59639, 53.507217 ], [ -113.596387, 53.507255 ], [ -113.596299, 53.507323 ], [ -113.596224, 53.507399 ] ] } },
{ "type": "Feature", "properties": { "cls": "shared", "highway": "path", "name": null }, "geometry": { "type": "LineString", "coordinates": [ [ -113.597036, 53.507564 ], [ -113.596757, 53.507471 ] ] } },
{ "type": "Feature", "properties": { "cls": "shared", "highway": "path", "name": null }, "geometry": { "type": "LineString", "coordinates": [ [ -113.596757, 53.507471 ], [ -113.596595, 53.507415 ], [ -113.5964, 53.507393 ], [ -113.596224, 53.507399 ], [ -113.59582, 53.507485 ], [ -113.59519, 53.507554 ], [ -113.594786, 53.507573 ], [ -113.59455, 53.507613 ], [ -113.594357, 53.507703 ], [ -113.594204, 53.5078 ], [ -113.594071, 53.507939 ], [ -113.593888, 53.508257 ] ] } },
{ "type": "Feature", "properties": { "cls": "shared", "highway": "path", "name": null }, "geometry": { "type": "LineString", "coordinates": [ [ -113.610582, 53.511211 ], [ -113.610612, 53.511205 ], [ -113.610718, 53.511229 ], [ -113.611477, 53.511364 ], [ -113.611788, 53.511348 ], [ -113.612082, 53.511273 ], [ -113.612092, 53.511266 ] ] } },
{ "type": "Feature", "properties": { "cls": "shared", "highway": "path", "name": null }, "geometry": { "type": "LineString", "coordinates": [ [ -113.602617, 53.507903 ], [ -113.602617, 53.507939 ], [ -113.602555, 53.508074 ], [ -113.602394, 53.508207 ], [ -113.602236, 53.508275 ], [ -113.602045, 53.508295 ], [ -113.601906, 53.508276 ], [ -113.601786, 53.508245 ], [ -113.601349, 53.508139 ], [ -113.600831, 53.508064 ], [ -113.600397, 53.508025 ], [ -113.600128, 53.508013 ], [ -113.600014, 53.50801 ], [ -113.599481, 53.507998 ], [ -113.598924, 53.507922 ], [ -113.598568, 53.507856 ], [ -113.598193, 53.507814 ], [ -113.597777, 53.507797 ], [ -113.597658, 53.507781 ], [ -113.597509, 53.507739 ], [ -113.597036, 53.507564 ] ] } },
{ "type": "Feature", "properties": { "cls": "shared", "highway": "path", "name": null }, "geometry": { "type": "LineString", "coordinates": [ [ -113.562249, 53.504717 ], [ -113.562321, 53.504727 ] ] } },
{ "type": "Feature", "properties": { "cls": "shared", "highway": "path", "name": null }, "geometry": { "type": "LineString", "coordinates": [ [ -113.561567, 53.504619 ], [ -113.561442, 53.504604 ], [ -113.561384, 53.5046 ], [ -113.561325, 53.504601 ], [ -113.561266, 53.504606 ], [ -113.56119, 53.50462 ], [ -113.561119, 53.504642 ], [ -113.561055, 53.504671 ], [ -113.561, 53.504705 ], [ -113.560893, 53.504804 ], [ -113.560805, 53.504902 ], [ -113.560714, 53.504987 ], [ -113.560675, 53.505022 ], [ -113.560624, 53.50505 ], [ -113.560535, 53.505069 ], [ -113.56029, 53.505069 ], [ -113.55992, 53.505097 ], [ -113.55955, 53.505126 ], [ -113.55888, 53.505198 ], [ -113.558563, 53.505232 ] ] } },
{ "type": "Feature", "properties": { "cls": "shared", "highway": "cycleway", "name": null }, "geometry": { "type": "LineString", "coordinates": [ [ -113.566167, 53.504848 ], [ -113.566122, 53.50473 ] ] } },
{ "type": "Feature", "properties": { "cls": "shared", "highway": "cycleway", "name": null }, "geometry": { "type": "LineString", "coordinates": [ [ -113.565717, 53.505172 ], [ -113.565675, 53.505174 ], [ -113.565331, 53.505195 ], [ -113.565222, 53.505201 ], [ -113.565113, 53.505202 ], [ -113.56498, 53.505196 ], [ -113.564848, 53.505183 ], [ -113.564747, 53.505172 ], [ -113.564641, 53.505161 ], [ -113.564533, 53.505158 ], [ -113.564424, 53.505162 ], [ -113.564318, 53.505174 ], [ -113.564122, 53.505188 ], [ -113.563952, 53.505199 ], [ -113.563782, 53.505204 ], [ -113.56361, 53.5052 ], [ -113.563437, 53.505196 ], [ -113.563235, 53.5052 ], [ -113.56296, 53.505219 ], [ -113.562689, 53.505231 ], [ -113.562582, 53.505229 ], [ -113.562471, 53.50522 ], [ -113.562423, 53.505205 ], [ -113.562385, 53.50519 ], [ -113.562355, 53.505173 ], [ -113.562331, 53.505152 ], [ -113.562309, 53.505115 ], [ -113.5623, 53.505073 ], [ -113.562305, 53.505032 ], [ -113.562302, 53.504955 ], [ -113.562292, 53.504878 ], [ -113.562291, 53.504841 ], [ -113.562306, 53.50479 ], [ -113.562321, 53.504727 ] ] } },
{ "type": "Feature", "properties": { "cls": "shared", "highway": "cycleway", "name": null }, "geometry": { "type": "LineString", "coordinates": [ [ -113.5661, 53.508034 ], [ -113.565749, 53.507981 ], [ -113.565686, 53.507976 ], [ -113.565617, 53.507971 ], [ -113.565484, 53.507975 ] ] } },
{ "type": "Feature", "properties": { "cls": "shared", "highway": "cycleway", "name": null }, "geometry": { "type": "LineString", "coordinates": [ [ -113.565484, 53.507975 ], [ -113.565051, 53.508015 ], [ -113.564975, 53.508027 ], [ -113.564722, 53.508092 ], [ -113.564398, 53.508224 ], [ -113.564337, 53.508246 ], [ -113.56425, 53.508273 ], [ -113.564209, 53.508284 ], [ -113.564174, 53.508288 ], [ -113.564093, 53.508294 ], [ -113.564025, 53.508294 ], [ -113.563966, 53.508299 ], [ -113.563927, 53.508307 ], [ -113.56389, 53.508318 ], [ -113.563857, 53.508333 ], [ -113.563789, 53.508369 ], [ -113.563653, 53.50844 ], [ -113.563465, 53.508511 ], [ -113.563399, 53.508527 ], [ -113.563329, 53.508533 ], [ -113.563277, 53.508533 ], [ -113.563226, 53.508527 ], [ -113.563176, 53.508518 ], [ -113.563014, 53.508491 ], [ -113.562799, 53.508455 ], [ -113.562772, 53.50845 ], [ -113.56275, 53.508439 ], [ -113.562737, 53.508423 ], [ -113.562736, 53.508406 ], [ -113.562746, 53.50839 ], [ -113.562767, 53.508377 ], [ -113.562806, 53.508359 ], [ -113.562923, 53.50832 ], [ -113.563025, 53.508286 ], [ -113.563044, 53.508276 ], [ -113.563058, 53.508264 ], [ -113.563065, 53.50825 ], [ -113.563063, 53.508231 ], [ -113.563047, 53.508213 ], [ -113.562883, 53.508143 ], [ -113.562769, 53.50812 ], [ -113.562658, 53.508106 ], [ -113.562601, 53.508116 ] ] } },
{ "type": "Feature", "properties": { "cls": "shared", "highway": "cycleway", "name": null }, "geometry": { "type": "LineString", "coordinates": [ [ -113.565484, 53.507975 ], [ -113.565137, 53.508048 ], [ -113.565124, 53.508058 ], [ -113.565131, 53.508072 ], [ -113.565151, 53.508082 ], [ -113.565551, 53.50814 ], [ -113.565768, 53.508186 ], [ -113.565962, 53.508254 ], [ -113.566147, 53.508367 ], [ -113.566217, 53.508444 ], [ -113.566253, 53.508499 ], [ -113.566277, 53.508546 ], [ -113.5663, 53.508596 ], [ -113.566338, 53.508687 ], [ -113.566427, 53.508785 ], [ -113.566483, 53.50885 ], [ -113.566548, 53.508971 ] ] } },
{ "type": "Feature", "properties": { "cls": "shared", "highway": "cycleway", "name": null }, "geometry": { "type": "LineString", "coordinates": [ [ -113.550978, 53.510332 ], [ -113.551113, 53.510382 ], [ -113.551217, 53.510348 ], [ -113.551355, 53.510183 ], [ -113.551461, 53.51013 ], [ -113.551715, 53.510097 ], [ -113.552065, 53.510138 ], [ -113.552179, 53.510156 ], [ -113.552295, 53.510168 ], [ -113.552419, 53.510174 ], [ -113.552542, 53.510168 ], [ -113.552664, 53.510158 ], [ -113.552785, 53.510145 ], [ -113.552904, 53.510128 ], [ -113.55373, 53.509944 ], [ -113.554399, 53.509776 ], [ -113.554787, 53.509627 ], [ -113.555212, 53.509462 ], [ -113.555594, 53.509363 ], [ -113.555909, 53.509226 ], [ -113.556021, 53.50913 ], [ -113.556061, 53.509046 ], [ -113.556029, 53.508969 ] ] } },
{ "type": "Feature", "properties": { "cls": "shared", "highway": "cycleway", "name": null }, "geometry": { "type": "LineString", "coordinates": [ [ -113.552803, 53.510994 ], [ -113.552803, 53.510939 ] ] } },
{ "type": "Feature", "properties": { "cls": "shared", "highway": "footway", "name": "Valleyview Cres Access" }, "geometry": { "type": "LineString", "coordinates": [ [ -113.559385, 53.521729 ], [ -113.559228, 53.521706 ], [ -113.55841, 53.521686 ], [ -113.558321, 53.521688 ], [ -113.557983, 53.521695 ], [ -113.557359, 53.521728 ], [ -113.557128, 53.521713 ], [ -113.556785, 53.521609 ], [ -113.556349, 53.521431 ], [ -113.555831, 53.521303 ], [ -113.555577, 53.521252 ], [ -113.554314, 53.521061 ], [ -113.553853, 53.520991 ], [ -113.553286, 53.520937 ], [ -113.553159, 53.520926 ], [ -113.552586, 53.520933 ], [ -113.552187, 53.520934 ], [ -113.552006, 53.520909 ], [ -113.551695, 53.52088 ], [ -113.551526, 53.52088 ], [ -113.551277, 53.520913 ] ] } },
{ "type": "Feature", "properties": { "cls": "shared", "highway": "path", "name": null }, "geometry": { "type": "LineString", "coordinates": [ [ -113.558321, 53.521688 ], [ -113.558271, 53.521537 ], [ -113.558246, 53.521424 ], [ -113.55823, 53.521248 ] ] } },
{ "type": "Feature", "properties": { "cls": "shared", "highway": "footway", "name": null }, "geometry": { "type": "LineString", "coordinates": [ [ -113.559385, 53.521729 ], [ -113.559633, 53.521745 ] ] } },
{ "type": "Feature", "properties": { "cls": "sharrow", "highway": "tertiary", "name": "76 Avenue NW" }, "geometry": { "type": "Point", "coordinates": [ -113.578055, 53.508917 ] } },
{ "type": "Feature", "properties": { "cls": "shared", "highway": "path", "name": null }, "geometry": { "type": "LineString", "coordinates": [ [ -113.558586, 53.528708 ], [ -113.558989, 53.528793 ], [ -113.559332, 53.528857 ], [ -113.559681, 53.528878 ], [ -113.559847, 53.528953 ], [ -113.560305, 53.529173 ], [ -113.560654, 53.529347 ] ] } },
{ "type": "Feature", "properties": { "cls": "separated", "highway": "cycleway", "name": null }, "geometry": { "type": "LineString", "coordinates": [ [ -113.554837, 53.529284 ], [ -113.555173, 53.529278 ] ] } },
{ "type": "Feature", "properties": { "cls": "shared", "highway": "cycleway", "name": null }, "geometry": { "type": "LineString", "coordinates": [ [ -113.5655, 53.5286 ], [ -113.565468, 53.529645 ] ] } },
{ "type": "Feature", "properties": { "cls": "shared", "highway": "footway", "name": "MacKenzie Ravine" }, "geometry": { "type": "LineString", "coordinates": [ [ -113.572743, 53.530069 ], [ -113.572637, 53.530067 ], [ -113.572584, 53.530067 ], [ -113.572325, 53.530093 ], [ -113.571972, 53.530167 ], [ -113.571747, 53.530171 ], [ -113.571573, 53.530135 ], [ -113.571115, 53.5299 ], [ -113.570681, 53.529745 ], [ -113.570315, 53.529569 ], [ -113.570202, 53.529513 ], [ -113.570018, 53.529454 ], [ -113.569661, 53.52934 ], [ -113.569262, 53.529213 ], [ -113.568894, 53.529119 ], [ -113.568564, 53.52905 ], [ -113.568237, 53.528994 ], [ -113.56797, 53.528975 ], [ -113.567605, 53.528988 ], [ -113.567158, 53.529041 ], [ -113.566711, 53.529105 ], [ -113.566172, 53.52914 ], [ -113.565825, 53.52917 ], [ -113.565384, 53.529185 ], [ -113.565159, 53.529248 ], [ -113.564755, 53.529389 ], [ -113.564289, 53.529628 ], [ -113.563994, 53.529778 ], [ -113.563635, 53.529883 ], [ -113.563475, 53.529887 ], [ -113.563306, 53.529889 ], [ -113.563017, 53.529864 ], [ -113.562684, 53.529819 ], [ -113.56188, 53.529681 ], [ -113.561237, 53.529551 ], [ -113.561014, 53.529497 ], [ -113.560766, 53.5294 ], [ -113.560654, 53.529347 ] ] } },
{ "type": "Feature", "properties": { "cls": "shared", "highway": "cycleway", "name": null }, "geometry": { "type": "LineString", "coordinates": [ [ -113.565468, 53.529645 ], [ -113.565459, 53.529853 ], [ -113.56536, 53.529903 ] ] } },
{ "type": "Feature", "properties": { "cls": "separated", "highway": "cycleway", "name": null }, "geometry": { "type": "LineString", "coordinates": [ [ -113.555632, 53.530445 ], [ -113.555366, 53.530589 ] ] } },
{ "type": "Feature", "properties": { "cls": "shared", "highway": "cycleway", "name": null }, "geometry": { "type": "LineString", "coordinates": [ [ -113.569464, 53.510224 ], [ -113.569507, 53.510203 ] ] } },
{ "type": "Feature", "properties": { "cls": "sharrow", "highway": "residential", "name": "Laurier Drive NW" }, "geometry": { "type": "MultiLineString", "coordinates": [ [ [ -113.566669, 53.509716 ], [ -113.566785, 53.510009 ] ], [ [ -113.566785, 53.510009 ], [ -113.567045, 53.510572 ] ], [ [ -113.567045, 53.510572 ], [ -113.567093, 53.510642 ] ], [ [ -113.567093, 53.510642 ], [ -113.567238, 53.510743 ] ], [ [ -113.567238, 53.510743 ], [ -113.567743, 53.511114 ] ] ] } },
{ "type": "Feature", "properties": { "cls": "shared", "highway": "cycleway", "name": null }, "geometry": { "type": "LineString", "coordinates": [ [ -113.568236, 53.510881 ], [ -113.569293, 53.510308 ] ] } },
{ "type": "Feature", "properties": { "cls": "shared", "highway": "cycleway", "name": null }, "geometry": { "type": "LineString", "coordinates": [ [ -113.567743, 53.511114 ], [ -113.567869, 53.51108 ], [ -113.568236, 53.510881 ] ] } },
{ "type": "Feature", "properties": { "cls": "sharrow", "highway": "residential", "name": "Laurier Drive NW" }, "geometry": { "type": "MultiLineString", "coordinates": [ [ [ -113.567743, 53.511114 ], [ -113.568031, 53.511278 ] ], [ [ -113.568031, 53.511278 ], [ -113.568301, 53.511435 ] ] ] } },
{ "type": "Feature", "properties": { "cls": "sharrow", "highway": "residential", "name": "142A Street NW" }, "geometry": { "type": "Point", "coordinates": [ -113.568301, 53.511435 ] } },
{ "type": "Feature", "properties": { "cls": "shared", "highway": "cycleway", "name": null }, "geometry": { "type": "LineString", "coordinates": [ [ -113.568514, 53.539795 ], [ -113.568535, 53.539774 ], [ -113.568656, 53.53964 ], [ -113.568792, 53.539513 ], [ -113.568847, 53.539478 ], [ -113.568879, 53.539465 ], [ -113.568923, 53.539451 ] ] } },
{ "type": "Feature", "properties": { "cls": "shared", "highway": "cycleway", "name": null }, "geometry": { "type": "LineString", "coordinates": [ [ -113.568103, 53.540071 ], [ -113.568196, 53.540087 ], [ -113.568248, 53.540083 ], [ -113.568292, 53.540064 ], [ -113.568395, 53.539946 ], [ -113.568514, 53.539795 ], [ -113.568507, 53.539679 ], [ -113.568466, 53.539598 ], [ -113.568348, 53.539442 ], [ -113.568261, 53.539327 ], [ -113.568265, 53.539326 ] ] } },
{ "type": "Feature", "properties": { "cls": "shared", "highway": "path", "name": null }, "geometry": { "type": "LineString", "coordinates": [ [ -113.577068, 53.541287 ], [ -113.576666, 53.541286 ], [ -113.576592, 53.541297 ], [ -113.576408, 53.541341 ], [ -113.576226, 53.541385 ], [ -113.576163, 53.54139 ], [ -113.576133, 53.541387 ], [ -113.57606, 53.54137 ], [ -113.575838, 53.541336 ], [ -113.575659, 53.541297 ], [ -113.575587, 53.541279 ], [ -113.575543, 53.541264 ], [ -113.575515, 53.541263 ], [ -113.575479, 53.541274 ], [ -113.575447, 53.541291 ], [ -113.57538, 53.54131 ], [ -113.575313, 53.541322 ], [ -113.575225, 53.541329 ], [ -113.575139, 53.541322 ], [ -113.575115, 53.541318 ], [ -113.575043, 53.541306 ], [ -113.574806, 53.541272 ], [ -113.574697, 53.541257 ], [ -113.574325, 53.541238 ], [ -113.57422, 53.541229 ], [ -113.574132, 53.541213 ], [ -113.574039, 53.541189 ], [ -113.573948, 53.541159 ], [ -113.573837, 53.541116 ], [ -113.573569, 53.541 ], [ -113.5732, 53.540805 ], [ -113.573123, 53.540763 ], [ -113.573027, 53.540703 ], [ -113.572937, 53.540633 ], [ -113.572723, 53.540455 ], [ -113.572611, 53.540382 ], [ -113.572493, 53.540343 ], [ -113.572409, 53.540321 ], [ -113.572309, 53.540309 ], [ -113.5719, 53.540303 ], [ -113.571798, 53.540295 ], [ -113.571698, 53.540281 ], [ -113.571601, 53.54026 ], [ -113.571525, 53.540238 ], [ -113.571453, 53.540211 ], [ -113.571385, 53.54018 ], [ -113.571057, 53.540005 ], [ -113.570981, 53.539972 ], [ -113.570923, 53.53995 ], [ -113.570818, 53.539912 ], [ -113.570761, 53.539888 ], [ -113.570197, 53.539592 ], [ -113.570072, 53.53954 ], [ -113.570005, 53.539519 ], [ -113.569927, 53.539503 ], [ -113.569805, 53.539487 ], [ -113.569317, 53.539447 ], [ -113.569181, 53.539445 ], [ -113.568985, 53.539454 ], [ -113.568923, 53.539451 ], [ -113.568758, 53.539424 ], [ -113.568498, 53.539369 ], [ -113.568265, 53.539326 ], [ -113.567685, 53.539214 ], [ -113.567508, 53.539176 ], [ -113.567277, 53.53912 ], [ -113.567237, 53.539109 ], [ -113.566848, 53.538995 ], [ -113.566738, 53.538961 ], [ -113.566673, 53.538948 ], [ -113.566624, 53.538941 ], [ -113.566584, 53.53894 ], [ -113.566402, 53.538944 ], [ -113.566196, 53.538953 ], [ -113.566095, 53.538953 ] ] } },
{ "type": "Feature", "properties": { "cls": "shared", "highway": "cycleway", "name": null }, "geometry": { "type": "LineString", "coordinates": [ [ -113.575515, 53.541263 ], [ -113.575553, 53.541244 ] ] } },
{ "type": "Feature", "properties": { "cls": "sharrow", "highway": "residential", "name": "142 Street NW" }, "geometry": { "type": "Point", "coordinates": [ -113.56536, 53.529903 ] } },
{ "type": "Feature", "properties": { "cls": "shared", "highway": "cycleway", "name": null }, "geometry": { "type": "Point", "coordinates": [ -113.565398, 53.537559 ] } },
{ "type": "Feature", "properties": { "cls": "shared", "highway": "cycleway", "name": null }, "geometry": { "type": "LineString", "coordinates": [ [ -113.565398, 53.537559 ], [ -113.565372, 53.537653 ] ] } },
{ "type": "Feature", "properties": { "cls": "shared", "highway": "cycleway", "name": null }, "geometry": { "type": "LineString", "coordinates": [ [ -113.565372, 53.537653 ], [ -113.565449, 53.537698 ], [ -113.565475, 53.538021 ] ] } },
{ "type": "Feature", "properties": { "cls": "shared", "highway": "cycleway", "name": null }, "geometry": { "type": "LineString", "coordinates": [ [ -113.565372, 53.537653 ], [ -113.565355, 53.53775 ], [ -113.56526, 53.537837 ], [ -113.565195, 53.537891 ], [ -113.565189, 53.537919 ], [ -113.5652, 53.537946 ], [ -113.565248, 53.537972 ], [ -113.565351, 53.53801 ], [ -113.565397, 53.538043 ], [ -113.565416, 53.538105 ], [ -113.565427, 53.538184 ], [ -113.565422, 53.538245 ], [ -113.565404, 53.538344 ], [ -113.565352, 53.5384 ], [ -113.56531, 53.538424 ], [ -113.565149, 53.538482 ], [ -113.564973, 53.538505 ], [ -113.564814, 53.538505 ], [ -113.564245, 53.538442 ], [ -113.563598, 53.538382 ], [ -113.563109, 53.538337 ], [ -113.562986, 53.538323 ] ] } },
{ "type": "Feature", "properties": { "cls": "shared", "highway": "cycleway", "name": null }, "geometry": { "type": "LineString", "coordinates": [ [ -113.565427, 53.538184 ], [ -113.565809, 53.538167 ], [ -113.565847, 53.538161 ], [ -113.565992, 53.538138 ], [ -113.566072, 53.538083 ] ] } },
{ "type": "Feature", "properties": { "cls": "shared", "highway": "cycleway", "name": null }, "geometry": { "type": "LineString", "coordinates": [ [ -113.565475, 53.538021 ], [ -113.565518, 53.539229 ] ] } },
{ "type": "Feature", "properties": { "cls": "shared", "highway": "cycleway", "name": null }, "geometry": { "type": "LineString", "coordinates": [ [ -113.565404, 53.538344 ], [ -113.565389, 53.538483 ], [ -113.565392, 53.538607 ], [ -113.565412, 53.53871 ], [ -113.565466, 53.538798 ], [ -113.565497, 53.538829 ], [ -113.565616, 53.538913 ] ] } },
{ "type": "Feature", "properties": { "cls": "shared", "highway": "path", "name": null }, "geometry": { "type": "LineString", "coordinates": [ [ -113.566095, 53.538953 ], [ -113.565973, 53.538948 ], [ -113.565736, 53.538921 ], [ -113.565616, 53.538913 ], [ -113.565449, 53.538886 ], [ -113.565338, 53.538857 ], [ -113.565227, 53.538823 ], [ -113.565092, 53.538786 ] ] } },
{ "type": "Feature", "properties": { "cls": "shared", "highway": "cycleway", "name": null }, "geometry": { "type": "LineString", "coordinates": [ [ -113.565518, 53.539229 ], [ -113.565507, 53.539304 ] ] } },
{ "type": "Feature", "properties": { "cls": "sharrow", "highway": "residential", "name": "Ravine Drive NW" }, "geometry": { "type": "Point", "coordinates": [ -113.561596, 53.539613 ] } },
{ "type": "Feature", "properties": { "cls": "sharrow", "highway": "residential", "name": "Ravine Drive NW" }, "geometry": { "type": "GeometryCollection", "geometries": [ { "type": "LineString", "coordinates": [ [ -113.560326, 53.540167 ], [ -113.560225, 53.540177 ] ] }, { "type": "LineString", "coordinates": [ [ -113.560225, 53.540177 ], [ -113.560123, 53.540182 ] ] }, { "type": "LineString", "coordinates": [ [ -113.560123, 53.540182 ], [ -113.560021, 53.540181 ] ] }, { "type": "LineString", "coordinates": [ [ -113.560021, 53.540181 ], [ -113.559911, 53.540174 ] ] }, { "type": "LineString", "coordinates": [ [ -113.559911, 53.540174 ], [ -113.559801, 53.540161 ] ] }, { "type": "LineString", "coordinates": [ [ -113.559801, 53.540161 ], [ -113.559695, 53.540142 ] ] }, { "type": "LineString", "coordinates": [ [ -113.559695, 53.540142 ], [ -113.559511, 53.540096 ] ] }, { "type": "LineString", "coordinates": [ [ -113.559511, 53.540096 ], [ -113.559407, 53.540065 ] ] }, { "type": "Point", "coordinates": [ -113.561596, 53.539613 ] } ] } },
{ "type": "Feature", "properties": { "cls": "sharrow", "highway": "residential", "name": "Ravine Drive NW" }, "geometry": { "type": "Point", "coordinates": [ -113.559407, 53.540065 ] } },
{ "type": "Feature", "properties": { "cls": "shared", "highway": "cycleway", "name": null }, "geometry": { "type": "LineString", "coordinates": [ [ -113.576408, 53.541341 ], [ -113.576408, 53.541284 ] ] } },
{ "type": "Feature", "properties": { "cls": "shared", "highway": "footway", "name": null }, "geometry": { "type": "LineString", "coordinates": [ [ -113.576061, 53.541271 ], [ -113.576061, 53.541283 ], [ -113.57606, 53.54137 ], [ -113.576059, 53.54148 ] ] } },
{ "type": "Feature", "properties": { "cls": "shared", "highway": "cycleway", "name": null }, "geometry": { "type": "LineString", "coordinates": [ [ -113.57773, 53.5413 ], [ -113.577754, 53.541306 ], [ -113.577778, 53.541326 ], [ -113.577788, 53.541357 ], [ -113.577788, 53.541397 ], [ -113.577761, 53.541491 ], [ -113.577726, 53.54156 ], [ -113.57771, 53.541588 ], [ -113.577692, 53.541605 ], [ -113.577656, 53.541641 ], [ -113.577605, 53.541682 ], [ -113.577562, 53.541708 ], [ -113.577505, 53.541734 ], [ -113.577439, 53.541758 ], [ -113.577219, 53.54185 ] ] } },
{ "type": "Feature", "properties": { "cls": "shared", "highway": "footway", "name": null }, "geometry": { "type": "LineString", "coordinates": [ [ -113.576059, 53.54148 ], [ -113.576056, 53.542001 ] ] } },
{ "type": "Feature", "properties": { "cls": "shared", "highway": "cycleway", "name": "Capilano Park Trail" }, "geometry": { "type": "MultiLineString", "coordinates": [ [ [ -113.424233, 53.560756 ], [ -113.425112, 53.560635 ], [ -113.425461, 53.560574 ], [ -113.425568, 53.560539 ], [ -113.425637, 53.560506 ], [ -113.426096, 53.560198 ], [ -113.426345, 53.560099 ], [ -113.426695, 53.559995 ], [ -113.426711, 53.559989 ], [ -113.427094, 53.559834 ], [ -113.427663, 53.559569 ], [ -113.428011, 53.559326 ], [ -113.428203, 53.559198 ], [ -113.428393, 53.559102 ], [ -113.428662, 53.558969 ], [ -113.428864, 53.558846 ], [ -113.429034, 53.558723 ], [ -113.429107, 53.558646 ], [ -113.429147, 53.558585 ], [ -113.429245, 53.558373 ], [ -113.429275, 53.558316 ], [ -113.429319, 53.558263 ], [ -113.42936, 53.558225 ], [ -113.429409, 53.558191 ], [ -113.429463, 53.55816 ], [ -113.429832, 53.557975 ], [ -113.429919, 53.557923 ], [ -113.430094, 53.557799 ], [ -113.430301, 53.557604 ], [ -113.430563, 53.55729 ], [ -113.430617, 53.557229 ], [ -113.430677, 53.557171 ], [ -113.430769, 53.557095 ], [ -113.430871, 53.557023 ], [ -113.431045, 53.556929 ], [ -113.431266, 53.556828 ], [ -113.43148, 53.556738 ], [ -113.431668, 53.556632 ], [ -113.431984, 53.556398 ], [ -113.432337, 53.556193 ], [ -113.432436, 53.556119 ], [ -113.432531, 53.556035 ], [ -113.432799, 53.555781 ], [ -113.432934, 53.555661 ], [ -113.433059, 53.555564 ], [ -113.433133, 53.555503 ], [ -113.433211, 53.55544 ], [ -113.433381, 53.555322 ], [ -113.433437, 53.55529 ], [ -113.433497, 53.555262 ], [ -113.433566, 53.555234 ], [ -113.433638, 53.55521 ], [ -113.433714, 53.555189 ], [ -113.43382, 53.555164 ], [ -113.433934, 53.555143 ], [ -113.434044, 53.555126 ], [ -113.434699, 53.555066 ], [ -113.434766, 53.555056 ], [ -113.434829, 53.555039 ], [ -113.434877, 53.555018 ], [ -113.434918, 53.554994 ], [ -113.434952, 53.554966 ], [ -113.434974, 53.554934 ], [ -113.434988, 53.554901 ], [ -113.434995, 53.554865 ], [ -113.434993, 53.554828 ], [ -113.434972, 53.554707 ], [ -113.434917, 53.554391 ], [ -113.434926, 53.554242 ], [ -113.434965, 53.554091 ], [ -113.435002, 53.554024 ], [ -113.435076, 53.553935 ], [ -113.435304, 53.553678 ], [ -113.435437, 53.553486 ] ], [ [ -113.435575, 53.553321 ], [ -113.435834, 53.553128 ], [ -113.435912, 53.553056 ], [ -113.435967, 53.55298 ], [ -113.436011, 53.552887 ], [ -113.43602, 53.552774 ], [ -113.436003, 53.552652 ], [ -113.436004, 53.552545 ], [ -113.43603, 53.55248 ], [ -113.436062, 53.552414 ], [ -113.436186, 53.552178 ], [ -113.436225, 53.552029 ], [ -113.436235, 53.551895 ], [ -113.436198, 53.551741 ], [ -113.43616, 53.551668 ], [ -113.436023, 53.551471 ], [ -113.435966, 53.551391 ], [ -113.435943, 53.551332 ] ], [ [ -113.435933, 53.550707 ], [ -113.435935, 53.550398 ], [ -113.435932, 53.550228 ], [ -113.435932, 53.550201 ], [ -113.435926, 53.550175 ], [ -113.435906, 53.550137 ], [ -113.435885, 53.550116 ] ], [ [ -113.435808, 53.549496 ], [ -113.436372, 53.549484 ], [ -113.436498, 53.549488 ], [ -113.436621, 53.549501 ], [ -113.436718, 53.549518 ], [ -113.436812, 53.549541 ], [ -113.436901, 53.54957 ], [ -113.436985, 53.549603 ], [ -113.437044, 53.549634 ], [ -113.437094, 53.549669 ], [ -113.437135, 53.549708 ], [ -113.437166, 53.549751 ], [ -113.437181, 53.549784 ], [ -113.43719, 53.549817 ], [ -113.437197, 53.550022 ], [ -113.437145, 53.550397 ], [ -113.437116, 53.550705 ], [ -113.437118, 53.551161 ], [ -113.43712, 53.551528 ], [ -113.437129, 53.551769 ], [ -113.437133, 53.551943 ], [ -113.437158, 53.552034 ], [ -113.437191, 53.552121 ], [ -113.437255, 53.552265 ], [ -113.437285, 53.552364 ], [ -113.437289, 53.552447 ], [ -113.43727, 53.55257 ], [ -113.437264, 53.552686 ], [ -113.437262, 53.553031 ], [ -113.43723, 53.553375 ], [ -113.437243, 53.553579 ], [ -113.437274, 53.553705 ], [ -113.437304, 53.553782 ], [ -113.43736, 53.553848 ], [ -113.43744, 53.553913 ], [ -113.437482, 53.553962 ], [ -113.437528, 53.554052 ], [ -113.437554, 53.554142 ], [ -113.437565, 53.554187 ], [ -113.437568, 53.554232 ], [ -113.437563, 53.554273 ], [ -113.437551, 53.554314 ], [ -113.43752, 53.554388 ], [ -113.437436, 53.554579 ], [ -113.437427, 53.554602 ], [ -113.437425, 53.554625 ], [ -113.437431, 53.554648 ], [ -113.437444, 53.554668 ], [ -113.437464, 53.554687 ], [ -113.437488, 53.554703 ], [ -113.43752, 53.554718 ], [ -113.437556, 53.55473 ], [ -113.437593, 53.554736 ], [ -113.437632, 53.554737 ] ] ] } },
{ "type": "Feature", "properties": { "cls": "shared", "highway": "cycleway", "name": "Goldstick Access" }, "geometry": { "type": "LineString", "coordinates": [ [ -113.401838, 53.545222 ], [ -113.40177, 53.545404 ], [ -113.401719, 53.545635 ], [ -113.401731, 53.547205 ], [ -113.401777, 53.548324 ], [ -113.401765, 53.548546 ] ] } },
{ "type": "Feature", "properties": { "cls": "shared", "highway": "cycleway", "name": "Switch Backs" }, "geometry": { "type": "LineString", "coordinates": [ [ -113.401703, 53.549519 ], [ -113.401765, 53.548546 ] ] } },
{ "type": "Feature", "properties": { "cls": "shared", "highway": "path", "name": "Creek Crossing Loop" }, "geometry": { "type": "LineString", "coordinates": [ [ -113.405209, 53.547626 ], [ -113.405334, 53.54761 ], [ -113.4054, 53.54763 ], [ -113.405464, 53.547683 ], [ -113.405534, 53.547776 ], [ -113.405573, 53.547819 ], [ -113.405578, 53.547835 ], [ -113.405619, 53.547875 ], [ -113.405626, 53.547927 ], [ -113.40553, 53.548064 ], [ -113.405441, 53.548203 ], [ -113.405323, 53.54835 ], [ -113.405214, 53.548474 ], [ -113.405125, 53.548547 ], [ -113.404961, 53.548764 ], [ -113.404932, 53.548799 ], [ -113.404865, 53.54884 ], [ -113.404443, 53.549082 ], [ -113.404363, 53.549145 ], [ -113.404288, 53.549215 ], [ -113.404234, 53.549282 ], [ -113.404186, 53.549322 ], [ -113.404146, 53.549405 ], [ -113.404133, 53.549449 ], [ -113.404133, 53.549504 ], [ -113.404132, 53.54966 ], [ -113.404128, 53.549674 ], [ -113.404087, 53.549742 ], [ -113.404018, 53.549798 ], [ -113.403841, 53.549929 ], [ -113.403669, 53.550125 ], [ -113.40345, 53.550306 ], [ -113.403378, 53.550371 ], [ -113.403337, 53.550434 ], [ -113.403289, 53.550507 ], [ -113.403252, 53.550575 ], [ -113.403261, 53.55064 ], [ -113.403272, 53.550988 ], [ -113.403277, 53.551099 ] ] } },
{ "type": "Feature", "properties": { "cls": "shared", "highway": "cycleway", "name": "Esso Hill" }, "geometry": { "type": "LineString", "coordinates": [ [ -113.401703, 53.549519 ], [ -113.401683, 53.549801 ], [ -113.401667, 53.549909 ], [ -113.401637, 53.550031 ], [ -113.401595, 53.550256 ], [ -113.401588, 53.55076 ] ] } },
{ "type": "Feature", "properties": { "cls": "shared", "highway": "cycleway", "name": "Esso Hill" }, "geometry": { "type": "LineString", "coordinates": [ [ -113.401588, 53.55076 ], [ -113.401523, 53.551307 ], [ -113.401544, 53.551683 ], [ -113.401582, 53.551928 ], [ -113.401581, 53.552117 ], [ -113.401553, 53.552295 ], [ -113.40151, 53.552433 ], [ -113.401477, 53.5525 ], [ -113.401472, 53.55252 ] ] } },
{ "type": "Feature", "properties": { "cls": "shared", "highway": "cycleway", "name": null }, "geometry": { "type": "LineString", "coordinates": [ [ -113.40161, 53.552712 ], [ -113.401472, 53.55252 ] ] } },
{ "type": "Feature", "properties": { "cls": "shared", "highway": "cycleway", "name": null }, "geometry": { "type": "LineString", "coordinates": [ [ -113.40161, 53.552712 ], [ -113.40164, 53.552774 ], [ -113.401648, 53.5528 ], [ -113.401709, 53.553043 ], [ -113.40176, 53.553163 ], [ -113.401858, 53.553434 ], [ -113.401919, 53.553587 ], [ -113.401971, 53.553683 ] ] } },
{ "type": "Feature", "properties": { "cls": "shared", "highway": "cycleway", "name": "Wood Cutters" }, "geometry": { "type": "LineString", "coordinates": [ [ -113.401971, 53.553683 ], [ -113.40217, 53.55393 ], [ -113.4022, 53.553968 ], [ -113.402253, 53.554006 ], [ -113.40228, 53.554028 ] ] } },
{ "type": "Feature", "properties": { "cls": "shared", "highway": "cycleway", "name": null }, "geometry": { "type": "LineString", "coordinates": [ [ -113.401703, 53.554916 ], [ -113.401779, 53.5549 ], [ -113.401805, 53.55489 ], [ -113.401825, 53.554878 ], [ -113.401842, 53.554858 ], [ -113.401856, 53.554834 ], [ -113.401867, 53.554792 ], [ -113.401877, 53.55476 ], [ -113.401883, 53.554741 ], [ -113.401903, 53.55471 ], [ -113.401927, 53.554669 ], [ -113.401958, 53.554613 ], [ -113.401996, 53.554514 ], [ -113.402031, 53.554349 ], [ -113.402047, 53.554299 ], [ -113.402062, 53.55426 ], [ -113.402081, 53.554222 ], [ -113.402095, 53.554196 ], [ -113.402115, 53.554164 ], [ -113.402215, 53.554046 ], [ -113.402253, 53.554006 ], [ -113.402356, 53.553911 ], [ -113.402406, 53.553882 ], [ -113.402468, 53.553846 ], [ -113.402591, 53.553807 ], [ -113.402694, 53.553798 ], [ -113.402785, 53.553797 ], [ -113.402858, 53.553806 ], [ -113.402916, 53.553819 ], [ -113.402954, 53.553829 ], [ -113.402974, 53.553834 ], [ -113.403025, 53.553847 ], [ -113.403188, 53.553917 ], [ -113.403434, 53.554003 ], [ -113.403479, 53.554018 ], [ -113.403692, 53.554076 ], [ -113.403938, 53.554135 ], [ -113.404057, 53.554153 ], [ -113.404175, 53.554159 ], [ -113.404384, 53.554159 ], [ -113.404461, 53.554162 ], [ -113.40457, 53.554184 ], [ -113.404654, 53.554216 ], [ -113.404703, 53.554252 ], [ -113.40473, 53.554271 ], [ -113.404788, 53.554333 ], [ -113.404809, 53.554375 ], [ -113.404814, 53.554419 ], [ -113.404813, 53.554448 ], [ -113.404809, 53.554512 ], [ -113.404807, 53.554686 ], [ -113.404814, 53.554791 ], [ -113.404779, 53.554887 ], [ -113.404717, 53.55496 ], [ -113.404633, 53.555073 ], [ -113.404599, 53.555108 ], [ -113.404573, 53.555126 ], [ -113.404506, 53.555142 ] ] } },
{ "type": "Feature", "properties": { "cls": "shared", "highway": "cycleway", "name": "Goldbar Access" }, "geometry": { "type": "LineString", "coordinates": [ [ -113.423479, 53.560934 ], [ -113.423433, 53.56102 ], [ -113.423331, 53.561124 ], [ -113.423232, 53.561203 ], [ -113.422945, 53.561433 ], [ -113.422822, 53.561483 ], [ -113.422115, 53.561656 ], [ -113.421787, 53.561838 ], [ -113.421585, 53.561913 ], [ -113.419757, 53.562229 ], [ -113.419461, 53.562255 ], [ -113.419192, 53.562301 ], [ -113.418714, 53.562384 ], [ -113.418596, 53.562387 ], [ -113.418347, 53.562353 ], [ -113.418082, 53.562345 ], [ -113.416733, 53.562397 ], [ -113.415633, 53.562393 ], [ -113.415161, 53.562437 ], [ -113.414876, 53.562447 ], [ -113.414518, 53.562429 ], [ -113.414183, 53.562384 ], [ -113.413438, 53.562201 ], [ -113.413065, 53.562135 ], [ -113.412539, 53.56208 ], [ -113.412373, 53.562039 ], [ -113.411919, 53.561889 ], [ -113.411549, 53.561792 ], [ -113.411168, 53.561715 ], [ -113.410803, 53.561614 ], [ -113.410286, 53.561453 ], [ -113.409644, 53.561282 ], [ -113.409408, 53.561204 ], [ -113.4091, 53.561078 ], [ -113.408951, 53.561003 ], [ -113.408756, 53.560866 ], [ -113.408563, 53.560767 ], [ -113.408173, 53.560599 ], [ -113.407664, 53.560332 ], [ -113.407292, 53.560166 ], [ -113.40685, 53.559921 ], [ -113.40657, 53.559788 ], [ -113.406003, 53.559481 ], [ -113.405335, 53.559065 ], [ -113.404705, 53.558595 ], [ -113.404447, 53.558323 ], [ -113.403725, 53.557667 ], [ -113.403669, 53.557626 ], [ -113.403403, 53.557513 ], [ -113.403259, 53.557398 ], [ -113.402787, 53.556942 ], [ -113.402535, 53.556668 ], [ -113.401823, 53.556049 ], [ -113.401624, 53.55581 ], [ -113.401436, 53.555638 ], [ -113.401281, 53.55551 ] ] } },
{ "type": "Feature", "properties": { "cls": "shared", "highway": "cycleway", "name": "Gold Bar Park Trail" }, "geometry": { "type": "LineString", "coordinates": [ [ -113.408094, 53.558089 ], [ -113.408142, 53.558063 ], [ -113.408361, 53.557987 ], [ -113.408559, 53.55795 ], [ -113.408857, 53.557935 ], [ -113.409045, 53.557957 ], [ -113.409144, 53.557994 ], [ -113.409249, 53.558058 ], [ -113.410372, 53.558944 ], [ -113.410515, 53.559036 ], [ -113.410724, 53.559122 ], [ -113.412247, 53.55959 ], [ -113.412357, 53.559619 ], [ -113.412723, 53.559658 ], [ -113.413186, 53.559724 ], [ -113.413342, 53.559747 ], [ -113.413497, 53.559782 ], [ -113.413799, 53.559852 ], [ -113.413948, 53.559893 ], [ -113.414156, 53.559986 ], [ -113.414373, 53.56007 ], [ -113.414543, 53.560112 ], [ -113.414615, 53.560131 ], [ -113.414697, 53.560145 ], [ -113.414763, 53.560147 ], [ -113.414831, 53.560144 ], [ -113.414925, 53.56012 ], [ -113.415016, 53.560088 ], [ -113.415209, 53.560012 ], [ -113.415309, 53.559983 ], [ -113.415367, 53.559989 ], [ -113.415858, 53.560023 ], [ -113.416414, 53.560019 ], [ -113.416509, 53.560028 ], [ -113.416573, 53.560047 ], [ -113.41663, 53.560069 ], [ -113.416668, 53.560104 ], [ -113.41672, 53.560163 ], [ -113.416784, 53.560228 ], [ -113.416865, 53.56027 ], [ -113.417042, 53.560297 ], [ -113.417262, 53.560348 ], [ -113.417705, 53.560367 ], [ -113.417876, 53.560399 ], [ -113.418049, 53.560519 ], [ -113.418149, 53.560578 ] ] } },
{ "type": "Feature", "properties": { "cls": "shared", "highway": "cycleway", "name": "Gold Bar Park Trail" }, "geometry": { "type": "LineString", "coordinates": [ [ -113.418149, 53.560578 ], [ -113.418304, 53.560609 ] ] } },
{ "type": "Feature", "properties": { "cls": "shared", "highway": "cycleway", "name": "Capilano Park Trail" }, "geometry": { "type": "LineString", "coordinates": [ [ -113.418304, 53.560609 ], [ -113.418323, 53.560609 ], [ -113.418396, 53.560611 ], [ -113.418476, 53.560615 ], [ -113.418517, 53.56063 ] ] } },
{ "type": "Feature", "properties": { "cls": "shared", "highway": "cycleway", "name": "Capilano Park Trail" }, "geometry": { "type": "LineString", "coordinates": [ [ -113.418517, 53.56063 ], [ -113.418559, 53.560645 ], [ -113.418626, 53.560672 ], [ -113.418688, 53.5607 ], [ -113.418848, 53.560736 ], [ -113.419262, 53.560746 ], [ -113.419462, 53.560779 ], [ -113.419607, 53.560781 ], [ -113.419732, 53.560767 ], [ -113.419843, 53.56076 ], [ -113.420187, 53.560724 ], [ -113.421838, 53.56064 ], [ -113.422781, 53.560545 ], [ -113.422999, 53.560544 ], [ -113.42323, 53.560544 ], [ -113.423423, 53.560561 ], [ -113.42366, 53.560616 ], [ -113.423744, 53.560644 ], [ -113.423987, 53.560726 ], [ -113.424089, 53.560751 ], [ -113.424233, 53.560756 ] ] } },
{ "type": "Feature", "properties": { "cls": "shared", "highway": "cycleway", "name": null }, "geometry": { "type": "LineString", "coordinates": [ [ -113.423043, 53.560988 ], [ -113.423088, 53.560945 ], [ -113.423141, 53.560901 ], [ -113.423203, 53.560846 ], [ -113.423222, 53.560819 ], [ -113.423228, 53.560784 ], [ -113.423228, 53.560755 ], [ -113.423203, 53.560717 ], [ -113.423155, 53.560646 ], [ -113.423091, 53.56059 ], [ -113.423037, 53.560561 ], [ -113.422999, 53.560544 ] ] } },
{ "type": "Feature", "properties": { "cls": "shared", "highway": "cycleway", "name": null }, "geometry": { "type": "LineString", "coordinates": [ [ -113.420269, 53.561111 ], [ -113.420235, 53.561055 ], [ -113.420206, 53.561006 ], [ -113.420093, 53.560892 ], [ -113.420007, 53.560821 ], [ -113.419955, 53.560787 ], [ -113.419843, 53.56076 ] ] } },
{ "type": "Feature", "properties": { "cls": "shared", "highway": "cycleway", "name": null }, "geometry": { "type": "LineString", "coordinates": [ [ -113.40158, 53.554761 ], [ -113.401642, 53.554784 ], [ -113.401684, 53.55479 ], [ -113.401719, 53.554791 ], [ -113.401867, 53.554792 ], [ -113.401945, 53.554794 ], [ -113.401982, 53.554795 ], [ -113.402188, 53.554807 ], [ -113.402286, 53.554826 ], [ -113.402321, 53.554833 ], [ -113.402447, 53.554881 ], [ -113.402551, 53.554932 ], [ -113.402674, 53.554992 ], [ -113.402749, 53.555021 ], [ -113.402835, 53.555046 ], [ -113.402935, 53.555061 ], [ -113.403042, 53.555071 ], [ -113.403356, 53.55509 ] ] } },
{ "type": "Feature", "properties": { "cls": "shared", "highway": "cycleway", "name": "Ainsworth Dyer Footbridge" }, "geometry": { "type": "LineString", "coordinates": [ [ -113.396631, 53.5557 ], [ -113.399744, 53.554409 ] ] } },
{ "type": "Feature", "properties": { "cls": "shared", "highway": "cycleway", "name": null }, "geometry": { "type": "LineString", "coordinates": [ [ -113.405227, 53.555147 ], [ -113.405101, 53.555078 ], [ -113.404989, 53.554988 ], [ -113.404885, 53.554903 ], [ -113.404851, 53.554862 ], [ -113.404814, 53.554791 ] ] } },
{ "type": "Feature", "properties": { "cls": "shared", "highway": "cycleway", "name": null }, "geometry": { "type": "LineString", "coordinates": [ [ -113.403715, 53.555112 ], [ -113.403356, 53.55509 ] ] } },
{ "type": "Feature", "properties": { "cls": "shared", "highway": "cycleway", "name": null }, "geometry": { "type": "LineString", "coordinates": [ [ -113.403715, 53.555112 ], [ -113.404044, 53.555131 ], [ -113.40433, 53.555143 ], [ -113.404506, 53.555142 ], [ -113.404651, 53.555143 ], [ -113.405033, 53.555143 ], [ -113.405227, 53.555147 ], [ -113.405302, 53.555184 ], [ -113.405397, 53.555223 ], [ -113.405513, 53.555286 ], [ -113.405564, 53.555323 ], [ -113.405592, 53.555364 ], [ -113.405634, 53.555471 ], [ -113.405652, 53.555619 ], [ -113.405654, 53.555796 ], [ -113.405702, 53.555927 ], [ -113.405769, 53.556017 ], [ -113.405843, 53.556085 ], [ -113.406082, 53.556239 ], [ -113.406148, 53.556284 ], [ -113.406278, 53.556362 ], [ -113.406334, 53.556408 ], [ -113.406367, 53.556437 ], [ -113.406384, 53.556463 ], [ -113.406393, 53.556502 ], [ -113.406386, 53.556529 ], [ -113.406351, 53.556589 ], [ -113.406339, 53.556619 ], [ -113.406331, 53.556642 ], [ -113.40633, 53.556661 ], [ -113.406308, 53.556802 ], [ -113.406299, 53.556843 ], [ -113.40629, 53.556869 ], [ -113.406271, 53.556892 ], [ -113.406231, 53.556924 ], [ -113.406192, 53.55695 ] ] } },
{ "type": "Feature", "properties": { "cls": "separated", "highway": "cycleway", "name": null }, "geometry": { "type": "LineString", "coordinates": [ [ -113.397763, 53.556899 ], [ -113.397738, 53.556908 ] ] } },
{ "type": "Feature", "properties": { "cls": "shared", "highway": "cycleway", "name": "Gold Bar Park Trail" }, "geometry": { "type": "LineString", "coordinates": [ [ -113.4013, 53.554644 ], [ -113.401431, 53.554701 ], [ -113.401547, 53.55475 ], [ -113.40158, 53.554761 ], [ -113.401611, 53.554783 ], [ -113.40163, 53.554805 ], [ -113.401703, 53.554916 ], [ -113.401831, 53.55511 ], [ -113.40224, 53.555517 ], [ -113.402628, 53.555983 ], [ -113.402945, 53.556288 ], [ -113.403603, 53.556855 ], [ -113.403949, 53.557126 ], [ -113.40427, 53.557328 ], [ -113.404657, 53.557513 ], [ -113.404716, 53.55755 ], [ -113.404762, 53.557592 ], [ -113.404825, 53.557699 ], [ -113.404957, 53.557929 ], [ -113.405091, 53.558053 ], [ -113.405236, 53.558167 ], [ -113.405556, 53.558541 ], [ -113.406038, 53.558917 ], [ -113.406173, 53.559141 ], [ -113.406248, 53.559216 ], [ -113.406408, 53.559278 ], [ -113.406675, 53.559304 ], [ -113.406778, 53.559296 ], [ -113.406928, 53.559258 ], [ -113.407062, 53.559187 ], [ -113.407166, 53.559089 ], [ -113.407368, 53.558761 ], [ -113.4074, 53.558713 ], [ -113.407423, 53.558688 ], [ -113.407438, 53.558673 ], [ -113.40748, 53.558635 ], [ -113.407983, 53.55818 ], [ -113.40804, 53.55813 ] ] } },
{ "type": "Feature", "properties": { "cls": "separated", "highway": "cycleway", "name": null }, "geometry": { "type": "LineString", "coordinates": [ [ -113.398039, 53.557357 ], [ -113.398378, 53.557279 ], [ -113.398397, 53.557248 ], [ -113.398384, 53.557219 ], [ -113.398354, 53.557195 ], [ -113.398276, 53.557168 ], [ -113.398121, 53.557142 ], [ -113.398064, 53.557133 ] ] } },
{ "type": "Feature", "properties": { "cls": "shared", "highway": "cycleway", "name": null }, "geometry": { "type": "LineString", "coordinates": [ [ -113.405933, 53.557005 ], [ -113.405888, 53.556993 ], [ -113.405798, 53.556978 ], [ -113.405758, 53.556974 ], [ -113.405731, 53.556973 ], [ -113.405712, 53.556979 ], [ -113.40562, 53.557022 ], [ -113.405479, 53.557094 ], [ -113.405406, 53.557131 ], [ -113.405311, 53.557168 ], [ -113.405236, 53.557213 ], [ -113.405187, 53.55728 ], [ -113.40518, 53.557291 ], [ -113.405128, 53.557376 ], [ -113.405037, 53.557475 ], [ -113.405009, 53.557502 ], [ -113.404933, 53.5576 ], [ -113.404825, 53.557699 ] ] } },
{ "type": "Feature", "properties": { "cls": "shared", "highway": "cycleway", "name": null }, "geometry": { "type": "LineString", "coordinates": [ [ -113.433133, 53.555503 ], [ -113.433111, 53.555493 ] ] } },
{ "type": "Feature", "properties": { "cls": "shared", "highway": "path", "name": "Capilano Access" }, "geometry": { "type": "LineString", "coordinates": [ [ -113.436049, 53.555493 ], [ -113.435924, 53.555561 ], [ -113.435738, 53.555615 ], [ -113.435544, 53.555626 ], [ -113.435408, 53.555592 ], [ -113.435289, 53.555626 ], [ -113.435227, 53.555665 ], [ -113.435023, 53.555768 ], [ -113.434864, 53.555858 ], [ -113.434701, 53.55599 ], [ -113.434484, 53.556135 ], [ -113.434203, 53.556248 ], [ -113.434005, 53.556345 ], [ -113.433867, 53.556449 ], [ -113.433637, 53.556517 ], [ -113.433096, 53.556713 ], [ -113.432589, 53.556942 ], [ -113.432246, 53.557064 ], [ -113.431654, 53.557171 ], [ -113.43155, 53.557354 ], [ -113.431431, 53.557478 ], [ -113.431321, 53.557558 ], [ -113.431212, 53.557639 ], [ -113.431147, 53.557702 ], [ -113.431131, 53.557734 ], [ -113.431061, 53.557821 ], [ -113.430982, 53.55789 ], [ -113.430904, 53.557946 ], [ -113.430833, 53.557986 ], [ -113.430779, 53.558033 ], [ -113.430679, 53.55811 ], [ -113.430513, 53.558205 ], [ -113.430355, 53.55828 ], [ -113.430289, 53.558336 ], [ -113.430212, 53.558372 ], [ -113.430097, 53.558421 ], [ -113.429995, 53.558446 ], [ -113.429927, 53.558456 ], [ -113.42984, 53.558481 ], [ -113.429744, 53.55851 ], [ -113.429644, 53.558548 ], [ -113.429614, 53.558562 ], [ -113.429597, 53.558584 ], [ -113.429574, 53.558617 ], [ -113.429538, 53.558644 ], [ -113.429498, 53.558667 ], [ -113.429385, 53.558713 ], [ -113.42917, 53.558796 ], [ -113.429032, 53.558851 ], [ -113.428979, 53.558861 ], [ -113.428936, 53.558863 ], [ -113.428894, 53.558858 ], [ -113.428864, 53.558846 ] ] } },
{ "type": "Feature", "properties": { "cls": "shared", "highway": "cycleway", "name": null }, "geometry": { "type": "LineString", "coordinates": [ [ -113.439232, 53.556725 ], [ -113.438287, 53.557014 ], [ -113.437601, 53.5573 ], [ -113.43738, 53.557354 ], [ -113.436699, 53.557409 ], [ -113.436102, 53.557593 ], [ -113.435762, 53.55774 ], [ -113.435575, 53.557857 ], [ -113.435053, 53.558283 ], [ -113.434855, 53.558406 ], [ -113.434508, 53.558576 ], [ -113.434323, 53.558728 ], [ -113.434152, 53.558826 ], [ -113.433772, 53.558987 ], [ -113.433317, 53.55925 ], [ -113.432358, 53.559711 ], [ -113.432039, 53.559915 ], [ -113.43082, 53.560627 ], [ -113.429923, 53.561211 ], [ -113.429624, 53.561446 ], [ -113.429309, 53.561639 ], [ -113.428948, 53.561783 ], [ -113.428702, 53.561915 ], [ -113.428268, 53.562106 ], [ -113.427786, 53.562268 ], [ -113.427512, 53.562393 ], [ -113.42698, 53.562671 ], [ -113.426767, 53.562735 ], [ -113.426151, 53.56288 ], [ -113.425552, 53.563062 ], [ -113.425355, 53.563141 ], [ -113.42504, 53.563184 ], [ -113.424438, 53.563343 ], [ -113.423711, 53.563573 ], [ -113.423422, 53.563647 ], [ -113.422429, 53.563844 ] ] } },
{ "type": "Feature", "properties": { "cls": "shared", "highway": "cycleway", "name": null }, "geometry": { "type": "LineString", "coordinates": [ [ -113.423479, 53.560934 ], [ -113.423743, 53.560911 ], [ -113.423966, 53.56085 ], [ -113.424054, 53.560819 ], [ -113.424233, 53.560756 ] ] } },
{ "type": "Feature", "properties": { "cls": "shared", "highway": "cycleway", "name": null }, "geometry": { "type": "LineString", "coordinates": [ [ -113.41842, 53.565587 ], [ -113.418503, 53.565551 ], [ -113.419511, 53.56543 ], [ -113.419941, 53.565385 ], [ -113.420566, 53.565321 ], [ -113.421106, 53.56526 ], [ -113.421755, 53.565199 ], [ -113.422866, 53.565089 ], [ -113.422944, 53.56508 ], [ -113.426349, 53.5647 ], [ -113.427905, 53.56454 ], [ -113.429325, 53.564385 ], [ -113.431679, 53.563536 ], [ -113.433255, 53.562968 ], [ -113.433753, 53.562788 ], [ -113.433989, 53.562711 ], [ -113.434228, 53.562655 ], [ -113.434574, 53.562588 ], [ -113.434906, 53.562562 ], [ -113.435475, 53.562537 ], [ -113.436392, 53.562537 ], [ -113.436787, 53.562532 ], [ -113.437109, 53.562467 ], [ -113.437344, 53.562343 ], [ -113.437513, 53.562075 ], [ -113.437539, 53.562034 ], [ -113.437713, 53.561858 ], [ -113.437874, 53.561786 ], [ -113.438113, 53.561718 ], [ -113.438917, 53.561517 ], [ -113.440242, 53.561195 ], [ -113.440324, 53.56116 ], [ -113.44049, 53.561088 ], [ -113.440724, 53.560979 ], [ -113.440935, 53.560827 ], [ -113.44113, 53.56067 ], [ -113.441303, 53.560546 ], [ -113.441419, 53.560474 ], [ -113.441582, 53.560415 ] ] } },
{ "type": "Feature", "properties": { "cls": "shared", "highway": "cycleway", "name": null }, "geometry": { "type": "LineString", "coordinates": [ [ -113.431679, 53.563536 ], [ -113.431713, 53.563573 ] ] } },
{ "type": "Feature", "properties": { "cls": "sharrow", "highway": "residential", "name": "55 Street NW" }, "geometry": { "type": "Point", "coordinates": [ -113.425841, 53.564805 ] } },
{ "type": "Feature", "properties": { "cls": "shared", "highway": "cycleway", "name": null }, "geometry": { "type": "LineString", "coordinates": [ [ -113.407407, 53.557441 ], [ -113.407258, 53.557174 ] ] } },
{ "type": "Feature", "properties": { "cls": "shared", "highway": "cycleway", "name": null }, "geometry": { "type": "LineString", "coordinates": [ [ -113.405009, 53.557502 ], [ -113.404897, 53.557517 ], [ -113.404805, 53.557527 ], [ -113.404726, 53.557531 ], [ -113.404657, 53.557513 ] ] } },
{ "type": "Feature", "properties": { "cls": "sharrow", "highway": "residential", "name": "104 Avenue NW" }, "geometry": { "type": "MultiLineString", "coordinates": [ [ [ -113.396395, 53.557876 ], [ -113.397049, 53.557875 ] ], [ [ -113.397049, 53.557875 ], [ -113.397638, 53.557874 ] ], [ [ -113.397638, 53.557874 ], [ -113.397677, 53.557874 ] ], [ [ -113.397677, 53.557874 ], [ -113.398015, 53.557874 ] ], [ [ -113.398015, 53.557874 ], [ -113.398044, 53.557874 ] ], [ [ -113.398044, 53.557874 ], [ -113.398738, 53.557873 ] ], [ [ -113.398738, 53.557873 ], [ -113.398785, 53.557876 ] ], [ [ -113.398785, 53.557876 ], [ -113.398889, 53.557884 ] ], [ [ -113.398889, 53.557884 ], [ -113.398984, 53.557946 ] ] ] } },
{ "type": "Feature", "properties": { "cls": "separated", "highway": "cycleway", "name": "Gold Bar Park Trail" }, "geometry": { "type": "LineString", "coordinates": [ [ -113.40804, 53.55813 ], [ -113.408094, 53.558089 ] ] } },
{ "type": "Feature", "properties": { "cls": "sharrow", "highway": "residential", "name": "38 Street NW" }, "geometry": { "type": "Point", "coordinates": [ -113.40003, 53.559056 ] } },
{ "type": "Feature", "properties": { "cls": "sharrow", "highway": "residential", "name": "Ada Boulevard NW" }, "geometry": { "type": "MultiLineString", "coordinates": [ [ [ -113.398984, 53.557946 ], [ -113.39988, 53.558773 ] ], [ [ -113.39988, 53.558773 ], [ -113.399967, 53.558864 ] ], [ [ -113.399967, 53.558864 ], [ -113.40003, 53.559056 ] ], [ [ -113.40003, 53.559056 ], [ -113.400633, 53.559683 ] ], [ [ -113.400633, 53.559683 ], [ -113.400986, 53.55994 ] ], [ [ -113.400986, 53.55994 ], [ -113.401138, 53.560041 ] ], [ [ -113.401138, 53.560041 ], [ -113.401857, 53.560411 ] ], [ [ -113.401857, 53.560411 ], [ -113.402155, 53.56062 ] ], [ [ -113.402155, 53.56062 ], [ -113.402608, 53.560986 ] ], [ [ -113.402608, 53.560986 ], [ -113.403064, 53.561384 ] ], [ [ -113.403064, 53.561384 ], [ -113.403788, 53.561782 ] ] ] } },
{ "type": "Feature", "properties": { "cls": "shared", "highway": "cycleway", "name": "Ada Boulevard NW" }, "geometry": { "type": "LineString", "coordinates": [ [ -113.404584, 53.562127 ], [ -113.404388, 53.561961 ], [ -113.404304, 53.561898 ], [ -113.40421, 53.561842 ], [ -113.404093, 53.561795 ], [ -113.40393, 53.561774 ], [ -113.403788, 53.561782 ] ] } },
{ "type": "Feature", "properties": { "cls": "separated", "highway": "cycleway", "name": null }, "geometry": { "type": "LineString", "coordinates": [ [ -113.457583, 53.549827 ], [ -113.457573, 53.549788 ], [ -113.457538, 53.549722 ], [ -113.457496, 53.549665 ], [ -113.457485, 53.549613 ], [ -113.45749, 53.54958 ], [ -113.457485, 53.549561 ], [ -113.457457, 53.549543 ], [ -113.457365, 53.549514 ], [ -113.45712, 53.549472 ] ] } },
{ "type": "Feature", "properties": { "cls": "shared", "highway": "cycleway", "name": null }, "geometry": { "type": "LineString", "coordinates": [ [ -113.458868, 53.549727 ], [ -113.458065, 53.550043 ] ] } },
{ "type": "Feature", "properties": { "cls": "shared", "highway": "cycleway", "name": null }, "geometry": { "type": "LineString", "coordinates": [ [ -113.458543, 53.55005 ], [ -113.458509, 53.550037 ], [ -113.458372, 53.550011 ], [ -113.458126, 53.549943 ], [ -113.457747, 53.549838 ], [ -113.457677, 53.549829 ], [ -113.457602, 53.549826 ], [ -113.457583, 53.549827 ], [ -113.457515, 53.549847 ], [ -113.457464, 53.549874 ], [ -113.457437, 53.549906 ], [ -113.45742, 53.549942 ], [ -113.45742, 53.549988 ], [ -113.457431, 53.550025 ], [ -113.457451, 53.550057 ], [ -113.457509, 53.550102 ], [ -113.457579, 53.550114 ], [ -113.457663, 53.550116 ], [ -113.457787, 53.550105 ], [ -113.457904, 53.550082 ], [ -113.457975, 53.550066 ], [ -113.458065, 53.550043 ] ] } },
{ "type": "Feature", "properties": { "cls": "shared", "highway": "cycleway", "name": "Riverside Multiuse Pathway" }, "geometry": { "type": "LineString", "coordinates": [ [ -113.45617, 53.550827 ], [ -113.456213, 53.550822 ], [ -113.456305, 53.550825 ], [ -113.456465, 53.550845 ], [ -113.456538, 53.550832 ], [ -113.456783, 53.550774 ], [ -113.457169, 53.55067 ], [ -113.457667, 53.550519 ], [ -113.458092, 53.550405 ], [ -113.458353, 53.550324 ], [ -113.458508, 53.550242 ], [ -113.458572, 53.550168 ], [ -113.458567, 53.550101 ], [ -113.458543, 53.55005 ] ] } },
{ "type": "Feature", "properties": { "cls": "shared", "highway": "cycleway", "name": null }, "geometry": { "type": "LineString", "coordinates": [ [ -113.455357, 53.551066 ], [ -113.45617, 53.550827 ] ] } },
{ "type": "Feature", "properties": { "cls": "shared", "highway": "cycleway", "name": null }, "geometry": { "type": "LineString", "coordinates": [ [ -113.470261, 53.550892 ], [ -113.470243, 53.550935 ], [ -113.470234, 53.550991 ], [ -113.470241, 53.551008 ], [ -113.470281, 53.551079 ], [ -113.470309, 53.551118 ], [ -113.470365, 53.551161 ], [ -113.47048, 53.551209 ], [ -113.470533, 53.551223 ], [ -113.470584, 53.551257 ], [ -113.470606, 53.551303 ], [ -113.470573, 53.551346 ], [ -113.47055, 53.551377 ], [ -113.470442, 53.551474 ], [ -113.470384, 53.551541 ], [ -113.470372, 53.551567 ], [ -113.470347, 53.551618 ], [ -113.470328, 53.551703 ], [ -113.470333, 53.551874 ], [ -113.470308, 53.552142 ], [ -113.470216, 53.552344 ], [ -113.470125, 53.552555 ], [ -113.470044, 53.552716 ], [ -113.469968, 53.552877 ], [ -113.469791, 53.553035 ], [ -113.469698, 53.553154 ], [ -113.469712, 53.553277 ], [ -113.469782, 53.55341 ], [ -113.469885, 53.553553 ], [ -113.469803, 53.553722 ], [ -113.469605, 53.553838 ], [ -113.469406, 53.553946 ], [ -113.469082, 53.554084 ], [ -113.468963, 53.554133 ], [ -113.468928, 53.554156 ], [ -113.468907, 53.554185 ], [ -113.468889, 53.554219 ], [ -113.468827, 53.554266 ], [ -113.468769, 53.554308 ], [ -113.46861, 53.554356 ], [ -113.468199, 53.554543 ], [ -113.467811, 53.554734 ], [ -113.46751, 53.554901 ], [ -113.467343, 53.555049 ], [ -113.467287, 53.555092 ], [ -113.46722, 53.555161 ], [ -113.467156, 53.555203 ], [ -113.467081, 53.555243 ], [ -113.466898, 53.55531 ], [ -113.466739, 53.555371 ], [ -113.466329, 53.555594 ], [ -113.465722, 53.55572 ], [ -113.465445, 53.555743 ], [ -113.465187, 53.555814 ], [ -113.464537, 53.555919 ], [ -113.464055, 53.555983 ], [ -113.463476, 53.556089 ], [ -113.463156, 53.556133 ], [ -113.463036, 53.556164 ], [ -113.462776, 53.55625 ], [ -113.462361, 53.556317 ], [ -113.462175, 53.556323 ], [ -113.462025, 53.556305 ], [ -113.461637, 53.556335 ], [ -113.461511, 53.556342 ], [ -113.460881, 53.556373 ], [ -113.46051, 53.556368 ], [ -113.460237, 53.556388 ], [ -113.459881, 53.556376 ], [ -113.459566, 53.556416 ], [ -113.459287, 53.556387 ], [ -113.459077, 53.556337 ], [ -113.458504, 53.556334 ], [ -113.458196, 53.556327 ], [ -113.457427, 53.556377 ], [ -113.457, 53.556403 ], [ -113.456895, 53.556402 ], [ -113.456667, 53.556367 ], [ -113.456316, 53.556328 ], [ -113.455912, 53.556311 ], [ -113.455569, 53.556283 ], [ -113.455137, 53.556233 ], [ -113.454832, 53.556202 ], [ -113.454061, 53.556117 ], [ -113.453434, 53.555995 ], [ -113.45271, 53.555931 ], [ -113.451979, 53.555882 ], [ -113.451646, 53.55583 ], [ -113.451186, 53.555854 ], [ -113.450148, 53.556013 ], [ -113.449969, 53.556029 ], [ -113.44966, 53.556052 ], [ -113.449448, 53.556075 ], [ -113.449437, 53.55608 ] ] } },
{ "type": "Feature", "properties": { "cls": "shared", "highway": "cycleway", "name": "Dawson Park Access" }, "geometry": { "type": "LineString", "coordinates": [ [ -113.470977, 53.550787 ], [ -113.470938, 53.550808 ], [ -113.470828, 53.550875 ], [ -113.470757, 53.550928 ], [ -113.470732, 53.550984 ], [ -113.47073, 53.551042 ], [ -113.47071, 53.551694 ], [ -113.470736, 53.551937 ], [ -113.470607, 53.552149 ], [ -113.470581, 53.552234 ], [ -113.47041, 53.552406 ], [ -113.470386, 53.552459 ], [ -113.470371, 53.552513 ], [ -113.470363, 53.552573 ], [ -113.470366, 53.552634 ], [ -113.470379, 53.552694 ], [ -113.470462, 53.553052 ], [ -113.470495, 53.553219 ], [ -113.470486, 53.553259 ], [ -113.470417, 53.553368 ], [ -113.470248, 53.553516 ], [ -113.470062, 53.553646 ], [ -113.469829, 53.55379 ], [ -113.469562, 53.553927 ], [ -113.469272, 53.554062 ], [ -113.469205, 53.554092 ], [ -113.469072, 53.554153 ], [ -113.469023, 53.554185 ], [ -113.468996, 53.554213 ], [ -113.468991, 53.554244 ], [ -113.468942, 53.554398 ], [ -113.468886, 53.554492 ], [ -113.468794, 53.554593 ], [ -113.468721, 53.554642 ], [ -113.468642, 53.554687 ], [ -113.468558, 53.554729 ], [ -113.468471, 53.554766 ], [ -113.468379, 53.5548 ], [ -113.468216, 53.554845 ], [ -113.468062, 53.554875 ], [ -113.467962, 53.5549 ], [ -113.467872, 53.554932 ], [ -113.467802, 53.554964 ], [ -113.467445, 53.555138 ], [ -113.467137, 53.555311 ], [ -113.466695, 53.555569 ], [ -113.466611, 53.55561 ], [ -113.466521, 53.555645 ], [ -113.466437, 53.555671 ], [ -113.46635, 53.555693 ], [ -113.46626, 53.55571 ], [ -113.465731, 53.555802 ], [ -113.465515, 53.555846 ], [ -113.465328, 53.555893 ], [ -113.46487, 53.556028 ], [ -113.464608, 53.556096 ], [ -113.464337, 53.556152 ], [ -113.463903, 53.55622 ], [ -113.463069, 53.556318 ], [ -113.462183, 53.556433 ], [ -113.46184, 53.55648 ], [ -113.461647, 53.556504 ], [ -113.461537, 53.556514 ], [ -113.46145, 53.556521 ], [ -113.461096, 53.556533 ], [ -113.459312, 53.556521 ], [ -113.457173, 53.556462 ], [ -113.45594, 53.556378 ], [ -113.454948, 53.556276 ], [ -113.453406, 53.556086 ], [ -113.452794, 53.556049 ], [ -113.452362, 53.556038 ], [ -113.452027, 53.556055 ], [ -113.451742, 53.556063 ], [ -113.451438, 53.556059 ], [ -113.451005, 53.556037 ], [ -113.450611, 53.556033 ], [ -113.450441, 53.556035 ], [ -113.450319, 53.556049 ], [ -113.450082, 53.556088 ] ] } },
{ "type": "Feature", "properties": { "cls": "shared", "highway": "cycleway", "name": "Baker's Folly" }, "geometry": { "type": "LineString", "coordinates": [ [ -113.461166, 53.557358 ], [ -113.460997, 53.557373 ], [ -113.460572, 53.557368 ], [ -113.459078, 53.557206 ], [ -113.457838, 53.557098 ], [ -113.457169, 53.55713 ], [ -113.456894, 53.557113 ], [ -113.456782, 53.557106 ], [ -113.456599, 53.557075 ], [ -113.456477, 53.557011 ], [ -113.456353, 53.556898 ], [ -113.456328, 53.556878 ], [ -113.45626, 53.556824 ], [ -113.456173, 53.5568 ], [ -113.456037, 53.55679 ], [ -113.455687, 53.556782 ], [ -113.455373, 53.556734 ], [ -113.455121, 53.556736 ], [ -113.45496, 53.556734 ], [ -113.45476, 53.55671 ], [ -113.454514, 53.556692 ], [ -113.453837, 53.55661 ], [ -113.453614, 53.556576 ], [ -113.453172, 53.556543 ], [ -113.45299, 53.556477 ], [ -113.452831, 53.556443 ], [ -113.452681, 53.556415 ], [ -113.45254, 53.556388 ], [ -113.451957, 53.556339 ], [ -113.451555, 53.556277 ], [ -113.451164, 53.556208 ], [ -113.451061, 53.55618 ], [ -113.450908, 53.556167 ], [ -113.450851, 53.556162 ], [ -113.450611, 53.556172 ], [ -113.450551, 53.556174 ], [ -113.450359, 53.556182 ], [ -113.450272, 53.556172 ] ] } },
{ "type": "Feature", "properties": { "cls": "shared", "highway": "cycleway", "name": "Miner Shaft" }, "geometry": { "type": "LineString", "coordinates": [ [ -113.461504, 53.558944 ], [ -113.461157, 53.559065 ], [ -113.460518, 53.559162 ], [ -113.460299, 53.559158 ], [ -113.460024, 53.559114 ], [ -113.459577, 53.559003 ], [ -113.45912, 53.55891 ], [ -113.458556, 53.558894 ], [ -113.458108, 53.558836 ], [ -113.457185, 53.558611 ], [ -113.456543, 53.558594 ], [ -113.456109, 53.55852 ], [ -113.455832, 53.558452 ], [ -113.455279, 53.558392 ], [ -113.454805, 53.558411 ], [ -113.454659, 53.558398 ], [ -113.454418, 53.558334 ], [ -113.454064, 53.558197 ], [ -113.453558, 53.557967 ], [ -113.4534, 53.557861 ], [ -113.45292, 53.557438 ], [ -113.452739, 53.557335 ], [ -113.452352, 53.557229 ], [ -113.451938, 53.557014 ], [ -113.451535, 53.556879 ], [ -113.451305, 53.556821 ], [ -113.451151, 53.556784 ], [ -113.450995, 53.556714 ], [ -113.450567, 53.55642 ], [ -113.450272, 53.556172 ], [ -113.450082, 53.556088 ] ] } },
{ "type": "Feature", "properties": { "cls": "shared", "highway": "cycleway", "name": "Miner Shaft" }, "geometry": { "type": "LineString", "coordinates": [ [ -113.461731, 53.558857 ], [ -113.461504, 53.558944 ] ] } },
{ "type": "Feature", "properties": { "cls": "shared", "highway": "path", "name": "Capilano Access" }, "geometry": { "type": "LineString", "coordinates": [ [ -113.436111, 53.555318 ], [ -113.436072, 53.555361 ], [ -113.436051, 53.555409 ], [ -113.436049, 53.555493 ] ] } },
{ "type": "Feature", "properties": { "cls": "shared", "highway": "cycleway", "name": null }, "geometry": { "type": "LineString", "coordinates": [ [ -113.439677, 53.556934 ], [ -113.439563, 53.556787 ], [ -113.439468, 53.556656 ], [ -113.439316, 53.556408 ], [ -113.439149, 53.556152 ], [ -113.439005, 53.555884 ], [ -113.43886, 53.555611 ], [ -113.438757, 53.555397 ], [ -113.438648, 53.555158 ], [ -113.438558, 53.554949 ], [ -113.438486, 53.554774 ], [ -113.438377, 53.554449 ] ] } },
{ "type": "Feature", "properties": { "cls": "shared", "highway": "cycleway", "name": null }, "geometry": { "type": "LineString", "coordinates": [ [ -113.442324, 53.559055 ], [ -113.442213, 53.55892 ], [ -113.442071, 53.558807 ], [ -113.441995, 53.558749 ], [ -113.441892, 53.558661 ], [ -113.441676, 53.558504 ], [ -113.441487, 53.55841 ], [ -113.441192, 53.558225 ], [ -113.440614, 53.557642 ], [ -113.44009, 53.557074 ], [ -113.439912, 53.556835 ], [ -113.43991, 53.556832 ], [ -113.439835, 53.556829 ], [ -113.439766, 53.556821 ], [ -113.43965, 53.556807 ], [ -113.43952, 53.556801 ], [ -113.439335, 53.556813 ], [ -113.439232, 53.556725 ] ] } },
{ "type": "Feature", "properties": { "cls": "shared", "highway": "cycleway", "name": null }, "geometry": { "type": "LineString", "coordinates": [ [ -113.443564, 53.559506 ], [ -113.443451, 53.559533 ], [ -113.443378, 53.559549 ], [ -113.443301, 53.559576 ], [ -113.44324, 53.559595 ], [ -113.443137, 53.55961 ], [ -113.443061, 53.559629 ], [ -113.442961, 53.55966 ] ] } },
{ "type": "Feature", "properties": { "cls": "sharrow", "highway": "tertiary", "name": "Ada Boulevard NW" }, "geometry": { "type": "LineString", "coordinates": [ [ -113.442083, 53.560317 ], [ -113.442733, 53.560162 ] ] } },
{ "type": "Feature", "properties": { "cls": "sharrow", "highway": "tertiary", "name": "Ada Boulevard NW" }, "geometry": { "type": "MultiLineString", "coordinates": [ [ [ -113.442083, 53.560317 ], [ -113.441772, 53.560397 ] ], [ [ -113.441772, 53.560397 ], [ -113.441604, 53.560446 ] ], [ [ -113.441604, 53.560446 ], [ -113.441536, 53.560465 ] ] ] } },
{ "type": "Feature", "properties": { "cls": "shared", "highway": "cycleway", "name": null }, "geometry": { "type": "LineString", "coordinates": [ [ -113.441582, 53.560415 ], [ -113.441604, 53.560446 ] ] } },
{ "type": "Feature", "properties": { "cls": "sharrow", "highway": "tertiary", "name": "Ada Boulevard NW" }, "geometry": { "type": "LineString", "coordinates": [ [ -113.441536, 53.560465 ], [ -113.441471, 53.560487 ] ] } },
{ "type": "Feature", "properties": { "cls": "shared", "highway": "cycleway", "name": null }, "geometry": { "type": "LineString", "coordinates": [ [ -113.449304, 53.556224 ], [ -113.449338, 53.556268 ] ] } },
{ "type": "Feature", "properties": { "cls": "shared", "highway": "cycleway", "name": "Dawson Access" }, "geometry": { "type": "LineString", "coordinates": [ [ -113.446479, 53.558773 ], [ -113.446177, 53.558882 ], [ -113.445992, 53.558928 ], [ -113.445741, 53.558961 ], [ -113.445342, 53.558995 ], [ -113.444745, 53.55916 ], [ -113.444351, 53.559319 ], [ -113.443939, 53.559496 ], [ -113.443823, 53.559524 ], [ -113.443715, 53.559535 ], [ -113.443625, 53.559531 ], [ -113.443564, 53.559506 ], [ -113.443552, 53.559472 ], [ -113.443566, 53.559437 ], [ -113.443643, 53.559399 ], [ -113.443847, 53.559318 ], [ -113.444045, 53.559235 ], [ -113.444133, 53.559195 ], [ -113.444267, 53.55912 ], [ -113.44446, 53.559003 ], [ -113.44471, 53.558851 ], [ -113.444881, 53.558737 ], [ -113.44511, 53.558602 ], [ -113.445295, 53.558496 ], [ -113.445509, 53.558367 ], [ -113.445906, 53.558158 ], [ -113.446215, 53.557996 ], [ -113.446453, 53.557872 ], [ -113.446666, 53.557722 ], [ -113.446828, 53.557595 ], [ -113.447021, 53.557448 ], [ -113.447257, 53.557236 ], [ -113.447565, 53.557001 ], [ -113.448009, 53.556754 ], [ -113.448324, 53.556613 ], [ -113.448489, 53.556544 ], [ -113.448997, 53.556373 ], [ -113.449338, 53.556268 ], [ -113.449661, 53.55619 ], [ -113.450082, 53.556088 ] ] } },
{ "type": "Feature", "properties": { "cls": "shared", "highway": "cycleway", "name": null }, "geometry": { "type": "LineString", "coordinates": [ [ -113.449445, 53.557898 ], [ -113.449367, 53.557843 ], [ -113.448168, 53.558223 ], [ -113.447426, 53.558425 ], [ -113.446986, 53.558544 ], [ -113.446479, 53.558773 ] ] } },
{ "type": "Feature", "properties": { "cls": "separated", "highway": "cycleway", "name": null }, "geometry": { "type": "LineString", "coordinates": [ [ -113.446177, 53.558882 ], [ -113.446234, 53.558926 ] ] } },
{ "type": "Feature", "properties": { "cls": "sharrow", "highway": "residential", "name": "75 Street NW" }, "geometry": { "type": "Point", "coordinates": [ -113.449445, 53.557898 ] } },
{ "type": "Feature", "properties": { "cls": "shared", "highway": "cycleway", "name": null }, "geometry": { "type": "LineString", "coordinates": [ [ -113.446479, 53.558773 ], [ -113.446527, 53.558805 ] ] } },
{ "type": "Feature", "properties": { "cls": "sharrow", "highway": "tertiary", "name": "Ada Boulevard NW" }, "geometry": { "type": "MultiLineString", "coordinates": [ [ [ -113.443423, 53.559997 ], [ -113.443673, 53.559939 ] ], [ [ -113.443673, 53.559939 ], [ -113.443963, 53.559871 ] ], [ [ -113.443963, 53.559871 ], [ -113.444321, 53.559789 ] ], [ [ -113.444321, 53.559789 ], [ -113.444439, 53.559753 ] ], [ [ -113.444439, 53.559753 ], [ -113.444695, 53.559653 ] ], [ [ -113.444695, 53.559653 ], [ -113.445117, 53.559454 ] ], [ [ -113.445117, 53.559454 ], [ -113.445172, 53.559428 ] ], [ [ -113.445172, 53.559428 ], [ -113.445975, 53.559049 ] ], [ [ -113.445975, 53.559049 ], [ -113.446234, 53.558926 ] ] ] } },
{ "type": "Feature", "properties": { "cls": "sharrow", "highway": "tertiary", "name": "Ada Boulevard NW" }, "geometry": { "type": "LineString", "coordinates": [ [ -113.441471, 53.560487 ], [ -113.441387, 53.560536 ] ] } },
{ "type": "Feature", "properties": { "cls": "shared", "highway": "cycleway", "name": null }, "geometry": { "type": "LineString", "coordinates": [ [ -113.441303, 53.560546 ], [ -113.441165, 53.560536 ], [ -113.440985, 53.560545 ], [ -113.440937, 53.56055 ], [ -113.440845, 53.560559 ], [ -113.440746, 53.560587 ], [ -113.440636, 53.560635 ], [ -113.440523, 53.560694 ], [ -113.440447, 53.560753 ], [ -113.440397, 53.560829 ], [ -113.44038, 53.560899 ], [ -113.440388, 53.560967 ], [ -113.44042, 53.561025 ], [ -113.440454, 53.561062 ], [ -113.44049, 53.561088 ] ] } },
{ "type": "Feature", "properties": { "cls": "sharrow", "highway": "residential", "name": "66 Street NW" }, "geometry": { "type": "MultiLineString", "coordinates": [ [ [ -113.438007, 53.562643 ], [ -113.437827, 53.562253 ] ], [ [ -113.437827, 53.562253 ], [ -113.437735, 53.562054 ] ], [ [ -113.437735, 53.562054 ], [ -113.437649, 53.56201 ] ] ] } },
{ "type": "Feature", "properties": { "cls": "sharrow", "highway": "residential", "name": "65 Street NW" }, "geometry": { "type": "MultiLineString", "coordinates": [ [ [ -113.4365, 53.562579 ], [ -113.436514, 53.562653 ] ], [ [ -113.436514, 53.562653 ], [ -113.436741, 53.562947 ] ] ] } },
{ "type": "Feature", "properties": { "cls": "sharrow", "highway": "residential", "name": "111 Avenue NW" }, "geometry": { "type": "Point", "coordinates": [ -113.436741, 53.562947 ] } },
{ "type": "Feature", "properties": { "cls": "sharrow", "highway": "residential", "name": "66 Street NW" }, "geometry": { "type": "Point", "coordinates": [ -113.438007, 53.562643 ] } },
{ "type": "Feature", "properties": { "cls": "sharrow", "highway": "residential", "name": "110 Avenue NW" }, "geometry": { "type": "Point", "coordinates": [ -113.456103, 53.559453 ] } },
{ "type": "Feature", "properties": { "cls": "sharrow", "highway": "residential", "name": "76 Street NW" }, "geometry": { "type": "Point", "coordinates": [ -113.456103, 53.559453 ] } },
{ "type": "Feature", "properties": { "cls": "shared", "highway": "path", "name": null }, "geometry": { "type": "LineString", "coordinates": [ [ -113.387049, 53.56607 ], [ -113.387505, 53.566111 ], [ -113.387846, 53.566113 ], [ -113.388142, 53.566101 ] ] } },
{ "type": "Feature", "properties": { "cls": "shared", "highway": "cycleway", "name": null }, "geometry": { "type": "MultiLineString", "coordinates": [ [ [ -113.387049, 53.56607 ], [ -113.386973, 53.56624 ], [ -113.386962, 53.566285 ], [ -113.386981, 53.566315 ], [ -113.386991, 53.566534 ] ], [ [ -113.387339, 53.568333 ], [ -113.387306, 53.568455 ], [ -113.387178, 53.568794 ], [ -113.387143, 53.569265 ], [ -113.387102, 53.569575 ], [ -113.387072, 53.569618 ], [ -113.387031, 53.569659 ], [ -113.386899, 53.569777 ] ] ] } },
{ "type": "Feature", "properties": { "cls": "shared", "highway": "cycleway", "name": null }, "geometry": { "type": "LineString", "coordinates": [ [ -113.386899, 53.569777 ], [ -113.386594, 53.569927 ] ] } },
{ "type": "Feature", "properties": { "cls": "shared", "highway": "cycleway", "name": null }, "geometry": { "type": "LineString", "coordinates": [ [ -113.386899, 53.569777 ], [ -113.386854, 53.569901 ], [ -113.38685, 53.569929 ], [ -113.386855, 53.569948 ] ] } },
{ "type": "Feature", "properties": { "cls": "shared", "highway": "cycleway", "name": "Clover Bar Footbridge" }, "geometry": { "type": "LineString", "coordinates": [ [ -113.381955, 53.563263 ], [ -113.377581, 53.563011 ] ] } },
{ "type": "Feature", "properties": { "cls": "shared", "highway": "cycleway", "name": null }, "geometry": { "type": "LineString", "coordinates": [ [ -113.381955, 53.563263 ], [ -113.382017, 53.563265 ], [ -113.38217, 53.563263 ] ] } },
{ "type": "Feature", "properties": { "cls": "shared", "highway": "path", "name": null }, "geometry": { "type": "LineString", "coordinates": [ [ -113.383016, 53.565045 ], [ -113.383123, 53.56501 ], [ -113.38347, 53.56486 ], [ -113.383876, 53.564789 ], [ -113.383947, 53.564777 ], [ -113.384606, 53.564532 ], [ -113.384788, 53.564437 ], [ -113.384897, 53.564396 ], [ -113.385007, 53.564339 ], [ -113.385081, 53.564281 ], [ -113.385141, 53.564146 ], [ -113.38516, 53.564076 ], [ -113.385216, 53.564053 ], [ -113.385297, 53.564054 ], [ -113.385418, 53.564063 ], [ -113.385446, 53.564072 ], [ -113.385654, 53.564139 ], [ -113.385788, 53.564279 ], [ -113.385906, 53.56477 ], [ -113.385914, 53.565179 ], [ -113.385948, 53.565422 ], [ -113.385984, 53.56552 ], [ -113.386049, 53.565606 ], [ -113.386147, 53.56569 ], [ -113.386251, 53.565778 ], [ -113.386376, 53.565854 ], [ -113.386516, 53.565925 ], [ -113.386904, 53.566038 ], [ -113.387049, 53.56607 ] ] } },
{ "type": "Feature", "properties": { "cls": "shared", "highway": "cycleway", "name": null }, "geometry": { "type": "LineString", "coordinates": [ [ -113.384376, 53.572894 ], [ -113.384055, 53.572846 ] ] } },
{ "type": "Feature", "properties": { "cls": "shared", "highway": "cycleway", "name": null }, "geometry": { "type": "LineString", "coordinates": [ [ -113.384055, 53.572846 ], [ -113.383908, 53.572821 ], [ -113.383839, 53.572816 ], [ -113.383769, 53.572818 ], [ -113.383701, 53.572827 ], [ -113.383636, 53.572843 ], [ -113.383577, 53.572865 ], [ -113.383525, 53.572893 ], [ -113.383475, 53.572931 ], [ -113.383439, 53.572973 ], [ -113.383418, 53.573019 ], [ -113.383412, 53.573067 ], [ -113.383422, 53.573115 ], [ -113.38362, 53.573915 ], [ -113.383633, 53.574093 ], [ -113.383625, 53.574206 ], [ -113.383593, 53.574292 ] ] } },
{ "type": "Feature", "properties": { "cls": "shared", "highway": "cycleway", "name": null }, "geometry": { "type": "LineString", "coordinates": [ [ -113.38217, 53.563263 ], [ -113.3822, 53.563344 ], [ -113.382267, 53.563521 ], [ -113.382275, 53.563586 ], [ -113.382262, 53.563647 ], [ -113.382242, 53.563723 ], [ -113.382129, 53.564177 ], [ -113.382054, 53.564526 ], [ -113.382048, 53.564577 ], [ -113.382049, 53.564628 ], [ -113.382054, 53.56467 ], [ -113.382064, 53.564712 ], [ -113.382079, 53.564737 ], [ -113.3821, 53.56476 ], [ -113.382138, 53.564791 ], [ -113.38219, 53.564813 ], [ -113.382245, 53.564833 ], [ -113.382295, 53.564851 ], [ -113.382443, 53.564891 ], [ -113.38261, 53.564923 ], [ -113.382874, 53.564963 ], [ -113.382914, 53.564974 ], [ -113.382949, 53.564989 ], [ -113.382976, 53.565005 ], [ -113.382999, 53.565024 ], [ -113.383016, 53.565045 ], [ -113.383018, 53.565074 ], [ -113.383008, 53.565102 ], [ -113.382984, 53.565127 ], [ -113.38295, 53.565147 ], [ -113.382908, 53.565161 ], [ -113.382686, 53.56524 ], [ -113.382448, 53.565319 ], [ -113.382318, 53.565376 ], [ -113.382192, 53.565454 ], [ -113.382108, 53.565524 ], [ -113.382025, 53.565624 ], [ -113.381951, 53.565756 ], [ -113.381902, 53.565826 ], [ -113.381842, 53.565888 ], [ -113.381706, 53.566003 ], [ -113.381602, 53.566131 ], [ -113.381561, 53.566222 ], [ -113.381481, 53.566297 ], [ -113.381347, 53.566429 ], [ -113.381241, 53.566546 ], [ -113.381193, 53.566598 ], [ -113.381121, 53.566677 ], [ -113.381037, 53.566743 ], [ -113.380922, 53.566854 ], [ -113.380798, 53.567183 ], [ -113.380776, 53.56727 ], [ -113.380714, 53.567376 ], [ -113.380627, 53.56756 ], [ -113.380583, 53.567623 ], [ -113.380529, 53.567683 ], [ -113.380465, 53.567739 ], [ -113.380398, 53.567788 ], [ -113.380323, 53.567833 ], [ -113.380242, 53.567873 ], [ -113.38008, 53.567947 ], [ -113.379831, 53.56811 ], [ -113.379607, 53.568263 ], [ -113.379491, 53.568337 ], [ -113.379393, 53.568413 ], [ -113.379334, 53.568469 ], [ -113.379276, 53.568516 ], [ -113.379142, 53.568608 ], [ -113.379009, 53.568707 ], [ -113.378905, 53.568804 ], [ -113.378753, 53.568977 ], [ -113.37859, 53.569145 ], [ -113.378432, 53.569293 ], [ -113.37829, 53.569445 ], [ -113.378049, 53.569771 ], [ -113.377937, 53.569884 ], [ -113.377795, 53.569989 ], [ -113.377371, 53.570282 ], [ -113.377041, 53.570511 ], [ -113.376919, 53.570582 ], [ -113.376743, 53.570633 ], [ -113.376574, 53.570688 ], [ -113.376379, 53.570772 ], [ -113.376056, 53.570948 ], [ -113.3759, 53.57103 ], [ -113.375582, 53.571195 ], [ -113.375455, 53.571324 ], [ -113.375373, 53.571426 ], [ -113.375321, 53.571476 ], [ -113.375198, 53.57156 ], [ -113.374755, 53.571771 ], [ -113.374563, 53.571865 ], [ -113.374363, 53.572059 ], [ -113.374147, 53.572236 ], [ -113.373942, 53.572399 ], [ -113.373859, 53.572491 ], [ -113.373622, 53.572747 ], [ -113.37351, 53.572907 ], [ -113.37342, 53.573152 ], [ -113.373354, 53.573436 ], [ -113.37325, 53.573557 ], [ -113.373162, 53.57368 ], [ -113.373005, 53.573951 ], [ -113.373005, 53.574016 ], [ -113.373014, 53.574139 ], [ -113.373018, 53.5742 ], [ -113.373008, 53.574262 ], [ -113.372994, 53.574306 ], [ -113.372973, 53.574349 ], [ -113.372917, 53.574456 ], [ -113.372565, 53.575088 ], [ -113.372172, 53.57571 ], [ -113.372096, 53.575862 ], [ -113.371948, 53.576314 ], [ -113.371896, 53.576524 ], [ -113.371877, 53.576731 ], [ -113.371888, 53.576882 ], [ -113.371919, 53.577055 ], [ -113.372013, 53.577538 ], [ -113.372083, 53.577974 ], [ -113.372106, 53.57815 ], [ -113.372116, 53.578241 ], [ -113.372138, 53.578325 ], [ -113.372223, 53.578516 ], [ -113.372314, 53.578688 ], [ -113.372296, 53.578811 ], [ -113.372233, 53.578926 ], [ -113.372133, 53.579061 ], [ -113.372081, 53.579114 ], [ -113.372039, 53.579154 ], [ -113.372027, 53.579176 ], [ -113.372023, 53.579199 ], [ -113.37203, 53.579227 ], [ -113.37205, 53.579253 ], [ -113.372082, 53.579274 ], [ -113.372134, 53.579325 ], [ -113.372229, 53.579447 ], [ -113.372261, 53.579471 ], [ -113.372451, 53.579577 ], [ -113.372657, 53.579675 ], [ -113.372909, 53.579766 ], [ -113.373036, 53.579815 ], [ -113.373088, 53.579836 ], [ -113.373134, 53.579861 ], [ -113.373173, 53.57989 ], [ -113.3732, 53.579918 ], [ -113.373221, 53.579948 ], [ -113.373235, 53.579979 ], [ -113.373259, 53.580073 ], [ -113.373266, 53.580128 ], [ -113.373331, 53.580289 ], [ -113.373353, 53.58033 ], [ -113.373367, 53.580371 ], [ -113.373373, 53.580414 ], [ -113.373368, 53.580467 ], [ -113.373351, 53.58052 ], [ -113.373297, 53.580644 ], [ -113.373283, 53.580669 ], [ -113.373277, 53.580695 ], [ -113.373278, 53.58072 ], [ -113.373287, 53.580748 ], [ -113.373305, 53.580774 ], [ -113.373331, 53.580798 ], [ -113.373398, 53.580888 ], [ -113.37343, 53.58098 ], [ -113.373443, 53.581064 ], [ -113.373478, 53.581119 ], [ -113.373823, 53.581335 ], [ -113.373881, 53.581361 ], [ -113.373994, 53.581386 ], [ -113.374214, 53.581426 ], [ -113.374394, 53.581473 ], [ -113.374509, 53.581485 ], [ -113.374568, 53.581531 ], [ -113.374487, 53.5816 ], [ -113.374298, 53.581763 ], [ -113.374165, 53.581916 ], [ -113.374104, 53.582018 ], [ -113.374082, 53.582102 ], [ -113.374067, 53.582238 ], [ -113.374056, 53.582742 ], [ -113.374064, 53.582944 ], [ -113.374084, 53.583083 ], [ -113.374117, 53.583168 ], [ -113.374159, 53.583254 ], [ -113.374296, 53.583428 ], [ -113.374581, 53.583687 ], [ -113.374621, 53.583733 ], [ -113.374658, 53.583782 ], [ -113.374708, 53.583879 ], [ -113.374726, 53.583951 ], [ -113.374718, 53.584011 ], [ -113.374702, 53.584112 ] ] } },
{ "type": "Feature", "properties": { "cls": "separated", "highway": "cycleway", "name": null }, "geometry": { "type": "LineString", "coordinates": [ [ -113.383593, 53.574292 ], [ -113.383393, 53.574762 ] ] } },
{ "type": "Feature", "properties": { "cls": "shared", "highway": "cycleway", "name": null }, "geometry": { "type": "LineString", "coordinates": [ [ -113.372314, 53.578688 ], [ -113.372391, 53.578742 ], [ -113.372462, 53.578803 ], [ -113.372589, 53.578885 ], [ -113.372623, 53.578873 ], [ -113.372691, 53.578856 ], [ -113.372709, 53.578846 ], [ -113.372818, 53.578951 ] ] } },
{ "type": "Feature", "properties": { "cls": "shared", "highway": "cycleway", "name": null }, "geometry": { "type": "LineString", "coordinates": [ [ -113.372589, 53.578885 ], [ -113.372266, 53.578992 ], [ -113.372197, 53.579028 ], [ -113.372133, 53.579061 ] ] } },
{ "type": "Feature", "properties": { "cls": "shared", "highway": "cycleway", "name": null }, "geometry": { "type": "LineString", "coordinates": [ [ -113.372229, 53.579447 ], [ -113.372325, 53.579405 ], [ -113.372602, 53.579364 ] ] } },
{ "type": "Feature", "properties": { "cls": "separated", "highway": "cycleway", "name": null }, "geometry": { "type": "LineString", "coordinates": [ [ -113.374702, 53.584112 ], [ -113.374849, 53.584266 ], [ -113.375013, 53.584439 ], [ -113.375081, 53.584533 ], [ -113.375126, 53.584637 ], [ -113.375153, 53.584745 ], [ -113.375143, 53.584962 ], [ -113.375095, 53.585494 ], [ -113.375028, 53.585731 ], [ -113.374992, 53.585936 ] ] } },
{ "type": "Feature", "properties": { "cls": "separated", "highway": "cycleway", "name": null }, "geometry": { "type": "LineString", "coordinates": [ [ -113.374702, 53.584112 ], [ -113.374591, 53.584334 ], [ -113.374513, 53.584448 ], [ -113.37442, 53.584528 ], [ -113.374326, 53.584593 ], [ -113.374192, 53.584789 ], [ -113.374121, 53.584865 ], [ -113.373999, 53.58494 ], [ -113.373767, 53.585053 ], [ -113.373705, 53.585107 ], [ -113.373664, 53.58517 ], [ -113.373648, 53.585216 ], [ -113.373642, 53.585233 ], [ -113.373639, 53.585303 ], [ -113.373653, 53.585357 ], [ -113.373686, 53.58543 ], [ -113.373816, 53.585706 ], [ -113.373837, 53.585787 ], [ -113.373842, 53.585847 ], [ -113.373836, 53.585898 ], [ -113.37381, 53.58599 ], [ -113.373758, 53.58607 ], [ -113.373667, 53.586146 ] ] } },
{ "type": "Feature", "properties": { "cls": "shared", "highway": "cycleway", "name": null }, "geometry": { "type": "LineString", "coordinates": [ [ -113.374992, 53.585936 ], [ -113.374728, 53.585982 ], [ -113.374458, 53.586032 ], [ -113.374205, 53.586072 ], [ -113.373952, 53.586081 ], [ -113.373816, 53.586105 ], [ -113.373667, 53.586146 ] ] } },
{ "type": "Feature", "properties": { "cls": "shared", "highway": "cycleway", "name": null }, "geometry": { "type": "LineString", "coordinates": [ [ -113.38991, 53.587463 ], [ -113.389647, 53.587395 ] ] } },
{ "type": "Feature", "properties": { "cls": "shared", "highway": "cycleway", "name": null }, "geometry": { "type": "LineString", "coordinates": [ [ -113.39122, 53.587535 ], [ -113.391179, 53.587519 ], [ -113.391088, 53.587509 ], [ -113.391025, 53.587502 ], [ -113.390903, 53.587528 ], [ -113.39056, 53.587588 ], [ -113.390421, 53.587568 ], [ -113.390244, 53.587504 ], [ -113.389939, 53.587466 ], [ -113.38991, 53.587463 ] ] } },
{ "type": "Feature", "properties": { "cls": "shared", "highway": "cycleway", "name": null }, "geometry": { "type": "LineString", "coordinates": [ [ -113.391319, 53.587582 ], [ -113.39122, 53.587535 ] ] } },
{ "type": "Feature", "properties": { "cls": "shared", "highway": "cycleway", "name": null }, "geometry": { "type": "LineString", "coordinates": [ [ -113.389647, 53.587395 ], [ -113.389623, 53.587391 ], [ -113.389514, 53.587419 ], [ -113.389179, 53.587545 ], [ -113.388837, 53.587718 ], [ -113.388448, 53.587858 ], [ -113.388212, 53.587904 ], [ -113.388056, 53.587937 ], [ -113.387941, 53.587946 ], [ -113.387869, 53.587914 ], [ -113.38784, 53.587892 ] ] } },
{ "type": "Feature", "properties": { "cls": "shared", "highway": "cycleway", "name": null }, "geometry": { "type": "LineString", "coordinates": [ [ -113.38784, 53.587892 ], [ -113.387622, 53.587708 ] ] } },
{ "type": "Feature", "properties": { "cls": "shared", "highway": "cycleway", "name": null }, "geometry": { "type": "LineString", "coordinates": [ [ -113.374568, 53.581531 ], [ -113.374627, 53.581526 ], [ -113.374701, 53.581513 ], [ -113.374793, 53.581506 ], [ -113.374969, 53.58151 ], [ -113.375078, 53.581505 ], [ -113.37518, 53.581492 ], [ -113.375275, 53.581494 ], [ -113.375396, 53.581486 ], [ -113.375435, 53.581492 ], [ -113.375486, 53.581498 ], [ -113.375526, 53.581501 ] ] } },
{ "type": "Feature", "properties": { "cls": "shared", "highway": "cycleway", "name": null }, "geometry": { "type": "LineString", "coordinates": [ [ -113.383987, 53.585216 ], [ -113.384027, 53.585302 ], [ -113.384084, 53.585433 ] ] } },
{ "type": "Feature", "properties": { "cls": "shared", "highway": "cycleway", "name": null }, "geometry": { "type": "LineString", "coordinates": [ [ -113.381272, 53.58554 ], [ -113.38123, 53.585471 ], [ -113.381204, 53.585432 ], [ -113.381141, 53.585336 ], [ -113.381163, 53.585279 ], [ -113.381233, 53.585203 ], [ -113.381253, 53.585076 ], [ -113.381167, 53.584898 ], [ -113.380695, 53.584701 ], [ -113.379963, 53.584638 ], [ -113.379435, 53.584659 ], [ -113.378944, 53.584759 ], [ -113.378638, 53.584901 ], [ -113.378458, 53.585028 ], [ -113.378233, 53.585138 ], [ -113.377638, 53.58535 ], [ -113.377263, 53.585715 ], [ -113.376739, 53.585876 ], [ -113.376404, 53.585929 ], [ -113.376086, 53.585963 ], [ -113.375879, 53.585966 ], [ -113.375772, 53.58596 ], [ -113.375554, 53.585861 ], [ -113.37546, 53.585799 ], [ -113.375368, 53.585741 ], [ -113.375258, 53.58567 ], [ -113.375173, 53.585599 ], [ -113.375095, 53.585494 ] ] } },
{ "type": "Feature", "properties": { "cls": "shared", "highway": "cycleway", "name": null }, "geometry": { "type": "LineString", "coordinates": [ [ -113.393049, 53.587964 ], [ -113.393021, 53.587943 ], [ -113.392939, 53.587921 ], [ -113.392881, 53.587906 ], [ -113.392591, 53.587891 ], [ -113.392124, 53.587876 ], [ -113.391876, 53.587853 ], [ -113.391666, 53.587767 ], [ -113.391359, 53.587602 ], [ -113.391319, 53.587582 ] ] } },
{ "type": "Feature", "properties": { "cls": "shared", "highway": "cycleway", "name": null }, "geometry": { "type": "LineString", "coordinates": [ [ -113.395014, 53.587786 ], [ -113.394514, 53.587706 ] ] } },
{ "type": "Feature", "properties": { "cls": "shared", "highway": "cycleway", "name": null }, "geometry": { "type": "MultiLineString", "coordinates": [ [ [ -113.394514, 53.587706 ], [ -113.394754, 53.587741 ], [ -113.394591, 53.587717 ], [ -113.394514, 53.587706 ] ], [ [ -113.394514, 53.587706 ], [ -113.394454, 53.587697 ], [ -113.394373, 53.587718 ], [ -113.394252, 53.58782 ], [ -113.394125, 53.587886 ], [ -113.393879, 53.587918 ], [ -113.39345, 53.588015 ], [ -113.393241, 53.588059 ], [ -113.393213, 53.588049 ] ] ] } },
{ "type": "Feature", "properties": { "cls": "shared", "highway": "cycleway", "name": null }, "geometry": { "type": "LineString", "coordinates": [ [ -113.393213, 53.588049 ], [ -113.393049, 53.587964 ] ] } },
{ "type": "Feature", "properties": { "cls": "shared", "highway": "cycleway", "name": null }, "geometry": { "type": "LineString", "coordinates": [ [ -113.398879, 53.588242 ], [ -113.39884, 53.588202 ], [ -113.398795, 53.588165 ], [ -113.398729, 53.588121 ], [ -113.398634, 53.588055 ], [ -113.398528, 53.587966 ], [ -113.398476, 53.587911 ], [ -113.398428, 53.587881 ], [ -113.398348, 53.587865 ], [ -113.398265, 53.587867 ], [ -113.398086, 53.58789 ], [ -113.397929, 53.587907 ], [ -113.397703, 53.587968 ], [ -113.397478, 53.588115 ], [ -113.397267, 53.588244 ], [ -113.397219, 53.588285 ] ] } },
{ "type": "Feature", "properties": { "cls": "shared", "highway": "cycleway", "name": null }, "geometry": { "type": "LineString", "coordinates": [ [ -113.396429, 53.58839 ], [ -113.396389, 53.58839 ], [ -113.396303, 53.588402 ], [ -113.396212, 53.588427 ], [ -113.396037, 53.588489 ], [ -113.395758, 53.588502 ], [ -113.395521, 53.588543 ], [ -113.395347, 53.58851 ], [ -113.395294, 53.588425 ], [ -113.395284, 53.588279 ], [ -113.395185, 53.588029 ], [ -113.395106, 53.58788 ], [ -113.395063, 53.587825 ], [ -113.395014, 53.587786 ] ] } },
{ "type": "Feature", "properties": { "cls": "shared", "highway": "cycleway", "name": null }, "geometry": { "type": "LineString", "coordinates": [ [ -113.397219, 53.588285 ], [ -113.397068, 53.588364 ] ] } },
{ "type": "Feature", "properties": { "cls": "shared", "highway": "cycleway", "name": null }, "geometry": { "type": "LineString", "coordinates": [ [ -113.398947, 53.588377 ], [ -113.398879, 53.588242 ] ] } },
{ "type": "Feature", "properties": { "cls": "shared", "highway": "cycleway", "name": null }, "geometry": { "type": "LineString", "coordinates": [ [ -113.396564, 53.588429 ], [ -113.396429, 53.58839 ] ] } },
{ "type": "Feature", "properties": { "cls": "shared", "highway": "cycleway", "name": null }, "geometry": { "type": "LineString", "coordinates": [ [ -113.397068, 53.588364 ], [ -113.397021, 53.588389 ], [ -113.396909, 53.588451 ], [ -113.396833, 53.588472 ], [ -113.396776, 53.588478 ], [ -113.396713, 53.588472 ], [ -113.396564, 53.588429 ] ] } },
{ "type": "Feature", "properties": { "cls": "shared", "highway": "cycleway", "name": null }, "geometry": { "type": "LineString", "coordinates": [ [ -113.381265, 53.585682 ], [ -113.381272, 53.58554 ] ] } },
{ "type": "Feature", "properties": { "cls": "shared", "highway": "cycleway", "name": null }, "geometry": { "type": "LineString", "coordinates": [ [ -113.375772, 53.58596 ], [ -113.375637, 53.585947 ], [ -113.375562, 53.585949 ], [ -113.375487, 53.58595 ], [ -113.375307, 53.585952 ], [ -113.375175, 53.585949 ], [ -113.375054, 53.585943 ], [ -113.374992, 53.585936 ] ] } },
{ "type": "Feature", "properties": { "cls": "shared", "highway": "cycleway", "name": null }, "geometry": { "type": "LineString", "coordinates": [ [ -113.384084, 53.585433 ], [ -113.384493, 53.586452 ] ] } },
{ "type": "Feature", "properties": { "cls": "shared", "highway": "cycleway", "name": null }, "geometry": { "type": "LineString", "coordinates": [ [ -113.384493, 53.586452 ], [ -113.384541, 53.586587 ] ] } },
{ "type": "Feature", "properties": { "cls": "shared", "highway": "cycleway", "name": null }, "geometry": { "type": "LineString", "coordinates": [ [ -113.387622, 53.587708 ], [ -113.387577, 53.587675 ], [ -113.387479, 53.587437 ], [ -113.387339, 53.587327 ], [ -113.387241, 53.587226 ], [ -113.387125, 53.58711 ], [ -113.387007, 53.587032 ], [ -113.386936, 53.586958 ], [ -113.386934, 53.586887 ], [ -113.386931, 53.586807 ], [ -113.38691, 53.586645 ], [ -113.386758, 53.586533 ], [ -113.386609, 53.586459 ], [ -113.386241, 53.586233 ], [ -113.385875, 53.586094 ], [ -113.385337, 53.586063 ], [ -113.385087, 53.58609 ], [ -113.384854, 53.586136 ], [ -113.384261, 53.586146 ], [ -113.38409, 53.586214 ], [ -113.383921, 53.586301 ], [ -113.383684, 53.586375 ], [ -113.383394, 53.586386 ], [ -113.382993, 53.586294 ], [ -113.382615, 53.586185 ], [ -113.382277, 53.586089 ], [ -113.381303, 53.58582 ], [ -113.381265, 53.585682 ] ] } },
{ "type": "Feature", "properties": { "cls": "shared", "highway": "cycleway", "name": null }, "geometry": { "type": "LineString", "coordinates": [ [ -113.374224, 53.592035 ], [ -113.374557, 53.592028 ], [ -113.374936, 53.592044 ], [ -113.375207, 53.592056 ], [ -113.375309, 53.592055 ], [ -113.375348, 53.592054 ], [ -113.375519, 53.592075 ], [ -113.376097, 53.592102 ], [ -113.37639, 53.59212 ], [ -113.376731, 53.592115 ], [ -113.377534, 53.592042 ], [ -113.377895, 53.592083 ], [ -113.378091, 53.592121 ], [ -113.378303, 53.592217 ], [ -113.378699, 53.592398 ], [ -113.379018, 53.592549 ], [ -113.379295, 53.592697 ], [ -113.379703, 53.592911 ], [ -113.380253, 53.593101 ], [ -113.380714, 53.593265 ], [ -113.381118, 53.59318 ], [ -113.382329, 53.5934 ], [ -113.382491, 53.593405 ], [ -113.382556, 53.593393 ] ] } },
{ "type": "Feature", "properties": { "cls": "shared", "highway": "cycleway", "name": null }, "geometry": { "type": "LineString", "coordinates": [ [ -113.384541, 53.586587 ], [ -113.384544, 53.586595 ] ] } },
{ "type": "Feature", "properties": { "cls": "shared", "highway": "cycleway", "name": null }, "geometry": { "type": "LineString", "coordinates": [ [ -113.421406, 53.561067 ], [ -113.421505, 53.561067 ], [ -113.422009, 53.561071 ], [ -113.422395, 53.561073 ], [ -113.422815, 53.561052 ], [ -113.423043, 53.560988 ], [ -113.423101, 53.560977 ], [ -113.423479, 53.560934 ] ] } },
{ "type": "Feature", "properties": { "cls": "shared", "highway": "cycleway", "name": null }, "geometry": { "type": "LineString", "coordinates": [ [ -113.419351, 53.561784 ], [ -113.419639, 53.561626 ], [ -113.419678, 53.561606 ], [ -113.419857, 53.561515 ], [ -113.420068, 53.561403 ], [ -113.420237, 53.561291 ], [ -113.420276, 53.561224 ], [ -113.420276, 53.561155 ], [ -113.420269, 53.561111 ], [ -113.420474, 53.561084 ], [ -113.420945, 53.561071 ], [ -113.421406, 53.561067 ] ] } },
{ "type": "Feature", "properties": { "cls": "shared", "highway": "cycleway", "name": "Capilano Foot Bridge" }, "geometry": { "type": "LineString", "coordinates": [ [ -113.419342, 53.564563 ], [ -113.419311, 53.564517 ], [ -113.419287, 53.563628 ], [ -113.419312, 53.561807 ], [ -113.419351, 53.561784 ] ] } },
{ "type": "Feature", "properties": { "cls": "shared", "highway": "cycleway", "name": null }, "geometry": { "type": "LineString", "coordinates": [ [ -113.422429, 53.563844 ], [ -113.421429, 53.564014 ], [ -113.421097, 53.564056 ], [ -113.42062, 53.564079 ], [ -113.420451, 53.564097 ], [ -113.420299, 53.564144 ], [ -113.42024, 53.564174 ] ] } },
{ "type": "Feature", "properties": { "cls": "separated", "highway": "cycleway", "name": null }, "geometry": { "type": "LineString", "coordinates": [ [ -113.419342, 53.564563 ], [ -113.419362, 53.564584 ], [ -113.419384, 53.56459 ], [ -113.419565, 53.56462 ], [ -113.419663, 53.564635 ], [ -113.419757, 53.564643 ], [ -113.420054, 53.564669 ], [ -113.420458, 53.56467 ], [ -113.420536, 53.564674 ], [ -113.420578, 53.564687 ], [ -113.420582, 53.564716 ], [ -113.420551, 53.564731 ], [ -113.420483, 53.564742 ], [ -113.420311, 53.564759 ], [ -113.420145, 53.564773 ], [ -113.420013, 53.564809 ], [ -113.419776, 53.564878 ] ] } },
{ "type": "Feature", "properties": { "cls": "separated", "highway": "tertiary", "name": "40 Street NW" }, "geometry": { "type": "LineString", "coordinates": [ [ -113.403216, 53.59004 ], [ -113.403113, 53.590196 ], [ -113.402944, 53.590583 ], [ -113.402844, 53.59097 ], [ -113.402842, 53.590991 ] ] } },
{ "type": "Feature", "properties": { "cls": "shared", "highway": "cycleway", "name": null }, "geometry": { "type": "LineString", "coordinates": [ [ -113.40297, 53.590171 ], [ -113.402991, 53.590125 ], [ -113.402879, 53.590158 ], [ -113.402792, 53.590211 ], [ -113.402726, 53.590276 ], [ -113.402456, 53.590505 ], [ -113.402336, 53.590584 ], [ -113.402275, 53.590597 ], [ -113.402197, 53.590601 ], [ -113.402022, 53.590581 ], [ -113.401817, 53.590538 ], [ -113.401657, 53.590487 ], [ -113.401532, 53.590394 ], [ -113.401425, 53.5902 ], [ -113.401281, 53.5898 ], [ -113.401209, 53.589541 ], [ -113.401151, 53.589385 ], [ -113.400848, 53.589022 ], [ -113.40064, 53.58882 ], [ -113.40054, 53.588744 ], [ -113.400435, 53.588676 ], [ -113.400151, 53.588608 ], [ -113.399768, 53.588523 ], [ -113.399577, 53.588531 ], [ -113.399508, 53.588542 ], [ -113.399444, 53.588559 ], [ -113.399372, 53.588561 ], [ -113.399307, 53.588555 ], [ -113.399207, 53.588534 ], [ -113.399042, 53.588476 ], [ -113.398979, 53.588422 ], [ -113.398957, 53.588395 ], [ -113.398947, 53.588377 ] ] } },
{ "type": "Feature", "properties": { "cls": "shared", "highway": "cycleway", "name": null }, "geometry": { "type": "LineString", "coordinates": [ [ -113.403233, 53.590217 ], [ -113.403113, 53.590196 ], [ -113.40297, 53.590171 ] ] } },
{ "type": "Feature", "properties": { "cls": "shared", "highway": "cycleway", "name": null }, "geometry": { "type": "LineString", "coordinates": [ [ -113.412694, 53.591069 ], [ -113.412639, 53.591099 ], [ -113.412412, 53.591194 ], [ -113.412095, 53.591296 ], [ -113.41196, 53.59133 ], [ -113.411826, 53.591351 ], [ -113.411708, 53.591356 ], [ -113.411607, 53.591354 ], [ -113.41147, 53.591346 ], [ -113.411301, 53.591337 ], [ -113.41113, 53.591336 ], [ -113.410998, 53.591341 ], [ -113.410262, 53.591352 ], [ -113.409663, 53.591339 ], [ -113.409439, 53.591331 ], [ -113.408575, 53.59128 ], [ -113.408446, 53.591269 ], [ -113.408333, 53.591246 ], [ -113.408142, 53.591206 ], [ -113.408023, 53.59119 ], [ -113.407915, 53.591183 ], [ -113.407781, 53.591176 ], [ -113.406956, 53.591152 ], [ -113.406113, 53.591143 ], [ -113.405751, 53.59115 ], [ -113.405424, 53.591135 ], [ -113.404586, 53.591055 ], [ -113.404397, 53.591025 ], [ -113.404224, 53.590983 ], [ -113.404059, 53.590923 ], [ -113.403981, 53.590881 ], [ -113.403928, 53.590832 ], [ -113.403844, 53.590717 ], [ -113.403787, 53.590635 ], [ -113.403588, 53.590427 ], [ -113.403466, 53.590327 ], [ -113.403342, 53.590252 ], [ -113.403279, 53.590226 ], [ -113.403233, 53.590217 ] ] } },
{ "type": "Feature", "properties": { "cls": "painted", "highway": "tertiary", "name": "40 Street NW" }, "geometry": { "type": "Point", "coordinates": [ -113.402842, 53.590991 ] } },
{ "type": "Feature", "properties": { "cls": "shared", "highway": "cycleway", "name": null }, "geometry": { "type": "LineString", "coordinates": [ [ -113.371845, 53.587373 ], [ -113.371831, 53.58725 ], [ -113.371772, 53.587181 ], [ -113.371546, 53.587076 ], [ -113.371418, 53.586999 ], [ -113.371358, 53.586891 ], [ -113.371348, 53.5867 ], [ -113.371396, 53.5865 ], [ -113.371477, 53.586277 ], [ -113.371605, 53.586097 ], [ -113.371749, 53.586001 ], [ -113.372439, 53.585745 ], [ -113.372668, 53.585612 ], [ -113.373025, 53.585353 ], [ -113.373068, 53.585376 ], [ -113.373463, 53.585105 ], [ -113.373648, 53.585216 ] ] } },
{ "type": "Feature", "properties": { "cls": "shared", "highway": "cycleway", "name": null }, "geometry": { "type": "LineString", "coordinates": [ [ -113.374992, 53.585936 ], [ -113.374998, 53.586445 ], [ -113.374999, 53.586573 ] ] } },
{ "type": "Feature", "properties": { "cls": "shared", "highway": "cycleway", "name": null }, "geometry": { "type": "LineString", "coordinates": [ [ -113.373152, 53.586565 ], [ -113.373056, 53.586458 ] ] } },
{ "type": "Feature", "properties": { "cls": "shared", "highway": "cycleway", "name": null }, "geometry": { "type": "LineString", "coordinates": [ [ -113.37494, 53.59073 ], [ -113.374773, 53.590814 ], [ -113.374676, 53.590822 ], [ -113.374575, 53.590806 ], [ -113.374495, 53.590781 ], [ -113.374275, 53.590689 ], [ -113.373937, 53.590378 ], [ -113.373388, 53.58967 ], [ -113.373006, 53.588708 ], [ -113.372884, 53.588523 ], [ -113.372348, 53.587455 ], [ -113.372272, 53.587216 ], [ -113.372585, 53.586811 ], [ -113.373152, 53.586565 ], [ -113.373631, 53.586489 ], [ -113.374224, 53.586599 ] ] } },
{ "type": "Feature", "properties": { "cls": "shared", "highway": "cycleway", "name": null }, "geometry": { "type": "LineString", "coordinates": [ [ -113.375348, 53.592054 ], [ -113.375015, 53.591563 ], [ -113.374967, 53.591394 ], [ -113.374942, 53.590865 ], [ -113.37494, 53.59073 ], [ -113.375435, 53.590088 ], [ -113.375454, 53.58987 ], [ -113.375447, 53.589433 ], [ -113.375385, 53.588962 ], [ -113.375325, 53.588815 ], [ -113.37513, 53.588663 ], [ -113.375102, 53.588602 ], [ -113.375133, 53.588401 ], [ -113.375122, 53.588281 ], [ -113.375, 53.587905 ], [ -113.374656, 53.587116 ], [ -113.374224, 53.586599 ], [ -113.37401, 53.586239 ], [ -113.373952, 53.586081 ], [ -113.373836, 53.585898 ] ] } },
{ "type": "Feature", "properties": { "cls": "shared", "highway": "cycleway", "name": null }, "geometry": { "type": "LineString", "coordinates": [ [ -113.373667, 53.586146 ], [ -113.373193, 53.586399 ], [ -113.373056, 53.586458 ], [ -113.372686, 53.586613 ], [ -113.372368, 53.586722 ], [ -113.37231, 53.586746 ], [ -113.372263, 53.586777 ], [ -113.372235, 53.586806 ], [ -113.372216, 53.586838 ], [ -113.372206, 53.58687 ], [ -113.372144, 53.586999 ], [ -113.372114, 53.58708 ], [ -113.372056, 53.587141 ], [ -113.371845, 53.587373 ], [ -113.371777, 53.587466 ], [ -113.3717, 53.587596 ], [ -113.37167, 53.587661 ], [ -113.371655, 53.587728 ], [ -113.371654, 53.587795 ], [ -113.371664, 53.587851 ], [ -113.371684, 53.587906 ], [ -113.371714, 53.587959 ], [ -113.371753, 53.58801 ], [ -113.371966, 53.588245 ], [ -113.372209, 53.588533 ], [ -113.372323, 53.588697 ], [ -113.372402, 53.588861 ], [ -113.372492, 53.589122 ], [ -113.372528, 53.589306 ], [ -113.372535, 53.58935 ], [ -113.372552, 53.589392 ], [ -113.372576, 53.589434 ], [ -113.372616, 53.58948 ], [ -113.372666, 53.589523 ], [ -113.372726, 53.589561 ], [ -113.372795, 53.589594 ], [ -113.372887, 53.589661 ], [ -113.373063, 53.589824 ], [ -113.373153, 53.589935 ], [ -113.373228, 53.590046 ], [ -113.373266, 53.590119 ], [ -113.373337, 53.590285 ], [ -113.373402, 53.590521 ], [ -113.373424, 53.590654 ], [ -113.373485, 53.590809 ], [ -113.373563, 53.590943 ], [ -113.373671, 53.591081 ], [ -113.373907, 53.591379 ], [ -113.374092, 53.591694 ], [ -113.374149, 53.591829 ], [ -113.374224, 53.592035 ] ] } },
{ "type": "Feature", "properties": { "cls": "shared", "highway": "cycleway", "name": null }, "geometry": { "type": "LineString", "coordinates": [ [ -113.374942, 53.590865 ], [ -113.374773, 53.590814 ] ] } },
{ "type": "Feature", "properties": { "cls": "shared", "highway": "cycleway", "name": null }, "geometry": { "type": "LineString", "coordinates": [ [ -113.374224, 53.592035 ], [ -113.374298, 53.592429 ], [ -113.374296, 53.592694 ], [ -113.374279, 53.592978 ], [ -113.374232, 53.593517 ], [ -113.374227, 53.593993 ], [ -113.374248, 53.59447 ], [ -113.374254, 53.594718 ], [ -113.374211, 53.595014 ], [ -113.374256, 53.595267 ], [ -113.374411, 53.595768 ], [ -113.374426, 53.595847 ], [ -113.374432, 53.595927 ], [ -113.374431, 53.596007 ], [ -113.37442, 53.596102 ], [ -113.374398, 53.596196 ], [ -113.374195, 53.59684 ], [ -113.374111, 53.597195 ], [ -113.374017, 53.597517 ], [ -113.373985, 53.59761 ], [ -113.373783, 53.598207 ], [ -113.373685, 53.598442 ], [ -113.373578, 53.5988 ], [ -113.373462, 53.598979 ], [ -113.373067, 53.599553 ], [ -113.372667, 53.600087 ], [ -113.372548, 53.600259 ], [ -113.372488, 53.600378 ], [ -113.372372, 53.600681 ], [ -113.372301, 53.600938 ], [ -113.372281, 53.601094 ], [ -113.372278, 53.601133 ], [ -113.372283, 53.601167 ], [ -113.372292, 53.601193 ], [ -113.372315, 53.601216 ], [ -113.372372, 53.601229 ], [ -113.372399, 53.601233 ], [ -113.372427, 53.601237 ], [ -113.372455, 53.601238 ], [ -113.372482, 53.60123 ], [ -113.372506, 53.601219 ], [ -113.37268, 53.601108 ], [ -113.372884, 53.600971 ], [ -113.372988, 53.600907 ], [ -113.373108, 53.600812 ], [ -113.373248, 53.600648 ], [ -113.373353, 53.600523 ], [ -113.373395, 53.60048 ], [ -113.373447, 53.600442 ], [ -113.373506, 53.60041 ], [ -113.373572, 53.600385 ], [ -113.373644, 53.600365 ], [ -113.373908, 53.600308 ], [ -113.373941, 53.600301 ], [ -113.374132, 53.60028 ], [ -113.374277, 53.600266 ], [ -113.374422, 53.600257 ], [ -113.374569, 53.600254 ], [ -113.374715, 53.600257 ], [ -113.374855, 53.600265 ], [ -113.374994, 53.600279 ], [ -113.375097, 53.60029 ], [ -113.375151, 53.600299 ], [ -113.375222, 53.600309 ] ] } },
{ "type": "Feature", "properties": { "cls": "shared", "highway": "cycleway", "name": null }, "geometry": { "type": "LineString", "coordinates": [ [ -113.375222, 53.600309 ], [ -113.375319, 53.600326 ] ] } },
{ "type": "Feature", "properties": { "cls": "sharrow", "highway": "tertiary", "name": "137 Avenue NW" }, "geometry": { "type": "Point", "coordinates": [ -113.375531, 53.600268 ] } },
{ "type": "Feature", "properties": { "cls": "sharrow", "highway": "tertiary", "name": "20 Street NW" }, "geometry": { "type": "LineString", "coordinates": [ [ -113.375531, 53.600268 ], [ -113.375381, 53.600364 ] ] } },
{ "type": "Feature", "properties": { "cls": "shared", "highway": "cycleway", "name": null }, "geometry": { "type": "LineString", "coordinates": [ [ -113.375319, 53.600326 ], [ -113.375381, 53.600364 ] ] } },
{ "type": "Feature", "properties": { "cls": "separated", "highway": "cycleway", "name": null }, "geometry": { "type": "LineString", "coordinates": [ [ -113.372224, 53.601358 ], [ -113.372267, 53.601266 ], [ -113.372278, 53.601226 ], [ -113.372283, 53.601167 ] ] } },
{ "type": "Feature", "properties": { "cls": "separated", "highway": "cycleway", "name": null }, "geometry": { "type": "LineString", "coordinates": [ [ -113.372242, 53.601343 ], [ -113.372455, 53.601238 ] ] } },
{ "type": "Feature", "properties": { "cls": "shared", "highway": "cycleway", "name": null }, "geometry": { "type": "LineString", "coordinates": [ [ -113.372242, 53.601343 ], [ -113.372224, 53.601358 ], [ -113.372222, 53.60137 ], [ -113.372228, 53.601384 ], [ -113.372234, 53.601398 ], [ -113.372243, 53.60141 ] ] } },
{ "type": "Feature", "properties": { "cls": "shared", "highway": "cycleway", "name": null }, "geometry": { "type": "LineString", "coordinates": [ [ -113.375222, 53.600309 ], [ -113.375193, 53.600354 ], [ -113.375128, 53.600408 ], [ -113.375059, 53.600453 ], [ -113.374968, 53.6005 ], [ -113.374869, 53.60055 ], [ -113.374817, 53.600573 ], [ -113.374773, 53.600598 ], [ -113.374719, 53.600649 ], [ -113.374639, 53.600703 ], [ -113.374544, 53.600752 ], [ -113.374498, 53.60078 ], [ -113.374458, 53.600816 ], [ -113.374392, 53.600893 ], [ -113.374358, 53.60094 ], [ -113.374321, 53.600984 ], [ -113.374276, 53.601041 ], [ -113.374191, 53.601136 ], [ -113.374109, 53.601217 ], [ -113.374021, 53.601271 ], [ -113.373828, 53.601374 ], [ -113.373599, 53.601488 ], [ -113.373458, 53.601551 ], [ -113.373383, 53.60158 ], [ -113.373348, 53.601604 ], [ -113.373325, 53.60163 ], [ -113.373299, 53.60167 ], [ -113.373291, 53.601724 ], [ -113.373295, 53.601791 ], [ -113.373311, 53.601866 ], [ -113.373314, 53.601929 ], [ -113.37331, 53.601967 ], [ -113.373294, 53.602005 ], [ -113.373227, 53.602084 ], [ -113.373152, 53.602148 ], [ -113.37306, 53.602225 ], [ -113.373, 53.602274 ], [ -113.372932, 53.602315 ], [ -113.372866, 53.602335 ], [ -113.372802, 53.602348 ], [ -113.372735, 53.60236 ], [ -113.37262, 53.602391 ], [ -113.372413, 53.602479 ], [ -113.372328, 53.602533 ] ] } },
{ "type": "Feature", "properties": { "cls": "shared", "highway": "cycleway", "name": null }, "geometry": { "type": "LineString", "coordinates": [ [ -113.372328, 53.602533 ], [ -113.372224, 53.60266 ], [ -113.372163, 53.602802 ], [ -113.372118, 53.602919 ], [ -113.372075, 53.602997 ], [ -113.371906, 53.603303 ], [ -113.371808, 53.603439 ], [ -113.371688, 53.603562 ], [ -113.371574, 53.603661 ], [ -113.371465, 53.603767 ], [ -113.371392, 53.603854 ], [ -113.371289, 53.604001 ], [ -113.371241, 53.604058 ], [ -113.371183, 53.604109 ], [ -113.37106, 53.604191 ], [ -113.370963, 53.604276 ], [ -113.370892, 53.60436 ], [ -113.370728, 53.604552 ], [ -113.370622, 53.604642 ], [ -113.37051, 53.604724 ], [ -113.370448, 53.604781 ], [ -113.370395, 53.604839 ], [ -113.37027, 53.605008 ], [ -113.370213, 53.605067 ], [ -113.370142, 53.605125 ], [ -113.369983, 53.605264 ], [ -113.369779, 53.605483 ], [ -113.369618, 53.605649 ], [ -113.369559, 53.605713 ], [ -113.3695, 53.605768 ] ] } },
{ "type": "Feature", "properties": { "cls": "shared", "highway": "path", "name": null }, "geometry": { "type": "LineString", "coordinates": [ [ -113.370225, 53.605865 ], [ -113.370085, 53.605888 ], [ -113.369759, 53.605912 ] ] } },
{ "type": "Feature", "properties": { "cls": "shared", "highway": "cycleway", "name": null }, "geometry": { "type": "LineString", "coordinates": [ [ -113.3695, 53.605768 ], [ -113.369444, 53.605803 ], [ -113.369398, 53.605826 ], [ -113.369345, 53.605842 ], [ -113.369231, 53.60587 ], [ -113.369035, 53.605923 ], [ -113.36896, 53.605955 ], [ -113.368904, 53.605998 ], [ -113.368818, 53.606073 ] ] } },
{ "type": "Feature", "properties": { "cls": "shared", "highway": "cycleway", "name": null }, "geometry": { "type": "LineString", "coordinates": [ [ -113.3695, 53.605768 ], [ -113.369632, 53.605834 ], [ -113.369759, 53.605912 ], [ -113.369818, 53.605953 ], [ -113.369939, 53.606041 ], [ -113.370079, 53.606148 ], [ -113.370186, 53.606293 ] ] } },
{ "type": "Feature", "properties": { "cls": "shared", "highway": "cycleway", "name": null }, "geometry": { "type": "LineString", "coordinates": [ [ -113.370186, 53.606293 ], [ -113.370442, 53.606206 ], [ -113.370505, 53.606186 ], [ -113.370479, 53.606113 ] ] } },
{ "type": "Feature", "properties": { "cls": "shared", "highway": "cycleway", "name": null }, "geometry": { "type": "LineString", "coordinates": [ [ -113.368818, 53.606073 ], [ -113.36873, 53.60615 ], [ -113.368698, 53.606181 ] ] } },
{ "type": "Feature", "properties": { "cls": "shared", "highway": "cycleway", "name": null }, "geometry": { "type": "LineString", "coordinates": [ [ -113.369054, 53.606861 ], [ -113.369167, 53.60678 ], [ -113.369359, 53.606657 ], [ -113.369432, 53.606608 ], [ -113.369531, 53.606561 ], [ -113.369699, 53.606486 ], [ -113.370186, 53.606293 ] ] } },
{ "type": "Feature", "properties": { "cls": "shared", "highway": "cycleway", "name": null }, "geometry": { "type": "LineString", "coordinates": [ [ -113.358157, 53.609657 ], [ -113.358104, 53.609655 ], [ -113.358037, 53.609656 ], [ -113.357875, 53.609689 ], [ -113.357782, 53.609702 ], [ -113.357685, 53.609702 ], [ -113.35742, 53.609676 ], [ -113.357307, 53.609672 ], [ -113.357197, 53.609675 ], [ -113.35702, 53.609694 ], [ -113.356856, 53.60972 ], [ -113.35669, 53.609756 ], [ -113.356681, 53.60976 ] ] } },
{ "type": "Feature", "properties": { "cls": "shared", "highway": "cycleway", "name": null }, "geometry": { "type": "LineString", "coordinates": [ [ -113.363076, 53.608974 ], [ -113.36322, 53.608889 ], [ -113.363328, 53.608802 ], [ -113.36337, 53.608707 ], [ -113.363389, 53.608586 ], [ -113.363382, 53.608461 ] ] } },
{ "type": "Feature", "properties": { "cls": "shared", "highway": "cycleway", "name": null }, "geometry": { "type": "MultiLineString", "coordinates": [ [ [ -113.367977, 53.60657 ], [ -113.367361, 53.606937 ], [ -113.367285, 53.607 ], [ -113.367237, 53.607039 ] ], [ [ -113.365743, 53.607869 ], [ -113.365722, 53.60787 ], [ -113.36568, 53.60787 ], [ -113.365638, 53.607873 ], [ -113.365583, 53.60788 ], [ -113.365533, 53.607892 ], [ -113.365483, 53.607913 ], [ -113.365444, 53.607936 ], [ -113.365409, 53.607962 ], [ -113.36538, 53.60799 ], [ -113.365347, 53.608027 ], [ -113.365323, 53.60806 ], [ -113.365313, 53.608095 ], [ -113.365309, 53.60818 ], [ -113.365293, 53.60828 ], [ -113.365235, 53.608394 ], [ -113.365153, 53.608507 ], [ -113.365121, 53.608563 ], [ -113.365108, 53.608586 ], [ -113.365095, 53.608611 ], [ -113.36509, 53.608633 ], [ -113.365096, 53.608662 ], [ -113.365112, 53.608689 ], [ -113.365137, 53.608728 ], [ -113.365161, 53.608769 ], [ -113.36517, 53.608813 ], [ -113.365171, 53.608842 ], [ -113.365165, 53.608871 ], [ -113.365151, 53.608899 ], [ -113.365126, 53.60893 ], [ -113.365117, 53.608938 ] ], [ [ -113.364882, 53.609055 ], [ -113.364765, 53.609094 ], [ -113.364585, 53.609157 ], [ -113.364525, 53.609187 ], [ -113.364495, 53.609206 ], [ -113.364473, 53.609229 ], [ -113.364456, 53.609257 ], [ -113.36445, 53.609287 ], [ -113.364445, 53.609318 ], [ -113.364434, 53.609349 ], [ -113.364412, 53.609388 ], [ -113.364382, 53.609426 ], [ -113.364273, 53.609558 ], [ -113.364245, 53.609592 ], [ -113.36423, 53.60963 ], [ -113.364228, 53.609668 ], [ -113.364238, 53.6097 ], [ -113.364257, 53.60973 ], [ -113.364286, 53.609758 ], [ -113.364322, 53.609782 ], [ -113.364365, 53.609802 ], [ -113.364553, 53.609858 ], [ -113.364843, 53.609931 ] ], [ [ -113.365136, 53.610079 ], [ -113.365381, 53.610344 ], [ -113.365409, 53.610377 ], [ -113.365444, 53.610407 ], [ -113.365486, 53.610434 ], [ -113.365532, 53.610459 ], [ -113.365601, 53.610485 ], [ -113.365646, 53.610498 ], [ -113.365694, 53.610504 ], [ -113.365743, 53.610506 ], [ -113.365781, 53.610503 ], [ -113.365817, 53.610497 ], [ -113.366218, 53.610353 ], [ -113.3663, 53.610336 ], [ -113.366385, 53.610324 ], [ -113.366476, 53.61032 ], [ -113.366726, 53.610321 ], [ -113.366917, 53.610337 ], [ -113.367059, 53.610346 ], [ -113.367111, 53.610344 ], [ -113.367179, 53.610339 ], [ -113.367211, 53.610334 ], [ -113.367239, 53.610336 ] ] ] } },
{ "type": "Feature", "properties": { "cls": "shared", "highway": "cycleway", "name": null }, "geometry": { "type": "LineString", "coordinates": [ [ -113.362716, 53.609064 ], [ -113.362757, 53.609082 ], [ -113.362812, 53.609112 ] ] } },
{ "type": "Feature", "properties": { "cls": "shared", "highway": "cycleway", "name": null }, "geometry": { "type": "LineString", "coordinates": [ [ -113.363076, 53.608974 ], [ -113.362976, 53.609036 ], [ -113.362866, 53.609092 ], [ -113.362812, 53.609112 ] ] } },
{ "type": "Feature", "properties": { "cls": "shared", "highway": "cycleway", "name": null }, "geometry": { "type": "LineString", "coordinates": [ [ -113.362812, 53.609112 ], [ -113.362818, 53.609127 ], [ -113.36281, 53.609154 ], [ -113.362783, 53.609209 ], [ -113.362718, 53.609642 ], [ -113.362685, 53.609818 ], [ -113.362672, 53.609876 ], [ -113.362679, 53.609925 ] ] } },
{ "type": "Feature", "properties": { "cls": "shared", "highway": "cycleway", "name": null }, "geometry": { "type": "LineString", "coordinates": [ [ -113.367239, 53.610336 ], [ -113.367323, 53.6103 ], [ -113.367423, 53.610272 ], [ -113.367534, 53.610255 ], [ -113.367686, 53.610224 ], [ -113.367787, 53.61021 ] ] } },
{ "type": "Feature", "properties": { "cls": "shared", "highway": "cycleway", "name": null }, "geometry": { "type": "MultiLineString", "coordinates": [ [ [ -113.366907, 53.610738 ], [ -113.366869, 53.610735 ], [ -113.366819, 53.610733 ], [ -113.36677, 53.610733 ], [ -113.366727, 53.61074 ], [ -113.366675, 53.610755 ], [ -113.36663, 53.610776 ], [ -113.366594, 53.610804 ], [ -113.366531, 53.610856 ], [ -113.366484, 53.610907 ], [ -113.366425, 53.610952 ], [ -113.366257, 53.611039 ], [ -113.366107, 53.611111 ], [ -113.366039, 53.611139 ], [ -113.365966, 53.611162 ], [ -113.365889, 53.611179 ], [ -113.365798, 53.611192 ], [ -113.365706, 53.611197 ], [ -113.365613, 53.611195 ], [ -113.36547, 53.611181 ], [ -113.36533, 53.611159 ], [ -113.365214, 53.611133 ], [ -113.365103, 53.611101 ], [ -113.365019, 53.611067 ], [ -113.364943, 53.611028 ], [ -113.364877, 53.610985 ], [ -113.364822, 53.610937 ], [ -113.364775, 53.610886 ], [ -113.364625, 53.610717 ], [ -113.364497, 53.610593 ], [ -113.36437, 53.610513 ], [ -113.364191, 53.610444 ], [ -113.364115, 53.610419 ], [ -113.364036, 53.610397 ], [ -113.363934, 53.610385 ] ], [ [ -113.363537, 53.610361 ], [ -113.363474, 53.610354 ], [ -113.363312, 53.610331 ], [ -113.363164, 53.610294 ], [ -113.363019, 53.610223 ], [ -113.362841, 53.610079 ], [ -113.362746, 53.609996 ], [ -113.362679, 53.609925 ] ] ] } },
{ "type": "Feature", "properties": { "cls": "shared", "highway": "cycleway", "name": null }, "geometry": { "type": "LineString", "coordinates": [ [ -113.367239, 53.610336 ], [ -113.367272, 53.610347 ], [ -113.367303, 53.610367 ], [ -113.367367, 53.610419 ], [ -113.367401, 53.610454 ] ] } },
{ "type": "Feature", "properties": { "cls": "shared", "highway": "cycleway", "name": null }, "geometry": { "type": "LineString", "coordinates": [ [ -113.54051, 53.538969 ], [ -113.540679, 53.539187 ], [ -113.540734, 53.539303 ], [ -113.540895, 53.539657 ], [ -113.540925, 53.539696 ], [ -113.540978, 53.539713 ], [ -113.541063, 53.539723 ], [ -113.541166, 53.539726 ] ] } },
{ "type": "Feature", "properties": { "cls": "shared", "highway": "cycleway", "name": null }, "geometry": { "type": "LineString", "coordinates": [ [ -113.541219, 53.538969 ], [ -113.541282, 53.539014 ], [ -113.54132, 53.539063 ], [ -113.54134, 53.539118 ], [ -113.541234, 53.539475 ], [ -113.541196, 53.539604 ], [ -113.541166, 53.539726 ], [ -113.541177, 53.539793 ], [ -113.541196, 53.539864 ], [ -113.541253, 53.540107 ], [ -113.541301, 53.54025 ], [ -113.541355, 53.54035 ], [ -113.54143, 53.540442 ], [ -113.54147, 53.54055 ], [ -113.541475, 53.540675 ], [ -113.541478, 53.540834 ], [ -113.541492, 53.540942 ], [ -113.541528, 53.541099 ], [ -113.541598, 53.541349 ], [ -113.541635, 53.541488 ], [ -113.541629, 53.541636 ], [ -113.541582, 53.541768 ], [ -113.541493, 53.541886 ], [ -113.541417, 53.542029 ], [ -113.54133, 53.542135 ], [ -113.541218, 53.542237 ], [ -113.541042, 53.54239 ], [ -113.540815, 53.542584 ], [ -113.540722, 53.542659 ], [ -113.540643, 53.542738 ] ] } },
{ "type": "Feature", "properties": { "cls": "shared", "highway": "cycleway", "name": null }, "geometry": { "type": "LineString", "coordinates": [ [ -113.540643, 53.542738 ], [ -113.54059, 53.542805 ], [ -113.54053, 53.542908 ], [ -113.540483, 53.543109 ] ] } },
{ "type": "Feature", "properties": { "cls": "separated", "highway": "cycleway", "name": "102 Avenue NW Protected Bike Lane" }, "geometry": { "type": "LineString", "coordinates": [ [ -113.541183, 53.543099 ], [ -113.539494, 53.543096 ] ] } },
{ "type": "Feature", "properties": { "cls": "separated", "highway": "cycleway", "name": "102 Avenue NW Protected Bike Lane" }, "geometry": { "type": "LineString", "coordinates": [ [ -113.541371, 53.54312 ], [ -113.541183, 53.543099 ] ] } },
{ "type": "Feature", "properties": { "cls": "shared", "highway": "cycleway", "name": "102 Avenue NW MUP" }, "geometry": { "type": "Point", "coordinates": [ -113.541371, 53.54312 ] } },
{ "type": "Feature", "properties": { "cls": "shared", "highway": "cycleway", "name": null }, "geometry": { "type": "LineString", "coordinates": [ [ -113.540483, 53.543109 ], [ -113.540491, 53.543281 ], [ -113.540522, 53.543586 ], [ -113.540584, 53.543781 ], [ -113.540662, 53.543894 ], [ -113.540837, 53.544044 ], [ -113.541025, 53.544237 ], [ -113.541219, 53.544345 ], [ -113.541418, 53.544429 ], [ -113.541879, 53.54455 ], [ -113.542163, 53.544652 ], [ -113.542374, 53.544794 ], [ -113.542564, 53.544977 ], [ -113.542697, 53.545295 ], [ -113.542785, 53.545471 ], [ -113.542829, 53.545535 ], [ -113.542883, 53.545597 ], [ -113.542947, 53.545656 ], [ -113.54302, 53.54571 ], [ -113.543101, 53.545761 ], [ -113.54319, 53.545806 ], [ -113.543294, 53.54585 ], [ -113.543406, 53.545886 ], [ -113.543523, 53.545916 ], [ -113.543944, 53.546032 ], [ -113.544279, 53.546115 ], [ -113.544466, 53.546208 ], [ -113.544661, 53.546384 ], [ -113.544817, 53.546671 ], [ -113.544942, 53.546893 ], [ -113.545105, 53.547088 ], [ -113.545347, 53.547305 ], [ -113.545838, 53.547704 ] ] } },
{ "type": "Feature", "properties": { "cls": "shared", "highway": "cycleway", "name": null }, "geometry": { "type": "LineString", "coordinates": [ [ -113.545224, 53.54781 ], [ -113.545393, 53.5478 ] ] } },
{ "type": "Feature", "properties": { "cls": "shared", "highway": "path", "name": null }, "geometry": { "type": "LineString", "coordinates": [ [ -113.548347, 53.544347 ], [ -113.548279, 53.544345 ], [ -113.548206, 53.544309 ], [ -113.548183, 53.5443 ], [ -113.548158, 53.544289 ], [ -113.54813, 53.544282 ], [ -113.548101, 53.544278 ], [ -113.548072, 53.544284 ], [ -113.548047, 53.544295 ], [ -113.548029, 53.54431 ], [ -113.54802, 53.544327 ], [ -113.547977, 53.544391 ], [ -113.547952, 53.544413 ], [ -113.547918, 53.544429 ], [ -113.547877, 53.544438 ], [ -113.547833, 53.544439 ], [ -113.547795, 53.544433 ], [ -113.547761, 53.544421 ], [ -113.547735, 53.544404 ], [ -113.547717, 53.544384 ], [ -113.547595, 53.5442 ], [ -113.547567, 53.544158 ], [ -113.547549, 53.544113 ], [ -113.547542, 53.544068 ], [ -113.547545, 53.544023 ], [ -113.547559, 53.54398 ], [ -113.547583, 53.543937 ], [ -113.547761, 53.543594 ], [ -113.547904, 53.543322 ], [ -113.548051, 53.543146 ] ] } },
{ "type": "Feature", "properties": { "cls": "shared", "highway": "cycleway", "name": null }, "geometry": { "type": "LineString", "coordinates": [ [ -113.547833, 53.544439 ], [ -113.548011, 53.544736 ], [ -113.54822, 53.545112 ], [ -113.548422, 53.545326 ], [ -113.548412, 53.545655 ] ] } },
{ "type": "Feature", "properties": { "cls": "shared", "highway": "cycleway", "name": null }, "geometry": { "type": "LineString", "coordinates": [ [ -113.546239, 53.547684 ], [ -113.546277, 53.547672 ], [ -113.546327, 53.547654 ], [ -113.546409, 53.547632 ], [ -113.546437, 53.547612 ], [ -113.546488, 53.547621 ] ] } },
{ "type": "Feature", "properties": { "cls": "separated", "highway": "cycleway", "name": null }, "geometry": { "type": "LineString", "coordinates": [ [ -113.545393, 53.5478 ], [ -113.545523, 53.547787 ], [ -113.545631, 53.547777 ], [ -113.545737, 53.547762 ], [ -113.546239, 53.547684 ] ] } },
{ "type": "Feature", "properties": { "cls": "shared", "highway": "cycleway", "name": null }, "geometry": { "type": "LineString", "coordinates": [ [ -113.545838, 53.547704 ], [ -113.546142, 53.547935 ] ] } },
{ "type": "Feature", "properties": { "cls": "shared", "highway": "cycleway", "name": null }, "geometry": { "type": "LineString", "coordinates": [ [ -113.546142, 53.547935 ], [ -113.546387, 53.548133 ], [ -113.546496, 53.548201 ], [ -113.546774, 53.548365 ], [ -113.547054, 53.548491 ], [ -113.547272, 53.548583 ], [ -113.547676, 53.548692 ], [ -113.548476, 53.548933 ], [ -113.548614, 53.548985 ], [ -113.548765, 53.549055 ], [ -113.548954, 53.549176 ], [ -113.549145, 53.549319 ], [ -113.549254, 53.549405 ] ] } },
{ "type": "Feature", "properties": { "cls": "shared", "highway": "path", "name": null }, "geometry": { "type": "LineString", "coordinates": [ [ -113.549145, 53.549319 ], [ -113.549468, 53.549381 ], [ -113.549497, 53.549382 ], [ -113.549758, 53.549379 ], [ -113.549787, 53.549376 ] ] } },
{ "type": "Feature", "properties": { "cls": "shared", "highway": "cycleway", "name": null }, "geometry": { "type": "LineString", "coordinates": [ [ -113.549497, 53.549382 ], [ -113.549499, 53.549421 ] ] } },
{ "type": "Feature", "properties": { "cls": "shared", "highway": "cycleway", "name": "Forest Heights Access" }, "geometry": { "type": "LineString", "coordinates": [ [ -113.460526, 53.544315 ], [ -113.460631, 53.544904 ], [ -113.460802, 53.545191 ], [ -113.461042, 53.545397 ], [ -113.461258, 53.545777 ], [ -113.461554, 53.545984 ], [ -113.461974, 53.546317 ], [ -113.462225, 53.546515 ], [ -113.462312, 53.546769 ], [ -113.462453, 53.546839 ], [ -113.462738, 53.54698 ], [ -113.46289, 53.547066 ], [ -113.46301, 53.547158 ], [ -113.463127, 53.547235 ], [ -113.463227, 53.5473 ], [ -113.463314, 53.547383 ], [ -113.463308, 53.547449 ], [ -113.463306, 53.547465 ], [ -113.463301, 53.547536 ], [ -113.463291, 53.54761 ], [ -113.463327, 53.547694 ], [ -113.463374, 53.547736 ], [ -113.463452, 53.547773 ], [ -113.463555, 53.547798 ], [ -113.463633, 53.547826 ], [ -113.463691, 53.547847 ], [ -113.463774, 53.5479 ], [ -113.463842, 53.547956 ], [ -113.463913, 53.548029 ], [ -113.46399, 53.548139 ], [ -113.464132, 53.548223 ], [ -113.464504, 53.548366 ] ] } },
{ "type": "Feature", "properties": { "cls": "shared", "highway": "cycleway", "name": null }, "geometry": { "type": "LineString", "coordinates": [ [ -113.467187, 53.548793 ], [ -113.465863, 53.549095 ], [ -113.465566, 53.549161 ] ] } },
{ "type": "Feature", "properties": { "cls": "shared", "highway": "cycleway", "name": null }, "geometry": { "type": "LineString", "coordinates": [ [ -113.465566, 53.549161 ], [ -113.465183, 53.549248 ], [ -113.464992, 53.549291 ], [ -113.464935, 53.549325 ], [ -113.464866, 53.549343 ], [ -113.464649, 53.549383 ], [ -113.46442, 53.549421 ], [ -113.464288, 53.549435 ], [ -113.464053, 53.549441 ], [ -113.463911, 53.549456 ], [ -113.46385, 53.549457 ], [ -113.463696, 53.549476 ], [ -113.462817, 53.549588 ], [ -113.462551, 53.549622 ], [ -113.462127, 53.549681 ], [ -113.461549, 53.549793 ], [ -113.461255, 53.549853 ], [ -113.460515, 53.550004 ], [ -113.460358, 53.550051 ], [ -113.460094, 53.550097 ], [ -113.459779, 53.550126 ], [ -113.459601, 53.550132 ], [ -113.45945, 53.550133 ], [ -113.45911, 53.55011 ], [ -113.458905, 53.550081 ], [ -113.458753, 53.550054 ], [ -113.458684, 53.550041 ], [ -113.458656, 53.550035 ], [ -113.458602, 53.550039 ], [ -113.458543, 53.55005 ] ] } },
{ "type": "Feature", "properties": { "cls": "shared", "highway": "cycleway", "name": "Dawson Park Access" }, "geometry": { "type": "LineString", "coordinates": [ [ -113.470047, 53.549737 ], [ -113.470057, 53.549752 ], [ -113.470113, 53.549817 ], [ -113.470368, 53.549819 ], [ -113.470476, 53.549818 ], [ -113.470679, 53.549817 ], [ -113.470682, 53.549929 ], [ -113.470699, 53.550007 ], [ -113.470739, 53.550072 ], [ -113.470815, 53.550157 ], [ -113.470833, 53.55019 ], [ -113.470832, 53.550237 ], [ -113.470821, 53.550285 ], [ -113.470802, 53.550327 ], [ -113.470772, 53.550365 ], [ -113.47075, 53.55041 ], [ -113.470748, 53.550458 ], [ -113.470766, 53.550504 ], [ -113.470804, 53.550545 ], [ -113.47083, 53.550605 ], [ -113.470977, 53.550787 ] ] } },
{ "type": "Feature", "properties": { "cls": "shared", "highway": "cycleway", "name": null }, "geometry": { "type": "LineString", "coordinates": [ [ -113.470464, 53.550641 ], [ -113.470467, 53.550683 ], [ -113.470478, 53.550733 ], [ -113.470467, 53.550756 ], [ -113.470437, 53.550777 ], [ -113.470315, 53.550843 ], [ -113.470284, 53.550866 ], [ -113.470261, 53.550892 ] ] } },
{ "type": "Feature", "properties": { "cls": "shared", "highway": "cycleway", "name": "Baker's Folly" }, "geometry": { "type": "LineString", "coordinates": [ [ -113.461166, 53.557358 ], [ -113.461601, 53.557277 ], [ -113.462003, 53.557227 ], [ -113.462536, 53.557113 ], [ -113.463016, 53.557043 ], [ -113.463589, 53.556968 ], [ -113.464138, 53.556954 ], [ -113.464532, 53.556879 ], [ -113.465016, 53.556823 ], [ -113.465378, 53.55677 ], [ -113.465636, 53.5568 ], [ -113.465875, 53.556776 ], [ -113.466231, 53.556749 ], [ -113.466406, 53.556778 ], [ -113.466428, 53.556812 ], [ -113.466459, 53.556862 ] ] } },
{ "type": "Feature", "properties": { "cls": "separated", "highway": "cycleway", "name": null }, "geometry": { "type": "LineString", "coordinates": [ [ -113.470679, 53.549817 ], [ -113.47084, 53.549815 ], [ -113.471022, 53.549817 ], [ -113.471119, 53.549805 ], [ -113.471211, 53.549796 ], [ -113.47129, 53.54979 ], [ -113.471374, 53.549764 ], [ -113.471599, 53.549644 ], [ -113.471755, 53.549592 ], [ -113.4719, 53.549563 ], [ -113.471964, 53.549536 ], [ -113.471996, 53.549515 ], [ -113.472028, 53.549492 ], [ -113.472152, 53.549371 ], [ -113.472214, 53.549303 ], [ -113.47233, 53.549168 ], [ -113.472412, 53.549038 ], [ -113.472463, 53.548931 ], [ -113.472651, 53.548451 ] ] } },
{ "type": "Feature", "properties": { "cls": "separated", "highway": "cycleway", "name": null }, "geometry": { "type": "LineString", "coordinates": [ [ -113.471022, 53.549817 ], [ -113.470947, 53.549857 ], [ -113.470905, 53.549901 ], [ -113.470867, 53.549955 ], [ -113.470836, 53.55001 ], [ -113.470823, 53.550051 ], [ -113.470818, 53.550094 ], [ -113.470833, 53.55019 ] ] } },
{ "type": "Feature", "properties": { "cls": "shared", "highway": "path", "name": null }, "geometry": { "type": "LineString", "coordinates": [ [ -113.47123, 53.550572 ], [ -113.471231, 53.550607 ], [ -113.471217, 53.55064 ], [ -113.471194, 53.550667 ], [ -113.471162, 53.55069 ], [ -113.470977, 53.550787 ] ] } },
{ "type": "Feature", "properties": { "cls": "shared", "highway": "cycleway", "name": null }, "geometry": { "type": "LineString", "coordinates": [ [ -113.466299, 53.558887 ], [ -113.4663, 53.558937 ], [ -113.466274, 53.558984 ], [ -113.466256, 53.559045 ], [ -113.466269, 53.559121 ], [ -113.466322, 53.559163 ], [ -113.466393, 53.55919 ], [ -113.466464, 53.559207 ], [ -113.466523, 53.559225 ], [ -113.466599, 53.559266 ], [ -113.466684, 53.559289 ], [ -113.466762, 53.559335 ], [ -113.466838, 53.559413 ], [ -113.467162, 53.559436 ], [ -113.467185, 53.559435 ], [ -113.467183, 53.559399 ] ] } },
{ "type": "Feature", "properties": { "cls": "shared", "highway": "cycleway", "name": "Miner Shaft" }, "geometry": { "type": "LineString", "coordinates": [ [ -113.466611, 53.559551 ], [ -113.466492, 53.559608 ], [ -113.466382, 53.559669 ], [ -113.466251, 53.559705 ], [ -113.466124, 53.559861 ], [ -113.466069, 53.55992 ], [ -113.466013, 53.559943 ], [ -113.465957, 53.559953 ], [ -113.465905, 53.559947 ], [ -113.465741, 53.559887 ], [ -113.465489, 53.559699 ], [ -113.465365, 53.559568 ], [ -113.465261, 53.559356 ], [ -113.465137, 53.55921 ], [ -113.464917, 53.55905 ], [ -113.464748, 53.559033 ], [ -113.464405, 53.558902 ], [ -113.464198, 53.558818 ], [ -113.464003, 53.558759 ], [ -113.463786, 53.558725 ], [ -113.46363, 53.558738 ], [ -113.46352, 53.558729 ], [ -113.463305, 53.558687 ], [ -113.463163, 53.55867 ], [ -113.462922, 53.558666 ], [ -113.462434, 53.558647 ], [ -113.46224, 53.55867 ], [ -113.461983, 53.558741 ], [ -113.46179, 53.558843 ], [ -113.461731, 53.558857 ] ] } },
{ "type": "Feature", "properties": { "cls": "shared", "highway": "cycleway", "name": null }, "geometry": { "type": "LineString", "coordinates": [ [ -113.467309, 53.559408 ], [ -113.467183, 53.559399 ] ] } },
{ "type": "Feature", "properties": { "cls": "shared", "highway": "cycleway", "name": "Miner Shaft" }, "geometry": { "type": "LineString", "coordinates": [ [ -113.466838, 53.559413 ], [ -113.466611, 53.559551 ] ] } }
]
}
