{
"type": "FeatureCollection",
"name": "039-stockholm-royal-national-city-park",
"crs": { "type": "name", "properties": { "name": "urn:ogc:def:crs:OGC:1.3:CRS84" } },
"xy_coordinate_resolution": 1e-06,
"features": [
{ "type": "Feature", "properties": { "cls": "separated", "highway": "cycleway", "name": null }, "geometry": { "type": "Point", "coordinates": [ 18.096916, 59.328091 ] } },
{ "type": "Feature", "properties": { "cls": "separated", "highway": "cycleway", "name": null }, "geometry": { "type": "MultiLineString", "coordinates": [ [ [ 18.096916, 59.328091 ], [ 18.09692, 59.328162 ] ], [ [ 18.09692, 59.328162 ], [ 18.096912, 59.328211 ] ] ] } },
{ "type": "Feature", "properties": { "cls": "separated", "highway": "cycleway", "name": null }, "geometry": { "type": "MultiLineString", "coordinates": [ [ [ 18.096912, 59.328211 ], [ 18.096895, 59.328318 ] ], [ [ 18.096895, 59.328318 ], [ 18.096293, 59.328855 ] ], [ [ 18.096293, 59.328855 ], [ 18.096045, 59.329072 ] ], [ [ 18.096045, 59.329072 ], [ 18.095444, 59.329588 ] ], [ [ 18.095444, 59.329588 ], [ 18.095415, 59.329615 ] ], [ [ 18.095415, 59.329615 ], [ 18.094568, 59.330341 ] ], [ [ 18.094568, 59.330341 ], [ 18.094277, 59.330689 ] ] ] } },
{ "type": "Feature", "properties": { "cls": "separated", "highway": "cycleway", "name": null }, "geometry": { "type": "LineString", "coordinates": [ [ 18.094277, 59.330689 ], [ 18.094136, 59.330878 ] ] } },
{ "type": "Feature", "properties": { "cls": "separated", "highway": "cycleway", "name": "Djurgårdsbron" }, "geometry": { "type": "LineString", "coordinates": [ [ 18.094136, 59.330878 ], [ 18.093828, 59.331383 ] ] } },
{ "type": "Feature", "properties": { "cls": "separated", "highway": "cycleway", "name": null }, "geometry": { "type": "MultiLineString", "coordinates": [ [ [ 18.093828, 59.331383 ], [ 18.093759, 59.331496 ] ], [ [ 18.093759, 59.331496 ], [ 18.093773, 59.33154 ] ], [ [ 18.093773, 59.33154 ], [ 18.093819, 59.331583 ] ], [ [ 18.093819, 59.331583 ], [ 18.093861, 59.331608 ] ] ] } },
{ "type": "Feature", "properties": { "cls": "separated", "highway": "cycleway", "name": null }, "geometry": { "type": "Point", "coordinates": [ 18.093861, 59.331608 ] } },
{ "type": "Feature", "properties": { "cls": "separated", "highway": "cycleway", "name": "Strandvägen" }, "geometry": { "type": "MultiLineString", "coordinates": [ [ [ 18.093861, 59.331608 ], [ 18.093912, 59.331628 ] ], [ [ 18.093912, 59.331628 ], [ 18.093967, 59.331635 ] ] ] } },
{ "type": "Feature", "properties": { "cls": "separated", "highway": "cycleway", "name": "Strandvägen" }, "geometry": { "type": "MultiLineString", "coordinates": [ [ [ 18.093967, 59.331635 ], [ 18.094985, 59.331664 ] ], [ [ 18.094985, 59.331664 ], [ 18.095288, 59.331685 ] ], [ [ 18.095288, 59.331685 ], [ 18.095523, 59.331711 ] ], [ [ 18.095523, 59.331711 ], [ 18.095583, 59.331718 ] ] ] } },
{ "type": "Feature", "properties": { "cls": "separated", "highway": "cycleway", "name": null }, "geometry": { "type": "Point", "coordinates": [ 18.093861, 59.331608 ] } },
{ "type": "Feature", "properties": { "cls": "separated", "highway": "cycleway", "name": "Strandvägen" }, "geometry": { "type": "MultiLineString", "coordinates": [ [ [ 18.095583, 59.331718 ], [ 18.095688, 59.33174 ] ], [ [ 18.095688, 59.33174 ], [ 18.09644, 59.331985 ] ], [ [ 18.09644, 59.331985 ], [ 18.096604, 59.33204 ] ], [ [ 18.096604, 59.33204 ], [ 18.096734, 59.332121 ] ], [ [ 18.096734, 59.332121 ], [ 18.096985, 59.332293 ] ], [ [ 18.096985, 59.332293 ], [ 18.097034, 59.332326 ] ], [ [ 18.097034, 59.332326 ], [ 18.097328, 59.332561 ] ], [ [ 18.097328, 59.332561 ], [ 18.097529, 59.332696 ] ], [ [ 18.097529, 59.332696 ], [ 18.09776, 59.332789 ] ], [ [ 18.09776, 59.332789 ], [ 18.097936, 59.332828 ] ], [ [ 18.097936, 59.332828 ], [ 18.09821, 59.332885 ] ], [ [ 18.09821, 59.332885 ], [ 18.098316, 59.332897 ] ], [ [ 18.098316, 59.332897 ], [ 18.098418, 59.332904 ] ], [ [ 18.098418, 59.332904 ], [ 18.098908, 59.33293 ] ], [ [ 18.098908, 59.33293 ], [ 18.099128, 59.332912 ] ], [ [ 18.099128, 59.332912 ], [ 18.099321, 59.332874 ] ] ] } },
{ "type": "Feature", "properties": { "cls": "separated", "highway": "cycleway", "name": "Dag Hammarskjölds Väg" }, "geometry": { "type": "LineString", "coordinates": [ [ 18.099321, 59.332874 ], [ 18.100087, 59.332695 ] ] } },
{ "type": "Feature", "properties": { "cls": "separated", "highway": "cycleway", "name": "Dag Hammarskjölds Väg" }, "geometry": { "type": "MultiPoint", "coordinates": [ [ 18.107016, 59.333016 ], [ 18.100087, 59.332695 ] ] } },
{ "type": "Feature", "properties": { "cls": "separated", "highway": "cycleway", "name": "Oxenstiernsgatan" }, "geometry": { "type": "Point", "coordinates": [ 18.099321, 59.332874 ] } },
{ "type": "Feature", "properties": { "cls": "separated", "highway": "cycleway", "name": null }, "geometry": { "type": "Point", "coordinates": [ 18.098908, 59.33293 ] } },
{ "type": "Feature", "properties": { "cls": "shared", "highway": "path", "name": null }, "geometry": { "type": "MultiPoint", "coordinates": [ [ 18.144397, 59.323316 ], [ 18.143265, 59.323092 ] ] } },
{ "type": "Feature", "properties": { "cls": "shared", "highway": "cycleway", "name": null }, "geometry": { "type": "LineString", "coordinates": [ [ 18.134206, 59.32332 ], [ 18.134142, 59.323303 ], [ 18.134089, 59.323294 ], [ 18.134095, 59.323259 ] ] } },
{ "type": "Feature", "properties": { "cls": "shared", "highway": "cycleway", "name": null }, "geometry": { "type": "Point", "coordinates": [ 18.146978, 59.32639 ] } },
{ "type": "Feature", "properties": { "cls": "shared", "highway": "cycleway", "name": null }, "geometry": { "type": "LineString", "coordinates": [ [ 18.146978, 59.32639 ], [ 18.147004, 59.326445 ] ] } },
{ "type": "Feature", "properties": { "cls": "shared", "highway": "cycleway", "name": "Lilla Sjötullsbron" }, "geometry": { "type": "LineString", "coordinates": [ [ 18.147004, 59.326445 ], [ 18.14709, 59.32672 ] ] } },
{ "type": "Feature", "properties": { "cls": "shared", "highway": "cycleway", "name": null }, "geometry": { "type": "LineString", "coordinates": [ [ 18.14709, 59.32672 ], [ 18.147096, 59.326743 ] ] } },
{ "type": "Feature", "properties": { "cls": "shared", "highway": "cycleway", "name": "Bellmans väg" }, "geometry": { "type": "Point", "coordinates": [ 18.116906, 59.326301 ] } },
{ "type": "Feature", "properties": { "cls": "sharrow", "highway": "unclassified", "name": "Valmundsvägen" }, "geometry": { "type": "LineString", "coordinates": [ [ 18.117207, 59.327148 ], [ 18.117235, 59.327366 ] ] } },
{ "type": "Feature", "properties": { "cls": "separated", "highway": "cycleway", "name": null }, "geometry": { "type": "LineString", "coordinates": [ [ 18.133673, 59.325478 ], [ 18.133771, 59.325093 ], [ 18.133773, 59.324953 ], [ 18.133845, 59.324812 ], [ 18.134135, 59.324387 ], [ 18.134377, 59.324041 ], [ 18.134607, 59.323758 ], [ 18.134681, 59.323565 ], [ 18.134681, 59.323524 ], [ 18.134633, 59.323477 ], [ 18.134552, 59.323438 ], [ 18.134476, 59.323406 ], [ 18.134331, 59.323353 ], [ 18.134206, 59.32332 ] ] } },
{ "type": "Feature", "properties": { "cls": "shared", "highway": "cycleway", "name": "Prinsessan Märtas Väg" }, "geometry": { "type": "Point", "coordinates": [ 18.14505, 59.324988 ] } },
{ "type": "Feature", "properties": { "cls": "shared", "highway": "cycleway", "name": "Prins Carls Väg" }, "geometry": { "type": "LineString", "coordinates": [ [ 18.132014, 59.329519 ], [ 18.132604, 59.329321 ], [ 18.133459, 59.329009 ], [ 18.134039, 59.328809 ], [ 18.134678, 59.328605 ], [ 18.135342, 59.328436 ], [ 18.136141, 59.328239 ], [ 18.136814, 59.3281 ], [ 18.137637, 59.327976 ], [ 18.138201, 59.327914 ], [ 18.139329, 59.327852 ], [ 18.140086, 59.327801 ], [ 18.141221, 59.327652 ], [ 18.141959, 59.327511 ], [ 18.142551, 59.327375 ], [ 18.142932, 59.327277 ], [ 18.143566, 59.32709 ], [ 18.143709, 59.327051 ], [ 18.143839, 59.327017 ], [ 18.144473, 59.326829 ], [ 18.145032, 59.326693 ], [ 18.145471, 59.326611 ], [ 18.146243, 59.326486 ], [ 18.146689, 59.326409 ], [ 18.146978, 59.32639 ] ] } },
{ "type": "Feature", "properties": { "cls": "separated", "highway": "cycleway", "name": "Prins Bertils Väg" }, "geometry": { "type": "LineString", "coordinates": [ [ 18.132359, 59.32984 ], [ 18.132432, 59.329825 ], [ 18.132517, 59.329774 ], [ 18.133029, 59.329567 ], [ 18.133564, 59.329373 ], [ 18.134467, 59.32905 ], [ 18.135435, 59.328768 ], [ 18.136376, 59.32855 ], [ 18.137283, 59.328375 ], [ 18.137732, 59.328297 ], [ 18.138812, 59.328194 ], [ 18.139576, 59.328166 ], [ 18.139765, 59.328159 ], [ 18.140467, 59.328107 ], [ 18.141046, 59.328021 ], [ 18.14168, 59.327902 ], [ 18.142313, 59.327793 ], [ 18.142882, 59.32765 ], [ 18.143536, 59.327453 ], [ 18.144201, 59.327267 ], [ 18.144877, 59.32707 ], [ 18.145414, 59.326944 ], [ 18.145979, 59.326866 ], [ 18.146143, 59.32684 ], [ 18.14687, 59.326769 ], [ 18.147096, 59.326743 ] ] } },
{ "type": "Feature", "properties": { "cls": "separated", "highway": "cycleway", "name": "Rosendalsvägen" }, "geometry": { "type": "LineString", "coordinates": [ [ 18.1312, 59.328915 ], [ 18.131372, 59.328928 ], [ 18.131508, 59.328944 ], [ 18.131659, 59.328976 ], [ 18.13176, 59.329004 ] ] } },
{ "type": "Feature", "properties": { "cls": "separated", "highway": "cycleway", "name": "Rosendalsvägen" }, "geometry": { "type": "LineString", "coordinates": [ [ 18.13176, 59.329004 ], [ 18.132052, 59.329052 ], [ 18.132124, 59.329127 ] ] } },
{ "type": "Feature", "properties": { "cls": "separated", "highway": "cycleway", "name": null }, "geometry": { "type": "LineString", "coordinates": [ [ 18.132046, 59.329229 ], [ 18.131968, 59.329215 ], [ 18.131959, 59.329164 ], [ 18.131932, 59.329116 ], [ 18.13176, 59.329004 ] ] } },
{ "type": "Feature", "properties": { "cls": "separated", "highway": "cycleway", "name": "Rosendalsvägen" }, "geometry": { "type": "LineString", "coordinates": [ [ 18.128152, 59.329349 ], [ 18.128249, 59.329236 ], [ 18.128382, 59.329132 ], [ 18.128551, 59.328988 ], [ 18.128639, 59.328932 ], [ 18.128772, 59.328885 ], [ 18.128934, 59.32884 ], [ 18.129346, 59.328781 ], [ 18.129634, 59.328771 ], [ 18.129807, 59.328779 ], [ 18.131117, 59.328902 ], [ 18.1312, 59.328915 ] ] } },
{ "type": "Feature", "properties": { "cls": "separated", "highway": "cycleway", "name": null }, "geometry": { "type": "LineString", "coordinates": [ [ 18.128152, 59.329349 ], [ 18.128304, 59.329346 ], [ 18.128477, 59.329368 ], [ 18.128663, 59.329413 ], [ 18.128768, 59.329433 ], [ 18.129005, 59.329445 ], [ 18.129156, 59.329439 ], [ 18.129297, 59.329412 ], [ 18.129504, 59.329343 ], [ 18.129653, 59.329284 ], [ 18.129966, 59.329149 ], [ 18.13016, 59.329092 ], [ 18.13039, 59.329057 ], [ 18.130691, 59.329005 ], [ 18.130914, 59.328973 ], [ 18.131043, 59.328953 ], [ 18.1312, 59.328915 ] ] } },
{ "type": "Feature", "properties": { "cls": "separated", "highway": "cycleway", "name": null }, "geometry": { "type": "LineString", "coordinates": [ [ 18.131968, 59.329215 ], [ 18.13186, 59.329265 ], [ 18.13183, 59.329302 ], [ 18.13177, 59.329412 ], [ 18.13168, 59.32949 ], [ 18.131523, 59.329581 ] ] } },
{ "type": "Feature", "properties": { "cls": "separated", "highway": "cycleway", "name": "Israel af Ströms Väg" }, "geometry": { "type": "LineString", "coordinates": [ [ 18.128063, 59.327078 ], [ 18.128383, 59.32724 ], [ 18.128265, 59.327536 ], [ 18.127471, 59.32782 ], [ 18.127128, 59.328231 ], [ 18.126572, 59.328438 ], [ 18.126016, 59.328674 ], [ 18.125587, 59.328838 ], [ 18.125211, 59.328964 ], [ 18.124771, 59.329117 ], [ 18.124342, 59.329248 ], [ 18.123866, 59.329349 ] ] } },
{ "type": "Feature", "properties": { "cls": "shared", "highway": "cycleway", "name": null }, "geometry": { "type": "LineString", "coordinates": [ [ 18.123866, 59.329349 ], [ 18.123829, 59.329322 ], [ 18.123596, 59.32926 ], [ 18.123187, 59.329169 ], [ 18.122905, 59.329079 ], [ 18.122542, 59.328899 ], [ 18.122092, 59.328675 ], [ 18.121846, 59.328552 ] ] } },
{ "type": "Feature", "properties": { "cls": "separated", "highway": "cycleway", "name": "Rosendalsvägen" }, "geometry": { "type": "LineString", "coordinates": [ [ 18.123866, 59.329349 ], [ 18.123966, 59.3294 ], [ 18.124232, 59.329454 ], [ 18.12434, 59.329486 ], [ 18.124658, 59.329565 ], [ 18.124846, 59.329588 ], [ 18.125272, 59.329576 ], [ 18.12547, 59.329566 ], [ 18.125676, 59.329573 ], [ 18.126019, 59.329596 ], [ 18.126176, 59.329595 ], [ 18.126326, 59.329582 ], [ 18.126571, 59.32954 ], [ 18.12686, 59.329499 ], [ 18.127066, 59.329487 ], [ 18.127376, 59.329497 ], [ 18.127506, 59.329498 ], [ 18.127643, 59.329481 ], [ 18.127829, 59.329444 ], [ 18.128035, 59.329393 ], [ 18.128152, 59.329349 ] ] } },
{ "type": "Feature", "properties": { "cls": "shared", "highway": "cycleway", "name": "Folke Bernadottes bro" }, "geometry": { "type": "LineString", "coordinates": [ [ 18.119675, 59.33017 ], [ 18.119444, 59.331049 ] ] } },
{ "type": "Feature", "properties": { "cls": "shared", "highway": "cycleway", "name": null }, "geometry": { "type": "LineString", "coordinates": [ [ 18.125421, 59.331522 ], [ 18.125543, 59.331571 ], [ 18.125617, 59.331645 ], [ 18.125623, 59.331718 ], [ 18.125543, 59.331811 ] ] } },
{ "type": "Feature", "properties": { "cls": "separated", "highway": "cycleway", "name": null }, "geometry": { "type": "LineString", "coordinates": [ [ 18.112662, 59.332227 ], [ 18.112277, 59.332676 ], [ 18.112188, 59.332893 ], [ 18.112164, 59.33295 ], [ 18.112144, 59.333112 ] ] } },
{ "type": "Feature", "properties": { "cls": "separated", "highway": "cycleway", "name": "Folke Bernadottes Väg" }, "geometry": { "type": "LineString", "coordinates": [ [ 18.107785, 59.332856 ], [ 18.108149, 59.332902 ] ] } },
{ "type": "Feature", "properties": { "cls": "separated", "highway": "cycleway", "name": null }, "geometry": { "type": "LineString", "coordinates": [ [ 18.111632, 59.333153 ], [ 18.111917, 59.33313 ], [ 18.112144, 59.333112 ], [ 18.11221, 59.333105 ], [ 18.112521, 59.333075 ], [ 18.11283, 59.333045 ], [ 18.113227, 59.333006 ], [ 18.113732, 59.332959 ], [ 18.11449, 59.332895 ], [ 18.115164, 59.332858 ] ] } },
{ "type": "Feature", "properties": { "cls": "separated", "highway": "cycleway", "name": null }, "geometry": { "type": "MultiLineString", "coordinates": [ [ [ 18.128348, 59.332933 ], [ 18.12822, 59.332984 ] ], [ [ 18.12822, 59.332984 ], [ 18.127263, 59.333311 ] ], [ [ 18.127263, 59.333311 ], [ 18.126473, 59.333537 ] ], [ [ 18.126473, 59.333537 ], [ 18.125929, 59.333676 ] ], [ [ 18.125929, 59.333676 ], [ 18.125815, 59.333712 ] ], [ [ 18.125815, 59.333712 ], [ 18.125573, 59.333772 ] ], [ [ 18.125573, 59.333772 ], [ 18.125353, 59.333742 ] ], [ [ 18.125353, 59.333742 ], [ 18.125104, 59.333703 ] ] ] } },
{ "type": "Feature", "properties": { "cls": "separated", "highway": "cycleway", "name": "Folke Bernadottes Väg" }, "geometry": { "type": "LineString", "coordinates": [ [ 18.107016, 59.333016 ], [ 18.107088, 59.332972 ], [ 18.107785, 59.332856 ] ] } },
{ "type": "Feature", "properties": { "cls": "separated", "highway": "cycleway", "name": null }, "geometry": { "type": "LineString", "coordinates": [ [ 18.142636, 59.331576 ], [ 18.142821, 59.331487 ], [ 18.142979, 59.331397 ], [ 18.143145, 59.331325 ], [ 18.143164, 59.331224 ] ] } },
{ "type": "Feature", "properties": { "cls": "shared", "highway": "cycleway", "name": "Lidovägen" }, "geometry": { "type": "LineString", "coordinates": [ [ 18.127278, 59.331331 ], [ 18.127393, 59.331245 ], [ 18.127849, 59.331031 ], [ 18.128125, 59.330957 ], [ 18.128316, 59.330923 ], [ 18.128417, 59.330902 ] ] } },
{ "type": "Feature", "properties": { "cls": "separated", "highway": "cycleway", "name": null }, "geometry": { "type": "LineString", "coordinates": [ [ 18.128348, 59.332933 ], [ 18.128443, 59.332886 ], [ 18.12865, 59.332796 ], [ 18.129114, 59.33261 ], [ 18.129755, 59.332446 ], [ 18.130143, 59.332315 ], [ 18.130463, 59.332175 ], [ 18.130813, 59.332001 ], [ 18.13124, 59.331733 ], [ 18.131717, 59.331419 ], [ 18.132105, 59.331154 ], [ 18.132274, 59.331038 ], [ 18.132315, 59.331019 ], [ 18.132489, 59.330857 ], [ 18.132628, 59.330708 ], [ 18.132669, 59.330639 ], [ 18.132708, 59.330566 ], [ 18.132758, 59.330447 ] ] } },
{ "type": "Feature", "properties": { "cls": "separated", "highway": "cycleway", "name": null }, "geometry": { "type": "LineString", "coordinates": [ [ 18.142636, 59.331576 ], [ 18.142544, 59.331598 ], [ 18.142353, 59.331645 ], [ 18.141207, 59.331768 ], [ 18.14061, 59.331862 ], [ 18.139928, 59.331868 ], [ 18.13982, 59.331881 ], [ 18.139735, 59.331921 ], [ 18.139361, 59.332013 ], [ 18.138905, 59.33205 ], [ 18.138135, 59.33217 ], [ 18.13798, 59.332201 ], [ 18.137719, 59.332233 ], [ 18.137534, 59.332253 ] ] } },
{ "type": "Feature", "properties": { "cls": "separated", "highway": "cycleway", "name": null }, "geometry": { "type": "LineString", "coordinates": [ [ 18.132801, 59.332303 ], [ 18.132653, 59.33225 ], [ 18.132265, 59.33229 ], [ 18.131613, 59.332421 ], [ 18.131256, 59.332478 ], [ 18.130904, 59.332497 ], [ 18.130508, 59.332459 ], [ 18.130248, 59.332426 ], [ 18.1299, 59.332475 ], [ 18.129551, 59.332544 ], [ 18.129367, 59.332659 ], [ 18.12934, 59.332719 ], [ 18.12865, 59.332796 ] ] } },
{ "type": "Feature", "properties": { "cls": "separated", "highway": "cycleway", "name": null }, "geometry": { "type": "LineString", "coordinates": [ [ 18.12934, 59.332719 ], [ 18.12942, 59.332787 ] ] } },
{ "type": "Feature", "properties": { "cls": "separated", "highway": "cycleway", "name": null }, "geometry": { "type": "LineString", "coordinates": [ [ 18.12942, 59.332787 ], [ 18.129492, 59.332817 ] ] } },
{ "type": "Feature", "properties": { "cls": "separated", "highway": "cycleway", "name": null }, "geometry": { "type": "LineString", "coordinates": [ [ 18.138168, 59.332926 ], [ 18.138174, 59.333028 ], [ 18.138263, 59.333155 ], [ 18.138369, 59.333236 ] ] } },
{ "type": "Feature", "properties": { "cls": "separated", "highway": "cycleway", "name": null }, "geometry": { "type": "LineString", "coordinates": [ [ 18.138369, 59.333236 ], [ 18.138442, 59.333293 ] ] } },
{ "type": "Feature", "properties": { "cls": "separated", "highway": "cycleway", "name": null }, "geometry": { "type": "LineString", "coordinates": [ [ 18.138442, 59.333293 ], [ 18.138494, 59.333332 ], [ 18.13893, 59.333491 ], [ 18.139476, 59.333679 ], [ 18.139645, 59.333756 ] ] } },
{ "type": "Feature", "properties": { "cls": "shared", "highway": "cycleway", "name": null }, "geometry": { "type": "LineString", "coordinates": [ [ 18.109353, 59.332948 ], [ 18.109555, 59.33304 ], [ 18.110724, 59.333129 ] ] } },
{ "type": "Feature", "properties": { "cls": "separated", "highway": "cycleway", "name": "Dag Hammarskjölds Väg" }, "geometry": { "type": "MultiLineString", "coordinates": [ [ [ 18.107016, 59.333016 ], [ 18.107137, 59.333035 ] ], [ [ 18.107137, 59.333035 ], [ 18.107292, 59.333078 ] ] ] } },
{ "type": "Feature", "properties": { "cls": "shared", "highway": "cycleway", "name": "Greve von Essens Väg" }, "geometry": { "type": "LineString", "coordinates": [ [ 18.124025, 59.333513 ], [ 18.124057, 59.333465 ], [ 18.124135, 59.333451 ], [ 18.124168, 59.333416 ] ] } },
{ "type": "Feature", "properties": { "cls": "separated", "highway": "cycleway", "name": "Djurgårdsbrunnsvägen" }, "geometry": { "type": "MultiLineString", "coordinates": [ [ [ 18.107292, 59.333078 ], [ 18.107488, 59.333142 ] ], [ [ 18.107488, 59.333142 ], [ 18.107539, 59.333153 ] ], [ [ 18.107539, 59.333153 ], [ 18.108751, 59.333265 ] ] ] } },
{ "type": "Feature", "properties": { "cls": "separated", "highway": "cycleway", "name": "Djurgårdsbrunnsvägen" }, "geometry": { "type": "MultiLineString", "coordinates": [ [ [ 18.125104, 59.333703 ], [ 18.124936, 59.33367 ] ], [ [ 18.124936, 59.33367 ], [ 18.124138, 59.333525 ] ], [ [ 18.124138, 59.333525 ], [ 18.124025, 59.333513 ] ] ] } },
{ "type": "Feature", "properties": { "cls": "shared", "highway": "cycleway", "name": "Djurgårdsbrunnsvägen" }, "geometry": { "type": "LineString", "coordinates": [ [ 18.124025, 59.333513 ], [ 18.123625, 59.333469 ], [ 18.120882, 59.333248 ], [ 18.120643, 59.333243 ], [ 18.120115, 59.333278 ], [ 18.119545, 59.333309 ], [ 18.119256, 59.333331 ], [ 18.116358, 59.333514 ], [ 18.115174, 59.333594 ], [ 18.113607, 59.333694 ], [ 18.112923, 59.333737 ], [ 18.112521, 59.333743 ], [ 18.112144, 59.333712 ], [ 18.111404, 59.333668 ], [ 18.111328, 59.333664 ], [ 18.11104, 59.333646 ], [ 18.110508, 59.3336 ] ] } },
{ "type": "Feature", "properties": { "cls": "separated", "highway": "cycleway", "name": "Djurgårdsbrunnsvägen" }, "geometry": { "type": "LineString", "coordinates": [ [ 18.108751, 59.333265 ], [ 18.109561, 59.333328 ], [ 18.110557, 59.333422 ] ] } },
{ "type": "Feature", "properties": { "cls": "separated", "highway": "cycleway", "name": null }, "geometry": { "type": "LineString", "coordinates": [ [ 18.110557, 59.333422 ], [ 18.111225, 59.333493 ], [ 18.111365, 59.33354 ] ] } },
{ "type": "Feature", "properties": { "cls": "shared", "highway": "cycleway", "name": null }, "geometry": { "type": "MultiLineString", "coordinates": [ [ [ 18.108751, 59.333265 ], [ 18.108806, 59.333344 ] ], [ [ 18.108806, 59.333344 ], [ 18.108845, 59.3334 ] ], [ [ 18.108845, 59.3334 ], [ 18.108938, 59.33355 ] ], [ [ 18.108938, 59.33355 ], [ 18.108964, 59.333608 ] ], [ [ 18.108964, 59.333608 ], [ 18.108967, 59.333662 ] ], [ [ 18.108967, 59.333662 ], [ 18.108998, 59.333814 ] ], [ [ 18.108998, 59.333814 ], [ 18.109142, 59.334024 ] ], [ [ 18.109142, 59.334024 ], [ 18.10917, 59.33408 ] ], [ [ 18.10917, 59.33408 ], [ 18.109176, 59.334195 ] ], [ [ 18.109176, 59.334195 ], [ 18.109168, 59.334252 ] ], [ [ 18.109168, 59.334252 ], [ 18.109119, 59.334401 ] ], [ [ 18.109119, 59.334401 ], [ 18.109097, 59.334469 ] ], [ [ 18.109097, 59.334469 ], [ 18.10895, 59.334719 ] ] ] } },
{ "type": "Feature", "properties": { "cls": "shared", "highway": "cycleway", "name": null }, "geometry": { "type": "LineString", "coordinates": [ [ 18.147096, 59.326743 ], [ 18.147122, 59.326789 ], [ 18.147432, 59.326919 ] ] } },
{ "type": "Feature", "properties": { "cls": "separated", "highway": "cycleway", "name": null }, "geometry": { "type": "Point", "coordinates": [ 18.151402, 59.327988 ] } },
{ "type": "Feature", "properties": { "cls": "separated", "highway": "cycleway", "name": null }, "geometry": { "type": "LineString", "coordinates": [ [ 18.151429, 59.330882 ], [ 18.151383, 59.330853 ], [ 18.151226, 59.330781 ], [ 18.150503, 59.330327 ], [ 18.150091, 59.330174 ], [ 18.149936, 59.330047 ], [ 18.149509, 59.329714 ] ] } },
{ "type": "Feature", "properties": { "cls": "shared", "highway": "cycleway", "name": null }, "geometry": { "type": "LineString", "coordinates": [ [ 18.10895, 59.334719 ], [ 18.109321, 59.334537 ], [ 18.109523, 59.334438 ], [ 18.109895, 59.334269 ], [ 18.110032, 59.334189 ], [ 18.110108, 59.334124 ], [ 18.110188, 59.33404 ], [ 18.110217, 59.333993 ], [ 18.110327, 59.333818 ], [ 18.110508, 59.3336 ], [ 18.110534, 59.333544 ], [ 18.110547, 59.333495 ], [ 18.110557, 59.333422 ] ] } },
{ "type": "Feature", "properties": { "cls": "shared", "highway": "cycleway", "name": "Greve von Essens Väg" }, "geometry": { "type": "MultiLineString", "coordinates": [ [ [ 18.115538, 59.337364 ], [ 18.11875, 59.335974 ] ], [ [ 18.11875, 59.335974 ], [ 18.120556, 59.335178 ] ], [ [ 18.120556, 59.335178 ], [ 18.122174, 59.334483 ] ], [ [ 18.122174, 59.334483 ], [ 18.122494, 59.334323 ] ], [ [ 18.122494, 59.334323 ], [ 18.12302, 59.334095 ] ], [ [ 18.12302, 59.334095 ], [ 18.12382, 59.333708 ] ], [ [ 18.12382, 59.333708 ], [ 18.123932, 59.333632 ] ], [ [ 18.123932, 59.333632 ], [ 18.123975, 59.333581 ] ], [ [ 18.123975, 59.333581 ], [ 18.124003, 59.333548 ] ], [ [ 18.124003, 59.333548 ], [ 18.124025, 59.333513 ] ] ] } },
{ "type": "Feature", "properties": { "cls": "shared", "highway": "cycleway", "name": null }, "geometry": { "type": "MultiLineString", "coordinates": [ [ [ 18.107613, 59.335672 ], [ 18.107831, 59.335572 ] ], [ [ 18.107831, 59.335572 ], [ 18.108261, 59.335377 ] ], [ [ 18.108261, 59.335377 ], [ 18.108341, 59.335325 ] ], [ [ 18.108341, 59.335325 ], [ 18.108405, 59.335268 ] ], [ [ 18.108405, 59.335268 ], [ 18.108797, 59.334877 ] ], [ [ 18.108797, 59.334877 ], [ 18.10895, 59.334719 ] ] ] } },
{ "type": "Feature", "properties": { "cls": "shared", "highway": "cycleway", "name": null }, "geometry": { "type": "Point", "coordinates": [ 18.107613, 59.335672 ] } },
{ "type": "Feature", "properties": { "cls": "shared", "highway": "cycleway", "name": null }, "geometry": { "type": "MultiLineString", "coordinates": [ [ [ 18.107613, 59.335672 ], [ 18.107592, 59.335754 ] ], [ [ 18.107592, 59.335754 ], [ 18.1076, 59.33584 ] ], [ [ 18.1076, 59.33584 ], [ 18.107685, 59.335891 ] ], [ [ 18.107685, 59.335891 ], [ 18.108051, 59.336189 ] ], [ [ 18.108051, 59.336189 ], [ 18.108534, 59.336574 ] ], [ [ 18.108534, 59.336574 ], [ 18.108901, 59.336926 ] ], [ [ 18.108901, 59.336926 ], [ 18.109525, 59.337494 ] ], [ [ 18.109525, 59.337494 ], [ 18.109849, 59.337792 ] ], [ [ 18.109849, 59.337792 ], [ 18.110682, 59.338456 ] ] ] } },
{ "type": "Feature", "properties": { "cls": "shared", "highway": "cycleway", "name": "Greve von Essens Väg" }, "geometry": { "type": "MultiLineString", "coordinates": [ [ [ 18.115538, 59.337364 ], [ 18.115046, 59.337566 ] ], [ [ 18.115046, 59.337566 ], [ 18.114776, 59.337655 ] ], [ [ 18.114776, 59.337655 ], [ 18.114411, 59.337736 ] ], [ [ 18.114411, 59.337736 ], [ 18.113812, 59.337858 ] ], [ [ 18.113812, 59.337858 ], [ 18.113283, 59.337956 ] ], [ [ 18.113283, 59.337956 ], [ 18.112241, 59.338148 ] ], [ [ 18.112241, 59.338148 ], [ 18.11201, 59.33819 ] ], [ [ 18.11201, 59.33819 ], [ 18.110682, 59.338456 ] ] ] } },
{ "type": "Feature", "properties": { "cls": "separated", "highway": "cycleway", "name": null }, "geometry": { "type": "Point", "coordinates": [ 18.114776, 59.337655 ] } },
{ "type": "Feature", "properties": { "cls": "shared", "highway": "cycleway", "name": "Greve von Essens Väg" }, "geometry": { "type": "Point", "coordinates": [ 18.11201, 59.33819 ] } },
{ "type": "Feature", "properties": { "cls": "shared", "highway": "cycleway", "name": null }, "geometry": { "type": "Point", "coordinates": [ 18.110682, 59.338456 ] } },
{ "type": "Feature", "properties": { "cls": "shared", "highway": "cycleway", "name": "Greve von Essens Väg" }, "geometry": { "type": "Point", "coordinates": [ 18.110682, 59.338456 ] } },
{ "type": "Feature", "properties": { "cls": "separated", "highway": "cycleway", "name": null }, "geometry": { "type": "Point", "coordinates": [ 18.093214, 59.346747 ] } },
{ "type": "Feature", "properties": { "cls": "separated", "highway": "cycleway", "name": "Planterhagsvägen" }, "geometry": { "type": "Point", "coordinates": [ 18.080235, 59.349392 ] } },
{ "type": "Feature", "properties": { "cls": "separated", "highway": "cycleway", "name": "Södra Fiskartorpsvägen" }, "geometry": { "type": "MultiLineString", "coordinates": [ [ [ 18.08033, 59.349445 ], [ 18.08025, 59.34941 ] ], [ [ 18.08025, 59.34941 ], [ 18.080235, 59.349392 ] ] ] } },
{ "type": "Feature", "properties": { "cls": "separated", "highway": "cycleway", "name": "Södra Fiskartorpsvägen" }, "geometry": { "type": "LineString", "coordinates": [ [ 18.080809, 59.349636 ], [ 18.08033, 59.349445 ] ] } },
{ "type": "Feature", "properties": { "cls": "separated", "highway": "cycleway", "name": null }, "geometry": { "type": "MultiLineString", "coordinates": [ [ [ 18.080809, 59.349636 ], [ 18.080848, 59.349674 ] ], [ [ 18.080848, 59.349674 ], [ 18.080907, 59.349726 ] ], [ [ 18.080907, 59.349726 ], [ 18.081092, 59.349861 ] ], [ [ 18.081092, 59.349861 ], [ 18.081408, 59.34999 ] ], [ [ 18.081408, 59.34999 ], [ 18.081985, 59.350206 ] ], [ [ 18.081985, 59.350206 ], [ 18.082227, 59.350304 ] ], [ [ 18.082227, 59.350304 ], [ 18.082566, 59.350443 ] ], [ [ 18.082566, 59.350443 ], [ 18.082624, 59.350465 ] ], [ [ 18.082624, 59.350465 ], [ 18.082772, 59.350478 ] ], [ [ 18.082772, 59.350478 ], [ 18.082878, 59.350505 ] ], [ [ 18.082878, 59.350505 ], [ 18.083072, 59.350557 ] ] ] } },
{ "type": "Feature", "properties": { "cls": "separated", "highway": "cycleway", "name": "Södra Fiskartorpsvägen" }, "geometry": { "type": "MultiLineString", "coordinates": [ [ [ 18.084334, 59.35228 ], [ 18.084249, 59.352248 ] ], [ [ 18.084249, 59.352248 ], [ 18.084189, 59.352211 ] ], [ [ 18.084189, 59.352211 ], [ 18.084174, 59.352188 ] ], [ [ 18.084174, 59.352188 ], [ 18.084152, 59.352145 ] ], [ [ 18.084152, 59.352145 ], [ 18.084132, 59.352104 ] ], [ [ 18.084132, 59.352104 ], [ 18.083999, 59.351802 ] ], [ [ 18.083999, 59.351802 ], [ 18.083887, 59.351557 ] ], [ [ 18.083887, 59.351557 ], [ 18.083814, 59.351373 ] ], [ [ 18.083814, 59.351373 ], [ 18.083729, 59.351115 ] ], [ [ 18.083729, 59.351115 ], [ 18.083684, 59.351036 ] ], [ [ 18.083684, 59.351036 ], [ 18.083414, 59.350818 ] ], [ [ 18.083414, 59.350818 ], [ 18.083299, 59.350707 ] ], [ [ 18.083299, 59.350707 ], [ 18.08319, 59.35064 ] ], [ [ 18.08319, 59.35064 ], [ 18.083072, 59.350557 ] ] ] } },
{ "type": "Feature", "properties": { "cls": "separated", "highway": "cycleway", "name": "Södra Fiskartorpsvägen" }, "geometry": { "type": "MultiLineString", "coordinates": [ [ [ 18.084451, 59.352372 ], [ 18.084397, 59.352309 ] ], [ [ 18.084397, 59.352309 ], [ 18.084334, 59.35228 ] ] ] } },
{ "type": "Feature", "properties": { "cls": "separated", "highway": "cycleway", "name": "Träskportsvägen" }, "geometry": { "type": "Point", "coordinates": [ 18.080235, 59.349392 ] } },
{ "type": "Feature", "properties": { "cls": "shared", "highway": "cycleway", "name": "Klappjaktsvägen" }, "geometry": { "type": "Point", "coordinates": [ 18.074481, 59.352103 ] } },
{ "type": "Feature", "properties": { "cls": "separated", "highway": "cycleway", "name": "Planterhagsvägen" }, "geometry": { "type": "MultiLineString", "coordinates": [ [ [ 18.080235, 59.349392 ], [ 18.080186, 59.349411 ] ], [ [ 18.080186, 59.349411 ], [ 18.080134, 59.349434 ] ], [ [ 18.080134, 59.349434 ], [ 18.080109, 59.349456 ] ], [ [ 18.080109, 59.349456 ], [ 18.080071, 59.34956 ] ], [ [ 18.080071, 59.34956 ], [ 18.079928, 59.349681 ] ], [ [ 18.079928, 59.349681 ], [ 18.079848, 59.349743 ] ], [ [ 18.079848, 59.349743 ], [ 18.079514, 59.350001 ] ], [ [ 18.079514, 59.350001 ], [ 18.07935, 59.350132 ] ], [ [ 18.07935, 59.350132 ], [ 18.079189, 59.350255 ] ], [ [ 18.079189, 59.350255 ], [ 18.079082, 59.350336 ] ], [ [ 18.079082, 59.350336 ], [ 18.079076, 59.350341 ] ], [ [ 18.079076, 59.350341 ], [ 18.078794, 59.350546 ] ], [ [ 18.078794, 59.350546 ], [ 18.078614, 59.350677 ] ], [ [ 18.078614, 59.350677 ], [ 18.0786, 59.350687 ] ], [ [ 18.0786, 59.350687 ], [ 18.078502, 59.350755 ] ], [ [ 18.078502, 59.350755 ], [ 18.078419, 59.350811 ] ], [ [ 18.078419, 59.350811 ], [ 18.078172, 59.351031 ] ], [ [ 18.078172, 59.351031 ], [ 18.078071, 59.351126 ] ], [ [ 18.078071, 59.351126 ], [ 18.077856, 59.351289 ] ], [ [ 18.077856, 59.351289 ], [ 18.077653, 59.351393 ] ], [ [ 18.077653, 59.351393 ], [ 18.077374, 59.351515 ] ], [ [ 18.077374, 59.351515 ], [ 18.077314, 59.351539 ] ], [ [ 18.077314, 59.351539 ], [ 18.077025, 59.35164 ] ], [ [ 18.077025, 59.35164 ], [ 18.076876, 59.351687 ] ], [ [ 18.076876, 59.351687 ], [ 18.076794, 59.351708 ] ], [ [ 18.076794, 59.351708 ], [ 18.076636, 59.351741 ] ], [ [ 18.076636, 59.351741 ], [ 18.076581, 59.351751 ] ] ] } },
{ "type": "Feature", "properties": { "cls": "separated", "highway": "cycleway", "name": "Uggleviksvägen" }, "geometry": { "type": "MultiLineString", "coordinates": [ [ [ 18.07434, 59.352163 ], [ 18.074481, 59.352103 ] ], [ [ 18.074481, 59.352103 ], [ 18.074791, 59.351974 ] ], [ [ 18.074791, 59.351974 ], [ 18.074842, 59.351952 ] ], [ [ 18.074842, 59.351952 ], [ 18.074894, 59.351932 ] ], [ [ 18.074894, 59.351932 ], [ 18.074928, 59.351921 ] ], [ [ 18.074928, 59.351921 ], [ 18.075072, 59.351872 ] ], [ [ 18.075072, 59.351872 ], [ 18.07522, 59.351835 ] ], [ [ 18.07522, 59.351835 ], [ 18.075285, 59.351821 ] ], [ [ 18.075285, 59.351821 ], [ 18.075351, 59.351813 ] ], [ [ 18.075351, 59.351813 ], [ 18.075557, 59.351796 ] ], [ [ 18.075557, 59.351796 ], [ 18.075661, 59.351788 ] ], [ [ 18.075661, 59.351788 ], [ 18.075733, 59.351782 ] ], [ [ 18.075733, 59.351782 ], [ 18.075773, 59.351781 ] ], [ [ 18.075773, 59.351781 ], [ 18.075845, 59.351779 ] ], [ [ 18.075845, 59.351779 ], [ 18.076153, 59.351772 ] ], [ [ 18.076153, 59.351772 ], [ 18.076442, 59.351766 ] ], [ [ 18.076442, 59.351766 ], [ 18.076581, 59.351751 ] ] ] } },
{ "type": "Feature", "properties": { "cls": "shared", "highway": "cycleway", "name": "Uggleviksvägen" }, "geometry": { "type": "LineString", "coordinates": [ [ 18.076581, 59.351751 ], [ 18.076646, 59.351805 ], [ 18.077152, 59.351986 ], [ 18.077256, 59.352061 ], [ 18.077294, 59.352109 ], [ 18.077334, 59.352155 ], [ 18.077412, 59.352258 ], [ 18.077442, 59.352291 ], [ 18.077483, 59.35234 ], [ 18.077535, 59.352416 ], [ 18.077762, 59.352613 ] ] } },
{ "type": "Feature", "properties": { "cls": "separated", "highway": "cycleway", "name": "Uggleviksvägen" }, "geometry": { "type": "MultiLineString", "coordinates": [ [ [ 18.071029, 59.353299 ], [ 18.071157, 59.353248 ] ], [ [ 18.071157, 59.353248 ], [ 18.071209, 59.353229 ] ], [ [ 18.071209, 59.353229 ], [ 18.071337, 59.353183 ] ], [ [ 18.071337, 59.353183 ], [ 18.07141, 59.353164 ] ], [ [ 18.07141, 59.353164 ], [ 18.071488, 59.353148 ] ], [ [ 18.071488, 59.353148 ], [ 18.071771, 59.3531 ] ], [ [ 18.071771, 59.3531 ], [ 18.071963, 59.353071 ] ], [ [ 18.071963, 59.353071 ], [ 18.07203, 59.35306 ] ], [ [ 18.07203, 59.35306 ], [ 18.072094, 59.35305 ] ], [ [ 18.072094, 59.35305 ], [ 18.072343, 59.353005 ] ], [ [ 18.072343, 59.353005 ], [ 18.072515, 59.352961 ] ], [ [ 18.072515, 59.352961 ], [ 18.072749, 59.352889 ] ], [ [ 18.072749, 59.352889 ], [ 18.072922, 59.352823 ] ], [ [ 18.072922, 59.352823 ], [ 18.073037, 59.352778 ] ], [ [ 18.073037, 59.352778 ], [ 18.07326, 59.352676 ] ], [ [ 18.07326, 59.352676 ], [ 18.073368, 59.352624 ] ], [ [ 18.073368, 59.352624 ], [ 18.073487, 59.352565 ] ], [ [ 18.073487, 59.352565 ], [ 18.073533, 59.352539 ] ], [ [ 18.073533, 59.352539 ], [ 18.073572, 59.352516 ] ], [ [ 18.073572, 59.352516 ], [ 18.073724, 59.352442 ] ], [ [ 18.073724, 59.352442 ], [ 18.073829, 59.352392 ] ], [ [ 18.073829, 59.352392 ], [ 18.074028, 59.352302 ] ], [ [ 18.074028, 59.352302 ], [ 18.074182, 59.352233 ] ], [ [ 18.074182, 59.352233 ], [ 18.074232, 59.352211 ] ], [ [ 18.074232, 59.352211 ], [ 18.074285, 59.352187 ] ], [ [ 18.074285, 59.352187 ], [ 18.07434, 59.352163 ] ] ] } },
{ "type": "Feature", "properties": { "cls": "shared", "highway": "path", "name": null }, "geometry": { "type": "LineString", "coordinates": [ [ 18.075835, 59.358472 ], [ 18.076091, 59.358352 ], [ 18.076538, 59.35823 ], [ 18.076879, 59.35806 ], [ 18.077028, 59.358006 ], [ 18.077257, 59.357984 ], [ 18.077399, 59.357972 ], [ 18.078003, 59.358137 ], [ 18.078389, 59.358332 ], [ 18.078338, 59.358404 ], [ 18.078263, 59.358472 ], [ 18.078129, 59.358627 ], [ 18.077737, 59.358736 ], [ 18.077599, 59.35874 ], [ 18.077475, 59.358749 ], [ 18.077421, 59.358773 ], [ 18.077426, 59.358809 ], [ 18.077568, 59.358957 ], [ 18.077576, 59.35897 ] ] } },
{ "type": "Feature", "properties": { "cls": "shared", "highway": "path", "name": null }, "geometry": { "type": "LineString", "coordinates": [ [ 18.075835, 59.358472 ], [ 18.076215, 59.358499 ], [ 18.076445, 59.358546 ], [ 18.076652, 59.358624 ], [ 18.076743, 59.358732 ] ] } },
{ "type": "Feature", "properties": { "cls": "shared", "highway": "path", "name": null }, "geometry": { "type": "LineString", "coordinates": [ [ 18.0749, 59.359322 ], [ 18.074839, 59.359292 ], [ 18.074798, 59.359252 ], [ 18.074786, 59.359222 ], [ 18.074732, 59.359064 ], [ 18.074689, 59.359037 ], [ 18.074446, 59.358928 ], [ 18.074155, 59.358859 ], [ 18.074104, 59.358857 ] ] } },
{ "type": "Feature", "properties": { "cls": "separated", "highway": "cycleway", "name": "Bobergsbron" }, "geometry": { "type": "LineString", "coordinates": [ [ 18.084648, 59.352627 ], [ 18.084451, 59.352372 ] ] } },
{ "type": "Feature", "properties": { "cls": "separated", "highway": "cycleway", "name": "Bobergsgatan" }, "geometry": { "type": "MultiLineString", "coordinates": [ [ [ 18.084648, 59.352627 ], [ 18.08466, 59.352644 ] ], [ [ 18.08466, 59.352644 ], [ 18.084711, 59.352709 ] ], [ [ 18.084711, 59.352709 ], [ 18.084782, 59.352767 ] ], [ [ 18.084782, 59.352767 ], [ 18.084845, 59.352807 ] ], [ [ 18.084845, 59.352807 ], [ 18.084953, 59.352856 ] ], [ [ 18.084953, 59.352856 ], [ 18.085025, 59.35288 ] ] ] } },
{ "type": "Feature", "properties": { "cls": "shared", "highway": "cycleway", "name": "Uggleviksvägen" }, "geometry": { "type": "LineString", "coordinates": [ [ 18.079717, 59.353412 ], [ 18.080895, 59.353097 ], [ 18.08178, 59.352873 ], [ 18.08229, 59.352751 ], [ 18.082331, 59.352741 ], [ 18.083202, 59.352528 ], [ 18.083636, 59.352421 ], [ 18.084117, 59.352312 ], [ 18.084188, 59.352287 ], [ 18.084249, 59.352248 ] ] } },
{ "type": "Feature", "properties": { "cls": "separated", "highway": "cycleway", "name": "Bobergsgatan" }, "geometry": { "type": "Point", "coordinates": [ 18.085025, 59.35288 ] } },
{ "type": "Feature", "properties": { "cls": "shared", "highway": "cycleway", "name": "Uggleviksvägen" }, "geometry": { "type": "LineString", "coordinates": [ [ 18.077762, 59.352613 ], [ 18.077901, 59.352685 ], [ 18.078023, 59.352776 ], [ 18.078138, 59.352929 ], [ 18.078252, 59.353044 ], [ 18.078355, 59.353108 ], [ 18.078418, 59.353146 ], [ 18.078497, 59.35319 ], [ 18.078672, 59.353286 ], [ 18.078767, 59.35332 ], [ 18.078872, 59.353363 ], [ 18.079128, 59.353424 ], [ 18.079346, 59.353438 ], [ 18.079717, 59.353412 ] ] } },
{ "type": "Feature", "properties": { "cls": "shared", "highway": "cycleway", "name": null }, "geometry": { "type": "MultiLineString", "coordinates": [ [ [ 18.08474, 59.355887 ], [ 18.084711, 59.355677 ] ], [ [ 18.084711, 59.355677 ], [ 18.084695, 59.355623 ] ], [ [ 18.084695, 59.355623 ], [ 18.084677, 59.355591 ] ], [ [ 18.084677, 59.355591 ], [ 18.084693, 59.355545 ] ], [ [ 18.084693, 59.355545 ], [ 18.084738, 59.355518 ] ], [ [ 18.084738, 59.355518 ], [ 18.084853, 59.355461 ] ], [ [ 18.084853, 59.355461 ], [ 18.085092, 59.355353 ] ], [ [ 18.085092, 59.355353 ], [ 18.085212, 59.355286 ] ], [ [ 18.085212, 59.355286 ], [ 18.085308, 59.35521 ] ], [ [ 18.085308, 59.35521 ], [ 18.085359, 59.355125 ] ], [ [ 18.085359, 59.355125 ], [ 18.085353, 59.355031 ] ], [ [ 18.085353, 59.355031 ], [ 18.085197, 59.354685 ] ], [ [ 18.085197, 59.354685 ], [ 18.085195, 59.354666 ] ], [ [ 18.085195, 59.354666 ], [ 18.085184, 59.354505 ] ], [ [ 18.085184, 59.354505 ], [ 18.085265, 59.354329 ] ], [ [ 18.085265, 59.354329 ], [ 18.085289, 59.354256 ] ], [ [ 18.085289, 59.354256 ], [ 18.085352, 59.354063 ] ], [ [ 18.085352, 59.354063 ], [ 18.085439, 59.353725 ] ], [ [ 18.085439, 59.353725 ], [ 18.085422, 59.353517 ] ], [ [ 18.085422, 59.353517 ], [ 18.085355, 59.35338 ] ], [ [ 18.085355, 59.35338 ], [ 18.085323, 59.353268 ] ], [ [ 18.085323, 59.353268 ], [ 18.085286, 59.353197 ] ], [ [ 18.085286, 59.353197 ], [ 18.085251, 59.353147 ] ], [ [ 18.085251, 59.353147 ], [ 18.085014, 59.352951 ] ], [ [ 18.085014, 59.352951 ], [ 18.085003, 59.352929 ] ], [ [ 18.085003, 59.352929 ], [ 18.085025, 59.35288 ] ] ] } },
{ "type": "Feature", "properties": { "cls": "shared", "highway": "path", "name": null }, "geometry": { "type": "Point", "coordinates": [ 18.08474, 59.355887 ] } },
{ "type": "Feature", "properties": { "cls": "shared", "highway": "path", "name": null }, "geometry": { "type": "MultiLineString", "coordinates": [ [ [ 18.083648, 59.356602 ], [ 18.083776, 59.35657 ] ], [ [ 18.083776, 59.35657 ], [ 18.084201, 59.356334 ] ], [ [ 18.084201, 59.356334 ], [ 18.084404, 59.356206 ] ], [ [ 18.084404, 59.356206 ], [ 18.08462, 59.356093 ] ], [ [ 18.08462, 59.356093 ], [ 18.084668, 59.356064 ] ], [ [ 18.084668, 59.356064 ], [ 18.084716, 59.35603 ] ], [ [ 18.084716, 59.35603 ], [ 18.08474, 59.355887 ] ] ] } },
{ "type": "Feature", "properties": { "cls": "shared", "highway": "path", "name": null }, "geometry": { "type": "MultiLineString", "coordinates": [ [ [ 18.083158, 59.356767 ], [ 18.083285, 59.356687 ] ], [ [ 18.083285, 59.356687 ], [ 18.083648, 59.356602 ] ] ] } },
{ "type": "Feature", "properties": { "cls": "shared", "highway": "path", "name": "Björnnäsbron" }, "geometry": { "type": "LineString", "coordinates": [ [ 18.083082, 59.356815 ], [ 18.083158, 59.356767 ] ] } },
{ "type": "Feature", "properties": { "cls": "shared", "highway": "path", "name": null }, "geometry": { "type": "MultiLineString", "coordinates": [ [ [ 18.082534, 59.356992 ], [ 18.082594, 59.356943 ] ], [ [ 18.082594, 59.356943 ], [ 18.082675, 59.356918 ] ], [ [ 18.082675, 59.356918 ], [ 18.082821, 59.356879 ] ], [ [ 18.082821, 59.356879 ], [ 18.08304, 59.356847 ] ], [ [ 18.08304, 59.356847 ], [ 18.083082, 59.356815 ] ] ] } },
{ "type": "Feature", "properties": { "cls": "shared", "highway": "path", "name": null }, "geometry": { "type": "Point", "coordinates": [ 18.08304, 59.356847 ] } },
{ "type": "Feature", "properties": { "cls": "separated", "highway": "cycleway", "name": null }, "geometry": { "type": "LineString", "coordinates": [ [ 18.077364, 59.357835 ], [ 18.077432, 59.357722 ], [ 18.077493, 59.357706 ], [ 18.077553, 59.357688 ], [ 18.079012, 59.357323 ], [ 18.0793, 59.357316 ] ] } },
{ "type": "Feature", "properties": { "cls": "separated", "highway": "cycleway", "name": null }, "geometry": { "type": "Point", "coordinates": [ 18.084111, 59.358805 ] } },
{ "type": "Feature", "properties": { "cls": "shared", "highway": "path", "name": null }, "geometry": { "type": "LineString", "coordinates": [ [ 18.076836, 59.359259 ], [ 18.076745, 59.359231 ], [ 18.076603, 59.359222 ], [ 18.07617, 59.359257 ] ] } },
{ "type": "Feature", "properties": { "cls": "shared", "highway": "path", "name": null }, "geometry": { "type": "LineString", "coordinates": [ [ 18.074037, 59.360041 ], [ 18.073818, 59.360062 ], [ 18.073628, 59.360069 ], [ 18.073437, 59.360066 ], [ 18.073195, 59.360054 ], [ 18.072942, 59.360027 ], [ 18.0728, 59.360004 ], [ 18.07263, 59.359992 ], [ 18.072565, 59.35995 ], [ 18.072584, 59.35989 ], [ 18.07269, 59.35979 ], [ 18.072789, 59.35969 ], [ 18.072918, 59.359599 ], [ 18.073099, 59.359504 ], [ 18.073246, 59.359422 ], [ 18.073427, 59.35936 ], [ 18.07374, 59.359308 ], [ 18.073836, 59.359266 ], [ 18.073917, 59.359133 ], [ 18.074034, 59.358969 ], [ 18.074089, 59.358903 ], [ 18.074104, 59.358857 ] ] } },
{ "type": "Feature", "properties": { "cls": "shared", "highway": "path", "name": "Candyland" }, "geometry": { "type": "LineString", "coordinates": [ [ 18.07617, 59.359257 ], [ 18.076107, 59.359255 ], [ 18.075792, 59.359238 ], [ 18.075577, 59.359188 ], [ 18.075516, 59.359187 ], [ 18.075466, 59.359194 ], [ 18.075451, 59.359219 ], [ 18.075472, 59.359264 ], [ 18.075512, 59.359293 ], [ 18.075626, 59.359394 ], [ 18.075611, 59.359417 ], [ 18.075592, 59.359439 ], [ 18.075533, 59.359438 ], [ 18.075264, 59.35938 ], [ 18.075022, 59.35935 ], [ 18.074946, 59.359336 ], [ 18.074863, 59.359343 ], [ 18.074827, 59.35936 ], [ 18.075007, 59.359447 ], [ 18.075238, 59.359563 ], [ 18.075254, 59.359586 ], [ 18.075202, 59.359584 ], [ 18.07501, 59.359511 ], [ 18.07487, 59.359482 ], [ 18.074836, 59.359503 ], [ 18.074881, 59.359569 ], [ 18.074931, 59.359646 ], [ 18.074919, 59.359687 ], [ 18.074856, 59.35971 ], [ 18.074678, 59.359709 ], [ 18.074456, 59.359705 ], [ 18.074336, 59.35972 ], [ 18.074289, 59.359738 ], [ 18.074269, 59.359763 ], [ 18.074257, 59.359852 ], [ 18.074244, 59.359898 ], [ 18.074287, 59.360061 ] ] } },
{ "type": "Feature", "properties": { "cls": "shared", "highway": "path", "name": null }, "geometry": { "type": "LineString", "coordinates": [ [ 18.074502, 59.360093 ], [ 18.074454, 59.36006 ], [ 18.074457, 59.360016 ], [ 18.074551, 59.359991 ], [ 18.074709, 59.359958 ], [ 18.074994, 59.359941 ], [ 18.075187, 59.359942 ], [ 18.075302, 59.359916 ], [ 18.075441, 59.359846 ], [ 18.075545, 59.359765 ], [ 18.07572, 59.359663 ], [ 18.075845, 59.359597 ], [ 18.076132, 59.359504 ], [ 18.076514, 59.359387 ], [ 18.076836, 59.359259 ] ] } },
{ "type": "Feature", "properties": { "cls": "shared", "highway": "path", "name": null }, "geometry": { "type": "LineString", "coordinates": [ [ 18.077043, 59.359829 ], [ 18.076974, 59.359941 ], [ 18.07695, 59.36001 ], [ 18.076918, 59.360103 ] ] } },
{ "type": "Feature", "properties": { "cls": "separated", "highway": "cycleway", "name": "Unnarörsvägen" }, "geometry": { "type": "LineString", "coordinates": [ [ 18.07068, 59.362585 ], [ 18.070661, 59.362557 ] ] } },
{ "type": "Feature", "properties": { "cls": "separated", "highway": "cycleway", "name": null }, "geometry": { "type": "MultiLineString", "coordinates": [ [ [ 18.074287, 59.363351 ], [ 18.074268, 59.363281 ] ], [ [ 18.074268, 59.363281 ], [ 18.074269, 59.363034 ] ], [ [ 18.074269, 59.363034 ], [ 18.074269, 59.362864 ] ], [ [ 18.074269, 59.362864 ], [ 18.074275, 59.362662 ] ], [ [ 18.074275, 59.362662 ], [ 18.074291, 59.362564 ] ], [ [ 18.074291, 59.362564 ], [ 18.074316, 59.362422 ] ], [ [ 18.074316, 59.362422 ], [ 18.074459, 59.362028 ] ], [ [ 18.074459, 59.362028 ], [ 18.074419, 59.361978 ] ] ] } },
{ "type": "Feature", "properties": { "cls": "separated", "highway": "cycleway", "name": null }, "geometry": { "type": "LineString", "coordinates": [ [ 18.074087, 59.363431 ], [ 18.073991, 59.363346 ], [ 18.073271, 59.363022 ], [ 18.072262, 59.362737 ], [ 18.071879, 59.362713 ], [ 18.071271, 59.362741 ], [ 18.07068, 59.362585 ] ] } },
{ "type": "Feature", "properties": { "cls": "shared", "highway": "cycleway", "name": "Uggleviksvägen" }, "geometry": { "type": "Point", "coordinates": [ 18.071029, 59.353299 ] } },
{ "type": "Feature", "properties": { "cls": "shared", "highway": "cycleway", "name": null }, "geometry": { "type": "Point", "coordinates": [ 18.064371, 59.356623 ] } },
{ "type": "Feature", "properties": { "cls": "shared", "highway": "cycleway", "name": "Björnnäsvägen" }, "geometry": { "type": "MultiLineString", "coordinates": [ [ [ 18.063174, 59.357099 ], [ 18.063636, 59.356899 ] ], [ [ 18.063636, 59.356899 ], [ 18.064371, 59.356623 ] ] ] } },
{ "type": "Feature", "properties": { "cls": "shared", "highway": "cycleway", "name": "Björnnäsvägen" }, "geometry": { "type": "Point", "coordinates": [ 18.063174, 59.357099 ] } },
{ "type": "Feature", "properties": { "cls": "separated", "highway": "cycleway", "name": "Uggleängsvägen" }, "geometry": { "type": "MultiLineString", "coordinates": [ [ [ 18.07035, 59.353829 ], [ 18.070392, 59.353802 ] ], [ [ 18.070392, 59.353802 ], [ 18.070454, 59.353752 ] ], [ [ 18.070454, 59.353752 ], [ 18.070549, 59.353671 ] ], [ [ 18.070549, 59.353671 ], [ 18.070693, 59.35357 ] ], [ [ 18.070693, 59.35357 ], [ 18.070831, 59.353473 ] ], [ [ 18.070831, 59.353473 ], [ 18.071029, 59.353299 ] ] ] } },
{ "type": "Feature", "properties": { "cls": "separated", "highway": "cycleway", "name": "Uggleängsvägen" }, "geometry": { "type": "MultiLineString", "coordinates": [ [ [ 18.070001, 59.354067 ], [ 18.07004, 59.354038 ] ], [ [ 18.07004, 59.354038 ], [ 18.070246, 59.353898 ] ], [ [ 18.070246, 59.353898 ], [ 18.07035, 59.353829 ] ] ] } },
{ "type": "Feature", "properties": { "cls": "separated", "highway": "cycleway", "name": "Uggleängsvägen" }, "geometry": { "type": "MultiLineString", "coordinates": [ [ [ 18.069938, 59.35419 ], [ 18.069942, 59.354163 ] ], [ [ 18.069942, 59.354163 ], [ 18.069951, 59.354138 ] ], [ [ 18.069951, 59.354138 ], [ 18.070001, 59.354067 ] ] ] } },
{ "type": "Feature", "properties": { "cls": "separated", "highway": "cycleway", "name": "Uggleängsvägen" }, "geometry": { "type": "MultiLineString", "coordinates": [ [ [ 18.069971, 59.354403 ], [ 18.069972, 59.354329 ] ], [ [ 18.069972, 59.354329 ], [ 18.069938, 59.35419 ] ] ] } },
{ "type": "Feature", "properties": { "cls": "separated", "highway": "cycleway", "name": "Uggleängsvägen" }, "geometry": { "type": "MultiLineString", "coordinates": [ [ [ 18.069891, 59.354518 ], [ 18.069936, 59.354478 ] ], [ [ 18.069936, 59.354478 ], [ 18.069969, 59.354441 ] ], [ [ 18.069969, 59.354441 ], [ 18.069971, 59.354403 ] ] ] } },
{ "type": "Feature", "properties": { "cls": "separated", "highway": "cycleway", "name": "Uggleängsvägen" }, "geometry": { "type": "MultiLineString", "coordinates": [ [ [ 18.069891, 59.354518 ], [ 18.069811, 59.354553 ] ], [ [ 18.069811, 59.354553 ], [ 18.069701, 59.354588 ] ], [ [ 18.069701, 59.354588 ], [ 18.069153, 59.354748 ] ], [ [ 18.069153, 59.354748 ], [ 18.068825, 59.354848 ] ], [ [ 18.068825, 59.354848 ], [ 18.068533, 59.354934 ] ], [ [ 18.068533, 59.354934 ], [ 18.068221, 59.355026 ] ], [ [ 18.068221, 59.355026 ], [ 18.067905, 59.355118 ] ], [ [ 18.067905, 59.355118 ], [ 18.067559, 59.355214 ] ], [ [ 18.067559, 59.355214 ], [ 18.067156, 59.355335 ] ], [ [ 18.067156, 59.355335 ], [ 18.066973, 59.355398 ] ], [ [ 18.066973, 59.355398 ], [ 18.066868, 59.355472 ] ], [ [ 18.066868, 59.355472 ], [ 18.06675, 59.355556 ] ], [ [ 18.06675, 59.355556 ], [ 18.066657, 59.355629 ] ], [ [ 18.066657, 59.355629 ], [ 18.066627, 59.355656 ] ], [ [ 18.066627, 59.355656 ], [ 18.066513, 59.355755 ] ], [ [ 18.066513, 59.355755 ], [ 18.066392, 59.355864 ] ], [ [ 18.066392, 59.355864 ], [ 18.066354, 59.355899 ] ], [ [ 18.066354, 59.355899 ], [ 18.066251, 59.356009 ] ], [ [ 18.066251, 59.356009 ], [ 18.066165, 59.356119 ] ], [ [ 18.066165, 59.356119 ], [ 18.065899, 59.35627 ] ] ] } },
{ "type": "Feature", "properties": { "cls": "shared", "highway": "cycleway", "name": "Uggleängsvägen" }, "geometry": { "type": "LineString", "coordinates": [ [ 18.066165, 59.356119 ], [ 18.066238, 59.356193 ], [ 18.06632, 59.356244 ] ] } },
{ "type": "Feature", "properties": { "cls": "separated", "highway": "cycleway", "name": "Björnnäsvägen" }, "geometry": { "type": "MultiLineString", "coordinates": [ [ [ 18.064371, 59.356623 ], [ 18.064822, 59.356484 ] ], [ [ 18.064822, 59.356484 ], [ 18.065356, 59.356347 ] ], [ [ 18.065356, 59.356347 ], [ 18.065721, 59.356288 ] ], [ [ 18.065721, 59.356288 ], [ 18.065839, 59.356276 ] ], [ [ 18.065839, 59.356276 ], [ 18.065899, 59.35627 ] ] ] } },
{ "type": "Feature", "properties": { "cls": "shared", "highway": "path", "name": null }, "geometry": { "type": "LineString", "coordinates": [ [ 18.064137, 59.359321 ], [ 18.064154, 59.359417 ], [ 18.064151, 59.359486 ], [ 18.064068, 59.359703 ], [ 18.063952, 59.35984 ], [ 18.063751, 59.35995 ], [ 18.063439, 59.36008 ], [ 18.063155, 59.360217 ], [ 18.062723, 59.360386 ], [ 18.062099, 59.360584 ], [ 18.061835, 59.360684 ], [ 18.061398, 59.360741 ], [ 18.060985, 59.360753 ], [ 18.060759, 59.360755 ], [ 18.060438, 59.360748 ], [ 18.060202, 59.360684 ], [ 18.060001, 59.360711 ], [ 18.059809, 59.360731 ], [ 18.059674, 59.360675 ], [ 18.059689, 59.360618 ], [ 18.059886, 59.360589 ], [ 18.060044, 59.360564 ], [ 18.060063, 59.360501 ], [ 18.060092, 59.360459 ], [ 18.060102, 59.360444 ], [ 18.060236, 59.360481 ], [ 18.060313, 59.360493 ], [ 18.060572, 59.360449 ], [ 18.060899, 59.360418 ], [ 18.061129, 59.360361 ], [ 18.061359, 59.360278 ], [ 18.061571, 59.360261 ], [ 18.061859, 59.360124 ], [ 18.0622, 59.360021 ], [ 18.062301, 59.359933 ], [ 18.062296, 59.359833 ], [ 18.062349, 59.359751 ], [ 18.062454, 59.359703 ], [ 18.062579, 59.359635 ], [ 18.062728, 59.359515 ], [ 18.06269, 59.359395 ], [ 18.062661, 59.359287 ], [ 18.062733, 59.359116 ], [ 18.06269, 59.359001 ], [ 18.062617, 59.358904 ], [ 18.062614, 59.358782 ], [ 18.062627, 59.358595 ], [ 18.062795, 59.358475 ], [ 18.062939, 59.358316 ], [ 18.063155, 59.358149 ], [ 18.063309, 59.358 ], [ 18.063443, 59.357929 ], [ 18.063582, 59.357802 ], [ 18.063779, 59.357682 ], [ 18.064197, 59.357599 ], [ 18.064644, 59.357481 ], [ 18.065018, 59.357325 ], [ 18.065282, 59.357197 ], [ 18.065604, 59.357072 ], [ 18.065911, 59.356992 ], [ 18.066324, 59.356894 ], [ 18.066555, 59.356816 ], [ 18.066862, 59.356786 ], [ 18.06714, 59.356818 ], [ 18.067222, 59.356921 ], [ 18.067198, 59.356997 ], [ 18.067188, 59.357085 ], [ 18.066939, 59.357153 ], [ 18.066785, 59.357232 ], [ 18.066602, 59.357285 ], [ 18.066406, 59.357342 ], [ 18.066281, 59.357337 ], [ 18.066026, 59.357361 ], [ 18.06581, 59.357381 ], [ 18.06558, 59.35744 ], [ 18.06521, 59.35744 ], [ 18.065076, 59.357476 ], [ 18.065057, 59.357572 ], [ 18.065215, 59.357643 ], [ 18.065282, 59.357748 ], [ 18.06532, 59.357825 ], [ 18.065407, 59.357949 ], [ 18.065517, 59.358093 ], [ 18.065585, 59.358203 ], [ 18.065719, 59.358279 ], [ 18.06582, 59.358272 ], [ 18.066281, 59.358086 ], [ 18.066559, 59.357995 ], [ 18.066819, 59.357956 ], [ 18.067102, 59.357848 ], [ 18.0674, 59.357763 ], [ 18.067745, 59.357608 ], [ 18.067946, 59.357502 ], [ 18.06818, 59.357375 ], [ 18.068417, 59.357236 ], [ 18.068562, 59.357129 ], [ 18.06873, 59.357031 ], [ 18.069066, 59.356955 ], [ 18.069368, 59.356896 ], [ 18.069575, 59.356838 ], [ 18.069723, 59.356752 ], [ 18.069925, 59.356703 ], [ 18.070074, 59.356708 ], [ 18.070122, 59.356735 ], [ 18.070098, 59.356794 ], [ 18.070146, 59.356833 ], [ 18.070208, 59.356862 ], [ 18.070151, 59.356909 ], [ 18.069954, 59.356933 ], [ 18.069834, 59.357001 ], [ 18.069738, 59.357109 ], [ 18.069498, 59.357146 ], [ 18.069402, 59.357251 ], [ 18.069195, 59.357366 ], [ 18.068955, 59.357486 ], [ 18.068771, 59.357583 ], [ 18.068706, 59.357623 ], [ 18.068475, 59.357726 ], [ 18.068393, 59.357787 ], [ 18.068125, 59.357861 ], [ 18.06788, 59.357902 ], [ 18.06774, 59.357961 ], [ 18.067577, 59.358012 ], [ 18.067582, 59.358064 ], [ 18.06763, 59.358076 ], [ 18.067812, 59.358073 ], [ 18.0681, 59.358037 ], [ 18.068384, 59.357912 ], [ 18.068638, 59.357846 ], [ 18.068931, 59.357821 ], [ 18.069238, 59.357814 ], [ 18.069588, 59.357843 ], [ 18.069987, 59.357851 ], [ 18.070573, 59.357834 ], [ 18.070813, 59.357787 ], [ 18.07089, 59.357682 ], [ 18.070955, 59.357644 ], [ 18.071005, 59.357616 ], [ 18.071322, 59.357584 ], [ 18.071466, 59.357582 ], [ 18.071759, 59.35764 ], [ 18.071937, 59.35766 ], [ 18.072431, 59.357489 ], [ 18.072508, 59.357422 ], [ 18.072729, 59.357378 ], [ 18.07307, 59.357266 ], [ 18.073262, 59.357268 ], [ 18.073473, 59.357148 ], [ 18.073737, 59.357087 ], [ 18.074078, 59.357102 ], [ 18.074395, 59.357168 ], [ 18.074717, 59.357234 ], [ 18.074837, 59.357293 ], [ 18.074789, 59.357408 ], [ 18.074573, 59.357506 ], [ 18.074381, 59.357547 ], [ 18.074145, 59.357643 ], [ 18.073929, 59.357716 ], [ 18.073713, 59.357787 ], [ 18.073507, 59.357843 ], [ 18.073348, 59.357895 ], [ 18.073305, 59.357956 ], [ 18.073401, 59.358 ], [ 18.073444, 59.358076 ], [ 18.073468, 59.358164 ], [ 18.073651, 59.358255 ], [ 18.07398, 59.358321 ], [ 18.074151, 59.358432 ], [ 18.074264, 59.358497 ], [ 18.074335, 59.358534 ], [ 18.074501, 59.358621 ], [ 18.074664, 59.358736 ], [ 18.074832, 59.358771 ], [ 18.074951, 59.358782 ], [ 18.075173, 59.358715 ], [ 18.075403, 59.358722 ], [ 18.075394, 59.358695 ], [ 18.075336, 59.358678 ], [ 18.075389, 59.358648 ], [ 18.075504, 59.358648 ], [ 18.075619, 59.358568 ], [ 18.075835, 59.358472 ] ] } },
{ "type": "Feature", "properties": { "cls": "separated", "highway": "cycleway", "name": "Unnarörsvägen" }, "geometry": { "type": "LineString", "coordinates": [ [ 18.068985, 59.365044 ], [ 18.068954, 59.36494 ], [ 18.068924, 59.364793 ], [ 18.06884, 59.364641 ], [ 18.068729, 59.36455 ], [ 18.0686, 59.364458 ], [ 18.068413, 59.364316 ], [ 18.068269, 59.364191 ], [ 18.068226, 59.364105 ], [ 18.068257, 59.364028 ], [ 18.068316, 59.363973 ], [ 18.068481, 59.363927 ], [ 18.068787, 59.363901 ], [ 18.069096, 59.36389 ], [ 18.069379, 59.36385 ], [ 18.069545, 59.363808 ], [ 18.069684, 59.363752 ], [ 18.069721, 59.363731 ], [ 18.069835, 59.363665 ], [ 18.069946, 59.363567 ], [ 18.070139, 59.363301 ], [ 18.070458, 59.362886 ], [ 18.07068, 59.362585 ] ] } },
{ "type": "Feature", "properties": { "cls": "separated", "highway": "cycleway", "name": null }, "geometry": { "type": "LineString", "coordinates": [ [ 18.05596, 59.36129 ], [ 18.056088, 59.361321 ], [ 18.056155, 59.361338 ], [ 18.056879, 59.361521 ], [ 18.05708, 59.36157 ] ] } },
{ "type": "Feature", "properties": { "cls": "shared", "highway": "cycleway", "name": null }, "geometry": { "type": "LineString", "coordinates": [ [ 18.05708, 59.36157 ], [ 18.057131, 59.361473 ], [ 18.057172, 59.361394 ], [ 18.057206, 59.36134 ] ] } },
{ "type": "Feature", "properties": { "cls": "separated", "highway": "cycleway", "name": null }, "geometry": { "type": "MultiLineString", "coordinates": [ [ [ 18.058553, 59.361637 ], [ 18.058293, 59.361563 ] ], [ [ 18.058293, 59.361563 ], [ 18.05818, 59.36153 ] ], [ [ 18.05818, 59.36153 ], [ 18.0581, 59.361518 ] ], [ [ 18.0581, 59.361518 ], [ 18.058056, 59.361519 ] ], [ [ 18.058056, 59.361519 ], [ 18.058025, 59.361525 ] ], [ [ 18.058025, 59.361525 ], [ 18.057983, 59.361529 ] ], [ [ 18.057983, 59.361529 ], [ 18.057931, 59.36153 ] ], [ [ 18.057931, 59.36153 ], [ 18.057893, 59.361525 ] ], [ [ 18.057893, 59.361525 ], [ 18.057325, 59.361388 ] ], [ [ 18.057325, 59.361388 ], [ 18.057206, 59.36134 ] ] ] } },
{ "type": "Feature", "properties": { "cls": "separated", "highway": "cycleway", "name": null }, "geometry": { "type": "LineString", "coordinates": [ [ 18.05708, 59.36157 ], [ 18.057893, 59.36178 ] ] } },
{ "type": "Feature", "properties": { "cls": "separated", "highway": "cycleway", "name": null }, "geometry": { "type": "LineString", "coordinates": [ [ 18.058349, 59.36185 ], [ 18.058422, 59.361767 ], [ 18.058553, 59.361637 ] ] } },
{ "type": "Feature", "properties": { "cls": "separated", "highway": "tertiary", "name": "Frescativägen" }, "geometry": { "type": "LineString", "coordinates": [ [ 18.058033, 59.361816 ], [ 18.058162, 59.36171 ] ] } },
{ "type": "Feature", "properties": { "cls": "separated", "highway": "cycleway", "name": null }, "geometry": { "type": "LineString", "coordinates": [ [ 18.057893, 59.36178 ], [ 18.058033, 59.361816 ] ] } },
{ "type": "Feature", "properties": { "cls": "separated", "highway": "cycleway", "name": null }, "geometry": { "type": "LineString", "coordinates": [ [ 18.058033, 59.361816 ], [ 18.058167, 59.36185 ] ] } },
{ "type": "Feature", "properties": { "cls": "separated", "highway": "cycleway", "name": null }, "geometry": { "type": "LineString", "coordinates": [ [ 18.058266, 59.361875 ], [ 18.058294, 59.361873 ], [ 18.058314, 59.36187 ], [ 18.058333, 59.361862 ], [ 18.058349, 59.36185 ] ] } },
{ "type": "Feature", "properties": { "cls": "separated", "highway": "cycleway", "name": null }, "geometry": { "type": "LineString", "coordinates": [ [ 18.058167, 59.36185 ], [ 18.058266, 59.361875 ] ] } },
{ "type": "Feature", "properties": { "cls": "separated", "highway": "cycleway", "name": "Baron Rålambs väg" }, "geometry": { "type": "MultiLineString", "coordinates": [ [ [ 18.058549, 59.360882 ], [ 18.05854, 59.360849 ] ], [ [ 18.05854, 59.360849 ], [ 18.058496, 59.360395 ] ], [ [ 18.058496, 59.360395 ], [ 18.0587, 59.360206 ] ], [ [ 18.0587, 59.360206 ], [ 18.059018, 59.360003 ] ], [ [ 18.059018, 59.360003 ], [ 18.059346, 59.359826 ] ], [ [ 18.059346, 59.359826 ], [ 18.059775, 59.359574 ] ], [ [ 18.059775, 59.359574 ], [ 18.060088, 59.359381 ] ], [ [ 18.060088, 59.359381 ], [ 18.060978, 59.358796 ] ], [ [ 18.060978, 59.358796 ], [ 18.061174, 59.358632 ] ], [ [ 18.061174, 59.358632 ], [ 18.061569, 59.358286 ] ], [ [ 18.061569, 59.358286 ], [ 18.061667, 59.358161 ] ], [ [ 18.061667, 59.358161 ], [ 18.061835, 59.357972 ] ], [ [ 18.061835, 59.357972 ], [ 18.061984, 59.357812 ] ], [ [ 18.061984, 59.357812 ], [ 18.062082, 59.357714 ] ], [ [ 18.062082, 59.357714 ], [ 18.062367, 59.357494 ] ], [ [ 18.062367, 59.357494 ], [ 18.062717, 59.357307 ] ], [ [ 18.062717, 59.357307 ], [ 18.063174, 59.357099 ] ] ] } },
{ "type": "Feature", "properties": { "cls": "shared", "highway": "cycleway", "name": null }, "geometry": { "type": "LineString", "coordinates": [ [ 18.058553, 59.361637 ], [ 18.058598, 59.361663 ], [ 18.058689, 59.361682 ], [ 18.058762, 59.361688 ], [ 18.05887, 59.361682 ], [ 18.063197, 59.361522 ], [ 18.063414, 59.361505 ] ] } },
{ "type": "Feature", "properties": { "cls": "shared", "highway": "cycleway", "name": null }, "geometry": { "type": "LineString", "coordinates": [ [ 18.059804, 59.363572 ], [ 18.06029, 59.363558 ], [ 18.060387, 59.363559 ] ] } },
{ "type": "Feature", "properties": { "cls": "shared", "highway": "path", "name": null }, "geometry": { "type": "LineString", "coordinates": [ [ 18.062117, 59.364827 ], [ 18.062103, 59.36479 ], [ 18.062061, 59.364669 ], [ 18.062096, 59.364622 ], [ 18.062156, 59.364574 ], [ 18.06233, 59.364433 ], [ 18.062387, 59.364322 ], [ 18.062361, 59.364221 ], [ 18.062326, 59.364086 ], [ 18.062311, 59.364033 ], [ 18.062278, 59.36391 ], [ 18.062243, 59.363777 ], [ 18.062207, 59.363698 ], [ 18.062123, 59.363515 ], [ 18.062126, 59.363496 ], [ 18.06214, 59.363393 ], [ 18.062201, 59.36332 ], [ 18.062231, 59.363297 ], [ 18.062321, 59.363224 ] ] } },
{ "type": "Feature", "properties": { "cls": "shared", "highway": "cycleway", "name": null }, "geometry": { "type": "LineString", "coordinates": [ [ 18.05991, 59.364133 ], [ 18.060413, 59.364121 ], [ 18.060568, 59.364174 ], [ 18.061214, 59.364149 ], [ 18.061734, 59.364098 ], [ 18.062326, 59.364086 ] ] } },
{ "type": "Feature", "properties": { "cls": "shared", "highway": "cycleway", "name": null }, "geometry": { "type": "LineString", "coordinates": [ [ 18.060381, 59.363359 ], [ 18.060389, 59.363451 ], [ 18.06029, 59.363558 ], [ 18.060226, 59.363609 ], [ 18.060128, 59.363631 ], [ 18.059912, 59.363774 ], [ 18.059849, 59.363801 ], [ 18.059628, 59.363961 ], [ 18.059437, 59.364131 ], [ 18.059245, 59.3643 ], [ 18.058502, 59.364947 ] ] } },
{ "type": "Feature", "properties": { "cls": "shared", "highway": "path", "name": null }, "geometry": { "type": "LineString", "coordinates": [ [ 18.061689, 59.364754 ], [ 18.061386, 59.364635 ], [ 18.061162, 59.364501 ], [ 18.060964, 59.36435 ], [ 18.060768, 59.364262 ], [ 18.060568, 59.364174 ] ] } },
{ "type": "Feature", "properties": { "cls": "shared", "highway": "path", "name": null }, "geometry": { "type": "LineString", "coordinates": [ [ 18.062364, 59.364963 ], [ 18.062551, 59.364932 ], [ 18.063359, 59.364795 ], [ 18.063997, 59.364687 ] ] } },
{ "type": "Feature", "properties": { "cls": "shared", "highway": "path", "name": null }, "geometry": { "type": "LineString", "coordinates": [ [ 18.058519, 59.365094 ], [ 18.058837, 59.365095 ], [ 18.059701, 59.365071 ], [ 18.059774, 59.365121 ], [ 18.059881, 59.365143 ], [ 18.060002, 59.365153 ], [ 18.060145, 59.365144 ], [ 18.060299, 59.365123 ], [ 18.060461, 59.365047 ], [ 18.060899, 59.364964 ], [ 18.06103, 59.364886 ], [ 18.06118, 59.364831 ], [ 18.061469, 59.364782 ], [ 18.061689, 59.364754 ], [ 18.061939, 59.364782 ] ] } },
{ "type": "Feature", "properties": { "cls": "separated", "highway": "cycleway", "name": null }, "geometry": { "type": "LineString", "coordinates": [ [ 18.059813, 59.369197 ], [ 18.059659, 59.368961 ], [ 18.05917, 59.368209 ], [ 18.059063, 59.368036 ], [ 18.059005, 59.367942 ], [ 18.058888, 59.367773 ], [ 18.058718, 59.367499 ], [ 18.05866, 59.36691 ] ] } },
{ "type": "Feature", "properties": { "cls": "shared", "highway": "cycleway", "name": null }, "geometry": { "type": "Point", "coordinates": [ 18.040573, 59.353022 ] } },
{ "type": "Feature", "properties": { "cls": "separated", "highway": "cycleway", "name": null }, "geometry": { "type": "Point", "coordinates": [ 18.038175, 59.355152 ] } },
{ "type": "Feature", "properties": { "cls": "shared", "highway": "cycleway", "name": null }, "geometry": { "type": "LineString", "coordinates": [ [ 18.037659, 59.356552 ], [ 18.038111, 59.356487 ] ] } },
{ "type": "Feature", "properties": { "cls": "shared", "highway": "cycleway", "name": null }, "geometry": { "type": "MultiLineString", "coordinates": [ [ [ 18.034222, 59.357711 ], [ 18.03426, 59.357646 ] ], [ [ 18.03426, 59.357646 ], [ 18.034339, 59.357593 ] ], [ [ 18.034339, 59.357593 ], [ 18.034608, 59.357488 ] ], [ [ 18.034608, 59.357488 ], [ 18.035055, 59.357316 ] ], [ [ 18.035055, 59.357316 ], [ 18.035835, 59.357145 ] ], [ [ 18.035835, 59.357145 ], [ 18.036184, 59.357044 ] ], [ [ 18.036184, 59.357044 ], [ 18.036392, 59.356967 ] ], [ [ 18.036392, 59.356967 ], [ 18.036991, 59.356712 ] ], [ [ 18.036991, 59.356712 ], [ 18.037122, 59.356674 ] ], [ [ 18.037122, 59.356674 ], [ 18.037301, 59.356617 ] ], [ [ 18.037301, 59.356617 ], [ 18.037659, 59.356552 ] ] ] } },
{ "type": "Feature", "properties": { "cls": "shared", "highway": "cycleway", "name": null }, "geometry": { "type": "LineString", "coordinates": [ [ 18.039656, 59.358857 ], [ 18.039693, 59.3587 ], [ 18.03971, 59.358623 ], [ 18.039735, 59.358446 ], [ 18.039755, 59.358194 ], [ 18.039692, 59.357977 ], [ 18.039504, 59.35783 ], [ 18.039291, 59.357726 ], [ 18.038992, 59.35762 ], [ 18.03861, 59.357491 ], [ 18.038224, 59.357377 ], [ 18.037967, 59.35725 ], [ 18.037804, 59.357093 ], [ 18.037812, 59.356997 ], [ 18.037832, 59.356884 ], [ 18.038111, 59.356487 ] ] } },
{ "type": "Feature", "properties": { "cls": "separated", "highway": "cycleway", "name": null }, "geometry": { "type": "Point", "coordinates": [ 18.034222, 59.357711 ] } },
{ "type": "Feature", "properties": { "cls": "shared", "highway": "cycleway", "name": null }, "geometry": { "type": "MultiLineString", "coordinates": [ [ [ 18.029371, 59.36388 ], [ 18.029655, 59.363671 ] ], [ [ 18.029836, 59.363507 ], [ 18.03002, 59.363276 ] ], [ [ 18.03002, 59.363276 ], [ 18.030201, 59.362995 ] ], [ [ 18.030201, 59.362995 ], [ 18.030433, 59.362761 ] ], [ [ 18.030433, 59.362761 ], [ 18.030827, 59.362345 ] ], [ [ 18.030827, 59.362345 ], [ 18.030865, 59.362203 ] ], [ [ 18.030865, 59.362203 ], [ 18.030852, 59.362121 ] ], [ [ 18.030852, 59.362121 ], [ 18.030842, 59.362061 ] ], [ [ 18.030842, 59.362061 ], [ 18.030816, 59.361888 ] ], [ [ 18.030816, 59.361888 ], [ 18.030845, 59.361785 ] ], [ [ 18.030845, 59.361785 ], [ 18.030968, 59.361656 ] ], [ [ 18.030968, 59.361656 ], [ 18.03116, 59.361449 ] ], [ [ 18.03116, 59.361449 ], [ 18.031671, 59.360779 ] ], [ [ 18.031671, 59.360779 ], [ 18.032221, 59.360055 ] ], [ [ 18.032221, 59.360055 ], [ 18.03227, 59.359992 ] ], [ [ 18.03227, 59.359992 ], [ 18.033106, 59.358894 ] ], [ [ 18.033106, 59.358894 ], [ 18.033206, 59.358763 ] ], [ [ 18.033206, 59.358763 ], [ 18.033479, 59.358554 ] ], [ [ 18.033479, 59.358554 ], [ 18.03367, 59.358436 ] ], [ [ 18.03367, 59.358436 ], [ 18.033841, 59.35833 ] ], [ [ 18.033841, 59.35833 ], [ 18.034011, 59.358188 ] ], [ [ 18.034011, 59.358188 ], [ 18.034101, 59.35809 ] ], [ [ 18.034101, 59.35809 ], [ 18.034191, 59.357893 ] ], [ [ 18.034191, 59.357893 ], [ 18.034205, 59.357815 ] ] ] } },
{ "type": "Feature", "properties": { "cls": "shared", "highway": "cycleway", "name": null }, "geometry": { "type": "LineString", "coordinates": [ [ 18.035226, 59.363125 ], [ 18.035164, 59.363047 ], [ 18.035124, 59.362969 ], [ 18.035111, 59.362891 ], [ 18.03513, 59.36285 ], [ 18.035144, 59.362819 ], [ 18.035319, 59.362622 ], [ 18.035818, 59.362164 ], [ 18.036066, 59.362022 ], [ 18.036226, 59.361952 ], [ 18.036567, 59.361851 ], [ 18.036866, 59.361772 ], [ 18.036905, 59.361761 ], [ 18.037238, 59.361631 ], [ 18.037673, 59.361449 ], [ 18.038063, 59.361283 ], [ 18.038456, 59.361056 ], [ 18.038853, 59.360734 ], [ 18.039303, 59.36042 ], [ 18.039528, 59.360246 ], [ 18.039682, 59.360102 ], [ 18.039735, 59.359975 ], [ 18.039683, 59.359844 ], [ 18.039522, 59.359608 ], [ 18.039381, 59.359496 ], [ 18.039357, 59.35934 ], [ 18.039437, 59.359211 ], [ 18.039619, 59.358918 ], [ 18.039656, 59.358857 ] ] } },
{ "type": "Feature", "properties": { "cls": "separated", "highway": "cycleway", "name": null }, "geometry": { "type": "LineString", "coordinates": [ [ 18.03744, 59.362493 ], [ 18.03698, 59.362626 ], [ 18.036631, 59.362614 ], [ 18.036375, 59.362529 ], [ 18.036249, 59.362402 ], [ 18.036213, 59.362324 ], [ 18.036216, 59.362218 ], [ 18.036289, 59.36209 ], [ 18.036567, 59.361851 ] ] } },
{ "type": "Feature", "properties": { "cls": "shared", "highway": "cycleway", "name": null }, "geometry": { "type": "LineString", "coordinates": [ [ 18.035203, 59.363382 ], [ 18.034621, 59.363564 ], [ 18.033641, 59.36375 ], [ 18.033212, 59.363881 ], [ 18.032998, 59.363965 ], [ 18.032669, 59.364108 ], [ 18.032343, 59.364185 ], [ 18.031706, 59.364244 ], [ 18.031229, 59.364299 ], [ 18.03095, 59.364343 ], [ 18.030768, 59.36429 ], [ 18.030338, 59.364161 ], [ 18.030037, 59.364085 ], [ 18.029457, 59.363903 ], [ 18.029371, 59.36388 ] ] } },
{ "type": "Feature", "properties": { "cls": "separated", "highway": "cycleway", "name": null }, "geometry": { "type": "Point", "coordinates": [ 18.043304, 59.35121 ] } },
{ "type": "Feature", "properties": { "cls": "separated", "highway": "cycleway", "name": null }, "geometry": { "type": "MultiLineString", "coordinates": [ [ [ 18.042211, 59.351993 ], [ 18.042375, 59.351867 ] ], [ [ 18.042375, 59.351867 ], [ 18.042902, 59.351486 ] ], [ [ 18.042902, 59.351486 ], [ 18.042954, 59.351454 ] ], [ [ 18.042954, 59.351454 ], [ 18.043162, 59.351335 ] ], [ [ 18.043162, 59.351335 ], [ 18.043304, 59.35121 ] ] ] } },
{ "type": "Feature", "properties": { "cls": "separated", "highway": "cycleway", "name": "Brunnsviksvägen" }, "geometry": { "type": "MultiLineString", "coordinates": [ [ [ 18.04496, 59.351765 ], [ 18.044752, 59.351649 ] ], [ [ 18.044752, 59.351649 ], [ 18.044613, 59.351588 ] ] ] } },
{ "type": "Feature", "properties": { "cls": "separated", "highway": "cycleway", "name": null }, "geometry": { "type": "Point", "coordinates": [ 18.052799, 59.353844 ] } },
{ "type": "Feature", "properties": { "cls": "separated", "highway": "cycleway", "name": null }, "geometry": { "type": "MultiPoint", "coordinates": [ [ 18.05426, 59.35537 ], [ 18.055781, 59.35962 ] ] } },
{ "type": "Feature", "properties": { "cls": "separated", "highway": "cycleway", "name": null }, "geometry": { "type": "Point", "coordinates": [ 18.056305, 59.359813 ] } },
{ "type": "Feature", "properties": { "cls": "separated", "highway": "cycleway", "name": null }, "geometry": { "type": "MultiLineString", "coordinates": [ [ [ 18.055725, 59.359758 ], [ 18.055742, 59.359698 ] ], [ [ 18.055742, 59.359698 ], [ 18.055781, 59.35962 ] ] ] } },
{ "type": "Feature", "properties": { "cls": "shared", "highway": "cycleway", "name": null }, "geometry": { "type": "LineString", "coordinates": [ [ 18.054874, 59.359624 ], [ 18.054954, 59.359772 ] ] } },
{ "type": "Feature", "properties": { "cls": "separated", "highway": "cycleway", "name": null }, "geometry": { "type": "MultiLineString", "coordinates": [ [ [ 18.055725, 59.359758 ], [ 18.055927, 59.359777 ] ], [ [ 18.055927, 59.359777 ], [ 18.056154, 59.359798 ] ], [ [ 18.056154, 59.359798 ], [ 18.056305, 59.359813 ] ] ] } },
{ "type": "Feature", "properties": { "cls": "shared", "highway": "cycleway", "name": null }, "geometry": { "type": "LineString", "coordinates": [ [ 18.054453, 59.360018 ], [ 18.054484, 59.359954 ], [ 18.054612, 59.359813 ], [ 18.054874, 59.359624 ] ] } },
{ "type": "Feature", "properties": { "cls": "shared", "highway": "cycleway", "name": null }, "geometry": { "type": "LineString", "coordinates": [ [ 18.054453, 59.360018 ], [ 18.054604, 59.360034 ] ] } },
{ "type": "Feature", "properties": { "cls": "separated", "highway": "cycleway", "name": null }, "geometry": { "type": "LineString", "coordinates": [ [ 18.05596, 59.36129 ], [ 18.056046, 59.361182 ], [ 18.056105, 59.361059 ], [ 18.056103, 59.360944 ], [ 18.056019, 59.360773 ], [ 18.055842, 59.360538 ], [ 18.055721, 59.36027 ], [ 18.055686, 59.360127 ], [ 18.055685, 59.35999 ], [ 18.055725, 59.359758 ] ] } },
{ "type": "Feature", "properties": { "cls": "shared", "highway": "cycleway", "name": null }, "geometry": { "type": "MultiLineString", "coordinates": [ [ [ 18.057206, 59.36134 ], [ 18.05716, 59.361304 ] ], [ [ 18.05716, 59.361304 ], [ 18.057116, 59.361273 ] ], [ [ 18.057116, 59.361273 ], [ 18.057077, 59.361229 ] ], [ [ 18.057077, 59.361229 ], [ 18.057053, 59.361184 ] ], [ [ 18.057053, 59.361184 ], [ 18.057001, 59.361093 ] ], [ [ 18.057001, 59.361093 ], [ 18.0569, 59.360984 ] ], [ [ 18.0569, 59.360984 ], [ 18.056775, 59.360882 ] ], [ [ 18.056775, 59.360882 ], [ 18.056672, 59.360804 ] ], [ [ 18.056672, 59.360804 ], [ 18.056568, 59.360727 ] ], [ [ 18.056568, 59.360727 ], [ 18.056477, 59.360642 ] ], [ [ 18.056477, 59.360642 ], [ 18.056349, 59.360486 ] ], [ [ 18.056349, 59.360486 ], [ 18.056255, 59.360284 ] ], [ [ 18.056255, 59.360284 ], [ 18.05623, 59.360081 ] ], [ [ 18.05623, 59.360081 ], [ 18.05624, 59.360002 ] ], [ [ 18.05624, 59.360002 ], [ 18.056259, 59.359903 ] ], [ [ 18.056259, 59.359903 ], [ 18.056305, 59.359813 ] ] ] } },
{ "type": "Feature", "properties": { "cls": "shared", "highway": "cycleway", "name": null }, "geometry": { "type": "MultiLineString", "coordinates": [ [ [ 18.058553, 59.361637 ], [ 18.05862, 59.361573 ] ], [ [ 18.05862, 59.361573 ], [ 18.058617, 59.361362 ] ], [ [ 18.058617, 59.361362 ], [ 18.058549, 59.360882 ] ] ] } },
{ "type": "Feature", "properties": { "cls": "separated", "highway": "cycleway", "name": null }, "geometry": { "type": "MultiLineString", "coordinates": [ [ [ 18.052799, 59.353844 ], [ 18.052787, 59.353888 ] ], [ [ 18.052787, 59.353888 ], [ 18.052802, 59.353923 ] ], [ [ 18.052802, 59.353923 ], [ 18.052981, 59.354099 ] ], [ [ 18.052981, 59.354099 ], [ 18.054116, 59.355201 ] ], [ [ 18.054116, 59.355201 ], [ 18.05426, 59.35537 ] ] ] } },
{ "type": "Feature", "properties": { "cls": "shared", "highway": "cycleway", "name": null }, "geometry": { "type": "MultiLineString", "coordinates": [ [ [ 18.054874, 59.359624 ], [ 18.055044, 59.359494 ] ], [ [ 18.055044, 59.359494 ], [ 18.055121, 59.35942 ] ], [ [ 18.055121, 59.35942 ], [ 18.055121, 59.359336 ] ], [ [ 18.055121, 59.359336 ], [ 18.055108, 59.359252 ] ], [ [ 18.055108, 59.359252 ], [ 18.055058, 59.359203 ] ], [ [ 18.055058, 59.359203 ], [ 18.054975, 59.359149 ] ], [ [ 18.054975, 59.359149 ], [ 18.054914, 59.359132 ] ], [ [ 18.054914, 59.359132 ], [ 18.054754, 59.359121 ] ], [ [ 18.054754, 59.359121 ], [ 18.054519, 59.359121 ] ], [ [ 18.054519, 59.359121 ], [ 18.054226, 59.359101 ] ], [ [ 18.054226, 59.359101 ], [ 18.054125, 59.359086 ] ], [ [ 18.054125, 59.359086 ], [ 18.053956, 59.359051 ] ], [ [ 18.053956, 59.359051 ], [ 18.053802, 59.359011 ] ], [ [ 18.053802, 59.359011 ], [ 18.053297, 59.358844 ] ], [ [ 18.053297, 59.358844 ], [ 18.052876, 59.358692 ] ], [ [ 18.052876, 59.358692 ], [ 18.052688, 59.358564 ] ], [ [ 18.052688, 59.358564 ], [ 18.052385, 59.358378 ] ], [ [ 18.052385, 59.358378 ], [ 18.052089, 59.358278 ] ], [ [ 18.052089, 59.358278 ], [ 18.051956, 59.358218 ] ], [ [ 18.051956, 59.358218 ], [ 18.051796, 59.358098 ] ], [ [ 18.051796, 59.358098 ], [ 18.05162, 59.357962 ] ], [ [ 18.05162, 59.357962 ], [ 18.051497, 59.357893 ] ], [ [ 18.051497, 59.357893 ], [ 18.051051, 59.357674 ] ], [ [ 18.051051, 59.357674 ], [ 18.050985, 59.357623 ] ], [ [ 18.050985, 59.357623 ], [ 18.050924, 59.357555 ] ], [ [ 18.050924, 59.357555 ], [ 18.050924, 59.35749 ] ], [ [ 18.050924, 59.35749 ], [ 18.050936, 59.357434 ] ], [ [ 18.050936, 59.357434 ], [ 18.050999, 59.357317 ] ], [ [ 18.050999, 59.357317 ], [ 18.051248, 59.357031 ] ], [ [ 18.051248, 59.357031 ], [ 18.051288, 59.356971 ] ], [ [ 18.051288, 59.356971 ], [ 18.051304, 59.356888 ] ], [ [ 18.051304, 59.356888 ], [ 18.051272, 59.356795 ] ], [ [ 18.051272, 59.356795 ], [ 18.051256, 59.356761 ] ], [ [ 18.051256, 59.356761 ], [ 18.05123, 59.356622 ] ], [ [ 18.05123, 59.356622 ], [ 18.051231, 59.356571 ] ], [ [ 18.051231, 59.356571 ], [ 18.051279, 59.356474 ] ], [ [ 18.051279, 59.356474 ], [ 18.051346, 59.356371 ] ], [ [ 18.051346, 59.356371 ], [ 18.051431, 59.356275 ] ], [ [ 18.051431, 59.356275 ], [ 18.051542, 59.356193 ] ], [ [ 18.051542, 59.356193 ], [ 18.051672, 59.356121 ] ], [ [ 18.051672, 59.356121 ], [ 18.051918, 59.35603 ] ], [ [ 18.051918, 59.35603 ], [ 18.052269, 59.355885 ] ], [ [ 18.052269, 59.355885 ], [ 18.052432, 59.355847 ] ], [ [ 18.052432, 59.355847 ], [ 18.052916, 59.355772 ] ], [ [ 18.052916, 59.355772 ], [ 18.053062, 59.355725 ] ] ] } },
{ "type": "Feature", "properties": { "cls": "shared", "highway": "cycleway", "name": null }, "geometry": { "type": "LineString", "coordinates": [ [ 18.050564, 59.36061 ], [ 18.050774, 59.360487 ], [ 18.050997, 59.360398 ], [ 18.05123, 59.360346 ], [ 18.051984, 59.360269 ], [ 18.052337, 59.360165 ], [ 18.052649, 59.360141 ], [ 18.053383, 59.360158 ], [ 18.053918, 59.360149 ], [ 18.054087, 59.36014 ], [ 18.054297, 59.36009 ], [ 18.054453, 59.360018 ] ] } },
{ "type": "Feature", "properties": { "cls": "shared", "highway": "cycleway", "name": null }, "geometry": { "type": "LineString", "coordinates": [ [ 18.050564, 59.36061 ], [ 18.050793, 59.360605 ], [ 18.050913, 59.36062 ], [ 18.051029, 59.360652 ], [ 18.051144, 59.36072 ], [ 18.051309, 59.360865 ] ] } },
{ "type": "Feature", "properties": { "cls": "shared", "highway": "cycleway", "name": null }, "geometry": { "type": "LineString", "coordinates": [ [ 18.048991, 59.361956 ], [ 18.04908, 59.361845 ], [ 18.049224, 59.361722 ], [ 18.049558, 59.361509 ], [ 18.04968, 59.361444 ], [ 18.049768, 59.361391 ], [ 18.049914, 59.361248 ], [ 18.049995, 59.361058 ], [ 18.050043, 59.360968 ], [ 18.050124, 59.360878 ], [ 18.050564, 59.36061 ] ] } },
{ "type": "Feature", "properties": { "cls": "shared", "highway": "cycleway", "name": null }, "geometry": { "type": "LineString", "coordinates": [ [ 18.051203, 59.364261 ], [ 18.051769, 59.364466 ] ] } },
{ "type": "Feature", "properties": { "cls": "shared", "highway": "cycleway", "name": null }, "geometry": { "type": "LineString", "coordinates": [ [ 18.050105, 59.365002 ], [ 18.050202, 59.364927 ], [ 18.050355, 59.364846 ], [ 18.050517, 59.364761 ], [ 18.051203, 59.364261 ] ] } },
{ "type": "Feature", "properties": { "cls": "separated", "highway": "cycleway", "name": null }, "geometry": { "type": "LineString", "coordinates": [ [ 18.042866, 59.352241 ], [ 18.04273, 59.352267 ] ] } },
{ "type": "Feature", "properties": { "cls": "separated", "highway": "cycleway", "name": null }, "geometry": { "type": "MultiLineString", "coordinates": [ [ [ 18.040683, 59.352959 ], [ 18.040731, 59.352931 ] ], [ [ 18.040731, 59.352931 ], [ 18.041431, 59.352543 ] ], [ [ 18.041431, 59.352543 ], [ 18.041504, 59.352504 ] ], [ [ 18.041504, 59.352504 ], [ 18.041894, 59.352285 ] ], [ [ 18.041894, 59.352285 ], [ 18.041985, 59.352228 ] ], [ [ 18.041985, 59.352228 ], [ 18.042147, 59.352115 ] ], [ [ 18.042147, 59.352115 ], [ 18.042203, 59.352048 ] ], [ [ 18.042203, 59.352048 ], [ 18.042211, 59.351993 ] ] ] } },
{ "type": "Feature", "properties": { "cls": "separated", "highway": "cycleway", "name": null }, "geometry": { "type": "LineString", "coordinates": [ [ 18.040573, 59.353022 ], [ 18.040683, 59.352959 ] ] } },
{ "type": "Feature", "properties": { "cls": "shared", "highway": "cycleway", "name": null }, "geometry": { "type": "LineString", "coordinates": [ [ 18.040862, 59.353752 ], [ 18.040748, 59.353899 ] ] } },
{ "type": "Feature", "properties": { "cls": "shared", "highway": "cycleway", "name": null }, "geometry": { "type": "LineString", "coordinates": [ [ 18.0422, 59.354499 ], [ 18.041996, 59.354349 ], [ 18.04171, 59.354006 ], [ 18.041635, 59.353946 ], [ 18.041521, 59.353894 ], [ 18.041301, 59.353842 ], [ 18.04108, 59.35383 ], [ 18.040862, 59.353752 ], [ 18.040831, 59.353574 ] ] } },
{ "type": "Feature", "properties": { "cls": "shared", "highway": "cycleway", "name": null }, "geometry": { "type": "LineString", "coordinates": [ [ 18.04108, 59.35383 ], [ 18.040863, 59.353855 ], [ 18.040748, 59.353899 ], [ 18.040478, 59.354038 ], [ 18.040225, 59.354173 ], [ 18.040042, 59.354258 ], [ 18.039754, 59.354364 ], [ 18.039433, 59.354468 ] ] } },
{ "type": "Feature", "properties": { "cls": "shared", "highway": "cycleway", "name": null }, "geometry": { "type": "LineString", "coordinates": [ [ 18.039656, 59.358857 ], [ 18.040332, 59.358533 ], [ 18.040983, 59.358215 ], [ 18.041248, 59.358086 ], [ 18.04135, 59.357983 ], [ 18.041427, 59.357753 ], [ 18.041504, 59.357613 ], [ 18.041658, 59.357545 ], [ 18.04201, 59.357404 ], [ 18.042394, 59.357219 ], [ 18.042753, 59.356965 ], [ 18.043429, 59.356419 ], [ 18.04356, 59.356244 ], [ 18.043602, 59.356052 ], [ 18.043697, 59.35546 ], [ 18.043669, 59.355348 ], [ 18.043404, 59.355169 ], [ 18.043012, 59.354994 ], [ 18.042861, 59.354936 ], [ 18.042417, 59.354678 ], [ 18.042251, 59.354541 ], [ 18.0422, 59.354499 ] ] } },
{ "type": "Feature", "properties": { "cls": "shared", "highway": "cycleway", "name": null }, "geometry": { "type": "LineString", "coordinates": [ [ 18.039692, 59.357977 ], [ 18.039898, 59.35806 ], [ 18.04025, 59.358165 ], [ 18.040473, 59.358192 ], [ 18.040763, 59.358218 ], [ 18.040983, 59.358215 ], [ 18.041121, 59.35821 ], [ 18.0413, 59.358214 ], [ 18.041598, 59.358241 ], [ 18.04168, 59.358263 ], [ 18.041786, 59.358293 ] ] } },
{ "type": "Feature", "properties": { "cls": "separated", "highway": "cycleway", "name": null }, "geometry": { "type": "LineString", "coordinates": [ [ 18.039409, 59.366389 ], [ 18.039593, 59.366423 ], [ 18.039928, 59.366339 ], [ 18.040183, 59.366203 ], [ 18.040394, 59.366106 ], [ 18.040489, 59.365837 ], [ 18.040548, 59.365723 ], [ 18.040883, 59.36554 ], [ 18.041002, 59.365457 ], [ 18.041005, 59.365311 ], [ 18.040882, 59.365192 ], [ 18.040706, 59.36508 ], [ 18.040441, 59.364852 ], [ 18.040414, 59.364738 ], [ 18.040473, 59.364631 ], [ 18.04064, 59.364444 ], [ 18.041022, 59.364219 ], [ 18.041486, 59.363982 ], [ 18.041681, 59.363863 ], [ 18.041759, 59.363829 ], [ 18.041904, 59.363764 ], [ 18.042216, 59.363668 ], [ 18.042466, 59.363566 ], [ 18.042739, 59.363282 ], [ 18.042766, 59.363024 ], [ 18.042677, 59.362714 ], [ 18.042617, 59.362574 ], [ 18.042371, 59.362434 ], [ 18.042131, 59.362332 ], [ 18.042036, 59.362254 ], [ 18.041931, 59.362114 ], [ 18.041791, 59.362008 ], [ 18.041618, 59.361959 ], [ 18.041396, 59.361935 ], [ 18.040872, 59.361965 ], [ 18.040235, 59.362052 ], [ 18.039842, 59.362089 ], [ 18.038436, 59.362264 ], [ 18.038129, 59.362288 ], [ 18.0378, 59.362355 ], [ 18.03744, 59.362493 ] ] } },
{ "type": "Feature", "properties": { "cls": "sharrow", "highway": "unclassified", "name": "Gamla vägen" }, "geometry": { "type": "LineString", "coordinates": [ [ 18.044661, 59.376788 ], [ 18.04551, 59.376694 ], [ 18.045651, 59.37668 ] ] } },
{ "type": "Feature", "properties": { "cls": "separated", "highway": "cycleway", "name": "Arrheniusgången" }, "geometry": { "type": "LineString", "coordinates": [ [ 18.058437, 59.365097 ], [ 18.058519, 59.365094 ] ] } },
{ "type": "Feature", "properties": { "cls": "separated", "highway": "cycleway", "name": "Arrheniusgången" }, "geometry": { "type": "LineString", "coordinates": [ [ 18.055456, 59.3652 ], [ 18.057281, 59.365139 ], [ 18.057447, 59.365133 ], [ 18.058045, 59.365111 ], [ 18.058437, 59.365097 ] ] } },
{ "type": "Feature", "properties": { "cls": "separated", "highway": "cycleway", "name": null }, "geometry": { "type": "LineString", "coordinates": [ [ 18.050348, 59.370289 ], [ 18.050371, 59.370065 ], [ 18.050381, 59.369936 ], [ 18.050405, 59.369822 ], [ 18.05048, 59.369692 ], [ 18.050534, 59.369605 ], [ 18.050631, 59.369418 ], [ 18.050804, 59.369181 ], [ 18.05099, 59.368946 ], [ 18.051173, 59.368689 ], [ 18.051433, 59.368356 ], [ 18.0517, 59.367981 ], [ 18.05194, 59.367662 ], [ 18.052175, 59.367347 ], [ 18.052331, 59.367122 ], [ 18.052594, 59.366697 ], [ 18.052764, 59.36634 ], [ 18.052868, 59.366075 ], [ 18.052938, 59.365872 ], [ 18.052988, 59.365726 ], [ 18.053019, 59.365601 ], [ 18.053133, 59.36515 ], [ 18.05321, 59.364908 ], [ 18.053654, 59.36414 ], [ 18.054024, 59.363648 ], [ 18.054278, 59.363319 ], [ 18.054351, 59.363157 ], [ 18.054497, 59.36284 ], [ 18.054716, 59.362591 ], [ 18.05596, 59.36129 ] ] } },
{ "type": "Feature", "properties": { "cls": "separated", "highway": "cycleway", "name": null }, "geometry": { "type": "LineString", "coordinates": [ [ 18.05866, 59.36691 ], [ 18.058653, 59.366855 ], [ 18.058569, 59.366208 ], [ 18.058522, 59.365646 ], [ 18.058437, 59.365097 ] ] } },
{ "type": "Feature", "properties": { "cls": "separated", "highway": "cycleway", "name": null }, "geometry": { "type": "LineString", "coordinates": [ [ 18.052789, 59.367813 ], [ 18.052889, 59.367828 ], [ 18.053256, 59.367881 ], [ 18.053988, 59.367986 ], [ 18.055311, 59.368192 ] ] } },
{ "type": "Feature", "properties": { "cls": "separated", "highway": "cycleway", "name": null }, "geometry": { "type": "LineString", "coordinates": [ [ 18.053554, 59.365729 ], [ 18.053375, 59.366236 ], [ 18.053239, 59.366544 ], [ 18.05294, 59.366998 ], [ 18.052351, 59.368021 ], [ 18.052125, 59.368485 ], [ 18.05212, 59.368494 ], [ 18.051894, 59.368933 ], [ 18.051534, 59.369607 ], [ 18.051477, 59.369713 ], [ 18.051416, 59.369825 ], [ 18.051344, 59.36996 ], [ 18.051214, 59.37034 ] ] } },
{ "type": "Feature", "properties": { "cls": "separated", "highway": "cycleway", "name": null }, "geometry": { "type": "LineString", "coordinates": [ [ 18.056043, 59.368326 ], [ 18.055984, 59.368426 ], [ 18.055915, 59.368518 ], [ 18.055775, 59.368613 ], [ 18.055587, 59.368697 ], [ 18.055472, 59.368807 ], [ 18.05533, 59.36891 ], [ 18.055075, 59.368997 ], [ 18.054887, 59.369081 ], [ 18.054686, 59.369187 ], [ 18.054646, 59.369232 ], [ 18.054627, 59.369254 ], [ 18.054598, 59.369327 ], [ 18.054565, 59.369373 ], [ 18.054541, 59.369407 ] ] } },
{ "type": "Feature", "properties": { "cls": "separated", "highway": "cycleway", "name": null }, "geometry": { "type": "LineString", "coordinates": [ [ 18.054565, 59.369373 ], [ 18.05433, 59.369334 ] ] } },
{ "type": "Feature", "properties": { "cls": "separated", "highway": "cycleway", "name": null }, "geometry": { "type": "LineString", "coordinates": [ [ 18.053485, 59.36972 ], [ 18.053705, 59.369743 ] ] } },
{ "type": "Feature", "properties": { "cls": "separated", "highway": "cycleway", "name": null }, "geometry": { "type": "MultiLineString", "coordinates": [ [ [ 18.054089, 59.370415 ], [ 18.054151, 59.370405 ] ], [ [ 18.054151, 59.370405 ], [ 18.058149, 59.36975 ] ] ] } },
{ "type": "Feature", "properties": { "cls": "shared", "highway": "cycleway", "name": null }, "geometry": { "type": "LineString", "coordinates": [ [ 18.048929, 59.366484 ], [ 18.049384, 59.366209 ], [ 18.049786, 59.365883 ], [ 18.050003, 59.365708 ], [ 18.050102, 59.365611 ], [ 18.050171, 59.365504 ], [ 18.050221, 59.365395 ], [ 18.050251, 59.365275 ], [ 18.050291, 59.365196 ] ] } },
{ "type": "Feature", "properties": { "cls": "shared", "highway": "cycleway", "name": null }, "geometry": { "type": "LineString", "coordinates": [ [ 18.048264, 59.368213 ], [ 18.048327, 59.368149 ], [ 18.048262, 59.36795 ], [ 18.048057, 59.367749 ], [ 18.047982, 59.367659 ], [ 18.048036, 59.367594 ], [ 18.048314, 59.367212 ], [ 18.048361, 59.367073 ], [ 18.0484, 59.366958 ], [ 18.048437, 59.366844 ], [ 18.048535, 59.366744 ], [ 18.048725, 59.366607 ], [ 18.048929, 59.366484 ] ] } },
{ "type": "Feature", "properties": { "cls": "shared", "highway": "cycleway", "name": null }, "geometry": { "type": "LineString", "coordinates": [ [ 18.047982, 59.367659 ], [ 18.047868, 59.367696 ], [ 18.04753, 59.367834 ], [ 18.047242, 59.367914 ], [ 18.046849, 59.367998 ], [ 18.04662, 59.368057 ], [ 18.046462, 59.368147 ], [ 18.046307, 59.368253 ], [ 18.046182, 59.368348 ] ] } },
{ "type": "Feature", "properties": { "cls": "shared", "highway": "cycleway", "name": null }, "geometry": { "type": "LineString", "coordinates": [ [ 18.049176, 59.370177 ], [ 18.049043, 59.370162 ], [ 18.048967, 59.370136 ], [ 18.048948, 59.370118 ], [ 18.048905, 59.370081 ], [ 18.048852, 59.36996 ], [ 18.048773, 59.369965 ], [ 18.048636, 59.36998 ] ] } },
{ "type": "Feature", "properties": { "cls": "shared", "highway": "cycleway", "name": null }, "geometry": { "type": "LineString", "coordinates": [ [ 18.049422, 59.370165 ], [ 18.049176, 59.370177 ] ] } },
{ "type": "Feature", "properties": { "cls": "shared", "highway": "cycleway", "name": null }, "geometry": { "type": "LineString", "coordinates": [ [ 18.050348, 59.370289 ], [ 18.050453, 59.370296 ], [ 18.051147, 59.370338 ], [ 18.051214, 59.37034 ] ] } },
{ "type": "Feature", "properties": { "cls": "shared", "highway": "cycleway", "name": null }, "geometry": { "type": "LineString", "coordinates": [ [ 18.050173, 59.370543 ], [ 18.050093, 59.370539 ], [ 18.050038, 59.370527 ], [ 18.049984, 59.370492 ], [ 18.049783, 59.370229 ], [ 18.049736, 59.370201 ], [ 18.049684, 59.370185 ], [ 18.049589, 59.370167 ], [ 18.049422, 59.370165 ] ] } },
{ "type": "Feature", "properties": { "cls": "separated", "highway": "cycleway", "name": null }, "geometry": { "type": "LineString", "coordinates": [ [ 18.051214, 59.37034 ], [ 18.051214, 59.370357 ], [ 18.051218, 59.370391 ], [ 18.051226, 59.370409 ], [ 18.051239, 59.370432 ], [ 18.051249, 59.370447 ], [ 18.051271, 59.370468 ], [ 18.051291, 59.370484 ], [ 18.051317, 59.370499 ], [ 18.051344, 59.37051 ] ] } },
{ "type": "Feature", "properties": { "cls": "painted", "highway": "tertiary", "name": "Bergiusvägen" }, "geometry": { "type": "LineString", "coordinates": [ [ 18.05134, 59.370567 ], [ 18.051517, 59.370583 ], [ 18.051743, 59.370578 ], [ 18.052943, 59.370398 ] ] } },
{ "type": "Feature", "properties": { "cls": "separated", "highway": "cycleway", "name": null }, "geometry": { "type": "LineString", "coordinates": [ [ 18.051344, 59.37051 ], [ 18.05134, 59.370567 ] ] } },
{ "type": "Feature", "properties": { "cls": "separated", "highway": "cycleway", "name": null }, "geometry": { "type": "LineString", "coordinates": [ [ 18.036557, 59.366096 ], [ 18.036966, 59.366113 ], [ 18.037093, 59.366138 ], [ 18.037212, 59.366165 ], [ 18.037286, 59.366179 ], [ 18.0375, 59.366202 ], [ 18.037555, 59.366208 ], [ 18.037809, 59.366206 ], [ 18.037913, 59.366209 ], [ 18.039076, 59.366318 ], [ 18.039409, 59.366389 ] ] } },
{ "type": "Feature", "properties": { "cls": "separated", "highway": "service", "name": null }, "geometry": { "type": "LineString", "coordinates": [ [ 18.036118, 59.36672 ], [ 18.035969, 59.366618 ], [ 18.035812, 59.366535 ], [ 18.03545, 59.366405 ] ] } },
{ "type": "Feature", "properties": { "cls": "separated", "highway": "cycleway", "name": null }, "geometry": { "type": "LineString", "coordinates": [ [ 18.032023, 59.368572 ], [ 18.032438, 59.368584 ] ] } },
{ "type": "Feature", "properties": { "cls": "separated", "highway": "cycleway", "name": null }, "geometry": { "type": "LineString", "coordinates": [ [ 18.034776, 59.376458 ], [ 18.035238, 59.376436 ], [ 18.035924, 59.376408 ], [ 18.036552, 59.376462 ], [ 18.036677, 59.37647 ], [ 18.037701, 59.37655 ], [ 18.037745, 59.376553 ], [ 18.039298, 59.376675 ] ] } },
{ "type": "Feature", "properties": { "cls": "separated", "highway": "cycleway", "name": null }, "geometry": { "type": "LineString", "coordinates": [ [ 18.034688, 59.377549 ], [ 18.03436, 59.377409 ], [ 18.034132, 59.377351 ], [ 18.033873, 59.377314 ] ] } },
{ "type": "Feature", "properties": { "cls": "separated", "highway": "cycleway", "name": "Bergshamra Allé" }, "geometry": { "type": "LineString", "coordinates": [ [ 18.034826, 59.377689 ], [ 18.034877, 59.377685 ], [ 18.035155, 59.377663 ], [ 18.035776, 59.377615 ], [ 18.036045, 59.377593 ], [ 18.036761, 59.377534 ], [ 18.03682, 59.377529 ], [ 18.037238, 59.377491 ], [ 18.037688, 59.37745 ] ] } },
{ "type": "Feature", "properties": { "cls": "separated", "highway": "cycleway", "name": null }, "geometry": { "type": "LineString", "coordinates": [ [ 18.034826, 59.377689 ], [ 18.034688, 59.377549 ] ] } },
{ "type": "Feature", "properties": { "cls": "separated", "highway": "cycleway", "name": null }, "geometry": { "type": "LineString", "coordinates": [ [ 18.035993, 59.378335 ], [ 18.035948, 59.378235 ], [ 18.035373, 59.378282 ] ] } },
{ "type": "Feature", "properties": { "cls": "separated", "highway": "cycleway", "name": null }, "geometry": { "type": "LineString", "coordinates": [ [ 18.034685, 59.379265 ], [ 18.034701, 59.37921 ], [ 18.034467, 59.379151 ], [ 18.03431, 59.379112 ], [ 18.034197, 59.379036 ], [ 18.034179, 59.378964 ], [ 18.034175, 59.378948 ], [ 18.034191, 59.378871 ], [ 18.034461, 59.37874 ], [ 18.035009, 59.378503 ], [ 18.03494, 59.378414 ], [ 18.034894, 59.378319 ], [ 18.034716, 59.378149 ], [ 18.034787, 59.377854 ], [ 18.034826, 59.377689 ] ] } },
{ "type": "Feature", "properties": { "cls": "separated", "highway": "cycleway", "name": null }, "geometry": { "type": "LineString", "coordinates": [ [ 18.035474, 59.378732 ], [ 18.035629, 59.378588 ], [ 18.035897, 59.37857 ], [ 18.035986, 59.378542 ], [ 18.036038, 59.378501 ], [ 18.035993, 59.378335 ] ] } },
{ "type": "Feature", "properties": { "cls": "separated", "highway": "cycleway", "name": null }, "geometry": { "type": "LineString", "coordinates": [ [ 18.050275, 59.370864 ], [ 18.050301, 59.370773 ], [ 18.050274, 59.370736 ], [ 18.050225, 59.370716 ], [ 18.05018, 59.370705 ], [ 18.050193, 59.370656 ], [ 18.050187, 59.370589 ], [ 18.050173, 59.370543 ], [ 18.050237, 59.370515 ], [ 18.050279, 59.370482 ], [ 18.050309, 59.370426 ], [ 18.050348, 59.370289 ] ] } },
{ "type": "Feature", "properties": { "cls": "separated", "highway": "cycleway", "name": null }, "geometry": { "type": "LineString", "coordinates": [ [ 18.05134, 59.370567 ], [ 18.051335, 59.370704 ], [ 18.051339, 59.370756 ], [ 18.051363, 59.370857 ], [ 18.051378, 59.370968 ], [ 18.051417, 59.371032 ] ] } },
{ "type": "Feature", "properties": { "cls": "separated", "highway": "cycleway", "name": null }, "geometry": { "type": "LineString", "coordinates": [ [ 18.051339, 59.370756 ], [ 18.051268, 59.370771 ], [ 18.051217, 59.370792 ], [ 18.051146, 59.370837 ], [ 18.051118, 59.370869 ], [ 18.051102, 59.370905 ], [ 18.051097, 59.370926 ] ] } },
{ "type": "Feature", "properties": { "cls": "separated", "highway": "cycleway", "name": null }, "geometry": { "type": "LineString", "coordinates": [ [ 18.051097, 59.370926 ], [ 18.050992, 59.370924 ], [ 18.050365, 59.370879 ], [ 18.050275, 59.370864 ] ] } },
{ "type": "Feature", "properties": { "cls": "separated", "highway": "cycleway", "name": null }, "geometry": { "type": "LineString", "coordinates": [ [ 18.051378, 59.370968 ], [ 18.051274, 59.370935 ], [ 18.051097, 59.370926 ] ] } },
{ "type": "Feature", "properties": { "cls": "separated", "highway": "cycleway", "name": null }, "geometry": { "type": "MultiLineString", "coordinates": [ [ [ 18.049978, 59.373319 ], [ 18.049772, 59.373385 ] ], [ [ 18.049772, 59.373385 ], [ 18.049077, 59.373893 ] ], [ [ 18.049077, 59.373893 ], [ 18.048389, 59.374396 ] ], [ [ 18.048389, 59.374396 ], [ 18.048048, 59.374674 ] ], [ [ 18.048048, 59.374674 ], [ 18.047704, 59.374983 ] ], [ [ 18.047704, 59.374983 ], [ 18.047602, 59.375092 ] ] ] } },
{ "type": "Feature", "properties": { "cls": "separated", "highway": "cycleway", "name": null }, "geometry": { "type": "MultiLineString", "coordinates": [ [ [ 18.047314, 59.375439 ], [ 18.047362, 59.375384 ] ], [ [ 18.047362, 59.375384 ], [ 18.047398, 59.375346 ] ], [ [ 18.047398, 59.375346 ], [ 18.047497, 59.375242 ] ], [ [ 18.047497, 59.375242 ], [ 18.047602, 59.375092 ] ] ] } },
{ "type": "Feature", "properties": { "cls": "separated", "highway": "cycleway", "name": null }, "geometry": { "type": "MultiLineString", "coordinates": [ [ [ 18.047048, 59.37573 ], [ 18.047152, 59.375597 ] ], [ [ 18.047152, 59.375597 ], [ 18.047314, 59.375439 ] ] ] } },
{ "type": "Feature", "properties": { "cls": "separated", "highway": "cycleway", "name": null }, "geometry": { "type": "Point", "coordinates": [ 18.047048, 59.37573 ] } },
{ "type": "Feature", "properties": { "cls": "separated", "highway": "cycleway", "name": null }, "geometry": { "type": "LineString", "coordinates": [ [ 18.039348, 59.376857 ], [ 18.038959, 59.376892 ], [ 18.038096, 59.376822 ], [ 18.037625, 59.376785 ], [ 18.036885, 59.376725 ], [ 18.03641, 59.376687 ] ] } },
{ "type": "Feature", "properties": { "cls": "sharrow", "highway": "unclassified", "name": "Gamla vägen" }, "geometry": { "type": "LineString", "coordinates": [ [ 18.041571, 59.377295 ], [ 18.041718, 59.377235 ], [ 18.041828, 59.37719 ], [ 18.041987, 59.377146 ], [ 18.042499, 59.377061 ], [ 18.043534, 59.376939 ], [ 18.043885, 59.376892 ], [ 18.044499, 59.376809 ], [ 18.044661, 59.376788 ] ] } },
{ "type": "Feature", "properties": { "cls": "separated", "highway": "cycleway", "name": null }, "geometry": { "type": "LineString", "coordinates": [ [ 18.038096, 59.376822 ], [ 18.03815, 59.377027 ], [ 18.038194, 59.377062 ] ] } },
{ "type": "Feature", "properties": { "cls": "separated", "highway": "unclassified", "name": "Gamla vägen" }, "geometry": { "type": "LineString", "coordinates": [ [ 18.04092, 59.378183 ], [ 18.040998, 59.378094 ], [ 18.041319, 59.377624 ], [ 18.041391, 59.377518 ], [ 18.041571, 59.377295 ] ] } },
{ "type": "Feature", "properties": { "cls": "separated", "highway": "cycleway", "name": null }, "geometry": { "type": "LineString", "coordinates": [ [ 18.038625, 59.378169 ], [ 18.039146, 59.377817 ], [ 18.039331, 59.377692 ], [ 18.03935, 59.377679 ], [ 18.039294, 59.377329 ], [ 18.0393, 59.3773 ], [ 18.039289, 59.377266 ] ] } },
{ "type": "Feature", "properties": { "cls": "separated", "highway": "cycleway", "name": null }, "geometry": { "type": "LineString", "coordinates": [ [ 18.036038, 59.378501 ], [ 18.036442, 59.378534 ], [ 18.036552, 59.378543 ], [ 18.036638, 59.378543 ], [ 18.036655, 59.378541 ], [ 18.036807, 59.378524 ], [ 18.037235, 59.378476 ], [ 18.037496, 59.378447 ], [ 18.037572, 59.378439 ], [ 18.037647, 59.378466 ], [ 18.037845, 59.378521 ], [ 18.038172, 59.378474 ], [ 18.038258, 59.378436 ], [ 18.038625, 59.378169 ] ] } },
{ "type": "Feature", "properties": { "cls": "separated", "highway": "unclassified", "name": "Gamla vägen" }, "geometry": { "type": "LineString", "coordinates": [ [ 18.039927, 59.378759 ], [ 18.040025, 59.37871 ], [ 18.040654, 59.378386 ], [ 18.04092, 59.378183 ] ] } },
{ "type": "Feature", "properties": { "cls": "separated", "highway": "cycleway", "name": "Violstigen" }, "geometry": { "type": "LineString", "coordinates": [ [ 18.044252, 59.378442 ], [ 18.044428, 59.378572 ], [ 18.044518, 59.378711 ] ] } },
{ "type": "Feature", "properties": { "cls": "separated", "highway": "cycleway", "name": null }, "geometry": { "type": "LineString", "coordinates": [ [ 18.039632, 59.379755 ], [ 18.039626, 59.379744 ], [ 18.039597, 59.379698 ], [ 18.039577, 59.37961 ], [ 18.039541, 59.379573 ], [ 18.039398, 59.379423 ], [ 18.039351, 59.379378 ], [ 18.039275, 59.379313 ], [ 18.039257, 59.379281 ], [ 18.03926, 59.379232 ], [ 18.039282, 59.379176 ], [ 18.039444, 59.379072 ], [ 18.039766, 59.378919 ], [ 18.040113, 59.378754 ], [ 18.040977, 59.3783 ], [ 18.041077, 59.378231 ], [ 18.041124, 59.378195 ] ] } },
{ "type": "Feature", "properties": { "cls": "separated", "highway": "cycleway", "name": null }, "geometry": { "type": "LineString", "coordinates": [ [ 18.037146, 59.378981 ], [ 18.037353, 59.378896 ], [ 18.037431, 59.378882 ], [ 18.037506, 59.378869 ], [ 18.037745, 59.378846 ] ] } },
{ "type": "Feature", "properties": { "cls": "separated", "highway": "cycleway", "name": null }, "geometry": { "type": "Point", "coordinates": [ 18.046866, 59.375957 ] } },
{ "type": "Feature", "properties": { "cls": "separated", "highway": "cycleway", "name": null }, "geometry": { "type": "Point", "coordinates": [ 18.049198, 59.376168 ] } },
{ "type": "Feature", "properties": { "cls": "separated", "highway": "cycleway", "name": null }, "geometry": { "type": "LineString", "coordinates": [ [ 18.046866, 59.375957 ], [ 18.046775, 59.375981 ] ] } },
{ "type": "Feature", "properties": { "cls": "separated", "highway": "cycleway", "name": null }, "geometry": { "type": "LineString", "coordinates": [ [ 18.046775, 59.375981 ], [ 18.046673, 59.376008 ], [ 18.046226, 59.376462 ] ] } },
{ "type": "Feature", "properties": { "cls": "separated", "highway": "cycleway", "name": null }, "geometry": { "type": "LineString", "coordinates": [ [ 18.049377, 59.376127 ], [ 18.049356, 59.376152 ], [ 18.049306, 59.37617 ], [ 18.049016, 59.376229 ], [ 18.048778, 59.376283 ], [ 18.048411, 59.37638 ], [ 18.048125, 59.376435 ], [ 18.047485, 59.376511 ], [ 18.047046, 59.376569 ], [ 18.046585, 59.376622 ], [ 18.046562, 59.376584 ] ] } },
{ "type": "Feature", "properties": { "cls": "sharrow", "highway": "unclassified", "name": "Gamla vägen" }, "geometry": { "type": "LineString", "coordinates": [ [ 18.045651, 59.37668 ], [ 18.046116, 59.376627 ], [ 18.046429, 59.376599 ] ] } },
{ "type": "Feature", "properties": { "cls": "separated", "highway": "cycleway", "name": null }, "geometry": { "type": "LineString", "coordinates": [ [ 18.046226, 59.376462 ], [ 18.045867, 59.376823 ] ] } },
{ "type": "Feature", "properties": { "cls": "shared", "highway": "cycleway", "name": null }, "geometry": { "type": "LineString", "coordinates": [ [ 18.047971, 59.377448 ], [ 18.048015, 59.37754 ], [ 18.048028, 59.377587 ], [ 18.04795, 59.377612 ] ] } },
{ "type": "Feature", "properties": { "cls": "shared", "highway": "cycleway", "name": "Stocksundstorpsvägen" }, "geometry": { "type": "MultiLineString", "coordinates": [ [ [ 18.049921, 59.377821 ], [ 18.049789, 59.377939 ] ], [ [ 18.049789, 59.377939 ], [ 18.049501, 59.378114 ] ], [ [ 18.049501, 59.378114 ], [ 18.049383, 59.378169 ] ], [ [ 18.049383, 59.378169 ], [ 18.049275, 59.378197 ] ], [ [ 18.049275, 59.378197 ], [ 18.049153, 59.37822 ] ], [ [ 18.049153, 59.37822 ], [ 18.049035, 59.378245 ] ], [ [ 18.049035, 59.378245 ], [ 18.04889, 59.37828 ] ] ] } },
{ "type": "Feature", "properties": { "cls": "separated", "highway": "unclassified", "name": "Gamla vägen" }, "geometry": { "type": "LineString", "coordinates": [ [ 18.038998, 59.379211 ], [ 18.039139, 59.379142 ], [ 18.039927, 59.378759 ] ] } },
{ "type": "Feature", "properties": { "cls": "separated", "highway": "cycleway", "name": null }, "geometry": { "type": "LineString", "coordinates": [ [ 18.045867, 59.376823 ], [ 18.045039, 59.377693 ], [ 18.044748, 59.377939 ], [ 18.044667, 59.378038 ], [ 18.044563, 59.378164 ], [ 18.04447, 59.378252 ], [ 18.044386, 59.37832 ], [ 18.044297, 59.378401 ], [ 18.044252, 59.378442 ], [ 18.044092, 59.378538 ], [ 18.043918, 59.378635 ], [ 18.043774, 59.378706 ], [ 18.043679, 59.378767 ], [ 18.043609, 59.378847 ], [ 18.043462, 59.379105 ], [ 18.043373, 59.379261 ], [ 18.043341, 59.379335 ], [ 18.043409, 59.379435 ], [ 18.0434, 59.379487 ], [ 18.043375, 59.379495 ], [ 18.043318, 59.379513 ], [ 18.043258, 59.379539 ], [ 18.043246, 59.379571 ], [ 18.043304, 59.379668 ], [ 18.043294, 59.379803 ], [ 18.043272, 59.380024 ], [ 18.043229, 59.380211 ], [ 18.043115, 59.380512 ], [ 18.04302, 59.380684 ], [ 18.042937, 59.380799 ], [ 18.042858, 59.380867 ], [ 18.042714, 59.380963 ], [ 18.042594, 59.381025 ], [ 18.042383, 59.381111 ], [ 18.042117, 59.381206 ], [ 18.041735, 59.381368 ], [ 18.041579, 59.381462 ], [ 18.041446, 59.381581 ], [ 18.041381, 59.38168 ], [ 18.041344, 59.381787 ], [ 18.041348, 59.381912 ] ] } },
{ "type": "Feature", "properties": { "cls": "separated", "highway": "cycleway", "name": null }, "geometry": { "type": "LineString", "coordinates": [ [ 18.039976, 59.380146 ], [ 18.039632, 59.379755 ] ] } },
{ "type": "Feature", "properties": { "cls": "separated", "highway": "cycleway", "name": null }, "geometry": { "type": "LineString", "coordinates": [ [ 18.040012, 59.380211 ], [ 18.039976, 59.380146 ] ] } },
{ "type": "Feature", "properties": { "cls": "separated", "highway": "cycleway", "name": "Bergshamravägen" }, "geometry": { "type": "LineString", "coordinates": [ [ 18.035415, 59.380418 ], [ 18.035618, 59.380352 ], [ 18.035974, 59.380285 ], [ 18.036261, 59.380241 ], [ 18.036874, 59.380201 ], [ 18.036925, 59.380196 ], [ 18.037237, 59.380161 ], [ 18.037462, 59.380145 ], [ 18.037695, 59.380149 ], [ 18.03786, 59.380156 ], [ 18.037996, 59.380161 ], [ 18.038808, 59.380195 ], [ 18.039524, 59.380222 ], [ 18.039665, 59.380227 ], [ 18.039723, 59.380246 ], [ 18.039782, 59.380241 ], [ 18.039898, 59.380231 ], [ 18.040012, 59.380211 ] ] } },
{ "type": "Feature", "properties": { "cls": "separated", "highway": "cycleway", "name": null }, "geometry": { "type": "LineString", "coordinates": [ [ 18.039504, 59.381587 ], [ 18.039706, 59.381541 ], [ 18.039859, 59.381468 ], [ 18.03995, 59.38141 ], [ 18.04004, 59.381314 ], [ 18.040087, 59.381208 ], [ 18.040088, 59.380846 ], [ 18.040081, 59.38056 ], [ 18.040046, 59.380505 ], [ 18.040046, 59.380347 ], [ 18.040012, 59.380211 ] ] } },
{ "type": "Feature", "properties": { "cls": "separated", "highway": "cycleway", "name": null }, "geometry": { "type": "LineString", "coordinates": [ [ 18.040583, 59.381822 ], [ 18.040554, 59.381765 ], [ 18.040465, 59.38154 ], [ 18.040405, 59.381278 ], [ 18.040457, 59.380933 ], [ 18.040534, 59.380567 ], [ 18.040544, 59.380436 ], [ 18.040527, 59.380374 ], [ 18.040504, 59.380327 ], [ 18.040457, 59.380285 ], [ 18.040392, 59.380253 ], [ 18.040286, 59.380229 ], [ 18.040164, 59.380215 ], [ 18.040012, 59.380211 ] ] } },
{ "type": "Feature", "properties": { "cls": "separated", "highway": "tertiary", "name": "Björnstigen" }, "geometry": { "type": "LineString", "coordinates": [ [ 18.035009, 59.381894 ], [ 18.036053, 59.381853 ], [ 18.03632, 59.381843 ], [ 18.037139, 59.381817 ], [ 18.037389, 59.381809 ], [ 18.038062, 59.381788 ], [ 18.038229, 59.381774 ], [ 18.038376, 59.381751 ], [ 18.039206, 59.381617 ], [ 18.039275, 59.381606 ] ] } },
{ "type": "Feature", "properties": { "cls": "separated", "highway": "cycleway", "name": null }, "geometry": { "type": "LineString", "coordinates": [ [ 18.039504, 59.381587 ], [ 18.039299, 59.381646 ], [ 18.039233, 59.381656 ], [ 18.039143, 59.381672 ], [ 18.03841, 59.381798 ], [ 18.03834, 59.38181 ], [ 18.038287, 59.381814 ], [ 18.038086, 59.38183 ], [ 18.037778, 59.381843 ], [ 18.036769, 59.381887 ], [ 18.036324, 59.381906 ], [ 18.036062, 59.381915 ], [ 18.035703, 59.381928 ], [ 18.034754, 59.381964 ] ] } },
{ "type": "Feature", "properties": { "cls": "separated", "highway": "cycleway", "name": null }, "geometry": { "type": "LineString", "coordinates": [ [ 18.040668, 59.381955 ], [ 18.040583, 59.381822 ] ] } },
{ "type": "Feature", "properties": { "cls": "separated", "highway": "cycleway", "name": null }, "geometry": { "type": "LineString", "coordinates": [ [ 18.037917, 59.38294 ], [ 18.037919, 59.382779 ], [ 18.037887, 59.382464 ], [ 18.038093, 59.382355 ], [ 18.038075, 59.382115 ], [ 18.038111, 59.38198 ], [ 18.038109, 59.381896 ], [ 18.038086, 59.38183 ], [ 18.038062, 59.381788 ] ] } },
{ "type": "Feature", "properties": { "cls": "separated", "highway": "cycleway", "name": null }, "geometry": { "type": "MultiLineString", "coordinates": [ [ [ 18.038108, 59.382852 ], [ 18.038386, 59.382812 ] ], [ [ 18.038386, 59.382812 ], [ 18.038933, 59.382878 ] ], [ [ 18.038933, 59.382878 ], [ 18.039064, 59.382879 ] ] ] } },
{ "type": "Feature", "properties": { "cls": "separated", "highway": "cycleway", "name": null }, "geometry": { "type": "LineString", "coordinates": [ [ 18.041348, 59.381912 ], [ 18.041362, 59.382 ], [ 18.041391, 59.382092 ], [ 18.041434, 59.382176 ] ] } },
{ "type": "Feature", "properties": { "cls": "separated", "highway": "cycleway", "name": null }, "geometry": { "type": "MultiLineString", "coordinates": [ [ [ 18.037917, 59.38294 ], [ 18.038031, 59.382889 ] ], [ [ 18.038031, 59.382889 ], [ 18.038108, 59.382852 ] ] ] } },
{ "type": "Feature", "properties": { "cls": "separated", "highway": "cycleway", "name": null }, "geometry": { "type": "LineString", "coordinates": [ [ 18.040905, 59.382317 ], [ 18.040668, 59.381955 ] ] } },
{ "type": "Feature", "properties": { "cls": "separated", "highway": "cycleway", "name": null }, "geometry": { "type": "LineString", "coordinates": [ [ 18.0367, 59.383244 ], [ 18.036745, 59.383213 ], [ 18.036862, 59.38315 ], [ 18.037069, 59.383068 ], [ 18.037161, 59.383044 ], [ 18.037437, 59.38303 ], [ 18.037917, 59.38294 ] ] } },
{ "type": "Feature", "properties": { "cls": "separated", "highway": "cycleway", "name": null }, "geometry": { "type": "MultiLineString", "coordinates": [ [ [ 18.036938, 59.383715 ], [ 18.037038, 59.383703 ] ], [ [ 18.037038, 59.383703 ], [ 18.037132, 59.383686 ] ], [ [ 18.037132, 59.383686 ], [ 18.037194, 59.383678 ] ], [ [ 18.037194, 59.383678 ], [ 18.037306, 59.383677 ] ], [ [ 18.037306, 59.383677 ], [ 18.037426, 59.383655 ] ], [ [ 18.037426, 59.383655 ], [ 18.03754, 59.38362 ] ], [ [ 18.03754, 59.38362 ], [ 18.037739, 59.383584 ] ], [ [ 18.037739, 59.383584 ], [ 18.037927, 59.383525 ] ], [ [ 18.037927, 59.383525 ], [ 18.037971, 59.383494 ] ], [ [ 18.037971, 59.383494 ], [ 18.037982, 59.383436 ] ], [ [ 18.037982, 59.383436 ], [ 18.037968, 59.383294 ] ], [ [ 18.037968, 59.383294 ], [ 18.037917, 59.38294 ] ] ] } },
{ "type": "Feature", "properties": { "cls": "shared", "highway": "path", "name": null }, "geometry": { "type": "LineString", "coordinates": [ [ 18.077644, 59.358968 ], [ 18.077705, 59.358935 ], [ 18.077766, 59.358915 ], [ 18.077925, 59.358868 ], [ 18.078255, 59.358805 ], [ 18.078535, 59.35879 ], [ 18.078629, 59.358772 ], [ 18.078695, 59.358743 ], [ 18.078995, 59.358602 ], [ 18.079478, 59.358336 ], [ 18.079655, 59.358234 ], [ 18.079852, 59.358129 ], [ 18.079875, 59.358111 ], [ 18.079917, 59.358104 ], [ 18.079955, 59.358129 ], [ 18.079977, 59.358164 ], [ 18.079956, 59.358213 ], [ 18.079887, 59.358299 ], [ 18.079813, 59.358417 ], [ 18.079662, 59.358565 ], [ 18.079565, 59.358641 ], [ 18.079434, 59.358662 ], [ 18.079411, 59.358704 ], [ 18.079428, 59.358719 ], [ 18.079478, 59.358735 ], [ 18.079544, 59.358739 ], [ 18.079612, 59.358744 ], [ 18.079667, 59.358743 ], [ 18.079704, 59.358742 ], [ 18.079836, 59.358722 ], [ 18.079901, 59.35871 ], [ 18.079986, 59.358693 ], [ 18.08006, 59.358699 ], [ 18.080124, 59.358712 ], [ 18.080183, 59.358749 ], [ 18.080194, 59.358777 ], [ 18.080189, 59.358798 ], [ 18.080179, 59.35885 ], [ 18.080116, 59.358905 ], [ 18.080119, 59.358963 ], [ 18.080074, 59.359021 ], [ 18.080027, 59.35905 ], [ 18.079969, 59.359061 ], [ 18.079879, 59.359065 ], [ 18.079846, 59.359138 ], [ 18.079741, 59.359189 ], [ 18.079545, 59.359208 ], [ 18.079462, 59.359135 ], [ 18.079368, 59.359127 ], [ 18.079285, 59.359166 ], [ 18.079138, 59.35929 ], [ 18.079001, 59.359324 ], [ 18.078706, 59.359362 ], [ 18.078446, 59.35941 ], [ 18.078328, 59.359435 ], [ 18.078159, 59.359362 ], [ 18.077936, 59.359342 ], [ 18.077834, 59.35934 ], [ 18.077814, 59.359356 ], [ 18.077826, 59.359366 ], [ 18.078109, 59.359469 ], [ 18.078231, 59.359552 ], [ 18.078323, 59.359598 ], [ 18.078426, 59.359649 ], [ 18.078128, 59.359782 ], [ 18.077781, 59.359875 ], [ 18.077471, 59.359915 ], [ 18.077209, 59.359872 ], [ 18.077043, 59.359829 ] ] } },
{ "type": "Feature", "properties": { "cls": "shared", "highway": "path", "name": null }, "geometry": { "type": "LineString", "coordinates": [ [ 18.077834, 59.35934 ], [ 18.077755, 59.35928 ], [ 18.077608, 59.359106 ] ] } },
{ "type": "Feature", "properties": { "cls": "separated", "highway": "cycleway", "name": "Stora Skuggans Väg" }, "geometry": { "type": "Point", "coordinates": [ 18.074087, 59.363431 ] } },
{ "type": "Feature", "properties": { "cls": "separated", "highway": "cycleway", "name": "Stora Skuggans Väg" }, "geometry": { "type": "MultiLineString", "coordinates": [ [ [ 18.070865, 59.364487 ], [ 18.070915, 59.36457 ] ], [ [ 18.070915, 59.36457 ], [ 18.070904, 59.364982 ] ], [ [ 18.070904, 59.364982 ], [ 18.071025, 59.365181 ] ] ] } },
{ "type": "Feature", "properties": { "cls": "separated", "highway": "cycleway", "name": "Stora Skuggans Väg" }, "geometry": { "type": "Point", "coordinates": [ 18.071025, 59.365181 ] } },
{ "type": "Feature", "properties": { "cls": "shared", "highway": "cycleway", "name": null }, "geometry": { "type": "LineString", "coordinates": [ [ 18.058274, 59.3629 ], [ 18.05825, 59.36272 ], [ 18.058205, 59.362499 ] ] } },
{ "type": "Feature", "properties": { "cls": "separated", "highway": "cycleway", "name": null }, "geometry": { "type": "LineString", "coordinates": [ [ 18.058046, 59.36293 ], [ 18.058274, 59.3629 ] ] } },
{ "type": "Feature", "properties": { "cls": "separated", "highway": "cycleway", "name": null }, "geometry": { "type": "LineString", "coordinates": [ [ 18.05717, 59.362919 ], [ 18.057119, 59.362956 ], [ 18.057104, 59.362968 ], [ 18.057096, 59.362983 ], [ 18.057097, 59.363004 ], [ 18.057103, 59.363024 ], [ 18.057129, 59.363061 ], [ 18.057155, 59.363089 ], [ 18.057188, 59.363113 ], [ 18.057207, 59.363126 ], [ 18.057224, 59.363136 ], [ 18.057288, 59.363154 ], [ 18.057341, 59.363165 ], [ 18.057384, 59.363171 ], [ 18.057426, 59.363177 ] ] } },
{ "type": "Feature", "properties": { "cls": "shared", "highway": "cycleway", "name": "Lappkärrsgången" }, "geometry": { "type": "LineString", "coordinates": [ [ 18.058283, 59.363312 ], [ 18.05795, 59.36329 ], [ 18.057633, 59.363302 ], [ 18.057468, 59.363293 ], [ 18.057426, 59.363177 ], [ 18.057409, 59.36313 ], [ 18.057519, 59.363121 ], [ 18.057682, 59.363104 ], [ 18.057993, 59.363082 ], [ 18.058111, 59.363055 ], [ 18.058046, 59.36293 ] ] } },
{ "type": "Feature", "properties": { "cls": "shared", "highway": "cycleway", "name": null }, "geometry": { "type": "LineString", "coordinates": [ [ 18.058326, 59.363346 ], [ 18.058538, 59.363426 ], [ 18.058978, 59.363543 ], [ 18.059419, 59.363539 ], [ 18.059539, 59.363571 ] ] } },
{ "type": "Feature", "properties": { "cls": "separated", "highway": "cycleway", "name": null }, "geometry": { "type": "LineString", "coordinates": [ [ 18.05708, 59.36157 ], [ 18.057008, 59.361709 ], [ 18.056877, 59.361854 ], [ 18.056552, 59.362177 ], [ 18.056508, 59.36222 ], [ 18.056155, 59.362529 ], [ 18.055589, 59.362948 ], [ 18.055274, 59.363225 ], [ 18.054681, 59.363745 ], [ 18.054309, 59.364229 ], [ 18.054212, 59.364419 ], [ 18.054075, 59.36464 ], [ 18.05396, 59.364932 ], [ 18.053888, 59.365086 ], [ 18.053862, 59.36512 ], [ 18.053845, 59.365143 ], [ 18.053735, 59.365209 ], [ 18.053687, 59.365261 ], [ 18.053554, 59.365729 ] ] } },
{ "type": "Feature", "properties": { "cls": "shared", "highway": "cycleway", "name": null }, "geometry": { "type": "LineString", "coordinates": [ [ 18.058337, 59.36401 ], [ 18.058437, 59.363974 ], [ 18.058854, 59.363823 ], [ 18.059327, 59.363662 ], [ 18.059539, 59.363571 ], [ 18.059804, 59.363572 ], [ 18.059912, 59.363774 ], [ 18.059924, 59.363835 ], [ 18.05991, 59.364133 ] ] } },
{ "type": "Feature", "properties": { "cls": "shared", "highway": "cycleway", "name": null }, "geometry": { "type": "LineString", "coordinates": [ [ 18.058375, 59.364065 ], [ 18.058446, 59.364057 ], [ 18.058565, 59.36406 ], [ 18.059007, 59.364077 ], [ 18.059437, 59.364131 ], [ 18.059597, 59.364144 ], [ 18.05991, 59.364133 ] ] } },
{ "type": "Feature", "properties": { "cls": "shared", "highway": "cycleway", "name": "Lappkärrsgången" }, "geometry": { "type": "LineString", "coordinates": [ [ 18.058519, 59.365094 ], [ 18.058502, 59.364947 ], [ 18.058413, 59.364225 ], [ 18.058375, 59.364065 ], [ 18.058337, 59.36401 ], [ 18.05835, 59.363749 ], [ 18.058411, 59.363698 ], [ 18.05839, 59.363399 ], [ 18.058326, 59.363346 ], [ 18.058283, 59.363312 ] ] } },
{ "type": "Feature", "properties": { "cls": "shared", "highway": "cycleway", "name": "Universitetsgången" }, "geometry": { "type": "LineString", "coordinates": [ [ 18.05539, 59.365123 ], [ 18.055569, 59.365074 ], [ 18.055667, 59.365048 ], [ 18.05597, 59.364965 ], [ 18.056116, 59.364894 ], [ 18.056552, 59.364683 ], [ 18.056711, 59.36462 ], [ 18.057184, 59.364447 ], [ 18.057349, 59.364379 ], [ 18.058021, 59.364095 ], [ 18.058337, 59.36401 ] ] } },
{ "type": "Feature", "properties": { "cls": "shared", "highway": "path", "name": null }, "geometry": { "type": "LineString", "coordinates": [ [ 18.063411, 59.364375 ], [ 18.064926, 59.364476 ], [ 18.065125, 59.364498 ], [ 18.065359, 59.364485 ], [ 18.067895, 59.364552 ], [ 18.068503, 59.364558 ], [ 18.068729, 59.36455 ], [ 18.069433, 59.36455 ], [ 18.069645, 59.364539 ], [ 18.069755, 59.364533 ], [ 18.06996, 59.364518 ], [ 18.070121, 59.364538 ] ] } },
{ "type": "Feature", "properties": { "cls": "shared", "highway": "path", "name": null }, "geometry": { "type": "LineString", "coordinates": [ [ 18.063997, 59.364687 ], [ 18.065125, 59.364498 ] ] } },
{ "type": "Feature", "properties": { "cls": "shared", "highway": "path", "name": null }, "geometry": { "type": "LineString", "coordinates": [ [ 18.062326, 59.364086 ], [ 18.062936, 59.364223 ], [ 18.063256, 59.364324 ], [ 18.063411, 59.364375 ], [ 18.063695, 59.364512 ], [ 18.063987, 59.364681 ], [ 18.063997, 59.364687 ], [ 18.065694, 59.366045 ], [ 18.065887, 59.366173 ], [ 18.065955, 59.366288 ], [ 18.065952, 59.366356 ], [ 18.065808, 59.366512 ], [ 18.065741, 59.366756 ], [ 18.065695, 59.367032 ], [ 18.065721, 59.367237 ], [ 18.065578, 59.367394 ], [ 18.065454, 59.367561 ], [ 18.065442, 59.367725 ], [ 18.065472, 59.367933 ], [ 18.065605, 59.368111 ], [ 18.065678, 59.368166 ], [ 18.065814, 59.368233 ] ] } },
{ "type": "Feature", "properties": { "cls": "separated", "highway": "cycleway", "name": null }, "geometry": { "type": "MultiLineString", "coordinates": [ [ [ 18.065814, 59.368233 ], [ 18.065881, 59.368187 ] ], [ [ 18.065881, 59.368187 ], [ 18.065961, 59.368162 ] ], [ [ 18.065961, 59.368162 ], [ 18.066171, 59.368139 ] ], [ [ 18.066171, 59.368139 ], [ 18.066337, 59.368124 ] ], [ [ 18.066337, 59.368124 ], [ 18.066634, 59.368088 ] ], [ [ 18.066634, 59.368088 ], [ 18.0669, 59.368047 ] ], [ [ 18.0669, 59.368047 ], [ 18.067075, 59.367999 ] ], [ [ 18.067075, 59.367999 ], [ 18.067305, 59.3679 ] ], [ [ 18.067305, 59.3679 ], [ 18.067509, 59.367787 ] ], [ [ 18.067509, 59.367787 ], [ 18.067631, 59.367693 ] ], [ [ 18.067631, 59.367693 ], [ 18.067677, 59.367637 ] ], [ [ 18.067677, 59.367637 ], [ 18.067836, 59.367441 ] ], [ [ 18.067836, 59.367441 ], [ 18.067966, 59.367298 ] ], [ [ 18.067966, 59.367298 ], [ 18.068075, 59.367201 ] ], [ [ 18.068075, 59.367201 ], [ 18.068309, 59.36703 ] ], [ [ 18.068309, 59.36703 ], [ 18.068686, 59.366786 ] ], [ [ 18.068686, 59.366786 ], [ 18.068987, 59.366596 ] ], [ [ 18.068987, 59.366596 ], [ 18.06919, 59.36646 ] ], [ [ 18.06919, 59.36646 ], [ 18.069201, 59.366439 ] ], [ [ 18.069201, 59.366439 ], [ 18.069174, 59.366369 ] ], [ [ 18.069174, 59.366369 ], [ 18.069236, 59.366309 ] ], [ [ 18.069236, 59.366309 ], [ 18.070138, 59.365741 ] ], [ [ 18.070138, 59.365741 ], [ 18.070189, 59.365708 ] ], [ [ 18.070189, 59.365708 ], [ 18.071025, 59.365181 ] ] ] } },
{ "type": "Feature", "properties": { "cls": "separated", "highway": "cycleway", "name": null }, "geometry": { "type": "MultiLineString", "coordinates": [ [ [ 18.065658, 59.368389 ], [ 18.065709, 59.368343 ] ], [ [ 18.065709, 59.368343 ], [ 18.065814, 59.368233 ] ] ] } },
{ "type": "Feature", "properties": { "cls": "separated", "highway": "cycleway", "name": null }, "geometry": { "type": "MultiLineString", "coordinates": [ [ [ 18.065196, 59.368879 ], [ 18.065631, 59.368415 ] ], [ [ 18.065631, 59.368415 ], [ 18.065658, 59.368389 ] ] ] } },
{ "type": "Feature", "properties": { "cls": "separated", "highway": "cycleway", "name": null }, "geometry": { "type": "Point", "coordinates": [ 18.065658, 59.368389 ] } },
{ "type": "Feature", "properties": { "cls": "separated", "highway": "cycleway", "name": null }, "geometry": { "type": "Point", "coordinates": [ 18.065196, 59.368879 ] } },
{ "type": "Feature", "properties": { "cls": "separated", "highway": "cycleway", "name": null }, "geometry": { "type": "MultiLineString", "coordinates": [ [ [ 18.060793, 59.369619 ], [ 18.061423, 59.369509 ] ], [ [ 18.061423, 59.369509 ], [ 18.062455, 59.369341 ] ], [ [ 18.062455, 59.369341 ], [ 18.06384, 59.369115 ] ], [ [ 18.06384, 59.369115 ], [ 18.063963, 59.369094 ] ], [ [ 18.063963, 59.369094 ], [ 18.065196, 59.368879 ] ] ] } },
{ "type": "Feature", "properties": { "cls": "separated", "highway": "cycleway", "name": null }, "geometry": { "type": "Point", "coordinates": [ 18.06384, 59.369115 ] } },
{ "type": "Feature", "properties": { "cls": "separated", "highway": "cycleway", "name": null }, "geometry": { "type": "LineString", "coordinates": [ [ 18.059931, 59.369393 ], [ 18.059813, 59.369197 ] ] } },
{ "type": "Feature", "properties": { "cls": "separated", "highway": "cycleway", "name": null }, "geometry": { "type": "LineString", "coordinates": [ [ 18.059998, 59.369481 ], [ 18.060645, 59.369446 ], [ 18.061165, 59.369422 ], [ 18.061249, 59.369426 ], [ 18.061289, 59.36944 ], [ 18.061423, 59.369509 ] ] } },
{ "type": "Feature", "properties": { "cls": "separated", "highway": "cycleway", "name": null }, "geometry": { "type": "Point", "coordinates": [ 18.061423, 59.369509 ] } },
{ "type": "Feature", "properties": { "cls": "separated", "highway": "cycleway", "name": null }, "geometry": { "type": "LineString", "coordinates": [ [ 18.06002, 59.369597 ], [ 18.059998, 59.369481 ], [ 18.059931, 59.369393 ] ] } },
{ "type": "Feature", "properties": { "cls": "separated", "highway": "cycleway", "name": null }, "geometry": { "type": "LineString", "coordinates": [ [ 18.06002, 59.369597 ], [ 18.060382, 59.369606 ] ] } },
{ "type": "Feature", "properties": { "cls": "separated", "highway": "cycleway", "name": null }, "geometry": { "type": "LineString", "coordinates": [ [ 18.060382, 59.369606 ], [ 18.060793, 59.369619 ] ] } },
{ "type": "Feature", "properties": { "cls": "separated", "highway": "cycleway", "name": null }, "geometry": { "type": "MultiLineString", "coordinates": [ [ [ 18.058149, 59.36975 ], [ 18.059179, 59.369582 ] ], [ [ 18.059179, 59.369582 ], [ 18.06002, 59.369597 ] ] ] } },
{ "type": "Feature", "properties": { "cls": "shared", "highway": "cycleway", "name": null }, "geometry": { "type": "LineString", "coordinates": [ [ 18.030338, 59.364161 ], [ 18.030393, 59.36404 ], [ 18.03034, 59.363834 ], [ 18.03008, 59.363457 ], [ 18.03002, 59.363276 ] ] } },
{ "type": "Feature", "properties": { "cls": "shared", "highway": "cycleway", "name": null }, "geometry": { "type": "MultiLineString", "coordinates": [ [ [ 18.028427, 59.36452 ], [ 18.028496, 59.364449 ] ], [ [ 18.028496, 59.364449 ], [ 18.028714, 59.364271 ] ], [ [ 18.028714, 59.364271 ], [ 18.029089, 59.364041 ] ], [ [ 18.029089, 59.364041 ], [ 18.029255, 59.363954 ] ], [ [ 18.029255, 59.363954 ], [ 18.029371, 59.36388 ] ] ] } },
{ "type": "Feature", "properties": { "cls": "shared", "highway": "cycleway", "name": null }, "geometry": { "type": "LineString", "coordinates": [ [ 18.029617, 59.364862 ], [ 18.029523, 59.364958 ], [ 18.028296, 59.365633 ], [ 18.028151, 59.365747 ] ] } },
{ "type": "Feature", "properties": { "cls": "shared", "highway": "cycleway", "name": null }, "geometry": { "type": "MultiLineString", "coordinates": [ [ [ 18.028123, 59.366816 ], [ 18.028154, 59.366898 ] ], [ [ 18.028154, 59.366898 ], [ 18.028175, 59.367109 ] ], [ [ 18.028175, 59.367109 ], [ 18.028192, 59.367188 ] ], [ [ 18.028192, 59.367188 ], [ 18.028228, 59.367249 ] ], [ [ 18.028228, 59.367249 ], [ 18.02829, 59.367321 ] ], [ [ 18.02829, 59.367321 ], [ 18.028353, 59.367402 ] ], [ [ 18.028353, 59.367402 ], [ 18.028373, 59.367497 ] ], [ [ 18.028373, 59.367497 ], [ 18.028355, 59.367606 ] ], [ [ 18.028355, 59.367606 ], [ 18.02833, 59.367681 ] ] ] } },
{ "type": "Feature", "properties": { "cls": "shared", "highway": "cycleway", "name": null }, "geometry": { "type": "MultiLineString", "coordinates": [ [ [ 18.02833, 59.367681 ], [ 18.0283, 59.367769 ] ], [ [ 18.0283, 59.367769 ], [ 18.028259, 59.367849 ] ], [ [ 18.028259, 59.367849 ], [ 18.028228, 59.367945 ] ] ] } },
{ "type": "Feature", "properties": { "cls": "shared", "highway": "cycleway", "name": null }, "geometry": { "type": "LineString", "coordinates": [ [ 18.027799, 59.368315 ], [ 18.027665, 59.368018 ] ] } },
{ "type": "Feature", "properties": { "cls": "shared", "highway": "cycleway", "name": null }, "geometry": { "type": "MultiLineString", "coordinates": [ [ [ 18.023265, 59.369312 ], [ 18.023432, 59.36932 ] ], [ [ 18.023432, 59.36932 ], [ 18.023508, 59.369318 ] ], [ [ 18.023508, 59.369318 ], [ 18.023685, 59.369283 ] ], [ [ 18.023685, 59.369283 ], [ 18.023735, 59.369273 ] ], [ [ 18.023735, 59.369273 ], [ 18.023872, 59.369229 ] ], [ [ 18.023872, 59.369229 ], [ 18.024021, 59.369157 ] ], [ [ 18.024021, 59.369157 ], [ 18.024112, 59.369097 ] ], [ [ 18.024112, 59.369097 ], [ 18.024182, 59.369065 ] ], [ [ 18.024182, 59.369065 ], [ 18.024245, 59.369043 ] ], [ [ 18.024245, 59.369043 ], [ 18.024453, 59.368948 ] ], [ [ 18.024453, 59.368948 ], [ 18.024732, 59.368791 ] ], [ [ 18.024732, 59.368791 ], [ 18.025019, 59.368643 ] ], [ [ 18.025019, 59.368643 ], [ 18.025117, 59.368596 ] ], [ [ 18.025117, 59.368596 ], [ 18.025247, 59.368533 ] ], [ [ 18.025247, 59.368533 ], [ 18.025403, 59.368471 ] ], [ [ 18.025403, 59.368471 ], [ 18.025468, 59.368448 ] ], [ [ 18.025468, 59.368448 ], [ 18.025726, 59.368355 ] ], [ [ 18.025726, 59.368355 ], [ 18.025787, 59.368333 ] ], [ [ 18.025787, 59.368333 ], [ 18.026044, 59.368236 ] ], [ [ 18.026044, 59.368236 ], [ 18.026144, 59.368209 ] ], [ [ 18.026144, 59.368209 ], [ 18.026529, 59.36817 ] ], [ [ 18.026529, 59.36817 ], [ 18.02659, 59.368163 ] ], [ [ 18.02659, 59.368163 ], [ 18.027027, 59.368113 ] ], [ [ 18.027027, 59.368113 ], [ 18.027276, 59.368077 ] ], [ [ 18.027276, 59.368077 ], [ 18.027665, 59.368018 ] ], [ [ 18.027665, 59.368018 ], [ 18.028228, 59.367945 ] ] ] } },
{ "type": "Feature", "properties": { "cls": "separated", "highway": "cycleway", "name": null }, "geometry": { "type": "Point", "coordinates": [ 18.023265, 59.369312 ] } },
{ "type": "Feature", "properties": { "cls": "shared", "highway": "cycleway", "name": null }, "geometry": { "type": "LineString", "coordinates": [ [ 18.029341, 59.369406 ], [ 18.029322, 59.369362 ], [ 18.028385, 59.369448 ], [ 18.027453, 59.369542 ], [ 18.025899, 59.369703 ] ] } },
{ "type": "Feature", "properties": { "cls": "shared", "highway": "cycleway", "name": null }, "geometry": { "type": "Point", "coordinates": [ 18.023675, 59.36952 ] } },
{ "type": "Feature", "properties": { "cls": "shared", "highway": "cycleway", "name": null }, "geometry": { "type": "MultiLineString", "coordinates": [ [ [ 18.025374, 59.369695 ], [ 18.025321, 59.369693 ] ], [ [ 18.025321, 59.369693 ], [ 18.025076, 59.36967 ] ], [ [ 18.025076, 59.36967 ], [ 18.024705, 59.369629 ] ], [ [ 18.024705, 59.369629 ], [ 18.023675, 59.36952 ] ] ] } },
{ "type": "Feature", "properties": { "cls": "shared", "highway": "cycleway", "name": null }, "geometry": { "type": "MultiLineString", "coordinates": [ [ [ 18.025899, 59.369703 ], [ 18.025592, 59.369704 ] ], [ [ 18.025592, 59.369704 ], [ 18.025374, 59.369695 ] ] ] } },
{ "type": "Feature", "properties": { "cls": "shared", "highway": "cycleway", "name": null }, "geometry": { "type": "LineString", "coordinates": [ [ 18.025929, 59.36977 ], [ 18.025899, 59.369703 ] ] } },
{ "type": "Feature", "properties": { "cls": "shared", "highway": "cycleway", "name": null }, "geometry": { "type": "MultiLineString", "coordinates": [ [ [ 18.027803, 59.370618 ], [ 18.027676, 59.370496 ] ], [ [ 18.027676, 59.370496 ], [ 18.027636, 59.370465 ] ], [ [ 18.027636, 59.370465 ], [ 18.027471, 59.370367 ] ], [ [ 18.027471, 59.370367 ], [ 18.027304, 59.370294 ] ], [ [ 18.027304, 59.370294 ], [ 18.026856, 59.370137 ] ], [ [ 18.026856, 59.370137 ], [ 18.026694, 59.370086 ] ], [ [ 18.026694, 59.370086 ], [ 18.026554, 59.370047 ] ], [ [ 18.026554, 59.370047 ], [ 18.026281, 59.369982 ] ] ] } },
{ "type": "Feature", "properties": { "cls": "shared", "highway": "cycleway", "name": null }, "geometry": { "type": "MultiLineString", "coordinates": [ [ [ 18.020805, 59.373633 ], [ 18.02127, 59.373751 ] ], [ [ 18.02127, 59.373751 ], [ 18.02144, 59.373795 ] ], [ [ 18.02144, 59.373795 ], [ 18.02156, 59.373817 ] ], [ [ 18.02156, 59.373817 ], [ 18.02173, 59.373816 ] ], [ [ 18.02173, 59.373816 ], [ 18.021798, 59.373798 ] ], [ [ 18.021798, 59.373798 ], [ 18.022048, 59.373688 ] ], [ [ 18.022048, 59.373688 ], [ 18.022158, 59.373644 ] ], [ [ 18.022158, 59.373644 ], [ 18.022502, 59.373551 ] ], [ [ 18.022502, 59.373551 ], [ 18.022541, 59.373543 ] ], [ [ 18.022541, 59.373543 ], [ 18.022625, 59.37353 ] ], [ [ 18.022625, 59.37353 ], [ 18.022902, 59.373465 ] ], [ [ 18.022902, 59.373465 ], [ 18.023162, 59.373379 ] ], [ [ 18.023162, 59.373379 ], [ 18.023543, 59.373242 ] ], [ [ 18.023543, 59.373242 ], [ 18.023867, 59.373135 ] ], [ [ 18.023867, 59.373135 ], [ 18.024275, 59.37289 ] ], [ [ 18.024275, 59.37289 ], [ 18.024649, 59.372627 ] ], [ [ 18.024649, 59.372627 ], [ 18.024761, 59.372559 ] ], [ [ 18.024761, 59.372559 ], [ 18.025077, 59.372324 ] ], [ [ 18.025077, 59.372324 ], [ 18.025619, 59.372109 ] ], [ [ 18.025619, 59.372109 ], [ 18.026041, 59.371778 ] ], [ [ 18.026041, 59.371778 ], [ 18.026232, 59.371715 ] ], [ [ 18.026232, 59.371715 ], [ 18.026436, 59.371663 ] ], [ [ 18.026436, 59.371663 ], [ 18.026643, 59.371623 ] ], [ [ 18.026643, 59.371623 ], [ 18.026834, 59.371587 ] ], [ [ 18.026834, 59.371587 ], [ 18.02702, 59.371532 ] ], [ [ 18.02702, 59.371532 ], [ 18.027138, 59.371488 ] ], [ [ 18.027138, 59.371488 ], [ 18.027321, 59.371394 ] ], [ [ 18.027321, 59.371394 ], [ 18.027385, 59.371355 ] ], [ [ 18.027385, 59.371355 ], [ 18.027453, 59.371297 ] ], [ [ 18.027453, 59.371297 ], [ 18.027486, 59.371209 ] ], [ [ 18.027486, 59.371209 ], [ 18.027483, 59.371052 ] ], [ [ 18.027483, 59.371052 ], [ 18.027486, 59.371018 ] ], [ [ 18.027486, 59.371018 ], [ 18.027536, 59.370932 ] ], [ [ 18.027536, 59.370932 ], [ 18.027633, 59.370818 ] ], [ [ 18.027633, 59.370818 ], [ 18.027773, 59.370628 ] ], [ [ 18.027773, 59.370628 ], [ 18.027803, 59.370618 ] ] ] } },
{ "type": "Feature", "properties": { "cls": "separated", "highway": "cycleway", "name": null }, "geometry": { "type": "Point", "coordinates": [ 18.022541, 59.373543 ] } },
{ "type": "Feature", "properties": { "cls": "shared", "highway": "cycleway", "name": null }, "geometry": { "type": "Point", "coordinates": [ 18.020805, 59.373633 ] } },
{ "type": "Feature", "properties": { "cls": "shared", "highway": "cycleway", "name": null }, "geometry": { "type": "MultiLineString", "coordinates": [ [ [ 18.016613, 59.375432 ], [ 18.016768, 59.37532 ], [ 18.016897, 59.375252 ] ], [ [ 18.016897, 59.375252 ], [ 18.017086, 59.375096 ] ], [ [ 18.017086, 59.375096 ], [ 18.017184, 59.375018 ] ], [ [ 18.017184, 59.375018 ], [ 18.017286, 59.374936 ] ], [ [ 18.017286, 59.374936 ], [ 18.017345, 59.374892 ] ], [ [ 18.017345, 59.374892 ], [ 18.017414, 59.374862 ] ], [ [ 18.017414, 59.374862 ], [ 18.017546, 59.374839 ] ], [ [ 18.017546, 59.374839 ], [ 18.01771, 59.374822 ] ], [ [ 18.01771, 59.374822 ], [ 18.01805, 59.374812 ] ], [ [ 18.01805, 59.374812 ], [ 18.018305, 59.374784 ] ], [ [ 18.018305, 59.374784 ], [ 18.018424, 59.374745 ] ], [ [ 18.018424, 59.374745 ], [ 18.018597, 59.374647 ] ], [ [ 18.018597, 59.374647 ], [ 18.018704, 59.374557 ] ], [ [ 18.018704, 59.374557 ], [ 18.018895, 59.374379 ] ], [ [ 18.018895, 59.374379 ], [ 18.019278, 59.374126 ] ], [ [ 18.019278, 59.374126 ], [ 18.019458, 59.37397 ] ], [ [ 18.019458, 59.37397 ], [ 18.019621, 59.373836 ] ], [ [ 18.019621, 59.373836 ], [ 18.019821, 59.373741 ] ], [ [ 18.019821, 59.373741 ], [ 18.020042, 59.373678 ] ], [ [ 18.020042, 59.373678 ], [ 18.020388, 59.373633 ] ], [ [ 18.020388, 59.373633 ], [ 18.020582, 59.373614 ] ], [ [ 18.020582, 59.373614 ], [ 18.020736, 59.373618 ] ], [ [ 18.020736, 59.373618 ], [ 18.020805, 59.373633 ] ] ] } },
{ "type": "Feature", "properties": { "cls": "separated", "highway": "cycleway", "name": null }, "geometry": { "type": "MultiLineString", "coordinates": [ [ [ 18.014211, 59.377853 ], [ 18.014263, 59.377738 ] ], [ [ 18.014263, 59.377738 ], [ 18.014334, 59.377645 ] ], [ [ 18.014334, 59.377645 ], [ 18.014423, 59.377551 ] ], [ [ 18.014423, 59.377551 ], [ 18.014582, 59.37743 ] ], [ [ 18.014582, 59.37743 ], [ 18.014704, 59.377319 ] ], [ [ 18.014704, 59.377319 ], [ 18.014972, 59.376971 ] ], [ [ 18.014972, 59.376971 ], [ 18.01647, 59.37551 ] ], [ [ 18.01647, 59.37551 ], [ 18.016613, 59.375432 ] ] ] } },
{ "type": "Feature", "properties": { "cls": "separated", "highway": "cycleway", "name": null }, "geometry": { "type": "LineString", "coordinates": [ [ 18.035344, 59.378561 ], [ 18.035629, 59.378588 ] ] } },
{ "type": "Feature", "properties": { "cls": "separated", "highway": "cycleway", "name": null }, "geometry": { "type": "LineString", "coordinates": [ [ 18.035148, 59.378486 ], [ 18.035344, 59.378561 ], [ 18.035379, 59.378597 ], [ 18.035474, 59.378732 ], [ 18.035528, 59.378809 ] ] } },
{ "type": "Feature", "properties": { "cls": "separated", "highway": "cycleway", "name": null }, "geometry": { "type": "LineString", "coordinates": [ [ 18.030088, 59.378491 ], [ 18.030033, 59.378848 ] ] } },
{ "type": "Feature", "properties": { "cls": "separated", "highway": "cycleway", "name": null }, "geometry": { "type": "LineString", "coordinates": [ [ 18.034006, 59.378699 ], [ 18.034191, 59.378871 ] ] } },
{ "type": "Feature", "properties": { "cls": "separated", "highway": "cycleway", "name": null }, "geometry": { "type": "LineString", "coordinates": [ [ 18.038536, 59.378729 ], [ 18.03856, 59.378824 ], [ 18.038372, 59.379075 ], [ 18.038321, 59.379143 ], [ 18.038212, 59.379258 ], [ 18.037874, 59.379187 ], [ 18.037784, 59.379155 ], [ 18.037469, 59.379041 ], [ 18.037314, 59.379003 ], [ 18.037146, 59.378981 ], [ 18.036975, 59.378947 ], [ 18.036751, 59.378928 ], [ 18.035822, 59.378849 ], [ 18.035528, 59.378809 ], [ 18.034461, 59.37874 ], [ 18.034006, 59.378699 ], [ 18.0338, 59.378625 ] ] } },
{ "type": "Feature", "properties": { "cls": "separated", "highway": "cycleway", "name": null }, "geometry": { "type": "LineString", "coordinates": [ [ 18.030669, 59.379227 ], [ 18.029943, 59.379178 ], [ 18.029506, 59.379134 ], [ 18.027999, 59.378836 ], [ 18.027848, 59.378793 ], [ 18.027718, 59.378652 ] ] } },
{ "type": "Feature", "properties": { "cls": "shared", "highway": "cycleway", "name": null }, "geometry": { "type": "LineString", "coordinates": [ [ 18.031663, 59.378802 ], [ 18.031617, 59.378873 ], [ 18.031534, 59.378903 ], [ 18.031397, 59.378924 ], [ 18.031283, 59.378976 ], [ 18.03104, 59.379093 ], [ 18.030785, 59.379222 ], [ 18.030669, 59.379227 ] ] } },
{ "type": "Feature", "properties": { "cls": "separated", "highway": "cycleway", "name": null }, "geometry": { "type": "LineString", "coordinates": [ [ 18.031283, 59.378976 ], [ 18.031297, 59.379049 ], [ 18.031435, 59.379259 ], [ 18.0316, 59.379292 ], [ 18.031591, 59.379403 ] ] } },
{ "type": "Feature", "properties": { "cls": "separated", "highway": "cycleway", "name": null }, "geometry": { "type": "LineString", "coordinates": [ [ 18.036559, 59.379305 ], [ 18.036463, 59.379285 ], [ 18.0364, 59.379271 ], [ 18.036378, 59.379267 ], [ 18.036048, 59.379253 ], [ 18.035847, 59.379367 ], [ 18.035769, 59.379325 ], [ 18.035696, 59.379246 ], [ 18.035227, 59.37922 ], [ 18.035109, 59.379238 ], [ 18.034867, 59.37934 ], [ 18.034685, 59.379265 ] ] } },
{ "type": "Feature", "properties": { "cls": "separated", "highway": "cycleway", "name": null }, "geometry": { "type": "LineString", "coordinates": [ [ 18.037242, 59.379508 ], [ 18.037214, 59.379586 ], [ 18.037246, 59.379637 ], [ 18.037169, 59.379677 ], [ 18.037035, 59.379707 ], [ 18.036768, 59.379723 ], [ 18.036674, 59.379701 ], [ 18.036546, 59.379645 ], [ 18.036494, 59.37957 ], [ 18.036537, 59.3794 ], [ 18.036559, 59.379305 ], [ 18.036752, 59.379177 ], [ 18.036872, 59.379115 ], [ 18.036923, 59.379089 ], [ 18.037146, 59.378981 ] ] } },
{ "type": "Feature", "properties": { "cls": "shared", "highway": "cycleway", "name": null }, "geometry": { "type": "LineString", "coordinates": [ [ 18.025069, 59.378526 ], [ 18.025153, 59.37851 ], [ 18.025375, 59.37849 ], [ 18.02554, 59.378481 ], [ 18.025734, 59.378468 ], [ 18.026051, 59.37843 ], [ 18.02653, 59.378409 ], [ 18.026681, 59.378381 ], [ 18.026829, 59.378325 ], [ 18.02694, 59.378283 ], [ 18.026965, 59.378272 ], [ 18.027382, 59.378131 ], [ 18.027395, 59.378126 ], [ 18.027872, 59.377974 ], [ 18.027978, 59.37794 ], [ 18.028129, 59.377891 ], [ 18.028264, 59.377847 ], [ 18.028746, 59.377777 ], [ 18.029101, 59.377733 ] ] } },
{ "type": "Feature", "properties": { "cls": "separated", "highway": "cycleway", "name": null }, "geometry": { "type": "LineString", "coordinates": [ [ 18.027718, 59.378652 ], [ 18.027719, 59.378587 ], [ 18.027806, 59.378562 ], [ 18.028046, 59.378451 ], [ 18.028279, 59.378448 ], [ 18.028597, 59.378524 ], [ 18.028713, 59.378646 ], [ 18.02875, 59.378686 ] ] } },
{ "type": "Feature", "properties": { "cls": "separated", "highway": "cycleway", "name": null }, "geometry": { "type": "LineString", "coordinates": [ [ 18.027386, 59.378619 ], [ 18.027278, 59.378626 ], [ 18.027193, 59.378615 ], [ 18.026999, 59.378581 ], [ 18.026805, 59.378568 ], [ 18.026668, 59.378586 ], [ 18.026454, 59.378648 ], [ 18.026343, 59.378646 ], [ 18.025965, 59.378602 ], [ 18.025198, 59.378529 ], [ 18.025069, 59.378526 ] ] } },
{ "type": "Feature", "properties": { "cls": "separated", "highway": "cycleway", "name": null }, "geometry": { "type": "LineString", "coordinates": [ [ 18.027718, 59.378652 ], [ 18.027552, 59.378636 ], [ 18.027386, 59.378619 ] ] } },
{ "type": "Feature", "properties": { "cls": "separated", "highway": "footway", "name": null }, "geometry": { "type": "LineString", "coordinates": [ [ 18.026805, 59.378568 ], [ 18.026817, 59.378633 ], [ 18.026827, 59.378681 ] ] } },
{ "type": "Feature", "properties": { "cls": "separated", "highway": "cycleway", "name": null }, "geometry": { "type": "LineString", "coordinates": [ [ 18.025069, 59.378526 ], [ 18.024913, 59.378592 ], [ 18.024682, 59.378716 ], [ 18.024148, 59.379011 ], [ 18.02407, 59.379071 ], [ 18.02402, 59.379109 ], [ 18.023935, 59.379127 ], [ 18.023824, 59.379131 ], [ 18.02324, 59.379101 ], [ 18.023097, 59.379091 ], [ 18.022991, 59.379075 ], [ 18.022738, 59.379009 ], [ 18.022646, 59.378987 ], [ 18.022532, 59.378973 ], [ 18.022506, 59.37897 ], [ 18.022414, 59.378973 ], [ 18.022207, 59.379006 ], [ 18.021802, 59.379085 ] ] } },
{ "type": "Feature", "properties": { "cls": "separated", "highway": "cycleway", "name": null }, "geometry": { "type": "LineString", "coordinates": [ [ 18.023003, 59.378798 ], [ 18.022875, 59.378814 ], [ 18.022751, 59.378846 ], [ 18.02268, 59.378879 ], [ 18.022622, 59.378905 ], [ 18.022554, 59.37895 ], [ 18.022532, 59.378973 ] ] } },
{ "type": "Feature", "properties": { "cls": "separated", "highway": "footway", "name": null }, "geometry": { "type": "LineString", "coordinates": [ [ 18.026827, 59.378681 ], [ 18.02688, 59.378938 ], [ 18.026902, 59.379041 ], [ 18.026858, 59.379133 ], [ 18.02665, 59.379387 ] ] } },
{ "type": "Feature", "properties": { "cls": "separated", "highway": "footway", "name": null }, "geometry": { "type": "LineString", "coordinates": [ [ 18.02665, 59.379387 ], [ 18.026458, 59.379676 ], [ 18.026366, 59.379843 ] ] } },
{ "type": "Feature", "properties": { "cls": "separated", "highway": "footway", "name": null }, "geometry": { "type": "LineString", "coordinates": [ [ 18.026366, 59.379843 ], [ 18.026355, 59.379865 ], [ 18.026189, 59.380202 ], [ 18.026145, 59.380244 ], [ 18.026105, 59.380277 ], [ 18.026059, 59.380297 ], [ 18.026002, 59.380306 ], [ 18.025852, 59.380309 ], [ 18.025326, 59.38031 ], [ 18.025026, 59.380323 ], [ 18.02483, 59.380344 ], [ 18.024505, 59.380396 ], [ 18.023998, 59.380526 ], [ 18.023887, 59.380554 ], [ 18.023786, 59.38058 ] ] } },
{ "type": "Feature", "properties": { "cls": "separated", "highway": "cycleway", "name": null }, "geometry": { "type": "LineString", "coordinates": [ [ 18.03597, 59.379524 ], [ 18.035967, 59.379509 ], [ 18.035948, 59.379423 ] ] } },
{ "type": "Feature", "properties": { "cls": "separated", "highway": "cycleway", "name": null }, "geometry": { "type": "LineString", "coordinates": [ [ 18.035967, 59.379509 ], [ 18.034728, 59.379535 ] ] } },
{ "type": "Feature", "properties": { "cls": "separated", "highway": "cycleway", "name": null }, "geometry": { "type": "LineString", "coordinates": [ [ 18.031291, 59.379806 ], [ 18.031292, 59.379748 ], [ 18.031293, 59.379721 ], [ 18.031293, 59.379694 ], [ 18.031284, 59.379584 ], [ 18.031256, 59.379528 ], [ 18.031157, 59.379446 ], [ 18.031044, 59.379404 ], [ 18.03095, 59.379386 ], [ 18.030695, 59.379354 ], [ 18.030666, 59.379268 ], [ 18.030669, 59.379227 ] ] } },
{ "type": "Feature", "properties": { "cls": "separated", "highway": "cycleway", "name": null }, "geometry": { "type": "LineString", "coordinates": [ [ 18.034683, 59.379567 ], [ 18.034409, 59.379566 ], [ 18.034418, 59.379642 ], [ 18.034488, 59.379683 ], [ 18.034585, 59.379681 ], [ 18.034587, 59.379705 ], [ 18.034484, 59.379708 ], [ 18.034455, 59.379732 ], [ 18.034463, 59.379759 ], [ 18.03453, 59.379785 ], [ 18.034614, 59.379781 ] ] } },
{ "type": "Feature", "properties": { "cls": "separated", "highway": "cycleway", "name": null }, "geometry": { "type": "LineString", "coordinates": [ [ 18.036874, 59.380201 ], [ 18.036768, 59.379723 ] ] } },
{ "type": "Feature", "properties": { "cls": "shared", "highway": "cycleway", "name": null }, "geometry": { "type": "LineString", "coordinates": [ [ 18.031294, 59.380105 ], [ 18.031291, 59.379806 ] ] } },
{ "type": "Feature", "properties": { "cls": "shared", "highway": "cycleway", "name": null }, "geometry": { "type": "LineString", "coordinates": [ [ 18.031298, 59.380232 ], [ 18.031294, 59.380105 ] ] } },
{ "type": "Feature", "properties": { "cls": "separated", "highway": "cycleway", "name": "Bergshamravägen" }, "geometry": { "type": "LineString", "coordinates": [ [ 18.030766, 59.380201 ], [ 18.03086, 59.380208 ], [ 18.030999, 59.38023 ], [ 18.031298, 59.380232 ] ] } },
{ "type": "Feature", "properties": { "cls": "shared", "highway": "cycleway", "name": "Bergshamravägen" }, "geometry": { "type": "LineString", "coordinates": [ [ 18.027947, 59.380258 ], [ 18.028305, 59.38016 ], [ 18.028548, 59.380133 ], [ 18.028808, 59.380125 ], [ 18.028969, 59.380132 ], [ 18.029149, 59.380121 ], [ 18.029346, 59.380124 ], [ 18.02974, 59.380127 ], [ 18.030068, 59.380161 ], [ 18.03049, 59.380179 ], [ 18.030766, 59.380201 ] ] } },
{ "type": "Feature", "properties": { "cls": "shared", "highway": "cycleway", "name": null }, "geometry": { "type": "LineString", "coordinates": [ [ 18.030999, 59.38023 ], [ 18.030811, 59.380268 ] ] } },
{ "type": "Feature", "properties": { "cls": "separated", "highway": "cycleway", "name": "Bergshamravägen" }, "geometry": { "type": "LineString", "coordinates": [ [ 18.031298, 59.380232 ], [ 18.031985, 59.380258 ], [ 18.032722, 59.380354 ], [ 18.033341, 59.380393 ], [ 18.033473, 59.380399 ] ] } },
{ "type": "Feature", "properties": { "cls": "shared", "highway": "cycleway", "name": "Bergshamravägen" }, "geometry": { "type": "LineString", "coordinates": [ [ 18.034218, 59.380422 ], [ 18.034338, 59.380424 ], [ 18.034482, 59.380423 ], [ 18.034704, 59.380424 ], [ 18.034996, 59.380445 ], [ 18.035255, 59.380433 ], [ 18.035415, 59.380418 ] ] } },
{ "type": "Feature", "properties": { "cls": "shared", "highway": "cycleway", "name": "Bergshamravägen" }, "geometry": { "type": "LineString", "coordinates": [ [ 18.033473, 59.380399 ], [ 18.033883, 59.380416 ], [ 18.034218, 59.380422 ] ] } },
{ "type": "Feature", "properties": { "cls": "separated", "highway": "tertiary", "name": "Björnstigen" }, "geometry": { "type": "LineString", "coordinates": [ [ 18.026242, 59.380454 ], [ 18.026231, 59.380571 ], [ 18.026245, 59.380849 ], [ 18.026272, 59.381038 ], [ 18.02633, 59.381232 ], [ 18.026449, 59.381462 ], [ 18.026562, 59.381598 ], [ 18.026742, 59.381719 ], [ 18.026926, 59.381827 ], [ 18.027181, 59.381934 ], [ 18.027458, 59.382015 ], [ 18.027958, 59.382118 ], [ 18.028281, 59.382129 ], [ 18.028625, 59.382117 ], [ 18.028866, 59.382108 ], [ 18.029127, 59.3821 ], [ 18.030916, 59.382039 ], [ 18.032094, 59.381996 ], [ 18.032322, 59.38199 ], [ 18.033075, 59.381959 ], [ 18.033178, 59.381955 ], [ 18.033397, 59.381948 ], [ 18.03381, 59.381942 ], [ 18.034086, 59.381931 ], [ 18.035009, 59.381894 ] ] } },
{ "type": "Feature", "properties": { "cls": "separated", "highway": "cycleway", "name": null }, "geometry": { "type": "LineString", "coordinates": [ [ 18.034754, 59.381964 ], [ 18.034091, 59.38199 ], [ 18.033816, 59.382 ], [ 18.033407, 59.382015 ], [ 18.03308, 59.382027 ], [ 18.032104, 59.382047 ], [ 18.030922, 59.38209 ], [ 18.029845, 59.382134 ], [ 18.029134, 59.382162 ], [ 18.029071, 59.382189 ], [ 18.029041, 59.382199 ] ] } },
{ "type": "Feature", "properties": { "cls": "separated", "highway": "cycleway", "name": null }, "geometry": { "type": "LineString", "coordinates": [ [ 18.037151, 59.381957 ], [ 18.037213, 59.382369 ], [ 18.036966, 59.382426 ], [ 18.036998, 59.382609 ], [ 18.037003, 59.382639 ], [ 18.036971, 59.382673 ], [ 18.03674, 59.382697 ], [ 18.03659, 59.382674 ], [ 18.03643, 59.38263 ], [ 18.036098, 59.382617 ], [ 18.035951, 59.382642 ], [ 18.035703, 59.382627 ], [ 18.035542, 59.382624 ] ] } },
{ "type": "Feature", "properties": { "cls": "separated", "highway": "cycleway", "name": null }, "geometry": { "type": "LineString", "coordinates": [ [ 18.035313, 59.382936 ], [ 18.035302, 59.382744 ], [ 18.035538, 59.382733 ], [ 18.035542, 59.382624 ], [ 18.035549, 59.382433 ], [ 18.035753, 59.382416 ], [ 18.035711, 59.382006 ], [ 18.035703, 59.381928 ] ] } },
{ "type": "Feature", "properties": { "cls": "separated", "highway": "cycleway", "name": null }, "geometry": { "type": "LineString", "coordinates": [ [ 18.035313, 59.382936 ], [ 18.035206, 59.383032 ], [ 18.035014, 59.383017 ], [ 18.03492, 59.38289 ], [ 18.03484, 59.382727 ], [ 18.034813, 59.382384 ], [ 18.034762, 59.382117 ], [ 18.034755, 59.38209 ], [ 18.034816, 59.382049 ], [ 18.035033, 59.382029 ] ] } },
{ "type": "Feature", "properties": { "cls": "separated", "highway": "cycleway", "name": null }, "geometry": { "type": "LineString", "coordinates": [ [ 18.032104, 59.382047 ], [ 18.032142, 59.382177 ], [ 18.032229, 59.382468 ], [ 18.032266, 59.382898 ], [ 18.032281, 59.382938 ], [ 18.032411, 59.383286 ], [ 18.032414, 59.383292 ], [ 18.032476, 59.383409 ], [ 18.032563, 59.383462 ], [ 18.032694, 59.383552 ], [ 18.033434, 59.383553 ], [ 18.033832, 59.383552 ], [ 18.033996, 59.3834 ], [ 18.034237, 59.38319 ], [ 18.03429, 59.383169 ] ] } },
{ "type": "Feature", "properties": { "cls": "separated", "highway": "cycleway", "name": null }, "geometry": { "type": "LineString", "coordinates": [ [ 18.033996, 59.3834 ], [ 18.033806, 59.383408 ], [ 18.033415, 59.383424 ], [ 18.033317, 59.383428 ], [ 18.033264, 59.382731 ], [ 18.03313, 59.382659 ] ] } },
{ "type": "Feature", "properties": { "cls": "separated", "highway": "cycleway", "name": null }, "geometry": { "type": "MultiLineString", "coordinates": [ [ [ 18.016942, 59.379018 ], [ 18.016714, 59.37898 ] ], [ [ 18.016714, 59.37898 ], [ 18.016239, 59.378893 ] ], [ [ 18.016239, 59.378893 ], [ 18.015767, 59.378798 ] ], [ [ 18.015767, 59.378798 ], [ 18.01551, 59.378733 ] ], [ [ 18.01551, 59.378733 ], [ 18.015344, 59.378663 ] ], [ [ 18.015344, 59.378663 ], [ 18.01522, 59.37859 ] ], [ [ 18.01522, 59.37859 ], [ 18.015132, 59.378515 ] ], [ [ 18.015132, 59.378515 ], [ 18.015067, 59.37842 ] ], [ [ 18.015067, 59.37842 ], [ 18.01499, 59.378269 ] ], [ [ 18.01499, 59.378269 ], [ 18.014951, 59.378214 ] ], [ [ 18.014951, 59.378214 ], [ 18.014923, 59.378174 ] ], [ [ 18.014923, 59.378174 ], [ 18.014799, 59.378074 ] ], [ [ 18.014799, 59.378074 ], [ 18.014644, 59.377993 ] ], [ [ 18.014644, 59.377993 ], [ 18.014343, 59.377882 ] ], [ [ 18.014343, 59.377882 ], [ 18.014211, 59.377853 ] ] ] } },
{ "type": "Feature", "properties": { "cls": "separated", "highway": "cycleway", "name": null }, "geometry": { "type": "LineString", "coordinates": [ [ 18.021802, 59.379085 ], [ 18.021703, 59.379086 ], [ 18.020437, 59.379115 ] ] } },
{ "type": "Feature", "properties": { "cls": "separated", "highway": "cycleway", "name": null }, "geometry": { "type": "LineString", "coordinates": [ [ 18.020435, 59.379169 ], [ 18.020437, 59.379115 ] ] } },
{ "type": "Feature", "properties": { "cls": "separated", "highway": "cycleway", "name": null }, "geometry": { "type": "MultiLineString", "coordinates": [ [ [ 18.020437, 59.379115 ], [ 18.019973, 59.37913 ] ], [ [ 18.019973, 59.37913 ], [ 18.01945, 59.379148 ] ], [ [ 18.01945, 59.379148 ], [ 18.019, 59.379159 ] ], [ [ 18.019, 59.379159 ], [ 18.018648, 59.379152 ] ], [ [ 18.018648, 59.379152 ], [ 18.018176, 59.379119 ] ], [ [ 18.018176, 59.379119 ], [ 18.017087, 59.379034 ] ], [ [ 18.017087, 59.379034 ], [ 18.016942, 59.379018 ] ] ] } },
{ "type": "Feature", "properties": { "cls": "separated", "highway": "cycleway", "name": null }, "geometry": { "type": "LineString", "coordinates": [ [ 18.020435, 59.379169 ], [ 18.02032, 59.379412 ] ] } },
{ "type": "Feature", "properties": { "cls": "shared", "highway": "cycleway", "name": null }, "geometry": { "type": "MultiLineString", "coordinates": [ [ [ 18.02032, 59.379412 ], [ 18.020293, 59.379445 ] ], [ [ 18.020293, 59.379445 ], [ 18.020167, 59.379534 ] ], [ [ 18.020167, 59.379534 ], [ 18.020042, 59.379624 ] ], [ [ 18.020042, 59.379624 ], [ 18.019983, 59.379672 ] ], [ [ 18.019983, 59.379672 ], [ 18.019842, 59.379789 ] ], [ [ 18.019842, 59.379789 ], [ 18.019778, 59.379842 ] ], [ [ 18.019778, 59.379842 ], [ 18.019695, 59.379928 ] ], [ [ 18.019695, 59.379928 ], [ 18.01945, 59.38014 ] ], [ [ 18.01945, 59.38014 ], [ 18.018344, 59.381141 ] ] ] } },
{ "type": "Feature", "properties": { "cls": "separated", "highway": "cycleway", "name": null }, "geometry": { "type": "LineString", "coordinates": [ [ 18.023446, 59.380089 ], [ 18.023243, 59.380099 ], [ 18.023011, 59.380064 ], [ 18.022874, 59.380068 ], [ 18.022671, 59.380065 ], [ 18.022173, 59.380022 ], [ 18.021774, 59.380048 ], [ 18.021562, 59.380083 ], [ 18.021237, 59.380119 ], [ 18.020936, 59.380119 ], [ 18.020299, 59.380249 ], [ 18.019953, 59.380366 ], [ 18.019796, 59.380484 ], [ 18.019699, 59.380617 ], [ 18.019576, 59.380786 ], [ 18.019347, 59.380865 ], [ 18.019079, 59.38094 ], [ 18.018793, 59.381023 ], [ 18.018558, 59.381165 ], [ 18.018416, 59.38123 ] ] } },
{ "type": "Feature", "properties": { "cls": "shared", "highway": "cycleway", "name": null }, "geometry": { "type": "MultiLineString", "coordinates": [ [ [ 18.016438, 59.380631 ], [ 18.016697, 59.380709 ] ], [ [ 18.016697, 59.380709 ], [ 18.016844, 59.380754 ] ], [ [ 18.016844, 59.380754 ], [ 18.018186, 59.381094 ] ], [ [ 18.018186, 59.381094 ], [ 18.018344, 59.381141 ] ] ] } },
{ "type": "Feature", "properties": { "cls": "separated", "highway": "cycleway", "name": null }, "geometry": { "type": "LineString", "coordinates": [ [ 18.018133, 59.385753 ], [ 18.019465, 59.385332 ] ] } },
{ "type": "Feature", "properties": { "cls": "separated", "highway": "cycleway", "name": "Bergshamravägen" }, "geometry": { "type": "LineString", "coordinates": [ [ 18.027275, 59.380539 ], [ 18.027734, 59.380306 ], [ 18.027842, 59.380276 ], [ 18.027947, 59.380258 ] ] } },
{ "type": "Feature", "properties": { "cls": "separated", "highway": "footway", "name": null }, "geometry": { "type": "LineString", "coordinates": [ [ 18.025975, 59.380474 ], [ 18.025984, 59.38042 ], [ 18.025994, 59.380356 ], [ 18.026002, 59.380306 ] ] } },
{ "type": "Feature", "properties": { "cls": "separated", "highway": "footway", "name": null }, "geometry": { "type": "LineString", "coordinates": [ [ 18.025975, 59.380474 ], [ 18.026054, 59.380525 ], [ 18.026061, 59.380568 ] ] } },
{ "type": "Feature", "properties": { "cls": "shared", "highway": "path", "name": null }, "geometry": { "type": "LineString", "coordinates": [ [ 18.026368, 59.380574 ], [ 18.026598, 59.380576 ], [ 18.026838, 59.380571 ], [ 18.027079, 59.380556 ], [ 18.027275, 59.380539 ], [ 18.027518, 59.38061 ] ] } },
{ "type": "Feature", "properties": { "cls": "separated", "highway": "footway", "name": null }, "geometry": { "type": "LineString", "coordinates": [ [ 18.026061, 59.380568 ], [ 18.026231, 59.380571 ], [ 18.026368, 59.380574 ] ] } },
{ "type": "Feature", "properties": { "cls": "separated", "highway": "cycleway", "name": null }, "geometry": { "type": "LineString", "coordinates": [ [ 18.026061, 59.380568 ], [ 18.026074, 59.380689 ], [ 18.026096, 59.380883 ], [ 18.026126, 59.381088 ], [ 18.026189, 59.381257 ], [ 18.026282, 59.381435 ], [ 18.026393, 59.381561 ], [ 18.026617, 59.381745 ], [ 18.026763, 59.381866 ], [ 18.026834, 59.381883 ], [ 18.026893, 59.381897 ], [ 18.027106, 59.381979 ], [ 18.027114, 59.381982 ], [ 18.027405, 59.382069 ], [ 18.027913, 59.382186 ], [ 18.028027, 59.382205 ], [ 18.028228, 59.382216 ], [ 18.028482, 59.382219 ], [ 18.028534, 59.38222 ], [ 18.028632, 59.382219 ], [ 18.028771, 59.382217 ] ] } },
{ "type": "Feature", "properties": { "cls": "separated", "highway": "cycleway", "name": null }, "geometry": { "type": "LineString", "coordinates": [ [ 18.023544, 59.384187 ], [ 18.023707, 59.384048 ], [ 18.023932, 59.383937 ], [ 18.024067, 59.383842 ], [ 18.024298, 59.383755 ], [ 18.024362, 59.383747 ] ] } },
{ "type": "Feature", "properties": { "cls": "separated", "highway": "cycleway", "name": null }, "geometry": { "type": "MultiLineString", "coordinates": [ [ [ 18.023544, 59.384187 ], [ 18.023814, 59.384194 ] ], [ [ 18.023814, 59.384194 ], [ 18.02425, 59.384248 ] ], [ [ 18.02425, 59.384248 ], [ 18.024457, 59.384274 ] ], [ [ 18.024457, 59.384274 ], [ 18.025259, 59.384382 ] ], [ [ 18.025259, 59.384382 ], [ 18.02543, 59.384405 ] ], [ [ 18.02543, 59.384405 ], [ 18.025726, 59.384449 ] ], [ [ 18.025726, 59.384449 ], [ 18.025894, 59.384473 ] ] ] } },
{ "type": "Feature", "properties": { "cls": "separated", "highway": "cycleway", "name": null }, "geometry": { "type": "MultiLineString", "coordinates": [ [ [ 18.021246, 59.38487 ], [ 18.021326, 59.384858 ] ], [ [ 18.021326, 59.384858 ], [ 18.021487, 59.384834 ] ], [ [ 18.021487, 59.384834 ], [ 18.021628, 59.384802 ] ], [ [ 18.021628, 59.384802 ], [ 18.021842, 59.384739 ] ], [ [ 18.021842, 59.384739 ], [ 18.022146, 59.384626 ] ], [ [ 18.022146, 59.384626 ], [ 18.022926, 59.384388 ] ], [ [ 18.022926, 59.384388 ], [ 18.023242, 59.384291 ] ], [ [ 18.023242, 59.384291 ], [ 18.023544, 59.384187 ] ] ] } },
{ "type": "Feature", "properties": { "cls": "separated", "highway": "cycleway", "name": null }, "geometry": { "type": "Point", "coordinates": [ 18.014211, 59.377853 ] } },
{ "type": "Feature", "properties": { "cls": "separated", "highway": "cycleway", "name": null }, "geometry": { "type": "MultiLineString", "coordinates": [ [ [ 18.010811, 59.380793 ], [ 18.010858, 59.380752 ] ], [ [ 18.010858, 59.380752 ], [ 18.011844, 59.379929 ] ], [ [ 18.011844, 59.379929 ], [ 18.01229, 59.379544 ] ], [ [ 18.01229, 59.379544 ], [ 18.012393, 59.379483 ] ], [ [ 18.012393, 59.379483 ], [ 18.012474, 59.379441 ] ], [ [ 18.012474, 59.379441 ], [ 18.012616, 59.379404 ] ], [ [ 18.012616, 59.379404 ], [ 18.012822, 59.379387 ] ], [ [ 18.012822, 59.379387 ], [ 18.013055, 59.379387 ] ], [ [ 18.013055, 59.379387 ], [ 18.013648, 59.379428 ] ], [ [ 18.013648, 59.379428 ], [ 18.014471, 59.379468 ] ], [ [ 18.014471, 59.379468 ], [ 18.014591, 59.379483 ] ], [ [ 18.014591, 59.379483 ], [ 18.01465, 59.379504 ] ], [ [ 18.01465, 59.379504 ], [ 18.014703, 59.37956 ] ], [ [ 18.014703, 59.37956 ], [ 18.014732, 59.379587 ] ] ] } },
{ "type": "Feature", "properties": { "cls": "separated", "highway": "cycleway", "name": null }, "geometry": { "type": "LineString", "coordinates": [ [ 18.003834, 59.387435 ], [ 18.004055, 59.38737 ], [ 18.004473, 59.387205 ], [ 18.004654, 59.387067 ], [ 18.004813, 59.386893 ], [ 18.004946, 59.386653 ], [ 18.005046, 59.386473 ], [ 18.005209, 59.386317 ], [ 18.00551, 59.386175 ], [ 18.00595, 59.386009 ], [ 18.00617, 59.385927 ], [ 18.006855, 59.385735 ], [ 18.007413, 59.385514 ], [ 18.007712, 59.385319 ], [ 18.007959, 59.385089 ], [ 18.008278, 59.384804 ], [ 18.008596, 59.38447 ], [ 18.009048, 59.384039 ], [ 18.009445, 59.383658 ], [ 18.009631, 59.383483 ], [ 18.009972, 59.383136 ], [ 18.010322, 59.382803 ], [ 18.010404, 59.382718 ], [ 18.01057, 59.382557 ], [ 18.010635, 59.38225 ], [ 18.010613, 59.382111 ], [ 18.010589, 59.382043 ], [ 18.010457, 59.38182 ] ] } },
{ "type": "Feature", "properties": { "cls": "separated", "highway": "cycleway", "name": null }, "geometry": { "type": "LineString", "coordinates": [ [ 18.004746, 59.387884 ], [ 18.005182, 59.388263 ], [ 18.005365, 59.388402 ], [ 18.00592, 59.388598 ], [ 18.006426, 59.388717 ], [ 18.00697, 59.388687 ], [ 18.007646, 59.388651 ], [ 18.009135, 59.388627 ], [ 18.00969, 59.388587 ], [ 18.010373, 59.388449 ], [ 18.010456, 59.388432 ], [ 18.011046, 59.388402 ], [ 18.012182, 59.38843 ] ] } },
{ "type": "Feature", "properties": { "cls": "separated", "highway": "cycleway", "name": null }, "geometry": { "type": "Point", "coordinates": [ 18.003774, 59.387409 ] } },
{ "type": "Feature", "properties": { "cls": "separated", "highway": "cycleway", "name": null }, "geometry": { "type": "MultiLineString", "coordinates": [ [ [ 18.036938, 59.383715 ], [ 18.036747, 59.38381 ] ], [ [ 18.036747, 59.38381 ], [ 18.036701, 59.383851 ] ], [ [ 18.036701, 59.383851 ], [ 18.036624, 59.383876 ] ], [ [ 18.036624, 59.383876 ], [ 18.036609, 59.383884 ] ] ] } },
{ "type": "Feature", "properties": { "cls": "separated", "highway": "cycleway", "name": null }, "geometry": { "type": "LineString", "coordinates": [ [ 18.03429, 59.383169 ], [ 18.034675, 59.383142 ], [ 18.03507, 59.383173 ], [ 18.035096, 59.383172 ], [ 18.03554, 59.383157 ], [ 18.036076, 59.383249 ], [ 18.036201, 59.38326 ], [ 18.036562, 59.383262 ], [ 18.0367, 59.383244 ] ] } },
{ "type": "Feature", "properties": { "cls": "separated", "highway": "cycleway", "name": null }, "geometry": { "type": "LineString", "coordinates": [ [ 18.03343, 59.383526 ], [ 18.033434, 59.383553 ] ] } },
{ "type": "Feature", "properties": { "cls": "separated", "highway": "cycleway", "name": null }, "geometry": { "type": "LineString", "coordinates": [ [ 18.036441, 59.383961 ], [ 18.036609, 59.383884 ] ] } },
{ "type": "Feature", "properties": { "cls": "separated", "highway": "cycleway", "name": null }, "geometry": { "type": "MultiLineString", "coordinates": [ [ [ 18.035813, 59.384308 ], [ 18.035934, 59.384237 ] ], [ [ 18.035934, 59.384237 ], [ 18.035964, 59.38422 ] ], [ [ 18.035964, 59.38422 ], [ 18.036054, 59.384171 ] ], [ [ 18.036054, 59.384171 ], [ 18.036262, 59.384044 ] ], [ [ 18.036262, 59.384044 ], [ 18.03641, 59.383976 ] ], [ [ 18.03641, 59.383976 ], [ 18.036441, 59.383961 ] ] ] } },
{ "type": "Feature", "properties": { "cls": "separated", "highway": "cycleway", "name": null }, "geometry": { "type": "Point", "coordinates": [ 18.034313, 59.384659 ] } },
{ "type": "Feature", "properties": { "cls": "separated", "highway": "cycleway", "name": null }, "geometry": { "type": "LineString", "coordinates": [ [ 18.03203, 59.384778 ], [ 18.032059, 59.384724 ], [ 18.03205, 59.384608 ], [ 18.032091, 59.384522 ], [ 18.032272, 59.384392 ] ] } },
{ "type": "Feature", "properties": { "cls": "separated", "highway": "cycleway", "name": null }, "geometry": { "type": "MultiLineString", "coordinates": [ [ [ 18.034313, 59.384659 ], [ 18.033995, 59.384627 ] ], [ [ 18.033995, 59.384627 ], [ 18.033798, 59.384655 ] ], [ [ 18.033798, 59.384655 ], [ 18.033735, 59.384684 ] ], [ [ 18.033735, 59.384684 ], [ 18.033269, 59.384701 ] ], [ [ 18.033269, 59.384701 ], [ 18.033091, 59.384694 ] ], [ [ 18.033091, 59.384694 ], [ 18.032729, 59.384679 ] ], [ [ 18.032729, 59.384679 ], [ 18.032486, 59.384693 ] ], [ [ 18.032486, 59.384693 ], [ 18.03212, 59.384768 ] ], [ [ 18.03212, 59.384768 ], [ 18.03203, 59.384778 ] ] ] } }
]
}
