{
"type": "FeatureCollection",
"name": "051-anchorage-far-north-bicentennial-park",
"crs": { "type": "name", "properties": { "name": "urn:ogc:def:crs:OGC:1.3:CRS84" } },
"xy_coordinate_resolution": 1e-06,
"features": [
{ "type": "Feature", "properties": { "cls": "shared", "highway": "cycleway", "name": "Gasline Trail" }, "geometry": { "type": "LineString", "coordinates": [ [ -149.714603, 61.137316 ], [ -149.714596, 61.137384 ], [ -149.714655, 61.137487 ], [ -149.714767, 61.137588 ], [ -149.714849, 61.137621 ], [ -149.714971, 61.137669 ], [ -149.715203, 61.137733 ] ] } },
{ "type": "Feature", "properties": { "cls": "separated", "highway": "cycleway", "name": null }, "geometry": { "type": "LineString", "coordinates": [ [ -149.729522, 61.137409 ], [ -149.729479, 61.137416 ], [ -149.729428, 61.137443 ], [ -149.729428, 61.13748 ], [ -149.729449, 61.137528 ], [ -149.729479, 61.137569 ], [ -149.729506, 61.137648 ], [ -149.7295, 61.137698 ], [ -149.729482, 61.137736 ], [ -149.729407, 61.137779 ], [ -149.729353, 61.137829 ], [ -149.729353, 61.137889 ], [ -149.729353, 61.137981 ], [ -149.729369, 61.138071 ], [ -149.729388, 61.138122 ], [ -149.729396, 61.138179 ], [ -149.72939, 61.138224 ] ] } },
{ "type": "Feature", "properties": { "cls": "separated", "highway": "cycleway", "name": "Summit To Sea Connector" }, "geometry": { "type": "LineString", "coordinates": [ [ -149.715203, 61.137733 ], [ -149.715312, 61.137833 ], [ -149.71533, 61.137927 ], [ -149.715312, 61.137991 ], [ -149.715236, 61.138052 ], [ -149.715086, 61.138136 ], [ -149.715078, 61.138194 ], [ -149.715129, 61.13823 ], [ -149.715226, 61.138263 ], [ -149.715325, 61.138264 ], [ -149.715472, 61.138248 ], [ -149.715604, 61.138207 ], [ -149.715682, 61.138152 ], [ -149.715735, 61.138103 ], [ -149.715794, 61.138079 ], [ -149.715859, 61.13808 ], [ -149.715899, 61.138112 ], [ -149.715886, 61.138154 ], [ -149.715786, 61.138246 ], [ -149.715537, 61.138424 ], [ -149.715121, 61.13862 ], [ -149.714879, 61.138733 ], [ -149.714857, 61.13877 ], [ -149.714896, 61.138795 ], [ -149.714972, 61.138797 ], [ -149.715074, 61.138776 ], [ -149.71579, 61.138595 ], [ -149.716007, 61.138571 ], [ -149.716301, 61.138548 ], [ -149.716539, 61.138501 ], [ -149.716663, 61.138493 ], [ -149.717114, 61.138519 ], [ -149.717493, 61.138536 ], [ -149.718171, 61.138554 ] ] } },
{ "type": "Feature", "properties": { "cls": "separated", "highway": "cycleway", "name": "Janice's Jive" }, "geometry": { "type": "LineString", "coordinates": [ [ -149.718171, 61.138554 ], [ -149.71867, 61.138352 ], [ -149.718884, 61.1383 ], [ -149.719051, 61.138202 ], [ -149.719142, 61.138046 ], [ -149.719265, 61.137912 ], [ -149.719362, 61.137843 ], [ -149.719493, 61.137874 ], [ -149.719729, 61.137864 ], [ -149.719889, 61.137833 ], [ -149.720301, 61.137956 ], [ -149.720473, 61.138048 ], [ -149.720587, 61.138064 ], [ -149.720638, 61.138032 ], [ -149.720638, 61.137982 ], [ -149.720651, 61.137928 ], [ -149.720756, 61.137917 ], [ -149.720863, 61.137962 ], [ -149.721, 61.138048 ], [ -149.721223, 61.138068 ], [ -149.721411, 61.138102 ], [ -149.721532, 61.138078 ], [ -149.721601, 61.138038 ], [ -149.721653, 61.137938 ], [ -149.721717, 61.137915 ], [ -149.721822, 61.137922 ], [ -149.721896, 61.137959 ], [ -149.721918, 61.13801 ], [ -149.721871, 61.138092 ], [ -149.721908, 61.138139 ], [ -149.722047, 61.138195 ], [ -149.722397, 61.138309 ], [ -149.722626, 61.138309 ], [ -149.722862, 61.138247 ], [ -149.722841, 61.138143 ], [ -149.722877, 61.138093 ], [ -149.722977, 61.138051 ], [ -149.72312, 61.13805 ], [ -149.723377, 61.138128 ], [ -149.723557, 61.138226 ], [ -149.723809, 61.138251 ], [ -149.72399, 61.13834 ], [ -149.724167, 61.138371 ], [ -149.724298, 61.138368 ], [ -149.724509, 61.138299 ], [ -149.725043, 61.138336 ], [ -149.725181, 61.138313 ], [ -149.725257, 61.1383 ], [ -149.725501, 61.138239 ], [ -149.726044, 61.138263 ], [ -149.726252, 61.138299 ], [ -149.726679, 61.138199 ], [ -149.726977, 61.138145 ], [ -149.727169, 61.138066 ], [ -149.727316, 61.137981 ], [ -149.727403, 61.137805 ], [ -149.727486, 61.137738 ], [ -149.7276, 61.137705 ], [ -149.727821, 61.137693 ], [ -149.728034, 61.137719 ], [ -149.72857, 61.137833 ], [ -149.728846, 61.13785 ], [ -149.729038, 61.137928 ], [ -149.729171, 61.13804 ], [ -149.72939, 61.138224 ], [ -149.729377, 61.138308 ], [ -149.729325, 61.138375 ], [ -149.729217, 61.138453 ] ] } },
{ "type": "Feature", "properties": { "cls": "separated", "highway": "cycleway", "name": "Hornet's Nest" }, "geometry": { "type": "LineString", "coordinates": [ [ -149.71794, 61.13891 ], [ -149.717962, 61.138869 ], [ -149.717967, 61.138792 ], [ -149.718037, 61.138748 ], [ -149.718144, 61.13874 ], [ -149.718219, 61.138715 ], [ -149.718299, 61.138694 ], [ -149.718289, 61.138647 ], [ -149.718171, 61.138554 ] ] } },
{ "type": "Feature", "properties": { "cls": "separated", "highway": "cycleway", "name": "Lower Llama/Janice's Jive" }, "geometry": { "type": "LineString", "coordinates": [ [ -149.729217, 61.138453 ], [ -149.729081, 61.138489 ], [ -149.728937, 61.138515 ], [ -149.728679, 61.138521 ], [ -149.72847, 61.138561 ], [ -149.728254, 61.138639 ], [ -149.728218, 61.138696 ], [ -149.728186, 61.138758 ] ] } },
{ "type": "Feature", "properties": { "cls": "separated", "highway": "cycleway", "name": null }, "geometry": { "type": "LineString", "coordinates": [ [ -149.744334, 61.13818 ], [ -149.744381, 61.138083 ], [ -149.74438, 61.137974 ], [ -149.744385, 61.13787 ], [ -149.744381, 61.137775 ], [ -149.744382, 61.137708 ], [ -149.744336, 61.137686 ], [ -149.744305, 61.137662 ], [ -149.74425, 61.137636 ], [ -149.744205, 61.137615 ], [ -149.744185, 61.137612 ] ] } },
{ "type": "Feature", "properties": { "cls": "separated", "highway": "cycleway", "name": "Queen Bee" }, "geometry": { "type": "LineString", "coordinates": [ [ -149.7432, 61.138621 ], [ -149.743158, 61.138556 ], [ -149.743099, 61.138511 ], [ -149.743065, 61.138357 ], [ -149.742864, 61.138196 ], [ -149.742808, 61.138156 ], [ -149.742695, 61.138177 ], [ -149.742646, 61.138228 ], [ -149.742474, 61.138313 ], [ -149.742401, 61.138328 ], [ -149.74229, 61.138312 ], [ -149.74221, 61.138254 ], [ -149.741949, 61.137824 ], [ -149.741889, 61.137788 ], [ -149.741836, 61.137811 ], [ -149.741711, 61.137894 ], [ -149.741303, 61.138166 ], [ -149.741196, 61.138208 ], [ -149.741045, 61.138217 ], [ -149.740513, 61.138148 ], [ -149.740193, 61.138028 ], [ -149.7399, 61.137963 ], [ -149.739631, 61.137953 ], [ -149.739331, 61.137889 ], [ -149.739129, 61.137896 ], [ -149.738923, 61.137953 ], [ -149.738767, 61.137976 ], [ -149.738364, 61.137993 ], [ -149.738054, 61.137981 ], [ -149.737804, 61.138002 ], [ -149.737368, 61.138126 ], [ -149.737114, 61.13814 ], [ -149.736379, 61.138128 ], [ -149.736173, 61.138157 ], [ -149.735724, 61.138315 ], [ -149.735284, 61.138427 ], [ -149.735127, 61.138439 ], [ -149.734987, 61.138425 ], [ -149.734913, 61.138417 ], [ -149.734413, 61.138327 ], [ -149.734295, 61.138332 ], [ -149.73418, 61.138369 ], [ -149.733978, 61.138542 ], [ -149.733855, 61.138619 ], [ -149.733741, 61.138665 ], [ -149.733559, 61.138706 ], [ -149.733458, 61.138741 ], [ -149.73334, 61.138746 ], [ -149.733325, 61.138701 ], [ -149.733436, 61.138645 ], [ -149.733608, 61.13854 ], [ -149.733593, 61.138498 ], [ -149.733601, 61.138383 ], [ -149.733532, 61.138267 ], [ -149.733384, 61.138166 ], [ -149.733315, 61.13803 ], [ -149.733304, 61.138007 ], [ -149.733244, 61.137956 ], [ -149.733065, 61.137892 ], [ -149.732859, 61.13786 ], [ -149.73274, 61.137868 ], [ -149.732555, 61.137939 ], [ -149.732388, 61.138047 ], [ -149.732274, 61.138085 ], [ -149.732133, 61.138099 ], [ -149.731739, 61.138059 ], [ -149.731647, 61.138076 ], [ -149.731442, 61.138156 ], [ -149.731336, 61.138217 ], [ -149.731223, 61.138327 ], [ -149.731093, 61.13838 ], [ -149.731008, 61.138387 ], [ -149.730867, 61.138371 ], [ -149.730655, 61.138317 ], [ -149.730522, 61.138312 ], [ -149.730395, 61.138356 ], [ -149.730221, 61.138377 ], [ -149.73014, 61.138328 ], [ -149.730046, 61.138268 ], [ -149.729949, 61.138257 ], [ -149.729809, 61.138282 ], [ -149.729639, 61.138222 ], [ -149.72939, 61.138224 ] ] } },
{ "type": "Feature", "properties": { "cls": "separated", "highway": "cycleway", "name": "Drone Lane" }, "geometry": { "type": "LineString", "coordinates": [ [ -149.746251, 61.138421 ], [ -149.746126, 61.138411 ], [ -149.745907, 61.138423 ], [ -149.745294, 61.138582 ], [ -149.744986, 61.138711 ], [ -149.74487, 61.13875 ], [ -149.744629, 61.138839 ], [ -149.744641, 61.138784 ], [ -149.744765, 61.138663 ], [ -149.745138, 61.138226 ], [ -149.745249, 61.137985 ], [ -149.745374, 61.13789 ], [ -149.745378, 61.137845 ], [ -149.745286, 61.137838 ], [ -149.745108, 61.13789 ], [ -149.744923, 61.138061 ], [ -149.744783, 61.138127 ], [ -149.744647, 61.138154 ], [ -149.744334, 61.13818 ] ] } },
{ "type": "Feature", "properties": { "cls": "shared", "highway": "cycleway", "name": "Abbott Multi-use Trail" }, "geometry": { "type": "LineString", "coordinates": [ [ -149.753164, 61.137937 ], [ -149.753076, 61.137942 ], [ -149.752917, 61.137951 ], [ -149.752708, 61.137973 ], [ -149.75252, 61.138014 ], [ -149.75237, 61.138034 ], [ -149.752212, 61.138022 ], [ -149.752048, 61.138 ], [ -149.751935, 61.137987 ], [ -149.751844, 61.137991 ], [ -149.751731, 61.138023 ], [ -149.751576, 61.138086 ], [ -149.751377, 61.138174 ], [ -149.751267, 61.138236 ], [ -149.751227, 61.138292 ], [ -149.75119, 61.138361 ], [ -149.751123, 61.138409 ], [ -149.75101, 61.138453 ], [ -149.750825, 61.1385 ] ] } },
{ "type": "Feature", "properties": { "cls": "separated", "highway": "cycleway", "name": "Queen Bee" }, "geometry": { "type": "LineString", "coordinates": [ [ -149.744334, 61.13818 ], [ -149.743698, 61.138454 ], [ -149.743152, 61.138668 ] ] } },
{ "type": "Feature", "properties": { "cls": "separated", "highway": "cycleway", "name": "Drone Lane" }, "geometry": { "type": "LineString", "coordinates": [ [ -149.74676, 61.138569 ], [ -149.746519, 61.138517 ], [ -149.746391, 61.138456 ], [ -149.746251, 61.138421 ] ] } },
{ "type": "Feature", "properties": { "cls": "separated", "highway": "cycleway", "name": "Jeffs Whoop Whoop Part 2" }, "geometry": { "type": "LineString", "coordinates": [ [ -149.744282, 61.139095 ], [ -149.744409, 61.13903 ], [ -149.744564, 61.138979 ], [ -149.74478, 61.138933 ], [ -149.744897, 61.138876 ], [ -149.745006, 61.138821 ], [ -149.74507, 61.138767 ], [ -149.745129, 61.138723 ], [ -149.745313, 61.1387 ], [ -149.74552, 61.138678 ], [ -149.745688, 61.138592 ], [ -149.745847, 61.138555 ], [ -149.745943, 61.138541 ], [ -149.746056, 61.138459 ], [ -149.746251, 61.138421 ] ] } },
{ "type": "Feature", "properties": { "cls": "separated", "highway": "cycleway", "name": "Queen Bee" }, "geometry": { "type": "LineString", "coordinates": [ [ -149.728186, 61.138758 ], [ -149.728521, 61.138712 ], [ -149.728669, 61.138709 ], [ -149.729035, 61.138744 ], [ -149.729131, 61.138726 ], [ -149.729435, 61.138624 ], [ -149.729713, 61.138582 ], [ -149.729869, 61.138588 ], [ -149.730072, 61.138661 ], [ -149.73029, 61.138781 ], [ -149.730417, 61.138806 ], [ -149.730562, 61.138803 ], [ -149.730865, 61.138761 ], [ -149.731066, 61.138762 ], [ -149.73122, 61.138743 ], [ -149.73134, 61.138784 ], [ -149.731427, 61.138843 ], [ -149.731606, 61.138837 ], [ -149.731713, 61.138939 ], [ -149.731797, 61.138961 ], [ -149.731904, 61.138965 ], [ -149.732056, 61.138931 ], [ -149.732208, 61.13894 ], [ -149.732318, 61.138972 ], [ -149.732403, 61.138972 ], [ -149.732543, 61.138959 ], [ -149.732979, 61.139022 ], [ -149.733006, 61.139025 ], [ -149.733067, 61.139029 ], [ -149.733232, 61.13902 ], [ -149.733335, 61.139044 ], [ -149.733381, 61.139099 ], [ -149.733418, 61.139134 ], [ -149.733411, 61.139176 ], [ -149.733348, 61.139293 ], [ -149.733362, 61.139364 ], [ -149.73345, 61.139405 ], [ -149.733563, 61.139431 ], [ -149.733627, 61.139425 ], [ -149.73375, 61.139381 ], [ -149.733959, 61.139306 ], [ -149.734173, 61.139332 ], [ -149.734314, 61.139322 ], [ -149.734311, 61.139263 ], [ -149.734116, 61.139172 ], [ -149.734157, 61.139123 ], [ -149.734389, 61.139129 ], [ -149.734466, 61.139167 ], [ -149.734654, 61.139234 ], [ -149.734753, 61.139263 ], [ -149.734832, 61.139315 ], [ -149.734819, 61.139355 ], [ -149.73474, 61.139405 ], [ -149.734744, 61.139455 ], [ -149.734806, 61.139472 ], [ -149.734927, 61.139467 ], [ -149.735082, 61.139436 ], [ -149.735135, 61.139359 ], [ -149.735172, 61.139317 ], [ -149.73517, 61.139243 ], [ -149.735194, 61.139211 ], [ -149.73544, 61.139111 ], [ -149.735685, 61.138971 ], [ -149.735899, 61.138804 ], [ -149.736029, 61.138731 ], [ -149.736256, 61.138685 ], [ -149.736316, 61.138663 ], [ -149.736394, 61.138672 ], [ -149.736434, 61.138694 ], [ -149.736499, 61.138731 ], [ -149.736541, 61.138826 ], [ -149.73673, 61.138936 ], [ -149.736746, 61.139033 ], [ -149.736896, 61.139116 ], [ -149.737117, 61.139234 ], [ -149.737203, 61.139252 ], [ -149.73733, 61.13924 ], [ -149.737851, 61.139098 ], [ -149.738449, 61.138885 ], [ -149.738764, 61.138811 ], [ -149.738921, 61.138791 ], [ -149.739774, 61.138755 ], [ -149.740163, 61.138723 ], [ -149.740432, 61.138795 ], [ -149.740585, 61.138801 ], [ -149.74072, 61.138839 ], [ -149.740909, 61.138826 ], [ -149.741233, 61.138797 ], [ -149.741509, 61.138749 ], [ -149.741641, 61.138719 ], [ -149.741873, 61.138633 ], [ -149.741947, 61.138569 ], [ -149.742009, 61.138556 ], [ -149.742051, 61.138585 ], [ -149.742098, 61.138672 ], [ -149.742279, 61.138893 ], [ -149.742362, 61.139048 ], [ -149.742374, 61.139155 ], [ -149.742205, 61.139303 ], [ -149.742234, 61.139331 ], [ -149.742313, 61.139325 ], [ -149.74253, 61.139227 ], [ -149.742696, 61.139145 ], [ -149.742817, 61.13901 ], [ -149.742932, 61.13897 ], [ -149.742971, 61.138913 ], [ -149.743076, 61.138743 ], [ -149.743152, 61.138668 ], [ -149.7432, 61.138621 ] ] } },
{ "type": "Feature", "properties": { "cls": "shared", "highway": "cycleway", "name": "Abbott Multi-use Trail" }, "geometry": { "type": "LineString", "coordinates": [ [ -149.750825, 61.1385 ], [ -149.75065, 61.138562 ], [ -149.750511, 61.138628 ], [ -149.750412, 61.13868 ], [ -149.750326, 61.138704 ], [ -149.750219, 61.138708 ], [ -149.750071, 61.138705 ], [ -149.749897, 61.138708 ], [ -149.749663, 61.138717 ], [ -149.749451, 61.138736 ], [ -149.74928, 61.138771 ], [ -149.749186, 61.138824 ], [ -149.749116, 61.138914 ], [ -149.749089, 61.138985 ], [ -149.749041, 61.139058 ], [ -149.748918, 61.139119 ], [ -149.748765, 61.139159 ], [ -149.748564, 61.139176 ], [ -149.748387, 61.139211 ], [ -149.748244, 61.139269 ], [ -149.748057, 61.139352 ], [ -149.747909, 61.139432 ], [ -149.747791, 61.139544 ], [ -149.747646, 61.139694 ], [ -149.747606, 61.139773 ], [ -149.747622, 61.13984 ], [ -149.747614, 61.139892 ], [ -149.747518, 61.139927 ], [ -149.747394, 61.139965 ], [ -149.747292, 61.140028 ], [ -149.74719, 61.140151 ], [ -149.747169, 61.140224 ], [ -149.747013, 61.14034 ], [ -149.746756, 61.140501 ], [ -149.74663, 61.140604 ], [ -149.746461, 61.140771 ], [ -149.746417, 61.140807 ] ] } },
{ "type": "Feature", "properties": { "cls": "separated", "highway": "cycleway", "name": "Soulcrusher" }, "geometry": { "type": "LineString", "coordinates": [ [ -149.735367, 61.139487 ], [ -149.735676, 61.139427 ], [ -149.735933, 61.139385 ], [ -149.73618, 61.13937 ], [ -149.736523, 61.139364 ], [ -149.736823, 61.139408 ], [ -149.737043, 61.13945 ], [ -149.737188, 61.139458 ], [ -149.737397, 61.139452 ], [ -149.737558, 61.139409 ], [ -149.737929, 61.139362 ], [ -149.738347, 61.139349 ], [ -149.738841, 61.139364 ], [ -149.739302, 61.139406 ], [ -149.739527, 61.139437 ], [ -149.739742, 61.139427 ], [ -149.739849, 61.139406 ], [ -149.740214, 61.1393 ], [ -149.740466, 61.139243 ], [ -149.740648, 61.139232 ], [ -149.740911, 61.139292 ], [ -149.741061, 61.139365 ], [ -149.741158, 61.139427 ], [ -149.741233, 61.139489 ], [ -149.741297, 61.139543 ], [ -149.74148, 61.139561 ], [ -149.741748, 61.1396 ], [ -149.741887, 61.13966 ], [ -149.741963, 61.139761 ], [ -149.742, 61.139838 ], [ -149.742016, 61.13989 ], [ -149.742118, 61.139981 ], [ -149.742553, 61.140105 ], [ -149.742837, 61.140152 ], [ -149.742934, 61.140193 ], [ -149.743003, 61.140253 ], [ -149.743057, 61.140348 ], [ -149.742982, 61.140431 ], [ -149.74292, 61.140581 ] ] } },
{ "type": "Feature", "properties": { "cls": "shared", "highway": "cycleway", "name": null }, "geometry": { "type": "LineString", "coordinates": [ [ -149.710825, 61.139015 ], [ -149.710802, 61.139065 ], [ -149.710764, 61.139099 ], [ -149.710673, 61.139117 ], [ -149.710533, 61.139119 ], [ -149.710409, 61.139107 ] ] } },
{ "type": "Feature", "properties": { "cls": "separated", "highway": "cycleway", "name": "Lower Llama" }, "geometry": { "type": "LineString", "coordinates": [ [ -149.733006, 61.139025 ], [ -149.73299, 61.139006 ], [ -149.732975, 61.138993 ], [ -149.732944, 61.13897 ], [ -149.732925, 61.138923 ], [ -149.732901, 61.138874 ], [ -149.732907, 61.138801 ], [ -149.732963, 61.138776 ], [ -149.732963, 61.138724 ], [ -149.73295, 61.138659 ], [ -149.732926, 61.138591 ], [ -149.732901, 61.138532 ], [ -149.732861, 61.138482 ], [ -149.73281, 61.138451 ], [ -149.732663, 61.138412 ], [ -149.732491, 61.138389 ], [ -149.732274, 61.138386 ], [ -149.732086, 61.138389 ], [ -149.731898, 61.138405 ], [ -149.731751, 61.138421 ], [ -149.731657, 61.138462 ], [ -149.731582, 61.138486 ], [ -149.731474, 61.138491 ], [ -149.731319, 61.138484 ], [ -149.731179, 61.138482 ], [ -149.731078, 61.138487 ], [ -149.730973, 61.138527 ], [ -149.730914, 61.13858 ], [ -149.730793, 61.138614 ], [ -149.730662, 61.138627 ], [ -149.730544, 61.138629 ], [ -149.730412, 61.138615 ], [ -149.730273, 61.138558 ], [ -149.730219, 61.138508 ], [ -149.730134, 61.138483 ], [ -149.729964, 61.138436 ], [ -149.72984, 61.138425 ], [ -149.729676, 61.138415 ], [ -149.729516, 61.138417 ], [ -149.729409, 61.138427 ], [ -149.729217, 61.138453 ] ] } },
{ "type": "Feature", "properties": { "cls": "separated", "highway": "cycleway", "name": "Stinger" }, "geometry": { "type": "LineString", "coordinates": [ [ -149.721689, 61.139552 ], [ -149.721867, 61.139479 ], [ -149.721947, 61.139433 ], [ -149.722022, 61.139363 ], [ -149.722097, 61.139332 ], [ -149.722215, 61.139332 ], [ -149.722365, 61.139296 ], [ -149.722462, 61.139239 ], [ -149.72243, 61.139184 ], [ -149.722408, 61.139094 ], [ -149.722462, 61.13906 ], [ -149.722559, 61.139034 ], [ -149.722666, 61.139037 ], [ -149.722805, 61.139065 ], [ -149.722875, 61.139034 ], [ -149.722988, 61.139011 ], [ -149.723133, 61.139005 ], [ -149.723175, 61.138967 ], [ -149.723106, 61.138933 ], [ -149.722977, 61.138894 ], [ -149.722993, 61.138853 ], [ -149.723074, 61.138837 ], [ -149.723315, 61.138858 ], [ -149.723508, 61.138858 ], [ -149.72368, 61.138837 ], [ -149.723749, 61.138796 ], [ -149.723846, 61.138749 ], [ -149.723953, 61.138687 ], [ -149.724066, 61.138651 ], [ -149.724098, 61.138679 ], [ -149.724007, 61.138741 ], [ -149.723873, 61.138835 ], [ -149.723884, 61.138876 ], [ -149.723991, 61.13885 ], [ -149.724146, 61.138757 ], [ -149.724259, 61.138682 ], [ -149.724356, 61.138666 ], [ -149.724447, 61.138679 ], [ -149.724543, 61.138721 ], [ -149.724559, 61.138783 ], [ -149.724538, 61.13884 ], [ -149.724415, 61.138884 ], [ -149.724345, 61.138938 ], [ -149.724334, 61.139031 ], [ -149.724356, 61.139106 ], [ -149.724447, 61.13913 ], [ -149.724592, 61.139101 ], [ -149.724715, 61.139021 ], [ -149.724849, 61.138928 ], [ -149.724962, 61.138837 ], [ -149.725016, 61.13877 ], [ -149.725021, 61.138705 ], [ -149.725005, 61.13863 ], [ -149.725048, 61.138609 ], [ -149.725155, 61.138625 ], [ -149.725298, 61.138659 ], [ -149.725343, 61.138669 ], [ -149.72552, 61.138723 ], [ -149.725675, 61.138741 ], [ -149.725799, 61.138731 ], [ -149.72589, 61.138669 ], [ -149.725901, 61.138602 ], [ -149.725928, 61.138542 ], [ -149.725987, 61.138511 ], [ -149.726099, 61.138493 ], [ -149.726223, 61.138495 ], [ -149.726357, 61.138519 ], [ -149.726491, 61.138552 ], [ -149.726523, 61.138589 ], [ -149.726544, 61.138669 ], [ -149.726603, 61.138778 ], [ -149.7267, 61.138824 ], [ -149.726802, 61.138822 ], [ -149.726909, 61.138791 ], [ -149.726974, 61.138793 ], [ -149.727022, 61.138832 ], [ -149.727092, 61.138853 ], [ -149.72721, 61.138873 ], [ -149.727252, 61.138917 ], [ -149.727317, 61.138959 ], [ -149.727381, 61.138977 ], [ -149.727462, 61.139055 ], [ -149.727494, 61.139148 ], [ -149.727574, 61.139174 ], [ -149.727687, 61.139171 ], [ -149.727784, 61.139148 ], [ -149.727843, 61.139109 ], [ -149.727945, 61.139117 ], [ -149.727928, 61.139176 ], [ -149.727843, 61.139249 ], [ -149.72788, 61.139312 ] ] } },
{ "type": "Feature", "properties": { "cls": "shared", "highway": "cycleway", "name": null }, "geometry": { "type": "LineString", "coordinates": [ [ -149.710599, 61.139002 ], [ -149.710507, 61.139062 ], [ -149.710409, 61.139107 ], [ -149.710195, 61.139159 ], [ -149.709959, 61.139242 ], [ -149.70953, 61.139418 ], [ -149.708735, 61.13977 ], [ -149.708421, 61.139925 ] ] } },
{ "type": "Feature", "properties": { "cls": "separated", "highway": "cycleway", "name": "Lower Llama" }, "geometry": { "type": "LineString", "coordinates": [ [ -149.732914, 61.139289 ], [ -149.732984, 61.139258 ], [ -149.733018, 61.139161 ], [ -149.733056, 61.139072 ], [ -149.733054, 61.139055 ], [ -149.733062, 61.139041 ], [ -149.733067, 61.139029 ] ] } },
{ "type": "Feature", "properties": { "cls": "separated", "highway": "cycleway", "name": "Lower Llama" }, "geometry": { "type": "LineString", "coordinates": [ [ -149.728186, 61.138758 ], [ -149.728197, 61.138803 ], [ -149.728202, 61.138864 ], [ -149.728229, 61.138905 ], [ -149.728245, 61.138954 ], [ -149.728199, 61.139004 ], [ -149.728167, 61.139092 ], [ -149.728187, 61.139179 ], [ -149.728152, 61.139226 ], [ -149.72809, 61.139277 ], [ -149.728037, 61.13934 ], [ -149.727988, 61.139386 ], [ -149.727899, 61.139392 ], [ -149.727819, 61.13941 ], [ -149.727703, 61.139451 ], [ -149.727642, 61.139467 ], [ -149.727524, 61.139477 ], [ -149.727389, 61.139468 ], [ -149.727261, 61.139467 ], [ -149.727121, 61.139492 ], [ -149.726998, 61.139521 ], [ -149.726934, 61.139555 ], [ -149.726872, 61.139615 ], [ -149.72677, 61.139672 ], [ -149.726652, 61.13971 ], [ -149.726563, 61.13974 ], [ -149.726394, 61.139786 ], [ -149.726279, 61.139811 ], [ -149.726175, 61.139833 ], [ -149.726019, 61.139844 ], [ -149.725861, 61.139822 ], [ -149.725756, 61.139819 ], [ -149.7257, 61.139832 ], [ -149.725608, 61.139846 ], [ -149.725533, 61.139828 ], [ -149.725474, 61.139792 ], [ -149.725426, 61.139734 ], [ -149.725351, 61.139712 ], [ -149.725212, 61.139709 ], [ -149.725153, 61.139685 ], [ -149.725069, 61.139647 ], [ -149.72501, 61.139632 ], [ -149.724957, 61.139606 ], [ -149.724833, 61.139533 ], [ -149.724681, 61.139492 ], [ -149.724611, 61.139462 ], [ -149.724514, 61.139427 ], [ -149.724436, 61.139391 ], [ -149.724337, 61.139345 ], [ -149.724273, 61.139347 ], [ -149.724155, 61.13937 ], [ -149.724021, 61.13941 ], [ -149.723903, 61.139445 ], [ -149.723801, 61.139484 ], [ -149.723672, 61.139489 ], [ -149.723591, 61.139484 ], [ -149.723444, 61.139512 ], [ -149.723353, 61.139537 ], [ -149.723197, 61.139575 ], [ -149.723071, 61.139626 ], [ -149.722996, 61.139652 ], [ -149.722918, 61.139683 ], [ -149.722808, 61.139735 ], [ -149.722685, 61.139783 ], [ -149.722599, 61.13981 ] ] } },
{ "type": "Feature", "properties": { "cls": "separated", "highway": "cycleway", "name": "The Hive" }, "geometry": { "type": "LineString", "coordinates": [ [ -149.713649, 61.140738 ], [ -149.713568, 61.140652 ], [ -149.713598, 61.140556 ], [ -149.713791, 61.140367 ], [ -149.714015, 61.140235 ], [ -149.714301, 61.140184 ], [ -149.714717, 61.14013 ], [ -149.714993, 61.140081 ], [ -149.71514, 61.140029 ], [ -149.715149, 61.139922 ], [ -149.715154, 61.139743 ], [ -149.715277, 61.13948 ], [ -149.715558, 61.139114 ], [ -149.715889, 61.138921 ], [ -149.716403, 61.138897 ], [ -149.716627, 61.138828 ], [ -149.716972, 61.138737 ], [ -149.717512, 61.138677 ], [ -149.717753, 61.138588 ], [ -149.718171, 61.138554 ] ] } },
{ "type": "Feature", "properties": { "cls": "separated", "highway": "cycleway", "name": null }, "geometry": { "type": "LineString", "coordinates": [ [ -149.73258, 61.139936 ], [ -149.732542, 61.13989 ], [ -149.732511, 61.139844 ], [ -149.732505, 61.139793 ], [ -149.732526, 61.139747 ], [ -149.732534, 61.139731 ], [ -149.732601, 61.139691 ], [ -149.732671, 61.139676 ], [ -149.732727, 61.139665 ], [ -149.732829, 61.139654 ], [ -149.732901, 61.139642 ], [ -149.732979, 61.139615 ], [ -149.733001, 61.139575 ], [ -149.733009, 61.139521 ], [ -149.733017, 61.139475 ], [ -149.732993, 61.139429 ], [ -149.732966, 61.139378 ], [ -149.732914, 61.139289 ] ] } },
{ "type": "Feature", "properties": { "cls": "separated", "highway": "cycleway", "name": null }, "geometry": { "type": "LineString", "coordinates": [ [ -149.732616, 61.140017 ], [ -149.732597, 61.13997 ], [ -149.73258, 61.139936 ] ] } },
{ "type": "Feature", "properties": { "cls": "separated", "highway": "cycleway", "name": "Hornet's Nest" }, "geometry": { "type": "LineString", "coordinates": [ [ -149.714461, 61.141856 ], [ -149.714534, 61.141829 ], [ -149.71463, 61.14178 ], [ -149.714743, 61.141725 ], [ -149.714834, 61.141655 ], [ -149.714872, 61.141601 ], [ -149.714866, 61.141544 ], [ -149.714904, 61.141466 ], [ -149.714957, 61.14142 ], [ -149.715065, 61.141394 ], [ -149.715242, 61.141391 ], [ -149.71536, 61.141371 ], [ -149.715381, 61.141314 ], [ -149.715317, 61.141303 ], [ -149.715258, 61.141319 ], [ -149.715183, 61.141314 ], [ -149.715226, 61.14127 ], [ -149.715333, 61.141239 ], [ -149.71551, 61.141231 ], [ -149.715585, 61.141205 ], [ -149.715564, 61.141151 ], [ -149.715467, 61.14113 ], [ -149.715424, 61.141096 ], [ -149.715451, 61.141037 ], [ -149.715381, 61.14099 ], [ -149.71529, 61.140944 ], [ -149.715237, 61.140884 ], [ -149.715279, 61.140827 ], [ -149.715301, 61.140762 ], [ -149.715274, 61.1407 ], [ -149.715161, 61.140703 ], [ -149.715038, 61.140752 ], [ -149.715006, 61.140801 ], [ -149.714877, 61.140842 ], [ -149.714797, 61.14085 ], [ -149.714679, 61.140848 ], [ -149.714544, 61.140822 ], [ -149.714464, 61.140788 ], [ -149.714346, 61.140736 ], [ -149.714244, 61.140695 ], [ -149.714169, 61.140656 ], [ -149.714131, 61.14062 ], [ -149.71418, 61.140589 ], [ -149.714282, 61.140597 ], [ -149.714341, 61.140617 ], [ -149.7144, 61.14062 ], [ -149.714432, 61.140576 ], [ -149.714432, 61.140524 ], [ -149.714475, 61.140493 ], [ -149.714587, 61.140503 ], [ -149.714657, 61.140532 ], [ -149.714695, 61.140576 ], [ -149.714764, 61.140685 ], [ -149.714818, 61.14069 ], [ -149.714877, 61.140664 ], [ -149.714856, 61.140581 ], [ -149.71485, 61.140519 ], [ -149.714909, 61.14049 ], [ -149.715038, 61.140465 ], [ -149.715204, 61.140449 ], [ -149.71543, 61.140449 ], [ -149.715585, 61.140459 ], [ -149.715719, 61.140441 ], [ -149.715703, 61.1404 ], [ -149.715585, 61.140392 ], [ -149.71551, 61.140374 ], [ -149.715473, 61.140335 ], [ -149.715537, 61.140307 ], [ -149.715725, 61.140299 ], [ -149.71588, 61.140273 ], [ -149.715971, 61.140221 ], [ -149.715998, 61.140177 ], [ -149.716068, 61.140154 ], [ -149.716127, 61.14018 ], [ -149.716116, 61.140239 ], [ -149.716079, 61.140286 ], [ -149.715966, 61.140325 ], [ -149.715918, 61.140361 ], [ -149.715955, 61.140384 ], [ -149.716084, 61.140371 ], [ -149.716218, 61.140312 ], [ -149.716266, 61.140247 ], [ -149.716277, 61.140162 ], [ -149.716261, 61.140081 ], [ -149.716202, 61.13998 ], [ -149.716138, 61.139913 ], [ -149.716111, 61.13983 ], [ -149.716164, 61.139781 ], [ -149.716197, 61.139701 ], [ -149.716154, 61.139654 ], [ -149.716052, 61.139608 ], [ -149.715966, 61.139551 ], [ -149.715923, 61.139478 ], [ -149.715982, 61.1394 ], [ -149.716105, 61.139398 ], [ -149.716229, 61.139408 ], [ -149.716342, 61.139468 ], [ -149.716401, 61.139535 ], [ -149.716454, 61.139589 ], [ -149.716583, 61.139613 ], [ -149.716744, 61.139574 ], [ -149.716867, 61.139522 ], [ -149.716932, 61.139452 ], [ -149.716932, 61.139369 ], [ -149.716905, 61.139289 ], [ -149.7169, 61.139196 ], [ -149.716905, 61.139097 ], [ -149.716964, 61.139017 ], [ -149.717077, 61.13897 ], [ -149.717178, 61.138939 ], [ -149.717286, 61.138921 ], [ -149.717372, 61.138952 ], [ -149.717366, 61.139033 ], [ -149.717372, 61.139105 ], [ -149.717447, 61.139144 ], [ -149.71757, 61.139121 ], [ -149.717618, 61.139053 ], [ -149.717656, 61.139009 ], [ -149.717752, 61.138973 ], [ -149.71786, 61.138942 ], [ -149.71794, 61.13891 ], [ -149.718074, 61.138894 ], [ -149.718176, 61.138907 ], [ -149.718208, 61.138954 ], [ -149.718176, 61.139016 ], [ -149.718187, 61.13906 ], [ -149.718267, 61.139081 ], [ -149.718369, 61.139119 ], [ -149.718396, 61.139158 ], [ -149.718374, 61.139228 ], [ -149.718256, 61.139241 ], [ -149.718122, 61.139272 ], [ -149.717961, 61.139321 ], [ -149.717811, 61.139365 ], [ -149.717741, 61.139425 ], [ -149.717682, 61.139495 ], [ -149.717693, 61.139554 ], [ -149.7178, 61.139591 ], [ -149.717945, 61.139575 ], [ -149.718036, 61.139544 ], [ -149.718111, 61.139528 ], [ -149.718224, 61.139536 ], [ -149.718251, 61.139588 ], [ -149.718267, 61.139715 ], [ -149.718278, 61.139829 ], [ -149.718374, 61.139894 ], [ -149.718487, 61.139932 ], [ -149.718584, 61.14 ], [ -149.718621, 61.140083 ], [ -149.718514, 61.140168 ], [ -149.718396, 61.140238 ], [ -149.718262, 61.140256 ], [ -149.718203, 61.140295 ], [ -149.718144, 61.140352 ], [ -149.718042, 61.14036 ], [ -149.717902, 61.140357 ], [ -149.717773, 61.140329 ], [ -149.717731, 61.1403 ], [ -149.717682, 61.140228 ], [ -149.717688, 61.140163 ], [ -149.717693, 61.140067 ], [ -149.717698, 61.139989 ], [ -149.717763, 61.139925 ], [ -149.717827, 61.139881 ], [ -149.717784, 61.139834 ], [ -149.717677, 61.139813 ], [ -149.71757, 61.13985 ], [ -149.717468, 61.139935 ], [ -149.717334, 61.139995 ], [ -149.717167, 61.140062 ], [ -149.717125, 61.140124 ], [ -149.717119, 61.140191 ], [ -149.717006, 61.140217 ], [ -149.716931, 61.140254 ], [ -149.71698, 61.140292 ], [ -149.717023, 61.140347 ], [ -149.717033, 61.140409 ], [ -149.716926, 61.140479 ], [ -149.716792, 61.140577 ], [ -149.716829, 61.140616 ], [ -149.716904, 61.140624 ], [ -149.71699, 61.140588 ], [ -149.717119, 61.140551 ], [ -149.717259, 61.140541 ], [ -149.717489, 61.14052 ], [ -149.717704, 61.14052 ], [ -149.717784, 61.140549 ], [ -149.717859, 61.140619 ], [ -149.717913, 61.140676 ], [ -149.718004, 61.140712 ], [ -149.718111, 61.14072 ], [ -149.718213, 61.140696 ], [ -149.718321, 61.140694 ], [ -149.718444, 61.14072 ], [ -149.718562, 61.140714 ], [ -149.71861, 61.140657 ], [ -149.718648, 61.140546 ], [ -149.718696, 61.140445 ], [ -149.718761, 61.140398 ], [ -149.718841, 61.14036 ], [ -149.719045, 61.140326 ], [ -149.719142, 61.140316 ], [ -149.719238, 61.140334 ], [ -149.719335, 61.140355 ], [ -149.719469, 61.140352 ], [ -149.719576, 61.140318 ], [ -149.719592, 61.140264 ], [ -149.719705, 61.140171 ], [ -149.719914, 61.140127 ], [ -149.720032, 61.140059 ], [ -149.72008, 61.139977 ], [ -149.720107, 61.139888 ], [ -149.720161, 61.139829 ], [ -149.720359, 61.139798 ], [ -149.720542, 61.139831 ], [ -149.720686, 61.139862 ], [ -149.720788, 61.13987 ], [ -149.720874, 61.139847 ], [ -149.721014, 61.13979 ], [ -149.72111, 61.139754 ], [ -149.721234, 61.139769 ], [ -149.721384, 61.139795 ], [ -149.721475, 61.139769 ], [ -149.721491, 61.139733 ], [ -149.721389, 61.139676 ], [ -149.7214, 61.139622 ], [ -149.721507, 61.139604 ], [ -149.721689, 61.139552 ] ] } },
{ "type": "Feature", "properties": { "cls": "separated", "highway": "cycleway", "name": "Janice's Jive" }, "geometry": { "type": "LineString", "coordinates": [ [ -149.728186, 61.138758 ], [ -149.728351, 61.138804 ], [ -149.728669, 61.138838 ], [ -149.728929, 61.138912 ], [ -149.729372, 61.138975 ], [ -149.729982, 61.139088 ], [ -149.730409, 61.139089 ], [ -149.730556, 61.139073 ], [ -149.730866, 61.139005 ], [ -149.730983, 61.139016 ], [ -149.73105, 61.139099 ], [ -149.731028, 61.139184 ], [ -149.730965, 61.139224 ], [ -149.730836, 61.139253 ], [ -149.730614, 61.139277 ], [ -149.730017, 61.139287 ], [ -149.729869, 61.139313 ], [ -149.729775, 61.13935 ], [ -149.729553, 61.139513 ], [ -149.72941, 61.139565 ], [ -149.728922, 61.139633 ], [ -149.728702, 61.139696 ], [ -149.728157, 61.139921 ], [ -149.728038, 61.139996 ], [ -149.72802, 61.140053 ], [ -149.72808, 61.140201 ], [ -149.72805, 61.140378 ], [ -149.728071, 61.140493 ], [ -149.728151, 61.140603 ], [ -149.728333, 61.140697 ], [ -149.72899, 61.140927 ], [ -149.729219, 61.140968 ], [ -149.72958, 61.140958 ], [ -149.729732, 61.140999 ], [ -149.729819, 61.141057 ], [ -149.729864, 61.141132 ], [ -149.729828, 61.141194 ], [ -149.729659, 61.141308 ], [ -149.729583, 61.141415 ], [ -149.729501, 61.141469 ], [ -149.728986, 61.141645 ] ] } },
{ "type": "Feature", "properties": { "cls": "separated", "highway": "cycleway", "name": "Stinger" }, "geometry": { "type": "LineString", "coordinates": [ [ -149.728792, 61.141358 ], [ -149.728755, 61.141302 ], [ -149.728776, 61.141219 ], [ -149.728749, 61.141136 ], [ -149.728706, 61.141077 ], [ -149.728631, 61.141056 ], [ -149.728572, 61.141002 ], [ -149.728524, 61.140958 ], [ -149.72839, 61.140937 ], [ -149.728288, 61.140947 ], [ -149.728234, 61.140968 ], [ -149.728143, 61.141004 ], [ -149.728041, 61.140999 ], [ -149.728041, 61.140953 ], [ -149.728154, 61.140877 ], [ -149.728181, 61.140846 ], [ -149.728132, 61.140797 ], [ -149.72802, 61.140787 ], [ -149.727886, 61.140795 ], [ -149.727762, 61.140823 ], [ -149.72766, 61.140862 ], [ -149.727547, 61.140852 ], [ -149.72751, 61.140808 ], [ -149.727553, 61.140751 ], [ -149.727612, 61.140657 ], [ -149.727569, 61.140577 ], [ -149.727446, 61.140502 ], [ -149.727376, 61.140458 ], [ -149.727413, 61.14037 ], [ -149.727542, 61.140305 ], [ -149.72759, 61.140215 ], [ -149.727601, 61.140085 ], [ -149.727601, 61.140005 ], [ -149.727547, 61.139917 ], [ -149.727537, 61.139813 ], [ -149.727596, 61.139723 ], [ -149.727751, 61.13964 ], [ -149.727859, 61.139593 ], [ -149.728052, 61.139534 ], [ -149.728197, 61.139466 ], [ -149.72825, 61.139409 ], [ -149.72824, 61.139381 ], [ -149.728181, 61.139378 ], [ -149.728105, 61.139399 ], [ -149.727988, 61.139386 ], [ -149.727907, 61.139351 ], [ -149.72788, 61.139312 ] ] } },
{ "type": "Feature", "properties": { "cls": "separated", "highway": "cycleway", "name": "Lower Llama" }, "geometry": { "type": "LineString", "coordinates": [ [ -149.731092, 61.141394 ], [ -149.731166, 61.14137 ], [ -149.731204, 61.141334 ], [ -149.731237, 61.141288 ], [ -149.731297, 61.141234 ], [ -149.731331, 61.141188 ], [ -149.731413, 61.141145 ], [ -149.731488, 61.141112 ], [ -149.731555, 61.14108 ], [ -149.731557, 61.141063 ], [ -149.731533, 61.14105 ], [ -149.731457, 61.14103 ], [ -149.731399, 61.140985 ], [ -149.731446, 61.140945 ], [ -149.731496, 61.14091 ], [ -149.731552, 61.14087 ], [ -149.731576, 61.140833 ], [ -149.731517, 61.140768 ], [ -149.731483, 61.140698 ], [ -149.731424, 61.140599 ], [ -149.731399, 61.140495 ], [ -149.731388, 61.140457 ], [ -149.731384, 61.140443 ], [ -149.731377, 61.140418 ], [ -149.731408, 61.14034 ], [ -149.731534, 61.140272 ], [ -149.731595, 61.140151 ], [ -149.731591, 61.140092 ], [ -149.73159, 61.140082 ], [ -149.731542, 61.140006 ], [ -149.731485, 61.139945 ], [ -149.731483, 61.139901 ], [ -149.731512, 61.139848 ], [ -149.731638, 61.139791 ], [ -149.731711, 61.139732 ], [ -149.731802, 61.139662 ], [ -149.731901, 61.139622 ], [ -149.732076, 61.139535 ], [ -149.732248, 61.139506 ], [ -149.732363, 61.139472 ], [ -149.732423, 61.139466 ], [ -149.732617, 61.139427 ], [ -149.732685, 61.13937 ], [ -149.732794, 61.139342 ], [ -149.732914, 61.139289 ] ] } },
{ "type": "Feature", "properties": { "cls": "separated", "highway": "cycleway", "name": "Rolling Tundra" }, "geometry": { "type": "LineString", "coordinates": [ [ -149.732462, 61.140149 ], [ -149.732687, 61.140203 ], [ -149.732865, 61.140276 ], [ -149.732988, 61.140359 ], [ -149.733042, 61.140434 ], [ -149.733063, 61.140496 ], [ -149.733074, 61.140618 ], [ -149.733111, 61.140693 ], [ -149.733224, 61.140776 ], [ -149.733449, 61.140817 ], [ -149.733616, 61.140791 ], [ -149.733932, 61.140726 ], [ -149.734082, 61.140675 ], [ -149.734168, 61.140607 ], [ -149.734254, 61.140475 ], [ -149.734265, 61.140366 ], [ -149.734286, 61.140271 ], [ -149.734361, 61.140193 ], [ -149.734435, 61.140161 ] ] } },
{ "type": "Feature", "properties": { "cls": "separated", "highway": "cycleway", "name": "Upper Llama" }, "geometry": { "type": "LineString", "coordinates": [ [ -149.713649, 61.140738 ], [ -149.713442, 61.140741 ], [ -149.713313, 61.14068 ], [ -149.713142, 61.140626 ], [ -149.712908, 61.14058 ], [ -149.712777, 61.140561 ], [ -149.712566, 61.140573 ], [ -149.712511, 61.140581 ], [ -149.712345, 61.140605 ], [ -149.712238, 61.140626 ], [ -149.712112, 61.140649 ], [ -149.711962, 61.140679 ], [ -149.711825, 61.140711 ], [ -149.711685, 61.140732 ], [ -149.711519, 61.140763 ], [ -149.711404, 61.140785 ], [ -149.711329, 61.14082 ], [ -149.711197, 61.140926 ], [ -149.711134, 61.141067 ], [ -149.710913, 61.14118 ], [ -149.7108, 61.141299 ], [ -149.710749, 61.141355 ], [ -149.710696, 61.141373 ], [ -149.710628, 61.141384 ], [ -149.710489, 61.141382 ], [ -149.710414, 61.141384 ], [ -149.710313, 61.141333 ], [ -149.710226, 61.14129 ], [ -149.710191, 61.141273 ], [ -149.710108, 61.14126 ], [ -149.710087, 61.141239 ], [ -149.710044, 61.141221 ], [ -149.709966, 61.141221 ], [ -149.709877, 61.141203 ], [ -149.709821, 61.141166 ], [ -149.709773, 61.141112 ], [ -149.709684, 61.141074 ], [ -149.70952, 61.140986 ], [ -149.709419, 61.140927 ], [ -149.709387, 61.140915 ] ] } },
{ "type": "Feature", "properties": { "cls": "separated", "highway": "cycleway", "name": "Upper Llama" }, "geometry": { "type": "LineString", "coordinates": [ [ -149.715066, 61.142326 ], [ -149.715223, 61.142333 ], [ -149.71533, 61.142349 ], [ -149.715454, 61.142367 ], [ -149.715596, 61.142376 ], [ -149.71573, 61.142366 ], [ -149.715794, 61.142338 ], [ -149.715875, 61.142298 ], [ -149.715963, 61.142276 ], [ -149.716068, 61.142257 ], [ -149.71614, 61.142228 ], [ -149.71621, 61.142174 ], [ -149.71625, 61.142135 ], [ -149.716328, 61.14208 ], [ -149.716411, 61.142038 ], [ -149.716465, 61.14202 ], [ -149.716545, 61.142027 ], [ -149.716634, 61.142023 ], [ -149.716741, 61.142002 ], [ -149.716857, 61.141993 ], [ -149.717087, 61.141985 ], [ -149.717227, 61.141975 ], [ -149.717355, 61.14195 ], [ -149.717468, 61.141919 ], [ -149.717608, 61.141879 ], [ -149.717712, 61.141835 ], [ -149.717827, 61.141788 ], [ -149.717937, 61.141751 ], [ -149.718088, 61.141717 ], [ -149.718243, 61.141701 ], [ -149.718404, 61.14169 ], [ -149.718466, 61.141681 ], [ -149.718503, 61.141698 ], [ -149.718541, 61.14173 ], [ -149.718592, 61.141743 ], [ -149.718699, 61.141742 ], [ -149.718809, 61.14174 ], [ -149.7189, 61.141733 ], [ -149.718997, 61.141704 ], [ -149.719101, 61.141645 ], [ -149.719228, 61.141585 ], [ -149.719329, 61.141544 ], [ -149.71941, 61.141511 ], [ -149.719525, 61.14147 ], [ -149.719643, 61.141446 ], [ -149.71978, 61.141422 ], [ -149.719866, 61.141384 ], [ -149.719911, 61.141334 ], [ -149.719963, 61.141278 ], [ -149.720094, 61.141212 ], [ -149.720199, 61.141167 ], [ -149.720314, 61.141146 ], [ -149.720389, 61.141141 ], [ -149.720515, 61.141142 ], [ -149.720654, 61.141131 ], [ -149.720807, 61.141115 ], [ -149.720979, 61.141083 ], [ -149.721065, 61.141054 ], [ -149.721143, 61.141008 ], [ -149.72121, 61.140967 ], [ -149.721258, 61.140939 ], [ -149.72133, 61.140913 ], [ -149.721454, 61.140907 ], [ -149.721523, 61.140876 ], [ -149.721612, 61.1408 ], [ -149.721642, 61.140754 ], [ -149.721719, 61.140721 ], [ -149.721719, 61.140663 ], [ -149.72166, 61.140573 ], [ -149.72162, 61.140508 ], [ -149.721646, 61.14047 ], [ -149.721682, 61.140417 ], [ -149.721746, 61.140371 ], [ -149.721784, 61.140315 ], [ -149.72176, 61.14027 ], [ -149.721727, 61.140232 ], [ -149.721829, 61.140186 ], [ -149.721955, 61.140108 ], [ -149.722036, 61.140069 ], [ -149.722165, 61.140009 ], [ -149.722256, 61.139966 ], [ -149.722318, 61.139921 ], [ -149.722409, 61.139892 ], [ -149.722516, 61.139845 ], [ -149.722599, 61.13981 ] ] } },
{ "type": "Feature", "properties": { "cls": "separated", "highway": "cycleway", "name": "Upper Jeff's Whoop Whoop" }, "geometry": { "type": "LineString", "coordinates": [ [ -149.714461, 61.141856 ], [ -149.714846, 61.142005 ], [ -149.715037, 61.142032 ], [ -149.715216, 61.141998 ], [ -149.715466, 61.141905 ], [ -149.716069, 61.141771 ], [ -149.716607, 61.141579 ], [ -149.716867, 61.141447 ], [ -149.717117, 61.141284 ], [ -149.71743, 61.141219 ], [ -149.718183, 61.141126 ], [ -149.718472, 61.141082 ], [ -149.718797, 61.140945 ], [ -149.719044, 61.140808 ], [ -149.719359, 61.140598 ], [ -149.719554, 61.140471 ], [ -149.719707, 61.140392 ], [ -149.719822, 61.140381 ], [ -149.719924, 61.140433 ], [ -149.719966, 61.140512 ], [ -149.719898, 61.140631 ], [ -149.719939, 61.14071 ], [ -149.720107, 61.140736 ], [ -149.720178, 61.140742 ], [ -149.720313, 61.140804 ], [ -149.720429, 61.140771 ], [ -149.720488, 61.140695 ], [ -149.720588, 61.140671 ], [ -149.720689, 61.140684 ], [ -149.720825, 61.14076 ], [ -149.720924, 61.140842 ], [ -149.721027, 61.140906 ], [ -149.72121, 61.140967 ], [ -149.721395, 61.140983 ], [ -149.721584, 61.140966 ], [ -149.721747, 61.140908 ], [ -149.721839, 61.140743 ], [ -149.721912, 61.14065 ], [ -149.722151, 61.140588 ], [ -149.72239, 61.14059 ], [ -149.722463, 61.140687 ], [ -149.722429, 61.140809 ], [ -149.722299, 61.140977 ], [ -149.722168, 61.141046 ], [ -149.722125, 61.141102 ], [ -149.722187, 61.141148 ], [ -149.722308, 61.141172 ], [ -149.722422, 61.141168 ], [ -149.722516, 61.141134 ], [ -149.722595, 61.141087 ], [ -149.722703, 61.140896 ], [ -149.722813, 61.140794 ], [ -149.723036, 61.140779 ], [ -149.723422, 61.140846 ], [ -149.724243, 61.141032 ], [ -149.724638, 61.141154 ], [ -149.72482, 61.141184 ], [ -149.725046, 61.141157 ], [ -149.725173, 61.141181 ], [ -149.725414, 61.141238 ], [ -149.725765, 61.141268 ], [ -149.725924, 61.141255 ], [ -149.726111, 61.141186 ], [ -149.726314, 61.14116 ], [ -149.726875, 61.141263 ], [ -149.727081, 61.141351 ], [ -149.72729, 61.141436 ], [ -149.727503, 61.141491 ], [ -149.727701, 61.141559 ], [ -149.727942, 61.141607 ], [ -149.728182, 61.141682 ], [ -149.728465, 61.141682 ], [ -149.728763, 61.141682 ], [ -149.728986, 61.141645 ] ] } },
{ "type": "Feature", "properties": { "cls": "separated", "highway": "cycleway", "name": "Upper Llama" }, "geometry": { "type": "LineString", "coordinates": [ [ -149.713649, 61.140738 ], [ -149.713783, 61.140806 ], [ -149.713828, 61.140841 ], [ -149.713863, 61.140874 ], [ -149.713914, 61.140909 ], [ -149.714008, 61.140946 ], [ -149.714091, 61.140966 ], [ -149.714201, 61.140995 ], [ -149.714263, 61.141022 ], [ -149.714319, 61.141059 ], [ -149.714333, 61.141098 ], [ -149.714338, 61.141122 ], [ -149.714349, 61.141175 ], [ -149.714367, 61.14122 ], [ -149.714429, 61.14127 ], [ -149.714491, 61.141321 ], [ -149.714544, 61.14137 ], [ -149.714593, 61.141405 ], [ -149.714595, 61.141463 ], [ -149.714587, 61.141519 ], [ -149.714547, 61.141555 ], [ -149.714494, 61.141612 ], [ -149.714429, 61.141669 ], [ -149.714394, 61.14172 ], [ -149.714383, 61.141773 ], [ -149.71441, 61.141814 ], [ -149.714461, 61.141856 ], [ -149.714467, 61.141879 ], [ -149.714496, 61.141922 ], [ -149.714547, 61.141976 ], [ -149.714598, 61.142026 ], [ -149.714646, 61.142074 ], [ -149.714713, 61.142117 ], [ -149.714794, 61.142166 ], [ -149.714856, 61.142206 ], [ -149.714984, 61.142254 ], [ -149.715066, 61.142326 ] ] } },
{ "type": "Feature", "properties": { "cls": "separated", "highway": "cycleway", "name": "Stinger" }, "geometry": { "type": "LineString", "coordinates": [ [ -149.728792, 61.141358 ], [ -149.728878, 61.141443 ], [ -149.728975, 61.141542 ], [ -149.728986, 61.141645 ] ] } },
{ "type": "Feature", "properties": { "cls": "separated", "highway": "cycleway", "name": "The Hive" }, "geometry": { "type": "LineString", "coordinates": [ [ -149.728986, 61.141645 ], [ -149.728927, 61.141725 ], [ -149.728937, 61.14179 ], [ -149.729018, 61.141876 ], [ -149.72909, 61.142039 ], [ -149.729079, 61.142118 ] ] } },
{ "type": "Feature", "properties": { "cls": "separated", "highway": "cycleway", "name": "Abbott Multi-use Trail" }, "geometry": { "type": "LineString", "coordinates": [ [ -149.753276, 61.13793 ], [ -149.753164, 61.137937 ] ] } },
{ "type": "Feature", "properties": { "cls": "shared", "highway": "cycleway", "name": null }, "geometry": { "type": "LineString", "coordinates": [ [ -149.774216, 61.137666 ], [ -149.774214, 61.137581 ] ] } },
{ "type": "Feature", "properties": { "cls": "shared", "highway": "cycleway", "name": null }, "geometry": { "type": "LineString", "coordinates": [ [ -149.7742, 61.137835 ], [ -149.774216, 61.137666 ] ] } },
{ "type": "Feature", "properties": { "cls": "shared", "highway": "cycleway", "name": "Abbott Multi-use Trail" }, "geometry": { "type": "LineString", "coordinates": [ [ -149.7742, 61.137835 ], [ -149.774082, 61.137814 ], [ -149.773945, 61.137786 ], [ -149.773779, 61.137778 ], [ -149.773631, 61.137798 ], [ -149.773446, 61.137829 ], [ -149.773269, 61.137866 ], [ -149.773046, 61.137899 ], [ -149.772826, 61.137927 ], [ -149.772623, 61.137953 ], [ -149.772437, 61.137991 ], [ -149.772295, 61.13802 ], [ -149.772183, 61.138049 ], [ -149.772097, 61.138088 ], [ -149.772022, 61.138142 ], [ -149.771949, 61.138182 ], [ -149.77185, 61.138212 ], [ -149.771746, 61.138229 ], [ -149.771609, 61.138227 ], [ -149.771461, 61.138217 ], [ -149.771343, 61.138189 ], [ -149.77122, 61.138156 ], [ -149.771115, 61.138138 ], [ -149.771013, 61.138134 ], [ -149.770909, 61.138147 ], [ -149.770796, 61.13818 ], [ -149.770718, 61.138207 ], [ -149.770627, 61.138239 ], [ -149.770488, 61.138297 ], [ -149.770351, 61.138327 ], [ -149.770209, 61.138348 ], [ -149.770096, 61.138373 ], [ -149.769989, 61.13842 ], [ -149.769922, 61.138466 ], [ -149.769809, 61.138485 ], [ -149.769699, 61.138493 ], [ -149.769552, 61.138493 ], [ -149.769396, 61.138477 ], [ -149.769264, 61.138466 ], [ -149.768983, 61.138458 ], [ -149.768774, 61.138451 ], [ -149.768623, 61.138449 ], [ -149.768489, 61.138442 ], [ -149.768358, 61.13843 ], [ -149.768235, 61.138416 ], [ -149.768079, 61.138391 ], [ -149.767913, 61.138383 ], [ -149.767808, 61.138388 ], [ -149.767674, 61.138388 ], [ -149.767537, 61.138379 ], [ -149.767411, 61.13835 ], [ -149.767309, 61.138318 ], [ -149.767204, 61.138259 ], [ -149.767132, 61.138183 ], [ -149.767057, 61.138129 ], [ -149.76699, 61.138108 ], [ -149.766907, 61.138093 ], [ -149.766848, 61.138076 ], [ -149.766802, 61.138046 ], [ -149.766732, 61.138013 ], [ -149.766655, 61.138006 ], [ -149.766529, 61.138023 ], [ -149.766435, 61.13805 ], [ -149.766306, 61.138082 ], [ -149.766177, 61.138106 ], [ -149.766081, 61.138108 ], [ -149.765981, 61.138106 ], [ -149.765863, 61.138095 ], [ -149.765781, 61.138095 ], [ -149.765729, 61.138094 ], [ -149.765598, 61.138117 ], [ -149.765448, 61.138152 ], [ -149.765289, 61.138169 ], [ -149.765147, 61.138178 ], [ -149.764973, 61.138185 ], [ -149.764782, 61.138182 ], [ -149.7646, 61.138163 ], [ -149.76442, 61.138126 ], [ -149.76423, 61.13809 ], [ -149.76408, 61.138099 ], [ -149.763943, 61.138121 ], [ -149.76375, 61.13816 ], [ -149.763626, 61.138167 ], [ -149.763476, 61.138151 ], [ -149.763315, 61.138129 ], [ -149.76316, 61.138145 ], [ -149.763066, 61.138161 ], [ -149.762948, 61.138159 ], [ -149.762782, 61.138119 ], [ -149.762653, 61.138094 ], [ -149.762478, 61.138073 ], [ -149.762336, 61.138073 ], [ -149.762189, 61.138049 ], [ -149.762079, 61.138013 ], [ -149.76198, 61.137967 ], [ -149.761851, 61.137887 ], [ -149.761733, 61.137824 ], [ -149.76162, 61.137786 ], [ -149.7615, 61.137764 ], [ -149.761403, 61.137754 ], [ -149.761274, 61.137757 ], [ -149.761202, 61.137769 ], [ -149.761119, 61.1378 ], [ -149.761011, 61.137869 ], [ -149.760939, 61.137905 ], [ -149.760858, 61.137935 ], [ -149.760767, 61.13795 ], [ -149.760649, 61.137954 ], [ -149.760534, 61.137944 ], [ -149.760427, 61.137922 ], [ -149.7603, 61.137909 ], [ -149.760158, 61.137918 ], [ -149.759965, 61.137935 ], [ -149.759724, 61.137939 ], [ -149.759453, 61.137924 ], [ -149.759268, 61.137906 ], [ -149.759112, 61.137931 ], [ -149.758975, 61.137945 ], [ -149.758774, 61.137935 ], [ -149.758549, 61.137939 ], [ -149.758324, 61.137944 ], [ -149.758173, 61.137936 ], [ -149.758056, 61.137905 ], [ -149.757967, 61.137862 ], [ -149.757838, 61.13783 ], [ -149.757656, 61.137805 ], [ -149.7575, 61.137812 ], [ -149.75735, 61.137849 ], [ -149.757224, 61.137917 ], [ -149.757023, 61.137957 ], [ -149.756827, 61.137971 ], [ -149.756543, 61.137962 ], [ -149.756339, 61.137941 ], [ -149.756218, 61.137897 ], [ -149.755983, 61.13788 ], [ -149.755757, 61.137851 ], [ -149.755559, 61.137841 ], [ -149.755283, 61.137856 ], [ -149.755087, 61.13786 ], [ -149.754899, 61.137829 ], [ -149.754706, 61.137794 ], [ -149.754566, 61.137793 ], [ -149.754411, 61.137828 ], [ -149.754255, 61.137863 ], [ -149.754119, 61.137847 ], [ -149.753891, 61.137819 ], [ -149.753731, 61.1378 ], [ -149.753571, 61.137825 ], [ -149.753426, 61.137898 ], [ -149.753276, 61.13793 ] ] } },
{ "type": "Feature", "properties": { "cls": "shared", "highway": "cycleway", "name": null }, "geometry": { "type": "LineString", "coordinates": [ [ -149.774481, 61.137578 ], [ -149.77453, 61.137719 ], [ -149.774586, 61.137903 ], [ -149.774658, 61.138033 ], [ -149.77479, 61.138237 ], [ -149.774878, 61.138369 ], [ -149.774935, 61.138474 ], [ -149.774937, 61.138545 ], [ -149.774921, 61.138612 ], [ -149.774905, 61.138695 ], [ -149.774889, 61.138758 ], [ -149.774894, 61.138826 ], [ -149.774943, 61.138897 ], [ -149.775042, 61.139045 ], [ -149.775066, 61.139098 ], [ -149.775063, 61.13914 ], [ -149.775028, 61.139193 ] ] } },
{ "type": "Feature", "properties": { "cls": "separated", "highway": "cycleway", "name": "Fun House" }, "geometry": { "type": "LineString", "coordinates": [ [ -149.755293, 61.139128 ], [ -149.755328, 61.13907 ], [ -149.755403, 61.139013 ], [ -149.755562, 61.139017 ], [ -149.755681, 61.139046 ], [ -149.755761, 61.139123 ], [ -149.755813, 61.139197 ], [ -149.755863, 61.139284 ], [ -149.7559, 61.139347 ], [ -149.755932, 61.139405 ], [ -149.755983, 61.139452 ], [ -149.756056, 61.139485 ], [ -149.756175, 61.139498 ], [ -149.756344, 61.139483 ], [ -149.756498, 61.139477 ], [ -149.756569, 61.139452 ], [ -149.756622, 61.13942 ], [ -149.756676, 61.139362 ], [ -149.756711, 61.139305 ], [ -149.756747, 61.139248 ], [ -149.756768, 61.139183 ], [ -149.756791, 61.139102 ], [ -149.756807, 61.139043 ], [ -149.756782, 61.138976 ], [ -149.756745, 61.138915 ], [ -149.756694, 61.13885 ], [ -149.756608, 61.13882 ], [ -149.756534, 61.138803 ], [ -149.756445, 61.138785 ], [ -149.756349, 61.138801 ], [ -149.756243, 61.138815 ], [ -149.756175, 61.138802 ], [ -149.756175, 61.13877 ], [ -149.756196, 61.138737 ], [ -149.756235, 61.138698 ], [ -149.756262, 61.138671 ], [ -149.756342, 61.13865 ], [ -149.756443, 61.138634 ], [ -149.756505, 61.138611 ], [ -149.756519, 61.138584 ], [ -149.756481, 61.138555 ], [ -149.756415, 61.13852 ], [ -149.756356, 61.13849 ], [ -149.756338, 61.13846 ], [ -149.756326, 61.138422 ], [ -149.756244, 61.138396 ], [ -149.756097, 61.138351 ], [ -149.756049, 61.138279 ], [ -149.755999, 61.138236 ], [ -149.755951, 61.138185 ], [ -149.75585, 61.138115 ] ] } },
{ "type": "Feature", "properties": { "cls": "separated", "highway": "cycleway", "name": "Wheels Up" }, "geometry": { "type": "LineString", "coordinates": [ [ -149.774269, 61.13946 ], [ -149.774203, 61.139474 ], [ -149.774127, 61.139476 ], [ -149.774064, 61.139454 ], [ -149.774043, 61.139422 ], [ -149.774002, 61.13938 ], [ -149.773909, 61.139362 ], [ -149.773774, 61.139388 ], [ -149.7737, 61.1394 ], [ -149.773616, 61.13943 ], [ -149.773543, 61.139468 ], [ -149.773476, 61.139533 ], [ -149.773367, 61.139573 ], [ -149.773268, 61.139605 ], [ -149.773184, 61.1396 ], [ -149.773142, 61.139534 ], [ -149.77313, 61.139474 ], [ -149.773094, 61.139423 ], [ -149.773092, 61.139368 ], [ -149.773141, 61.139307 ], [ -149.773144, 61.139251 ], [ -149.773161, 61.139158 ], [ -149.773143, 61.139101 ], [ -149.773073, 61.139083 ], [ -149.773028, 61.1391 ], [ -149.772969, 61.139135 ], [ -149.772907, 61.139158 ], [ -149.772826, 61.139156 ], [ -149.772753, 61.139139 ], [ -149.772673, 61.139096 ], [ -149.772606, 61.139033 ], [ -149.772571, 61.13895 ], [ -149.7726, 61.138873 ], [ -149.772562, 61.138791 ], [ -149.772489, 61.138748 ], [ -149.77238, 61.138722 ], [ -149.772243, 61.138711 ], [ -149.772133, 61.138721 ], [ -149.772098, 61.138742 ], [ -149.772042, 61.138752 ], [ -149.771992, 61.138742 ], [ -149.771952, 61.138719 ], [ -149.771896, 61.138693 ], [ -149.771788, 61.138688 ], [ -149.771723, 61.138689 ], [ -149.771648, 61.13868 ], [ -149.771562, 61.138659 ], [ -149.771461, 61.138628 ], [ -149.771412, 61.138605 ], [ -149.771359, 61.138582 ], [ -149.771294, 61.138566 ], [ -149.771198, 61.138544 ], [ -149.771175, 61.138502 ], [ -149.771204, 61.138467 ], [ -149.771305, 61.138436 ], [ -149.771418, 61.138423 ], [ -149.771435, 61.138389 ], [ -149.77143, 61.138362 ], [ -149.771383, 61.138341 ], [ -149.771313, 61.138331 ], [ -149.771226, 61.138333 ], [ -149.771103, 61.138357 ], [ -149.771024, 61.138379 ], [ -149.77098, 61.13843 ], [ -149.77097, 61.13848 ], [ -149.770988, 61.138579 ], [ -149.771063, 61.138682 ], [ -149.771106, 61.13876 ], [ -149.771095, 61.138836 ], [ -149.771063, 61.138896 ], [ -149.771039, 61.13892 ], [ -149.771009, 61.138942 ], [ -149.770977, 61.138955 ], [ -149.770938, 61.138962 ], [ -149.770884, 61.138964 ], [ -149.770813, 61.138956 ], [ -149.770765, 61.138941 ], [ -149.770724, 61.138913 ], [ -149.770714, 61.138898 ], [ -149.770699, 61.138882 ], [ -149.770657, 61.13887 ], [ -149.770604, 61.138864 ], [ -149.770561, 61.138861 ], [ -149.770506, 61.138859 ], [ -149.770406, 61.138868 ], [ -149.770169, 61.138897 ], [ -149.77013, 61.13891 ], [ -149.770096, 61.138932 ], [ -149.770023, 61.138962 ], [ -149.769872, 61.138975 ], [ -149.769803, 61.138964 ], [ -149.769721, 61.138938 ], [ -149.769677, 61.138921 ], [ -149.769623, 61.13891 ], [ -149.769548, 61.138899 ], [ -149.769447, 61.138889 ], [ -149.769341, 61.138888 ], [ -149.76913, 61.138877 ], [ -149.76899, 61.138853 ], [ -149.768898, 61.138838 ], [ -149.768775, 61.138837 ], [ -149.768681, 61.138842 ], [ -149.7686, 61.138827 ], [ -149.768492, 61.138798 ], [ -149.768392, 61.138779 ], [ -149.768208, 61.138772 ], [ -149.768139, 61.13876 ], [ -149.768059, 61.138742 ], [ -149.767928, 61.138698 ], [ -149.767799, 61.138676 ], [ -149.767693, 61.138673 ], [ -149.767503, 61.138656 ], [ -149.767361, 61.138648 ], [ -149.767318, 61.138637 ], [ -149.767185, 61.138588 ], [ -149.767016, 61.138561 ], [ -149.766819, 61.138538 ], [ -149.766711, 61.138535 ], [ -149.766684, 61.138529 ], [ -149.766646, 61.138515 ], [ -149.766631, 61.138501 ], [ -149.766578, 61.138467 ], [ -149.76653, 61.138445 ], [ -149.766445, 61.138441 ], [ -149.766399, 61.138437 ], [ -149.766358, 61.138428 ], [ -149.766278, 61.138395 ], [ -149.766106, 61.138348 ], [ -149.766037, 61.138325 ], [ -149.765971, 61.138318 ], [ -149.765844, 61.138315 ], [ -149.765792, 61.13831 ], [ -149.765704, 61.138302 ], [ -149.765613, 61.138317 ], [ -149.7655, 61.138343 ], [ -149.765334, 61.138353 ], [ -149.765179, 61.138387 ], [ -149.765012, 61.138423 ], [ -149.764942, 61.13847 ], [ -149.764867, 61.13855 ], [ -149.764792, 61.138584 ], [ -149.764674, 61.138571 ], [ -149.764605, 61.138517 ], [ -149.764567, 61.13846 ], [ -149.76453, 61.138421 ], [ -149.764487, 61.138385 ], [ -149.764347, 61.138312 ], [ -149.76417, 61.138294 ], [ -149.763955, 61.138326 ], [ -149.763778, 61.138364 ], [ -149.763564, 61.138379 ], [ -149.763382, 61.138361 ], [ -149.763146, 61.138372 ], [ -149.762963, 61.138449 ], [ -149.762903, 61.138514 ], [ -149.762823, 61.138555 ], [ -149.762673, 61.138573 ], [ -149.762507, 61.138555 ], [ -149.762389, 61.138527 ], [ -149.762244, 61.138517 ], [ -149.762013, 61.138498 ], [ -149.761863, 61.138478 ], [ -149.761761, 61.138444 ], [ -149.761724, 61.13839 ], [ -149.761729, 61.138346 ], [ -149.761729, 61.138252 ], [ -149.761751, 61.138172 ], [ -149.761713, 61.138053 ], [ -149.761654, 61.137983 ], [ -149.761563, 61.137898 ], [ -149.761456, 61.137887 ], [ -149.761342, 61.137926 ], [ -149.761262, 61.137973 ], [ -149.761171, 61.138066 ], [ -149.761032, 61.138141 ], [ -149.760909, 61.13818 ], [ -149.760764, 61.138182 ], [ -149.760694, 61.138141 ], [ -149.760656, 61.138081 ], [ -149.76057, 61.138069 ], [ -149.760495, 61.138095 ], [ -149.760452, 61.138133 ], [ -149.760431, 61.138185 ], [ -149.760393, 61.138252 ], [ -149.760329, 61.138286 ], [ -149.76021, 61.138294 ], [ -149.760141, 61.138221 ], [ -149.76012, 61.138157 ], [ -149.760119, 61.138094 ], [ -149.760028, 61.138058 ], [ -149.75991, 61.138069 ], [ -149.759803, 61.138113 ], [ -149.759696, 61.138172 ], [ -149.759647, 61.138242 ], [ -149.75963, 61.138312 ], [ -149.759599, 61.138392 ], [ -149.759535, 61.138444 ], [ -149.759455, 61.138491 ], [ -149.759368, 61.138519 ], [ -149.759304, 61.138581 ], [ -149.759261, 61.138612 ], [ -149.759181, 61.138661 ], [ -149.759047, 61.138659 ], [ -149.758918, 61.138574 ], [ -149.758929, 61.13848 ], [ -149.758923, 61.138385 ], [ -149.75887, 61.138281 ], [ -149.75879, 61.138208 ], [ -149.758639, 61.138151 ], [ -149.758408, 61.138154 ], [ -149.75822, 61.138159 ], [ -149.758, 61.138136 ], [ -149.757759, 61.138128 ], [ -149.757609, 61.138061 ], [ -149.757347, 61.138081 ], [ -149.757163, 61.138125 ], [ -149.756949, 61.138154 ], [ -149.756751, 61.13817 ], [ -149.756563, 61.13818 ], [ -149.756407, 61.138146 ], [ -149.756182, 61.138136 ], [ -149.756027, 61.13811 ], [ -149.75585, 61.138115 ], [ -149.755678, 61.138089 ], [ -149.755426, 61.138081 ], [ -149.755255, 61.138058 ], [ -149.755029, 61.138053 ], [ -149.754974, 61.13805 ], [ -149.754766, 61.138038 ], [ -149.7546, 61.138043 ], [ -149.754433, 61.13803 ], [ -149.754326, 61.137996 ], [ -149.754208, 61.138008 ], [ -149.754127, 61.138009 ], [ -149.754005, 61.137992 ], [ -149.753951, 61.137956 ], [ -149.753937, 61.137907 ], [ -149.753891, 61.137819 ] ] } },
{ "type": "Feature", "properties": { "cls": "shared", "highway": "cycleway", "name": "Abbott Multi-use Trail" }, "geometry": { "type": "LineString", "coordinates": [ [ -149.775028, 61.139193 ], [ -149.77494, 61.13916 ], [ -149.774779, 61.139105 ], [ -149.774661, 61.139056 ], [ -149.774575, 61.139007 ], [ -149.7745, 61.138947 ], [ -149.774414, 61.138862 ], [ -149.774323, 61.138758 ], [ -149.774275, 61.138676 ], [ -149.774221, 61.138582 ], [ -149.774194, 61.138515 ], [ -149.774173, 61.13844 ], [ -149.774178, 61.138305 ], [ -149.774189, 61.138165 ], [ -149.7742, 61.137835 ] ] } },
{ "type": "Feature", "properties": { "cls": "separated", "highway": "cycleway", "name": "Dropout" }, "geometry": { "type": "LineString", "coordinates": [ [ -149.774888, 61.139727 ], [ -149.774835, 61.139681 ], [ -149.774793, 61.139606 ], [ -149.774737, 61.139526 ], [ -149.774633, 61.139486 ], [ -149.774492, 61.139451 ], [ -149.774394, 61.139443 ], [ -149.774289, 61.139455 ], [ -149.774269, 61.13946 ] ] } },
{ "type": "Feature", "properties": { "cls": "separated", "highway": "cycleway", "name": "Turn and Burn" }, "geometry": { "type": "LineString", "coordinates": [ [ -149.754899, 61.137829 ], [ -149.754942, 61.137894 ], [ -149.75495, 61.137946 ], [ -149.754955, 61.137992 ], [ -149.754974, 61.13805 ], [ -149.755056, 61.138093 ], [ -149.755102, 61.138104 ], [ -149.755117, 61.138135 ], [ -149.75512, 61.138156 ], [ -149.755136, 61.138246 ], [ -149.75521, 61.138318 ], [ -149.755269, 61.13838 ], [ -149.755315, 61.138418 ], [ -149.75539, 61.138441 ], [ -149.755497, 61.138453 ], [ -149.755637, 61.138457 ], [ -149.755733, 61.138475 ], [ -149.755787, 61.138506 ], [ -149.755789, 61.13854 ], [ -149.755749, 61.138563 ], [ -149.755661, 61.138593 ], [ -149.755553, 61.138643 ], [ -149.755508, 61.138673 ], [ -149.755468, 61.138694 ], [ -149.755398, 61.138691 ], [ -149.755317, 61.138683 ], [ -149.755247, 61.138708 ], [ -149.75521, 61.138748 ], [ -149.755215, 61.138787 ], [ -149.755245, 61.138848 ], [ -149.755274, 61.138927 ], [ -149.75528, 61.138992 ], [ -149.755258, 61.139049 ], [ -149.755207, 61.139095 ], [ -149.7551, 61.139125 ], [ -149.754931, 61.139137 ], [ -149.754786, 61.139169 ], [ -149.754725, 61.139212 ], [ -149.754695, 61.139251 ], [ -149.754749, 61.139297 ], [ -149.754848, 61.139335 ], [ -149.754953, 61.139373 ], [ -149.755038, 61.139421 ], [ -149.755049, 61.139465 ], [ -149.755009, 61.139531 ], [ -149.754942, 61.13961 ], [ -149.754883, 61.139669 ], [ -149.754818, 61.1397 ], [ -149.754714, 61.13971 ], [ -149.75458, 61.139697 ], [ -149.754357, 61.139684 ], [ -149.754215, 61.139676 ], [ -149.754046, 61.139653 ], [ -149.753796, 61.139618 ], [ -149.753735, 61.139605 ], [ -149.753646, 61.139572 ], [ -149.753571, 61.139554 ], [ -149.753485, 61.139559 ], [ -149.75344, 61.139598 ], [ -149.753453, 61.139632 ], [ -149.753571, 61.139687 ], [ -149.753753, 61.139752 ], [ -149.753898, 61.139786 ], [ -149.753984, 61.139812 ], [ -149.754054, 61.139846 ], [ -149.754091, 61.139877 ], [ -149.754108, 61.139911 ], [ -149.754153, 61.139942 ], [ -149.754228, 61.139966 ], [ -149.754419, 61.140018 ], [ -149.754513, 61.140056 ], [ -149.754561, 61.140082 ], [ -149.754588, 61.140105 ], [ -149.754647, 61.140136 ], [ -149.754703, 61.140153 ], [ -149.754733, 61.14017 ], [ -149.7547, 61.140207 ], [ -149.754668, 61.140221 ], [ -149.754596, 61.140232 ], [ -149.754526, 61.140242 ], [ -149.754485, 61.140263 ], [ -149.754467, 61.140286 ], [ -149.754465, 61.140324 ], [ -149.754491, 61.140354 ], [ -149.754554, 61.140373 ], [ -149.754628, 61.140383 ], [ -149.754695, 61.140374 ], [ -149.754741, 61.140358 ], [ -149.754768, 61.140338 ], [ -149.754813, 61.140302 ], [ -149.75485, 61.140271 ], [ -149.754926, 61.140255 ], [ -149.75502, 61.140254 ], [ -149.755103, 61.140278 ], [ -149.755148, 61.140308 ], [ -149.75517, 61.14036 ], [ -149.75518, 61.140402 ], [ -149.755191, 61.140436 ], [ -149.755237, 61.140471 ], [ -149.755325, 61.140479 ], [ -149.755398, 61.140474 ], [ -149.755441, 61.140451 ], [ -149.755469, 61.140421 ], [ -149.755494, 61.140385 ], [ -149.755481, 61.140332 ], [ -149.755434, 61.140295 ], [ -149.755373, 61.140266 ], [ -149.755334, 61.140246 ], [ -149.755316, 61.140233 ], [ -149.75531, 61.14021 ], [ -149.755323, 61.14018 ], [ -149.75536, 61.140144 ], [ -149.755428, 61.14012 ], [ -149.755513, 61.14011 ], [ -149.755584, 61.140117 ], [ -149.755673, 61.140128 ], [ -149.755761, 61.140147 ], [ -149.755819, 61.14017 ], [ -149.755878, 61.140194 ], [ -149.755923, 61.140224 ], [ -149.755969, 61.140277 ], [ -149.755989, 61.140323 ], [ -149.756007, 61.140371 ], [ -149.756017, 61.140423 ], [ -149.75602, 61.140479 ], [ -149.756012, 61.140532 ], [ -149.755971, 61.140569 ], [ -149.755923, 61.140585 ], [ -149.755852, 61.140574 ], [ -149.755775, 61.140559 ], [ -149.755693, 61.140547 ], [ -149.75562, 61.140566 ], [ -149.755534, 61.140625 ], [ -149.755521, 61.140665 ], [ -149.755552, 61.140736 ], [ -149.755577, 61.140804 ], [ -149.755632, 61.140867 ], [ -149.755675, 61.140913 ], [ -149.755705, 61.140965 ], [ -149.755741, 61.141025 ], [ -149.755786, 61.141072 ], [ -149.755822, 61.141091 ], [ -149.755862, 61.141103 ], [ -149.755939, 61.141124 ], [ -149.756084, 61.141153 ], [ -149.756202, 61.141178 ], [ -149.756341, 61.141212 ], [ -149.756466, 61.141235 ], [ -149.756662, 61.141257 ], [ -149.756773, 61.141266 ], [ -149.756921, 61.141289 ], [ -149.757022, 61.141311 ], [ -149.757144, 61.141323 ], [ -149.757254, 61.141347 ], [ -149.757369, 61.141372 ], [ -149.757527, 61.14139 ], [ -149.757702, 61.141405 ], [ -149.757879, 61.14142 ], [ -149.758016, 61.141464 ], [ -149.758117, 61.141507 ], [ -149.758262, 61.1416 ], [ -149.758341, 61.141689 ], [ -149.758399, 61.141772 ], [ -149.758396, 61.141802 ], [ -149.758348, 61.141846 ], [ -149.758316, 61.141889 ], [ -149.758335, 61.141926 ], [ -149.758383, 61.141954 ], [ -149.758412, 61.14199 ], [ -149.758429, 61.142093 ], [ -149.758509, 61.142189 ], [ -149.758549, 61.142225 ], [ -149.758591, 61.142236 ] ] } },
{ "type": "Feature", "properties": { "cls": "separated", "highway": "cycleway", "name": "Rolling Tundra" }, "geometry": { "type": "LineString", "coordinates": [ [ -149.734435, 61.140161 ], [ -149.734603, 61.140112 ] ] } },
{ "type": "Feature", "properties": { "cls": "separated", "highway": "cycleway", "name": "Technomania" }, "geometry": { "type": "LineString", "coordinates": [ [ -149.734536, 61.139704 ], [ -149.734737, 61.13967 ], [ -149.734865, 61.139647 ], [ -149.735032, 61.13959 ], [ -149.735136, 61.139541 ], [ -149.735254, 61.139503 ], [ -149.735367, 61.139487 ], [ -149.735512, 61.139498 ], [ -149.735673, 61.139547 ], [ -149.735769, 61.139609 ], [ -149.736005, 61.139739 ], [ -149.736333, 61.139851 ], [ -149.736507, 61.1399 ], [ -149.736671, 61.139916 ], [ -149.736856, 61.139919 ], [ -149.736982, 61.139906 ], [ -149.737078, 61.139869 ], [ -149.737169, 61.139796 ], [ -149.737261, 61.139752 ], [ -149.737357, 61.139743 ], [ -149.737491, 61.139755 ], [ -149.737585, 61.13977 ], [ -149.737684, 61.139771 ], [ -149.737819, 61.139755 ], [ -149.737977, 61.139701 ], [ -149.738119, 61.139638 ], [ -149.738339, 61.139586 ], [ -149.738519, 61.139564 ], [ -149.738679, 61.139564 ], [ -149.738956, 61.139568 ], [ -149.739192, 61.13959 ], [ -149.739294, 61.139625 ], [ -149.739487, 61.139662 ], [ -149.739589, 61.139673 ], [ -149.739943, 61.139714 ], [ -149.740203, 61.139717 ], [ -149.740428, 61.139701 ], [ -149.740648, 61.139665 ], [ -149.740852, 61.139611 ], [ -149.740959, 61.139594 ], [ -149.741096, 61.139579 ], [ -149.741477, 61.139586 ], [ -149.741641, 61.139621 ], [ -149.741713, 61.139671 ], [ -149.741681, 61.139732 ], [ -149.741568, 61.139803 ], [ -149.741429, 61.139876 ], [ -149.741179, 61.140047 ], [ -149.74111, 61.140113 ], [ -149.741077, 61.140169 ], [ -149.741099, 61.140209 ], [ -149.741158, 61.140236 ], [ -149.741292, 61.140256 ], [ -149.741458, 61.140249 ], [ -149.741611, 61.140211 ], [ -149.741697, 61.140169 ], [ -149.741764, 61.140137 ], [ -149.741839, 61.140124 ], [ -149.741989, 61.14013 ], [ -149.74229, 61.140205 ], [ -149.742461, 61.140262 ], [ -149.742566, 61.140308 ], [ -149.742671, 61.140339 ], [ -149.742719, 61.140374 ], [ -149.742848, 61.14046 ], [ -149.74292, 61.140581 ], [ -149.74295, 61.14064 ], [ -149.742979, 61.14067 ], [ -149.743009, 61.140688 ], [ -149.743089, 61.140719 ] ] } },
{ "type": "Feature", "properties": { "cls": "separated", "highway": "cycleway", "name": "Lower Jeff's Whoop Whoop" }, "geometry": { "type": "LineString", "coordinates": [ [ -149.728986, 61.141645 ], [ -149.729364, 61.141563 ], [ -149.72953, 61.141534 ], [ -149.72966, 61.141506 ], [ -149.729909, 61.141476 ], [ -149.730145, 61.141428 ], [ -149.730253, 61.141388 ], [ -149.730467, 61.141336 ], [ -149.730679, 61.141293 ], [ -149.730772, 61.141237 ], [ -149.730815, 61.141188 ], [ -149.730821, 61.141154 ], [ -149.730861, 61.141097 ], [ -149.730876, 61.141025 ], [ -149.731019, 61.140888 ], [ -149.731244, 61.140742 ], [ -149.731276, 61.140608 ], [ -149.731299, 61.140477 ], [ -149.731384, 61.140443 ], [ -149.731483, 61.140403 ], [ -149.731551, 61.140348 ], [ -149.731638, 61.140283 ], [ -149.731732, 61.140163 ], [ -149.731736, 61.14015 ], [ -149.731763, 61.140063 ], [ -149.731998, 61.139992 ], [ -149.732197, 61.139871 ], [ -149.732443, 61.139841 ], [ -149.732511, 61.139844 ], [ -149.732563, 61.139845 ], [ -149.732677, 61.139836 ], [ -149.7328, 61.139793 ], [ -149.733062, 61.139662 ], [ -149.733164, 61.139595 ], [ -149.733298, 61.139521 ], [ -149.73354, 61.139526 ], [ -149.733866, 61.139527 ], [ -149.733926, 61.13951 ], [ -149.73401, 61.139463 ], [ -149.734033, 61.139412 ], [ -149.734142, 61.139361 ], [ -149.734268, 61.139378 ], [ -149.734358, 61.139432 ], [ -149.734384, 61.139562 ], [ -149.734552, 61.13958 ], [ -149.73478, 61.139563 ], [ -149.734975, 61.13952 ], [ -149.735061, 61.139489 ], [ -149.73513, 61.139458 ], [ -149.735226, 61.139405 ], [ -149.735334, 61.139346 ], [ -149.735494, 61.139297 ], [ -149.73564, 61.139313 ], [ -149.735684, 61.139314 ], [ -149.735732, 61.139315 ], [ -149.735781, 61.139304 ], [ -149.735852, 61.139273 ], [ -149.73593, 61.139243 ], [ -149.736043, 61.139228 ], [ -149.736238, 61.139233 ], [ -149.736413, 61.13923 ], [ -149.736531, 61.139232 ], [ -149.736603, 61.139225 ], [ -149.736733, 61.139249 ], [ -149.736775, 61.13928 ], [ -149.736888, 61.139348 ], [ -149.737036, 61.13937 ], [ -149.737166, 61.139358 ], [ -149.737293, 61.139324 ], [ -149.737567, 61.139278 ], [ -149.737907, 61.139205 ], [ -149.738075, 61.139196 ], [ -149.738297, 61.139147 ], [ -149.738517, 61.139168 ], [ -149.738931, 61.139155 ], [ -149.739248, 61.139125 ], [ -149.739466, 61.139074 ], [ -149.739879, 61.139054 ], [ -149.740071, 61.139074 ], [ -149.740229, 61.139044 ], [ -149.740464, 61.139081 ], [ -149.740597, 61.139031 ], [ -149.74084, 61.139022 ], [ -149.740963, 61.139015 ], [ -149.741098, 61.139003 ], [ -149.741268, 61.139034 ], [ -149.741376, 61.139044 ], [ -149.741505, 61.139048 ], [ -149.741621, 61.139047 ], [ -149.741766, 61.13906 ], [ -149.741943, 61.139049 ], [ -149.742033, 61.139027 ], [ -149.742077, 61.138967 ], [ -149.742124, 61.138905 ], [ -149.74222, 61.138941 ], [ -149.742258, 61.139004 ], [ -149.742259, 61.139098 ], [ -149.742212, 61.139156 ], [ -149.742157, 61.139215 ], [ -149.742093, 61.139283 ], [ -149.742095, 61.139335 ], [ -149.742174, 61.139377 ], [ -149.742404, 61.139352 ], [ -149.742576, 61.139299 ], [ -149.74273, 61.139258 ], [ -149.742874, 61.139237 ], [ -149.742993, 61.139186 ], [ -149.743064, 61.139105 ], [ -149.743158, 61.139014 ], [ -149.743294, 61.138944 ], [ -149.743339, 61.138901 ], [ -149.743377, 61.138869 ], [ -149.743413, 61.138834 ], [ -149.743469, 61.138815 ], [ -149.743514, 61.138846 ], [ -149.743534, 61.138874 ], [ -149.743497, 61.138908 ], [ -149.743436, 61.138944 ], [ -149.743338, 61.138976 ], [ -149.743359, 61.139013 ], [ -149.743444, 61.139014 ], [ -149.743513, 61.138993 ], [ -149.743626, 61.13894 ], [ -149.743735, 61.13889 ], [ -149.743869, 61.138789 ], [ -149.74398, 61.138713 ], [ -149.744032, 61.138709 ], [ -149.744063, 61.138717 ], [ -149.74411, 61.13873 ], [ -149.744099, 61.138766 ], [ -149.744081, 61.138808 ], [ -149.744025, 61.13888 ], [ -149.743941, 61.138956 ], [ -149.743893, 61.138991 ], [ -149.743729, 61.1391 ], [ -149.743678, 61.139159 ], [ -149.743649, 61.139219 ], [ -149.743632, 61.139262 ], [ -149.743572, 61.1393 ], [ -149.743427, 61.139351 ], [ -149.743418, 61.13939 ], [ -149.743462, 61.139409 ], [ -149.743534, 61.139409 ], [ -149.743604, 61.139387 ], [ -149.743788, 61.1393 ], [ -149.744011, 61.139195 ], [ -149.744155, 61.139129 ], [ -149.74421, 61.139118 ], [ -149.744282, 61.139095 ] ] } },
{ "type": "Feature", "properties": { "cls": "separated", "highway": "cycleway", "name": "Taco Sauce" }, "geometry": { "type": "LineString", "coordinates": [ [ -149.732089, 61.140278 ], [ -149.732191, 61.140145 ], [ -149.732285, 61.140084 ], [ -149.732395, 61.140022 ], [ -149.732481, 61.139994 ], [ -149.732597, 61.13997 ], [ -149.732728, 61.139946 ], [ -149.733125, 61.139851 ], [ -149.73335, 61.139823 ], [ -149.733556, 61.139784 ], [ -149.733809, 61.139741 ], [ -149.733988, 61.139711 ], [ -149.734155, 61.139688 ], [ -149.734348, 61.139686 ], [ -149.734536, 61.139704 ], [ -149.734707, 61.139788 ], [ -149.734798, 61.13985 ], [ -149.734895, 61.139908 ], [ -149.735013, 61.139941 ], [ -149.735177, 61.139938 ], [ -149.735351, 61.139904 ], [ -149.735582, 61.139869 ], [ -149.735968, 61.139864 ], [ -149.736129, 61.139885 ], [ -149.736319, 61.139911 ], [ -149.736598, 61.139937 ], [ -149.73685, 61.139947 ], [ -149.737113, 61.139942 ], [ -149.737368, 61.139911 ], [ -149.737609, 61.139856 ], [ -149.737819, 61.139862 ], [ -149.737878, 61.139876 ], [ -149.737963, 61.139947 ], [ -149.738178, 61.140062 ], [ -149.738358, 61.140109 ], [ -149.738527, 61.140114 ], [ -149.738663, 61.140127 ], [ -149.738835, 61.140159 ], [ -149.738988, 61.140193 ], [ -149.739154, 61.140238 ], [ -149.739331, 61.140284 ], [ -149.739565, 61.140355 ], [ -149.739769, 61.140385 ], [ -149.739911, 61.140383 ], [ -149.740045, 61.140381 ], [ -149.740168, 61.14039 ], [ -149.740372, 61.140429 ], [ -149.740503, 61.140473 ], [ -149.740584, 61.140509 ], [ -149.740793, 61.140631 ], [ -149.740983, 61.140681 ], [ -149.74115, 61.140692 ], [ -149.741284, 61.140671 ], [ -149.741458, 61.140654 ], [ -149.741576, 61.140653 ], [ -149.741638, 61.140673 ], [ -149.741791, 61.140746 ], [ -149.741906, 61.140783 ], [ -149.742022, 61.140791 ], [ -149.742123, 61.140777 ], [ -149.742239, 61.140763 ], [ -149.742419, 61.140758 ], [ -149.742542, 61.140776 ], [ -149.742622, 61.140807 ], [ -149.742695, 61.140853 ], [ -149.742861, 61.141002 ], [ -149.742931, 61.141041 ], [ -149.742996, 61.141052 ], [ -149.743033, 61.141059 ], [ -149.743107, 61.141077 ], [ -149.743194, 61.141098 ], [ -149.743338, 61.141127 ], [ -149.743483, 61.141142 ], [ -149.743565, 61.141153 ] ] } },
{ "type": "Feature", "properties": { "cls": "separated", "highway": "cycleway", "name": "Rolling Tundra" }, "geometry": { "type": "LineString", "coordinates": [ [ -149.734603, 61.140112 ], [ -149.734965, 61.140031 ], [ -149.735128, 61.140009 ], [ -149.735252, 61.139996 ], [ -149.735372, 61.139995 ], [ -149.735587, 61.140016 ], [ -149.735753, 61.140051 ], [ -149.735893, 61.140084 ], [ -149.736005, 61.140088 ], [ -149.736086, 61.140061 ], [ -149.736153, 61.140029 ], [ -149.73622, 61.139994 ], [ -149.736311, 61.139964 ], [ -149.736426, 61.139982 ], [ -149.736477, 61.140012 ], [ -149.736593, 61.140139 ], [ -149.736652, 61.140209 ], [ -149.736684, 61.140253 ], [ -149.736714, 61.140284 ], [ -149.736754, 61.14031 ], [ -149.736821, 61.140312 ], [ -149.73689, 61.140289 ], [ -149.736971, 61.140221 ], [ -149.737025, 61.14017 ], [ -149.737084, 61.140136 ], [ -149.737164, 61.140131 ], [ -149.737207, 61.140154 ], [ -149.737226, 61.14018 ], [ -149.737312, 61.140303 ], [ -149.737384, 61.140365 ], [ -149.73751, 61.1404 ], [ -149.737687, 61.140403 ], [ -149.737862, 61.140383 ], [ -149.738006, 61.140358 ], [ -149.738232, 61.140334 ], [ -149.738336, 61.140326 ], [ -149.738586, 61.140308 ], [ -149.73876, 61.140321 ], [ -149.738918, 61.140352 ], [ -149.739074, 61.14037 ], [ -149.739208, 61.140363 ], [ -149.739315, 61.140355 ], [ -149.739422, 61.140366 ], [ -149.739511, 61.140398 ], [ -149.739608, 61.140448 ], [ -149.739718, 61.140487 ], [ -149.739873, 61.140513 ], [ -149.740074, 61.140533 ], [ -149.740372, 61.140563 ], [ -149.740587, 61.140611 ], [ -149.740713, 61.140653 ], [ -149.740766, 61.140706 ], [ -149.740799, 61.140799 ], [ -149.740809, 61.140867 ], [ -149.740772, 61.140924 ], [ -149.740756, 61.140956 ], [ -149.740729, 61.141051 ], [ -149.740734, 61.141092 ], [ -149.740764, 61.141135 ], [ -149.740804, 61.141168 ], [ -149.740883, 61.141211 ] ] } },
{ "type": "Feature", "properties": { "cls": "separated", "highway": "cycleway", "name": "Schralp D'Huez" }, "geometry": { "type": "LineString", "coordinates": [ [ -149.732055, 61.140307 ], [ -149.732089, 61.140278 ], [ -149.732199, 61.140227 ], [ -149.732462, 61.140149 ], [ -149.732586, 61.140141 ], [ -149.732736, 61.140128 ], [ -149.732902, 61.140097 ], [ -149.733095, 61.140056 ], [ -149.733272, 61.139976 ], [ -149.733366, 61.139926 ], [ -149.733481, 61.139875 ], [ -149.733527, 61.139851 ], [ -149.733597, 61.139827 ], [ -149.733664, 61.139816 ], [ -149.733728, 61.139823 ], [ -149.733744, 61.139834 ], [ -149.73375, 61.139863 ], [ -149.733771, 61.139924 ], [ -149.73379, 61.139973 ], [ -149.733801, 61.140022 ], [ -149.733798, 61.140066 ], [ -149.733785, 61.140113 ], [ -149.733787, 61.140156 ], [ -149.733814, 61.140184 ], [ -149.73387, 61.140202 ], [ -149.733929, 61.140193 ], [ -149.734021, 61.140165 ], [ -149.734058, 61.140136 ], [ -149.734077, 61.14009 ], [ -149.734088, 61.140075 ], [ -149.734133, 61.140035 ], [ -149.7342, 61.140007 ], [ -149.734259, 61.140004 ], [ -149.734353, 61.140027 ], [ -149.734447, 61.14007 ], [ -149.73449, 61.140126 ], [ -149.734517, 61.140181 ], [ -149.734554, 61.140241 ], [ -149.734619, 61.140278 ], [ -149.734678, 61.140282 ], [ -149.73478, 61.140258 ], [ -149.734855, 61.140232 ], [ -149.735056, 61.14017 ], [ -149.735158, 61.140141 ], [ -149.735268, 61.140146 ], [ -149.735324, 61.140179 ], [ -149.735345, 61.140231 ], [ -149.735364, 61.140275 ], [ -149.735423, 61.1403 ], [ -149.735488, 61.140299 ], [ -149.735533, 61.140281 ], [ -149.735587, 61.140245 ], [ -149.735676, 61.140183 ], [ -149.735777, 61.14011 ], [ -149.735823, 61.140097 ], [ -149.735895, 61.140106 ], [ -149.735965, 61.140157 ], [ -149.736003, 61.140214 ], [ -149.736091, 61.140391 ], [ -149.736177, 61.140521 ], [ -149.736306, 61.140646 ], [ -149.736445, 61.140747 ], [ -149.736547, 61.14086 ], [ -149.736569, 61.140931 ], [ -149.736563, 61.140992 ], [ -149.736571, 61.141033 ], [ -149.736652, 61.141073 ], [ -149.73674, 61.14107 ], [ -149.736818, 61.141041 ], [ -149.736987, 61.140953 ], [ -149.737151, 61.140883 ], [ -149.737271, 61.140873 ], [ -149.737427, 61.140891 ], [ -149.737631, 61.140921 ], [ -149.737915, 61.140953 ], [ -149.738127, 61.140971 ], [ -149.738374, 61.140972 ], [ -149.73861, 61.140971 ], [ -149.738851, 61.140974 ], [ -149.738932, 61.140989 ], [ -149.739095, 61.141031 ], [ -149.739203, 61.141028 ], [ -149.739302, 61.140992 ], [ -149.739342, 61.140945 ], [ -149.739398, 61.140909 ], [ -149.739498, 61.140931 ], [ -149.739578, 61.140975 ], [ -149.739648, 61.141049 ], [ -149.739744, 61.141097 ], [ -149.73982, 61.141121 ], [ -149.740066, 61.141146 ], [ -149.740286, 61.141146 ], [ -149.740423, 61.141152 ], [ -149.740587, 61.141183 ], [ -149.740702, 61.141211 ], [ -149.740836, 61.141217 ], [ -149.740883, 61.141211 ], [ -149.741005, 61.141194 ], [ -149.741112, 61.141169 ], [ -149.741238, 61.141168 ], [ -149.741346, 61.14119 ], [ -149.741437, 61.141261 ], [ -149.741421, 61.141315 ], [ -149.741362, 61.141357 ], [ -149.741348, 61.141409 ], [ -149.741407, 61.141512 ], [ -149.741474, 61.141568 ], [ -149.74156, 61.14163 ], [ -149.741635, 61.141661 ], [ -149.741708, 61.141653 ], [ -149.741769, 61.14162 ], [ -149.741799, 61.141573 ], [ -149.74182, 61.141524 ], [ -149.741837, 61.14141 ], [ -149.741853, 61.14134 ], [ -149.741885, 61.141284 ], [ -149.741947, 61.141229 ], [ -149.74207, 61.141168 ], [ -149.742309, 61.141141 ], [ -149.742475, 61.141139 ] ] } },
{ "type": "Feature", "properties": { "cls": "separated", "highway": "cycleway", "name": "Osteoblast Jump Line" }, "geometry": { "type": "LineString", "coordinates": [ [ -149.736306, 61.140646 ], [ -149.736534, 61.140675 ], [ -149.736952, 61.140685 ], [ -149.739211, 61.140789 ], [ -149.739468, 61.140812 ], [ -149.739672, 61.140856 ], [ -149.739978, 61.140944 ], [ -149.74009, 61.141011 ], [ -149.740225, 61.141115 ], [ -149.740286, 61.141146 ] ] } },
{ "type": "Feature", "properties": { "cls": "separated", "highway": "cycleway", "name": "Huck Fenn" }, "geometry": { "type": "LineString", "coordinates": [ [ -149.753076, 61.137942 ], [ -149.752937, 61.138005 ], [ -149.752912, 61.138014 ], [ -149.75277, 61.138031 ], [ -149.752673, 61.138098 ], [ -149.752607, 61.138103 ], [ -149.752526, 61.138108 ], [ -149.752475, 61.138108 ], [ -149.752342, 61.138088 ], [ -149.752298, 61.138101 ], [ -149.752047, 61.138201 ], [ -149.751904, 61.138179 ], [ -149.751782, 61.138202 ], [ -149.751715, 61.138269 ], [ -149.751662, 61.138287 ], [ -149.75158, 61.138341 ], [ -149.75158, 61.1384 ], [ -149.751542, 61.138452 ], [ -149.751393, 61.138501 ], [ -149.751243, 61.138618 ], [ -149.751149, 61.138633 ], [ -149.75074, 61.138712 ], [ -149.75071, 61.13874 ], [ -149.750641, 61.138761 ], [ -149.750092, 61.138823 ], [ -149.750002, 61.138854 ], [ -149.749991, 61.138902 ], [ -149.750046, 61.138942 ], [ -149.750052, 61.138996 ], [ -149.750001, 61.139053 ], [ -149.75004, 61.1391 ], [ -149.75014, 61.139129 ], [ -149.750329, 61.139222 ], [ -149.750319, 61.139274 ], [ -149.750227, 61.139317 ], [ -149.750181, 61.13936 ], [ -149.750181, 61.139393 ], [ -149.750197, 61.139422 ], [ -149.750209, 61.139442 ], [ -149.750175, 61.139488 ], [ -149.749968, 61.139501 ], [ -149.749826, 61.139601 ], [ -149.749695, 61.13962 ], [ -149.749663, 61.139642 ], [ -149.749629, 61.139707 ], [ -149.749591, 61.139752 ], [ -149.74946, 61.139791 ], [ -149.749397, 61.139845 ], [ -149.749316, 61.139859 ], [ -149.749176, 61.139777 ], [ -149.748994, 61.139743 ], [ -149.74897, 61.139723 ], [ -149.749044, 61.139629 ], [ -149.749031, 61.139612 ], [ -149.748888, 61.139501 ], [ -149.748622, 61.139463 ], [ -149.748534, 61.139477 ], [ -149.748522, 61.139518 ], [ -149.748458, 61.139584 ], [ -149.7483, 61.139601 ], [ -149.748261, 61.139626 ], [ -149.748271, 61.139668 ], [ -149.748221, 61.139719 ], [ -149.74813, 61.139721 ], [ -149.748028, 61.139788 ], [ -149.74786, 61.139838 ], [ -149.74783, 61.139942 ], [ -149.747728, 61.13998 ], [ -149.747673, 61.140025 ], [ -149.747636, 61.140063 ], [ -149.747629, 61.14009 ], [ -149.747635, 61.140141 ], [ -149.747598, 61.140195 ], [ -149.747579, 61.140287 ], [ -149.747654, 61.140351 ], [ -149.747789, 61.140459 ], [ -149.747866, 61.140546 ], [ -149.747929, 61.140616 ], [ -149.747952, 61.140697 ], [ -149.747883, 61.14075 ], [ -149.747754, 61.140789 ], [ -149.747672, 61.140813 ], [ -149.747499, 61.140841 ], [ -149.747419, 61.140911 ], [ -149.747324, 61.140942 ], [ -149.747221, 61.140927 ], [ -149.747121, 61.140862 ], [ -149.747016, 61.140861 ], [ -149.746782, 61.140912 ], [ -149.746668, 61.140991 ], [ -149.746561, 61.14102 ], [ -149.746551, 61.141051 ], [ -149.746553, 61.141103 ], [ -149.746607, 61.141135 ], [ -149.746603, 61.141193 ], [ -149.746611, 61.14126 ], [ -149.746531, 61.14139 ], [ -149.746469, 61.141439 ], [ -149.746494, 61.14151 ], [ -149.746467, 61.141544 ], [ -149.746277, 61.141609 ], [ -149.746321, 61.141727 ], [ -149.746293, 61.141772 ], [ -149.746202, 61.141793 ], [ -149.746064, 61.141892 ], [ -149.746059, 61.141973 ], [ -149.746028, 61.142011 ], [ -149.745897, 61.142055 ], [ -149.74589, 61.142098 ], [ -149.745948, 61.142237 ], [ -149.745939, 61.142269 ], [ -149.745888, 61.142314 ], [ -149.745807, 61.14235 ], [ -149.745727, 61.142362 ], [ -149.745648, 61.142403 ], [ -149.74566, 61.142452 ], [ -149.745667, 61.142512 ], [ -149.745614, 61.142606 ], [ -149.745539, 61.142659 ], [ -149.745299, 61.14269 ], [ -149.745215, 61.142745 ], [ -149.74522, 61.14278 ], [ -149.745306, 61.142862 ], [ -149.74535, 61.142911 ], [ -149.74538, 61.142969 ], [ -149.745307, 61.143041 ], [ -149.745234, 61.143126 ], [ -149.745242, 61.143206 ], [ -149.745209, 61.143222 ], [ -149.745123, 61.143163 ], [ -149.745129, 61.143132 ], [ -149.745054, 61.14312 ], [ -149.745008, 61.14315 ], [ -149.744925, 61.143295 ], [ -149.744753, 61.143399 ], [ -149.744632, 61.143528 ], [ -149.744607, 61.143627 ], [ -149.744564, 61.143757 ], [ -149.744526, 61.143792 ] ] } },
{ "type": "Feature", "properties": { "cls": "separated", "highway": "cycleway", "name": null }, "geometry": { "type": "LineString", "coordinates": [ [ -149.742317, 61.141532 ], [ -149.742325, 61.141473 ], [ -149.742307, 61.141411 ], [ -149.742298, 61.14138 ], [ -149.742306, 61.141341 ], [ -149.742338, 61.141308 ], [ -149.742409, 61.141252 ], [ -149.742451, 61.1412 ], [ -149.742467, 61.14116 ], [ -149.742475, 61.141139 ], [ -149.742525, 61.141073 ], [ -149.742558, 61.141062 ], [ -149.742617, 61.141058 ], [ -149.742663, 61.141068 ], [ -149.742685, 61.14109 ], [ -149.742687, 61.141129 ], [ -149.742668, 61.141186 ], [ -149.742664, 61.14121 ], [ -149.742679, 61.141236 ], [ -149.742723, 61.141251 ], [ -149.742785, 61.141245 ], [ -149.742861, 61.141226 ], [ -149.74292, 61.141204 ], [ -149.742988, 61.141152 ], [ -149.742996, 61.141052 ], [ -149.742994, 61.140961 ], [ -149.742997, 61.140889 ], [ -149.742999, 61.140833 ], [ -149.743006, 61.140752 ], [ -149.743041, 61.140724 ], [ -149.743089, 61.140719 ], [ -149.743137, 61.14074 ], [ -149.743154, 61.140775 ], [ -149.743127, 61.14089 ], [ -149.743104, 61.140987 ], [ -149.743107, 61.141077 ], [ -149.743116, 61.141127 ], [ -149.743156, 61.141169 ], [ -149.743207, 61.141212 ], [ -149.743283, 61.141228 ], [ -149.743355, 61.141209 ], [ -149.743565, 61.141153 ], [ -149.743856, 61.141076 ], [ -149.743955, 61.141055 ] ] } },
{ "type": "Feature", "properties": { "cls": "separated", "highway": "cycleway", "name": "The Rumbl" }, "geometry": { "type": "LineString", "coordinates": [ [ -149.732055, 61.140307 ], [ -149.731977, 61.140359 ], [ -149.731939, 61.140401 ], [ -149.731939, 61.140431 ], [ -149.731971, 61.140471 ], [ -149.732003, 61.140517 ], [ -149.732025, 61.140575 ], [ -149.73203, 61.140655 ], [ -149.732038, 61.140672 ], [ -149.732003, 61.140824 ], [ -149.731961, 61.140912 ], [ -149.731961, 61.140966 ], [ -149.731982, 61.141035 ], [ -149.73199, 61.141088 ], [ -149.73199, 61.141121 ], [ -149.731971, 61.141164 ], [ -149.731961, 61.141229 ], [ -149.732003, 61.141279 ], [ -149.732065, 61.141292 ], [ -149.732162, 61.141281 ], [ -149.732277, 61.141258 ], [ -149.732443, 61.141249 ], [ -149.732561, 61.141239 ], [ -149.732687, 61.141208 ], [ -149.73276, 61.141167 ], [ -149.732824, 61.141136 ], [ -149.732891, 61.14113 ], [ -149.732921, 61.141151 ], [ -149.732913, 61.141193 ], [ -149.732851, 61.141226 ], [ -149.732779, 61.141255 ], [ -149.732714, 61.141294 ], [ -149.73269, 61.14133 ], [ -149.732701, 61.141354 ], [ -149.732738, 61.141371 ], [ -149.732792, 61.141359 ], [ -149.732856, 61.141319 ], [ -149.73291, 61.141273 ], [ -149.732948, 61.14126 ], [ -149.733023, 61.141252 ], [ -149.733044, 61.141265 ], [ -149.733036, 61.141299 ], [ -149.732999, 61.141319 ], [ -149.732937, 61.141344 ], [ -149.732889, 61.141371 ], [ -149.732851, 61.1414 ], [ -149.732848, 61.141423 ], [ -149.732883, 61.141445 ], [ -149.732948, 61.141436 ], [ -149.73298, 61.141402 ], [ -149.733001, 61.14138 ], [ -149.733023, 61.141368 ], [ -149.733066, 61.141361 ], [ -149.73309, 61.141374 ], [ -149.733036, 61.14145 ], [ -149.733001, 61.14151 ], [ -149.733004, 61.141559 ], [ -149.733028, 61.141691 ], [ -149.733047, 61.141743 ], [ -149.733047, 61.141811 ], [ -149.733009, 61.141873 ], [ -149.733028, 61.141936 ], [ -149.733071, 61.141974 ], [ -149.733068, 61.142005 ], [ -149.733017, 61.142026 ], [ -149.732945, 61.142035 ], [ -149.732894, 61.142057 ], [ -149.732865, 61.142093 ], [ -149.732891, 61.142127 ], [ -149.732929, 61.142137 ], [ -149.73302, 61.142106 ], [ -149.733066, 61.142065 ], [ -149.733109, 61.142038 ], [ -149.73317, 61.142042 ], [ -149.733186, 61.142064 ], [ -149.733154, 61.142109 ], [ -149.733122, 61.142143 ], [ -149.733095, 61.142196 ], [ -149.733101, 61.142241 ], [ -149.733149, 61.14226 ], [ -149.733229, 61.142233 ], [ -149.733267, 61.142197 ], [ -149.733326, 61.142144 ], [ -149.733406, 61.142106 ], [ -149.73346, 61.142114 ], [ -149.733503, 61.142126 ], [ -149.733562, 61.142156 ], [ -149.733637, 61.142179 ], [ -149.733733, 61.14217 ], [ -149.733852, 61.142135 ], [ -149.733964, 61.142086 ], [ -149.734047, 61.142021 ], [ -149.734096, 61.141955 ], [ -149.73409, 61.141894 ], [ -149.734109, 61.141835 ], [ -149.734165, 61.141793 ], [ -149.734232, 61.141785 ], [ -149.734265, 61.141793 ], [ -149.734388, 61.141873 ], [ -149.734485, 61.141964 ], [ -149.734474, 61.142012 ], [ -149.734366, 61.14206 ], [ -149.734283, 61.142093 ], [ -149.734243, 61.142152 ], [ -149.734286, 61.142214 ], [ -149.734348, 61.142269 ], [ -149.734377, 61.142317 ], [ -149.734361, 61.142359 ], [ -149.734307, 61.142404 ], [ -149.734168, 61.142446 ], [ -149.734053, 61.142501 ], [ -149.734037, 61.142543 ], [ -149.734093, 61.142587 ], [ -149.734216, 61.142592 ], [ -149.734342, 61.142563 ], [ -149.734458, 61.142527 ], [ -149.734635, 61.142474 ], [ -149.734785, 61.142446 ], [ -149.734876, 61.142439 ], [ -149.734911, 61.142458 ], [ -149.734924, 61.142474 ], [ -149.734962, 61.142484 ], [ -149.735032, 61.142474 ], [ -149.735102, 61.142443 ], [ -149.735166, 61.142403 ], [ -149.735335, 61.14231 ], [ -149.735445, 61.142269 ], [ -149.735512, 61.142241 ], [ -149.735552, 61.142205 ], [ -149.735566, 61.142166 ], [ -149.735566, 61.142105 ], [ -149.735536, 61.142062 ], [ -149.735482, 61.142018 ], [ -149.735477, 61.141976 ], [ -149.735533, 61.141956 ], [ -149.735592, 61.14196 ], [ -149.735686, 61.141993 ], [ -149.735751, 61.142031 ], [ -149.735777, 61.142069 ], [ -149.735802, 61.142116 ], [ -149.735815, 61.142145 ], [ -149.735834, 61.142184 ], [ -149.735895, 61.142223 ], [ -149.735952, 61.142227 ], [ -149.736003, 61.142207 ], [ -149.736021, 61.142153 ], [ -149.736008, 61.142112 ], [ -149.735992, 61.142075 ], [ -149.736019, 61.142049 ], [ -149.736062, 61.142042 ], [ -149.736105, 61.142055 ], [ -149.736153, 61.142068 ], [ -149.736201, 61.14207 ], [ -149.736249, 61.142058 ], [ -149.7363, 61.142034 ], [ -149.736346, 61.142031 ], [ -149.736413, 61.142048 ], [ -149.736461, 61.142088 ], [ -149.736502, 61.142125 ], [ -149.736566, 61.142137 ], [ -149.736604, 61.14213 ], [ -149.736662, 61.142101 ], [ -149.736732, 61.142057 ], [ -149.736856, 61.141981 ], [ -149.736947, 61.141945 ], [ -149.73707, 61.141932 ], [ -149.737161, 61.141942 ], [ -149.737212, 61.141968 ], [ -149.737194, 61.142022 ], [ -149.73711, 61.142071 ], [ -149.737049, 61.142103 ], [ -149.737017, 61.142141 ], [ -149.737014, 61.142165 ], [ -149.737035, 61.142181 ], [ -149.737076, 61.142185 ], [ -149.737186, 61.142152 ], [ -149.737234, 61.142135 ], [ -149.737285, 61.142132 ], [ -149.737341, 61.14216 ], [ -149.737355, 61.142191 ], [ -149.737432, 61.142271 ], [ -149.737491, 61.142319 ], [ -149.737545, 61.142372 ], [ -149.737644, 61.142425 ], [ -149.737754, 61.142447 ], [ -149.737886, 61.14243 ], [ -149.737953, 61.142398 ], [ -149.738001, 61.142336 ], [ -149.738012, 61.142279 ], [ -149.738044, 61.142206 ], [ -149.738092, 61.142165 ], [ -149.738181, 61.142136 ], [ -149.738269, 61.142118 ], [ -149.738307, 61.142112 ], [ -149.738393, 61.142071 ], [ -149.738505, 61.141976 ], [ -149.738615, 61.141913 ], [ -149.738811, 61.14188 ], [ -149.738854, 61.141871 ], [ -149.738985, 61.141853 ], [ -149.739058, 61.141839 ], [ -149.739127, 61.141813 ], [ -149.739193, 61.141791 ] ] } },
{ "type": "Feature", "properties": { "cls": "shared", "highway": "cycleway", "name": "Gasline Trail" }, "geometry": { "type": "LineString", "coordinates": [ [ -149.715203, 61.137733 ], [ -149.718171, 61.138554 ], [ -149.721689, 61.139552 ], [ -149.722599, 61.13981 ], [ -149.727483, 61.141179 ], [ -149.727939, 61.14129 ], [ -149.728368, 61.141409 ], [ -149.72871, 61.141526 ], [ -149.728986, 61.141645 ], [ -149.729302, 61.141781 ], [ -149.729699, 61.141977 ], [ -149.73291, 61.143517 ], [ -149.735686, 61.144848 ], [ -149.736472, 61.145221 ], [ -149.739113, 61.146474 ] ] } },
{ "type": "Feature", "properties": { "cls": "separated", "highway": "cycleway", "name": "Yellow Jacket" }, "geometry": { "type": "LineString", "coordinates": [ [ -149.729079, 61.142118 ], [ -149.728932, 61.142133 ], [ -149.728873, 61.142155 ], [ -149.728768, 61.142188 ], [ -149.728672, 61.142206 ], [ -149.72861, 61.142205 ], [ -149.7285, 61.142206 ], [ -149.728411, 61.142206 ], [ -149.728355, 61.142241 ], [ -149.728307, 61.142296 ], [ -149.728245, 61.142329 ], [ -149.728122, 61.142357 ], [ -149.727993, 61.142377 ], [ -149.727878, 61.142384 ], [ -149.727794, 61.142384 ], [ -149.727674, 61.142373 ], [ -149.727575, 61.142351 ], [ -149.727483, 61.142327 ], [ -149.727403, 61.1423 ], [ -149.727336, 61.142275 ], [ -149.727258, 61.142267 ], [ -149.727188, 61.142289 ], [ -149.727092, 61.142284 ], [ -149.726982, 61.142261 ], [ -149.726901, 61.142263 ], [ -149.726799, 61.142309 ], [ -149.726698, 61.142353 ], [ -149.726671, 61.14239 ], [ -149.726574, 61.142443 ], [ -149.726491, 61.142521 ], [ -149.726432, 61.142621 ], [ -149.726381, 61.142679 ], [ -149.726351, 61.142753 ], [ -149.726351, 61.142814 ], [ -149.726351, 61.142882 ], [ -149.72633, 61.142921 ], [ -149.726309, 61.142943 ], [ -149.726271, 61.142943 ], [ -149.726255, 61.142926 ], [ -149.726255, 61.142871 ], [ -149.726247, 61.142811 ], [ -149.72622, 61.142731 ], [ -149.726204, 61.142654 ], [ -149.726193, 61.142596 ], [ -149.726166, 61.142534 ], [ -149.726148, 61.142388 ], [ -149.726142, 61.142327 ], [ -149.726207, 61.142214 ], [ -149.726239, 61.142155 ], [ -149.726301, 61.142039 ], [ -149.726306, 61.141986 ], [ -149.726306, 61.14191 ], [ -149.726314, 61.141848 ], [ -149.72629, 61.141791 ], [ -149.726236, 61.141759 ], [ -149.726172, 61.141744 ], [ -149.726097, 61.14172 ], [ -149.726075, 61.141682 ], [ -149.726107, 61.141638 ], [ -149.726153, 61.141593 ], [ -149.72618, 61.141525 ], [ -149.726153, 61.141492 ], [ -149.726059, 61.141456 ], [ -149.725963, 61.141433 ], [ -149.725842, 61.141422 ], [ -149.725756, 61.141414 ], [ -149.725684, 61.141428 ], [ -149.725614, 61.141459 ], [ -149.725563, 61.141502 ], [ -149.725493, 61.141545 ], [ -149.72544, 61.141576 ], [ -149.725356, 61.141575 ], [ -149.725287, 61.141567 ], [ -149.725198, 61.141573 ], [ -149.725136, 61.141589 ], [ -149.725099, 61.141612 ], [ -149.725083, 61.141629 ], [ -149.725075, 61.141658 ], [ -149.725077, 61.141682 ], [ -149.725123, 61.141717 ], [ -149.725115, 61.14174 ], [ -149.725086, 61.141768 ], [ -149.725064, 61.141793 ], [ -149.725016, 61.141815 ], [ -149.724925, 61.141826 ], [ -149.724809, 61.141796 ], [ -149.724734, 61.141766 ], [ -149.724654, 61.141742 ], [ -149.7246, 61.141716 ], [ -149.724501, 61.141668 ], [ -149.724442, 61.141641 ], [ -149.724364, 61.141638 ], [ -149.724318, 61.141656 ], [ -149.724308, 61.141699 ], [ -149.724302, 61.14174 ], [ -149.724265, 61.141777 ], [ -149.724168, 61.141802 ], [ -149.72408, 61.141822 ], [ -149.723881, 61.141853 ], [ -149.723777, 61.141866 ], [ -149.723739, 61.141896 ], [ -149.723683, 61.141945 ], [ -149.723583, 61.141979 ], [ -149.723468, 61.141981 ], [ -149.72339, 61.142007 ], [ -149.723364, 61.142045 ], [ -149.723364, 61.142098 ], [ -149.723377, 61.142143 ], [ -149.723361, 61.142201 ], [ -149.723342, 61.14224 ], [ -149.723294, 61.142274 ], [ -149.723243, 61.142306 ], [ -149.723178, 61.142333 ], [ -149.723114, 61.142362 ], [ -149.723042, 61.142389 ], [ -149.722977, 61.142428 ], [ -149.722975, 61.142473 ], [ -149.723001, 61.142505 ], [ -149.723047, 61.142521 ], [ -149.723047, 61.142553 ], [ -149.72301, 61.142575 ], [ -149.722897, 61.142573 ], [ -149.722824, 61.142574 ], [ -149.722744, 61.142574 ], [ -149.722631, 61.142549 ], [ -149.722578, 61.142526 ], [ -149.722556, 61.142482 ], [ -149.72257, 61.142425 ], [ -149.722599, 61.142393 ], [ -149.722723, 61.142366 ], [ -149.722814, 61.142331 ], [ -149.722867, 61.142271 ], [ -149.722881, 61.142203 ], [ -149.722889, 61.142048 ], [ -149.722881, 61.141982 ], [ -149.722822, 61.141902 ], [ -149.722757, 61.141844 ], [ -149.72265, 61.141819 ], [ -149.722545, 61.141827 ], [ -149.722454, 61.141849 ], [ -149.722411, 61.141881 ], [ -149.722387, 61.141935 ], [ -149.722352, 61.141985 ], [ -149.722304, 61.142042 ], [ -149.722242, 61.1421 ], [ -149.722157, 61.142145 ], [ -149.722068, 61.142173 ], [ -149.721977, 61.142177 ], [ -149.72184, 61.142164 ], [ -149.721725, 61.142144 ], [ -149.721626, 61.142102 ], [ -149.721588, 61.142073 ], [ -149.721572, 61.142033 ], [ -149.72155, 61.141966 ], [ -149.721534, 61.141931 ], [ -149.721464, 61.141897 ], [ -149.721411, 61.141897 ], [ -149.721277, 61.14194 ], [ -149.721194, 61.141944 ], [ -149.721065, 61.141964 ], [ -149.720925, 61.14199 ], [ -149.720826, 61.141981 ], [ -149.72074, 61.141975 ], [ -149.720644, 61.14198 ], [ -149.720571, 61.141999 ], [ -149.720485, 61.142008 ], [ -149.720402, 61.142003 ], [ -149.720236, 61.142004 ], [ -149.720169, 61.14202 ], [ -149.720048, 61.142041 ], [ -149.719895, 61.142047 ], [ -149.719818, 61.142028 ], [ -149.719727, 61.141999 ], [ -149.719625, 61.141998 ], [ -149.719485, 61.142006 ], [ -149.719399, 61.142037 ], [ -149.719337, 61.142065 ], [ -149.719324, 61.142098 ], [ -149.719359, 61.142153 ], [ -149.71941, 61.142217 ], [ -149.719426, 61.142278 ], [ -149.719421, 61.142325 ], [ -149.719343, 61.142359 ], [ -149.719257, 61.142351 ], [ -149.719206, 61.142315 ], [ -149.719174, 61.142265 ], [ -149.71912, 61.14223 ], [ -149.719021, 61.14221 ], [ -149.718906, 61.142208 ], [ -149.718828, 61.142212 ], [ -149.718739, 61.142215 ], [ -149.718675, 61.142245 ], [ -149.718592, 61.142284 ], [ -149.718549, 61.142347 ], [ -149.718541, 61.142401 ], [ -149.718487, 61.142457 ], [ -149.718404, 61.142527 ], [ -149.718324, 61.142569 ], [ -149.718227, 61.142603 ], [ -149.71812, 61.142628 ], [ -149.718058, 61.142654 ], [ -149.718031, 61.142679 ], [ -149.718015, 61.142702 ], [ -149.717935, 61.142723 ], [ -149.717843, 61.142728 ], [ -149.717744, 61.142722 ], [ -149.71764, 61.142696 ], [ -149.717551, 61.142669 ], [ -149.717471, 61.142641 ], [ -149.717396, 61.142634 ], [ -149.717296, 61.142632 ], [ -149.717216, 61.142652 ], [ -149.717151, 61.142675 ], [ -149.717076, 61.142688 ], [ -149.716983, 61.142689 ], [ -149.716902, 61.142678 ], [ -149.716814, 61.142667 ], [ -149.716671, 61.142676 ], [ -149.716586, 61.1427 ], [ -149.716494, 61.142735 ], [ -149.716387, 61.142763 ], [ -149.716277, 61.142799 ], [ -149.716172, 61.142825 ], [ -149.71606, 61.142855 ], [ -149.716009, 61.142886 ], [ -149.715942, 61.142931 ], [ -149.715936, 61.14297 ], [ -149.715969, 61.143005 ], [ -149.715985, 61.143053 ], [ -149.715966, 61.143109 ], [ -149.715912, 61.143151 ], [ -149.715848, 61.143158 ], [ -149.715802, 61.143149 ], [ -149.71577, 61.143131 ], [ -149.715767, 61.143097 ], [ -149.715789, 61.143057 ], [ -149.715789, 61.143018 ], [ -149.715821, 61.142962 ], [ -149.715819, 61.142933 ], [ -149.715824, 61.142894 ], [ -149.715792, 61.142856 ], [ -149.715741, 61.142847 ], [ -149.715641, 61.142881 ], [ -149.715577, 61.142913 ], [ -149.715502, 61.14293 ], [ -149.715464, 61.142916 ], [ -149.715448, 61.1429 ], [ -149.715464, 61.142878 ], [ -149.715534, 61.142847 ], [ -149.715655, 61.142807 ], [ -149.715751, 61.142788 ], [ -149.715821, 61.142767 ], [ -149.715886, 61.142726 ], [ -149.715939, 61.142681 ], [ -149.715969, 61.142635 ], [ -149.716014, 61.142566 ], [ -149.716014, 61.142529 ], [ -149.715971, 61.142512 ], [ -149.715904, 61.142505 ], [ -149.715853, 61.142535 ], [ -149.715789, 61.142571 ], [ -149.71573, 61.142594 ], [ -149.71566, 61.142599 ], [ -149.715569, 61.142587 ], [ -149.715515, 61.142564 ], [ -149.715481, 61.142535 ], [ -149.715443, 61.142495 ], [ -149.715376, 61.142446 ], [ -149.715346, 61.142413 ], [ -149.715287, 61.142375 ], [ -149.715231, 61.142357 ], [ -149.715066, 61.142326 ] ] } },
{ "type": "Feature", "properties": { "cls": "separated", "highway": "cycleway", "name": "The Hive" }, "geometry": { "type": "LineString", "coordinates": [ [ -149.729079, 61.142118 ], [ -149.729002, 61.142248 ], [ -149.7288, 61.142353 ], [ -149.728658, 61.142405 ], [ -149.728497, 61.142439 ] ] } },
{ "type": "Feature", "properties": { "cls": "separated", "highway": "cycleway", "name": "Dig Deep Connector" }, "geometry": { "type": "LineString", "coordinates": [ [ -149.714771, 61.144009 ], [ -149.71468, 61.143981 ], [ -149.714621, 61.143944 ], [ -149.714575, 61.143814 ], [ -149.714614, 61.143595 ], [ -149.714705, 61.143523 ], [ -149.71488, 61.14344 ], [ -149.714985, 61.143343 ], [ -149.71494, 61.143148 ], [ -149.714938, 61.142961 ], [ -149.715187, 61.142646 ], [ -149.715195, 61.142554 ], [ -149.715066, 61.142326 ] ] } },
{ "type": "Feature", "properties": { "cls": "separated", "highway": "cycleway", "name": "The Hive" }, "geometry": { "type": "LineString", "coordinates": [ [ -149.728497, 61.142439 ], [ -149.72831, 61.142505 ], [ -149.728268, 61.142558 ], [ -149.728327, 61.142624 ], [ -149.728507, 61.142705 ], [ -149.728587, 61.142779 ], [ -149.728589, 61.14285 ], [ -149.728557, 61.142911 ], [ -149.728449, 61.142989 ], [ -149.728225, 61.143064 ], [ -149.728138, 61.143141 ], [ -149.728212, 61.143199 ], [ -149.72863, 61.143316 ], [ -149.728815, 61.14335 ], [ -149.728904, 61.143383 ], [ -149.728918, 61.143423 ], [ -149.728812, 61.143598 ], [ -149.728714, 61.1437 ], [ -149.728559, 61.143773 ], [ -149.728426, 61.1438 ], [ -149.727733, 61.143834 ], [ -149.727586, 61.143841 ], [ -149.72725, 61.143805 ], [ -149.727129, 61.143767 ], [ -149.726777, 61.143561 ], [ -149.726749, 61.143479 ], [ -149.726905, 61.143308 ], [ -149.726914, 61.143248 ], [ -149.72686, 61.143214 ], [ -149.726706, 61.143189 ], [ -149.726553, 61.14319 ], [ -149.726393, 61.143208 ], [ -149.725997, 61.143322 ], [ -149.725864, 61.143341 ], [ -149.725659, 61.143387 ], [ -149.725441, 61.143382 ], [ -149.725331, 61.143342 ], [ -149.725363, 61.143302 ], [ -149.725438, 61.143273 ], [ -149.725781, 61.143262 ], [ -149.725892, 61.143178 ], [ -149.725937, 61.143113 ], [ -149.72592, 61.143043 ], [ -149.725878, 61.142994 ], [ -149.725755, 61.142915 ], [ -149.725481, 61.142782 ], [ -149.725198, 61.142554 ], [ -149.72475, 61.142414 ], [ -149.724567, 61.142374 ], [ -149.724318, 61.142347 ], [ -149.724215, 61.142351 ], [ -149.72408, 61.142389 ], [ -149.723984, 61.142445 ], [ -149.723846, 61.142562 ], [ -149.723813, 61.142629 ], [ -149.723854, 61.142731 ], [ -149.723956, 61.142827 ], [ -149.724085, 61.142913 ], [ -149.724188, 61.142946 ], [ -149.724382, 61.142967 ], [ -149.724522, 61.143017 ], [ -149.724501, 61.14309 ], [ -149.724356, 61.143217 ], [ -149.724333, 61.14332 ], [ -149.724291, 61.143376 ], [ -149.724147, 61.143435 ], [ -149.723979, 61.143542 ], [ -149.72382, 61.143586 ], [ -149.723806, 61.14359 ], [ -149.723591, 61.14365 ], [ -149.72343, 61.143757 ], [ -149.723374, 61.14384 ], [ -149.723259, 61.143918 ], [ -149.722985, 61.14397 ], [ -149.722803, 61.143977 ], [ -149.722563, 61.143973 ], [ -149.7224, 61.143975 ], [ -149.722349, 61.143925 ], [ -149.722351, 61.143849 ], [ -149.722428, 61.1435 ], [ -149.722418, 61.143436 ], [ -149.722167, 61.143326 ], [ -149.722147, 61.143194 ], [ -149.722105, 61.143137 ], [ -149.722045, 61.143069 ], [ -149.722014, 61.143034 ], [ -149.72181, 61.142905 ], [ -149.721544, 61.14281 ], [ -149.721373, 61.14279 ], [ -149.72104, 61.14283 ], [ -149.720787, 61.142833 ], [ -149.720627, 61.142849 ], [ -149.720495, 61.14288 ], [ -149.720379, 61.142933 ], [ -149.720313, 61.143014 ], [ -149.72031, 61.143146 ], [ -149.720375, 61.143205 ], [ -149.720662, 61.143304 ], [ -149.720761, 61.143354 ], [ -149.720826, 61.143444 ], [ -149.720825, 61.143525 ], [ -149.72076, 61.143674 ], [ -149.720688, 61.143764 ], [ -149.720505, 61.143848 ], [ -149.720373, 61.143868 ], [ -149.720283, 61.143851 ], [ -149.720249, 61.143785 ], [ -149.72046, 61.143585 ], [ -149.720464, 61.143511 ], [ -149.720376, 61.143457 ], [ -149.720161, 61.14344 ], [ -149.719934, 61.143478 ], [ -149.719563, 61.143576 ], [ -149.719309, 61.1437 ], [ -149.71906, 61.143771 ], [ -149.718954, 61.143826 ], [ -149.718867, 61.143929 ], [ -149.7188, 61.143961 ], [ -149.718664, 61.143977 ], [ -149.718458, 61.143975 ], [ -149.718309, 61.144009 ], [ -149.718189, 61.144155 ], [ -149.71806, 61.144216 ], [ -149.717828, 61.144245 ], [ -149.717707, 61.144288 ], [ -149.717573, 61.144416 ], [ -149.717504, 61.144436 ], [ -149.717362, 61.144443 ], [ -149.717239, 61.144413 ], [ -149.717157, 61.144358 ], [ -149.717089, 61.144222 ], [ -149.717111, 61.144182 ], [ -149.717339, 61.144053 ], [ -149.71741, 61.143993 ], [ -149.717405, 61.143894 ], [ -149.717314, 61.143845 ], [ -149.717185, 61.143835 ], [ -149.717075, 61.143868 ], [ -149.716925, 61.143943 ], [ -149.716737, 61.143963 ], [ -149.716595, 61.143918 ], [ -149.716594, 61.143866 ], [ -149.716739, 61.143721 ], [ -149.716735, 61.143662 ], [ -149.716661, 61.143592 ], [ -149.716531, 61.143551 ], [ -149.71605, 61.143573 ], [ -149.715949, 61.143538 ], [ -149.715894, 61.143393 ], [ -149.71583, 61.143359 ], [ -149.715718, 61.143374 ], [ -149.715228, 61.143614 ], [ -149.714986, 61.143689 ], [ -149.714851, 61.143755 ], [ -149.714771, 61.144009 ] ] } },
{ "type": "Feature", "properties": { "cls": "separated", "highway": "cycleway", "name": "Eh-Line" }, "geometry": { "type": "LineString", "coordinates": [ [ -149.721295, 61.144128 ], [ -149.721259, 61.14422 ], [ -149.721478, 61.144272 ], [ -149.721685, 61.144335 ], [ -149.721893, 61.144368 ], [ -149.722121, 61.144405 ], [ -149.722415, 61.144466 ], [ -149.722751, 61.144536 ], [ -149.723086, 61.144588 ], [ -149.723426, 61.144661 ], [ -149.723802, 61.144783 ], [ -149.724211, 61.144873 ], [ -149.724533, 61.144957 ] ] } },
{ "type": "Feature", "properties": { "cls": "separated", "highway": "cycleway", "name": "Gauer Power" }, "geometry": { "type": "LineString", "coordinates": [ [ -149.715066, 61.142326 ], [ -149.715134, 61.142366 ], [ -149.71516, 61.142395 ], [ -149.715217, 61.142428 ], [ -149.715261, 61.142477 ], [ -149.715298, 61.142507 ], [ -149.71534, 61.142527 ], [ -149.715384, 61.142555 ], [ -149.715409, 61.142579 ], [ -149.715433, 61.14263 ], [ -149.71544, 61.142664 ], [ -149.715422, 61.142699 ], [ -149.715381, 61.142735 ], [ -149.715306, 61.142778 ], [ -149.715264, 61.14282 ], [ -149.715228, 61.142858 ], [ -149.715205, 61.142907 ], [ -149.715194, 61.14296 ], [ -149.715189, 61.14301 ], [ -149.715191, 61.143052 ], [ -149.715217, 61.143101 ], [ -149.715249, 61.143144 ], [ -149.715275, 61.143182 ], [ -149.715285, 61.14325 ], [ -149.715288, 61.143303 ], [ -149.715271, 61.143333 ], [ -149.715245, 61.143359 ], [ -149.715251, 61.143393 ], [ -149.715291, 61.143411 ], [ -149.715362, 61.143411 ], [ -149.715441, 61.143399 ], [ -149.715518, 61.143375 ], [ -149.71558, 61.143333 ], [ -149.71563, 61.143299 ], [ -149.715666, 61.143267 ], [ -149.715712, 61.143242 ], [ -149.715805, 61.143226 ], [ -149.715901, 61.143224 ], [ -149.716008, 61.143223 ], [ -149.71612, 61.143224 ], [ -149.716181, 61.143194 ], [ -149.716258, 61.143135 ], [ -149.716295, 61.143114 ], [ -149.716367, 61.14311 ], [ -149.716411, 61.143117 ], [ -149.716463, 61.143142 ], [ -149.716511, 61.143161 ], [ -149.716554, 61.14317 ], [ -149.716607, 61.143167 ], [ -149.716663, 61.143155 ], [ -149.716703, 61.143137 ], [ -149.716715, 61.143101 ], [ -149.716725, 61.143059 ], [ -149.716771, 61.143048 ], [ -149.716837, 61.143063 ], [ -149.7169, 61.143078 ], [ -149.71697, 61.143084 ], [ -149.717052, 61.143076 ], [ -149.717124, 61.143058 ], [ -149.717201, 61.143034 ], [ -149.71725, 61.142996 ], [ -149.717312, 61.142952 ], [ -149.717362, 61.14292 ], [ -149.717419, 61.142887 ], [ -149.717466, 61.142887 ], [ -149.717522, 61.142895 ], [ -149.717571, 61.142903 ], [ -149.717655, 61.142899 ], [ -149.71772, 61.142886 ], [ -149.71778, 61.142879 ], [ -149.717847, 61.142877 ], [ -149.717904, 61.142889 ], [ -149.717964, 61.1429 ], [ -149.718032, 61.142902 ], [ -149.718094, 61.142887 ], [ -149.718152, 61.142865 ], [ -149.718201, 61.142834 ], [ -149.718245, 61.142819 ], [ -149.718319, 61.142811 ], [ -149.718372, 61.142814 ], [ -149.718429, 61.142835 ], [ -149.718478, 61.142853 ], [ -149.71853, 61.142866 ], [ -149.718574, 61.142871 ], [ -149.718631, 61.14287 ], [ -149.718678, 61.142855 ], [ -149.718734, 61.142835 ], [ -149.718769, 61.142806 ], [ -149.718791, 61.142774 ], [ -149.718795, 61.142741 ], [ -149.718814, 61.142702 ], [ -149.718865, 61.142658 ], [ -149.718908, 61.14264 ], [ -149.718996, 61.142623 ], [ -149.719054, 61.142624 ], [ -149.71913, 61.142637 ], [ -149.719203, 61.142653 ], [ -149.719288, 61.142672 ], [ -149.719446, 61.142706 ], [ -149.71951, 61.142713 ], [ -149.719597, 61.142709 ], [ -149.719686, 61.142703 ], [ -149.719791, 61.142691 ], [ -149.71989, 61.142669 ], [ -149.719982, 61.142666 ], [ -149.720057, 61.142663 ], [ -149.72015, 61.142663 ], [ -149.720269, 61.142669 ], [ -149.720348, 61.142649 ], [ -149.720421, 61.142615 ], [ -149.720471, 61.142594 ], [ -149.720574, 61.142553 ], [ -149.72067, 61.142524 ], [ -149.720753, 61.142508 ], [ -149.720864, 61.142526 ], [ -149.721015, 61.142547 ], [ -149.721161, 61.142567 ], [ -149.721286, 61.142586 ], [ -149.721354, 61.142597 ], [ -149.721424, 61.14263 ], [ -149.721522, 61.142662 ], [ -149.721598, 61.142676 ], [ -149.721682, 61.142705 ], [ -149.721781, 61.142744 ], [ -149.721916, 61.142792 ], [ -149.721977, 61.142809 ], [ -149.722014, 61.142822 ], [ -149.722102, 61.142811 ], [ -149.722175, 61.1428 ], [ -149.722256, 61.142798 ], [ -149.722318, 61.142811 ], [ -149.722355, 61.142835 ], [ -149.722381, 61.14286 ], [ -149.722381, 61.142889 ], [ -149.722397, 61.142931 ], [ -149.722436, 61.142962 ], [ -149.722475, 61.143002 ], [ -149.722505, 61.14303 ], [ -149.722537, 61.143064 ], [ -149.722598, 61.143085 ], [ -149.722667, 61.143096 ], [ -149.722752, 61.143097 ], [ -149.722837, 61.143081 ], [ -149.722927, 61.143064 ], [ -149.722992, 61.143047 ], [ -149.723072, 61.143034 ], [ -149.723162, 61.143033 ], [ -149.723264, 61.14305 ], [ -149.723367, 61.143085 ], [ -149.723431, 61.143104 ], [ -149.723549, 61.143109 ], [ -149.723654, 61.143104 ], [ -149.723739, 61.143109 ], [ -149.723826, 61.14313 ], [ -149.723871, 61.14315 ], [ -149.723877, 61.14318 ], [ -149.723865, 61.143215 ], [ -149.723835, 61.14325 ], [ -149.723778, 61.143281 ], [ -149.723704, 61.143316 ], [ -149.723648, 61.143353 ], [ -149.723604, 61.143387 ], [ -149.723587, 61.143424 ], [ -149.723623, 61.143463 ], [ -149.723749, 61.143546 ], [ -149.723785, 61.143569 ], [ -149.723806, 61.14359 ], [ -149.723827, 61.143611 ], [ -149.723868, 61.143649 ], [ -149.723913, 61.143692 ], [ -149.723978, 61.143721 ], [ -149.724094, 61.143759 ], [ -149.724197, 61.143776 ], [ -149.724373, 61.14377 ], [ -149.724444, 61.143792 ], [ -149.724492, 61.143813 ], [ -149.724558, 61.143853 ], [ -149.72462, 61.143878 ], [ -149.724717, 61.143912 ], [ -149.724841, 61.143925 ], [ -149.724984, 61.143937 ], [ -149.725084, 61.143949 ], [ -149.725193, 61.14396 ], [ -149.725264, 61.143979 ], [ -149.72535, 61.143991 ], [ -149.725469, 61.143999 ], [ -149.725583, 61.144009 ], [ -149.725712, 61.144012 ], [ -149.725806, 61.144024 ], [ -149.725892, 61.144038 ], [ -149.725944, 61.144037 ], [ -149.725987, 61.144025 ], [ -149.726046, 61.144017 ], [ -149.726105, 61.14402 ], [ -149.726163, 61.144035 ], [ -149.726208, 61.144055 ], [ -149.726227, 61.144083 ], [ -149.72624, 61.144108 ], [ -149.726263, 61.144138 ], [ -149.726313, 61.144154 ], [ -149.726382, 61.144161 ], [ -149.726437, 61.144167 ], [ -149.726495, 61.144185 ], [ -149.726525, 61.144214 ], [ -149.726538, 61.144243 ], [ -149.726524, 61.144277 ], [ -149.726508, 61.144322 ], [ -149.726608, 61.144401 ], [ -149.726618, 61.144424 ], [ -149.726616, 61.144458 ], [ -149.726614, 61.14454 ], [ -149.726605, 61.144613 ], [ -149.726589, 61.1447 ], [ -149.726574, 61.144739 ], [ -149.726574, 61.144774 ], [ -149.72658, 61.144813 ], [ -149.72662, 61.144844 ], [ -149.726675, 61.144876 ], [ -149.726744, 61.144905 ], [ -149.72685, 61.144915 ], [ -149.726937, 61.14492 ], [ -149.727042, 61.144932 ], [ -149.727119, 61.144934 ], [ -149.727213, 61.144944 ], [ -149.727277, 61.144967 ], [ -149.727334, 61.145 ], [ -149.727355, 61.145036 ], [ -149.727373, 61.14509 ], [ -149.727374, 61.145144 ], [ -149.727378, 61.145182 ], [ -149.72744, 61.145224 ], [ -149.727526, 61.14527 ], [ -149.72758, 61.145305 ], [ -149.727651, 61.145318 ], [ -149.727748, 61.145322 ], [ -149.72783, 61.145333 ], [ -149.727882, 61.145353 ], [ -149.727931, 61.145407 ], [ -149.72798, 61.145438 ], [ -149.728077, 61.14548 ], [ -149.728168, 61.14552 ], [ -149.728237, 61.145539 ], [ -149.728355, 61.145556 ], [ -149.72846, 61.145587 ], [ -149.728524, 61.145626 ], [ -149.728545, 61.145647 ], [ -149.728565, 61.145688 ], [ -149.728579, 61.145716 ], [ -149.728631, 61.145747 ], [ -149.72869, 61.14576 ], [ -149.728787, 61.145783 ], [ -149.728844, 61.145786 ], [ -149.728908, 61.145783 ], [ -149.72904, 61.145802 ], [ -149.729138, 61.145815 ], [ -149.729228, 61.145827 ], [ -149.72929, 61.145847 ], [ -149.729372, 61.14587 ], [ -149.729402, 61.145879 ], [ -149.729461, 61.145879 ], [ -149.729594, 61.145879 ], [ -149.729726, 61.145879 ], [ -149.729782, 61.145856 ], [ -149.729831, 61.14584 ], [ -149.729886, 61.145838 ], [ -149.729951, 61.145849 ], [ -149.730004, 61.145863 ], [ -149.730053, 61.145856 ], [ -149.730088, 61.145841 ], [ -149.73012, 61.14583 ], [ -149.730218, 61.145831 ], [ -149.730351, 61.145849 ], [ -149.730452, 61.145864 ], [ -149.730525, 61.145892 ], [ -149.730594, 61.145922 ], [ -149.730651, 61.145947 ], [ -149.730717, 61.145988 ], [ -149.730753, 61.146012 ], [ -149.730788, 61.146026 ], [ -149.730945, 61.14606 ], [ -149.731043, 61.146106 ], [ -149.731133, 61.146147 ], [ -149.731258, 61.146205 ], [ -149.731392, 61.146264 ], [ -149.731486, 61.146304 ], [ -149.731583, 61.146349 ], [ -149.731611, 61.146373 ], [ -149.731651, 61.146413 ], [ -149.731689, 61.146454 ], [ -149.731736, 61.146493 ], [ -149.731793, 61.146517 ], [ -149.73186, 61.146527 ], [ -149.731997, 61.146551 ], [ -149.732126, 61.146563 ], [ -149.732265, 61.146577 ], [ -149.732339, 61.146587 ], [ -149.732403, 61.146599 ], [ -149.732535, 61.14662 ], [ -149.7326, 61.146651 ], [ -149.732635, 61.146688 ], [ -149.73267, 61.14673 ], [ -149.732712, 61.146762 ], [ -149.732797, 61.146788 ], [ -149.732897, 61.146805 ], [ -149.733017, 61.146826 ], [ -149.733081, 61.146837 ], [ -149.733128, 61.146833 ], [ -149.733152, 61.146823 ], [ -149.733181, 61.14679 ], [ -149.733211, 61.146759 ], [ -149.733231, 61.146742 ], [ -149.733283, 61.146736 ], [ -149.733421, 61.14673 ], [ -149.733529, 61.14673 ], [ -149.733613, 61.146714 ], [ -149.733659, 61.146686 ], [ -149.733715, 61.146654 ], [ -149.733752, 61.146628 ], [ -149.7338, 61.146596 ], [ -149.73387, 61.146557 ], [ -149.733908, 61.146514 ], [ -149.733946, 61.146469 ], [ -149.733962, 61.146421 ], [ -149.733967, 61.14638 ], [ -149.733938, 61.14635 ], [ -149.733846, 61.146333 ], [ -149.733796, 61.146324 ], [ -149.733782, 61.146308 ] ] } },
{ "type": "Feature", "properties": { "cls": "shared", "highway": "cycleway", "name": "Gorge Bypass" }, "geometry": { "type": "LineString", "coordinates": [ [ -149.713914, 61.145015 ], [ -149.713689, 61.145017 ], [ -149.713509, 61.145014 ], [ -149.71339, 61.145017 ] ] } },
{ "type": "Feature", "properties": { "cls": "separated", "highway": "cycleway", "name": "Bermie Sanders" }, "geometry": { "type": "LineString", "coordinates": [ [ -149.732038, 61.140672 ], [ -149.732172, 61.140691 ], [ -149.732207, 61.140756 ], [ -149.732224, 61.140822 ], [ -149.732218, 61.140877 ], [ -149.732234, 61.140937 ], [ -149.732262, 61.140958 ], [ -149.732289, 61.140977 ], [ -149.732324, 61.140979 ], [ -149.732362, 61.140978 ], [ -149.732405, 61.140965 ], [ -149.732473, 61.140928 ], [ -149.732509, 61.140874 ], [ -149.732515, 61.14084 ], [ -149.73252, 61.140794 ], [ -149.732537, 61.140761 ], [ -149.732561, 61.140728 ], [ -149.732592, 61.140703 ], [ -149.732655, 61.140693 ], [ -149.732741, 61.140708 ], [ -149.732772, 61.140734 ], [ -149.732775, 61.140771 ], [ -149.732773, 61.140824 ], [ -149.732759, 61.140863 ], [ -149.732758, 61.140886 ], [ -149.732781, 61.140899 ], [ -149.732791, 61.140904 ], [ -149.732816, 61.140913 ], [ -149.732862, 61.140919 ], [ -149.732934, 61.140906 ], [ -149.733012, 61.140883 ], [ -149.733087, 61.140873 ], [ -149.733162, 61.140875 ], [ -149.733227, 61.140906 ], [ -149.733253, 61.140939 ], [ -149.733275, 61.140983 ], [ -149.733286, 61.141018 ], [ -149.733296, 61.141054 ], [ -149.733318, 61.141082 ], [ -149.733342, 61.141103 ], [ -149.73339, 61.141124 ], [ -149.733436, 61.141121 ], [ -149.733463, 61.141106 ], [ -149.733468, 61.141067 ], [ -149.733457, 61.141028 ], [ -149.733451, 61.140956 ], [ -149.733497, 61.140932 ], [ -149.733608, 61.140942 ], [ -149.733689, 61.140985 ], [ -149.733717, 61.141035 ], [ -149.733672, 61.141095 ], [ -149.73365, 61.141129 ], [ -149.733562, 61.141226 ], [ -149.733546, 61.141299 ], [ -149.733554, 61.141356 ], [ -149.733613, 61.141394 ], [ -149.733664, 61.141403 ], [ -149.733748, 61.141405 ], [ -149.733795, 61.141404 ], [ -149.733836, 61.141398 ], [ -149.733961, 61.141357 ], [ -149.734022, 61.141324 ], [ -149.734088, 61.141276 ], [ -149.73414, 61.141212 ], [ -149.734133, 61.141152 ], [ -149.734141, 61.141117 ], [ -149.734155, 61.141091 ], [ -149.734192, 61.141078 ], [ -149.734244, 61.14107 ], [ -149.734305, 61.141077 ], [ -149.734348, 61.141111 ], [ -149.734342, 61.141148 ], [ -149.734321, 61.141193 ], [ -149.734307, 61.141231 ], [ -149.73431, 61.141262 ], [ -149.734356, 61.141288 ], [ -149.734423, 61.141282 ], [ -149.734452, 61.141268 ], [ -149.734511, 61.141211 ], [ -149.734576, 61.141139 ], [ -149.734613, 61.141125 ], [ -149.734662, 61.141124 ], [ -149.734702, 61.141148 ], [ -149.734718, 61.14118 ], [ -149.734731, 61.141231 ], [ -149.73478, 61.141268 ], [ -149.734839, 61.14127 ], [ -149.734873, 61.141248 ], [ -149.734887, 61.141216 ], [ -149.734919, 61.14117 ], [ -149.734957, 61.141147 ], [ -149.735021, 61.141148 ], [ -149.735077, 61.141167 ], [ -149.735107, 61.141187 ], [ -149.735158, 61.141216 ], [ -149.735244, 61.141211 ], [ -149.7353, 61.141182 ], [ -149.735359, 61.141168 ], [ -149.735423, 61.141179 ], [ -149.735474, 61.141202 ], [ -149.735528, 61.141212 ], [ -149.735638, 61.141211 ], [ -149.735735, 61.141189 ], [ -149.735826, 61.141169 ], [ -149.73593, 61.141169 ], [ -149.736024, 61.141177 ], [ -149.73614, 61.141186 ], [ -149.736209, 61.141196 ], [ -149.736268, 61.141205 ], [ -149.736341, 61.141213 ], [ -149.736426, 61.141213 ], [ -149.736496, 61.141221 ], [ -149.736585, 61.141251 ], [ -149.736684, 61.141265 ], [ -149.736789, 61.141275 ], [ -149.736896, 61.141302 ], [ -149.736925, 61.141331 ], [ -149.736974, 61.141397 ], [ -149.737043, 61.141479 ], [ -149.737143, 61.141533 ], [ -149.73721, 61.141561 ], [ -149.73729, 61.141621 ], [ -149.737333, 61.141683 ], [ -149.737352, 61.141765 ], [ -149.737373, 61.141838 ], [ -149.737408, 61.141883 ], [ -149.737481, 61.141899 ], [ -149.737564, 61.141891 ], [ -149.737612, 61.141858 ], [ -149.737655, 61.141809 ], [ -149.737676, 61.14174 ], [ -149.737666, 61.141658 ], [ -149.73766, 61.141589 ], [ -149.737693, 61.141532 ], [ -149.737773, 61.141505 ], [ -149.737886, 61.141497 ], [ -149.737979, 61.14151 ], [ -149.738033, 61.141538 ], [ -149.738049, 61.141583 ], [ -149.737988, 61.141653 ], [ -149.737902, 61.141713 ], [ -149.737784, 61.141793 ], [ -149.73776, 61.141845 ], [ -149.737832, 61.141906 ], [ -149.737934, 61.141928 ], [ -149.738084, 61.141923 ], [ -149.738189, 61.141903 ], [ -149.738299, 61.14185 ], [ -149.738521, 61.141784 ], [ -149.738669, 61.141739 ], [ -149.738714, 61.141722 ], [ -149.738811, 61.141706 ], [ -149.738897, 61.141725 ], [ -149.738964, 61.141748 ], [ -149.73903, 61.141764 ], [ -149.73906, 61.141771 ], [ -149.739144, 61.141785 ], [ -149.739193, 61.141791 ], [ -149.739253, 61.141798 ], [ -149.739441, 61.141847 ], [ -149.739567, 61.141886 ], [ -149.739656, 61.141912 ], [ -149.739806, 61.141916 ], [ -149.739951, 61.141892 ], [ -149.740015, 61.141884 ], [ -149.740106, 61.14189 ], [ -149.740273, 61.141932 ], [ -149.740326, 61.141971 ], [ -149.740369, 61.142035 ], [ -149.74041, 61.142104 ], [ -149.74049, 61.142184 ], [ -149.740565, 61.142238 ], [ -149.740643, 61.142269 ], [ -149.740731, 61.142279 ], [ -149.740847, 61.142277 ], [ -149.740922, 61.14228 ], [ -149.740983, 61.142295 ], [ -149.741021, 61.142314 ], [ -149.741059, 61.142341 ], [ -149.74111, 61.142359 ], [ -149.741158, 61.142354 ], [ -149.741198, 61.142329 ], [ -149.74123, 61.142283 ], [ -149.741241, 61.142233 ], [ -149.741263, 61.142148 ], [ -149.741265, 61.142096 ], [ -149.741295, 61.142042 ], [ -149.741327, 61.142022 ], [ -149.741423, 61.142003 ], [ -149.741499, 61.142008 ], [ -149.741557, 61.142025 ], [ -149.741619, 61.14207 ], [ -149.741716, 61.142075 ], [ -149.741879, 61.142033 ], [ -149.742006, 61.141941 ], [ -149.742067, 61.141845 ], [ -149.742231, 61.141646 ], [ -149.742317, 61.141532 ], [ -149.742359, 61.141503 ], [ -149.742394, 61.141498 ], [ -149.742424, 61.141525 ], [ -149.742424, 61.141554 ], [ -149.742437, 61.141633 ], [ -149.742467, 61.141671 ], [ -149.742515, 61.141686 ], [ -149.742585, 61.141671 ], [ -149.742663, 61.141627 ], [ -149.74274, 61.141533 ], [ -149.74281, 61.141462 ], [ -149.742891, 61.141433 ], [ -149.742987, 61.141431 ], [ -149.743143, 61.14146 ], [ -149.743348, 61.141455 ], [ -149.743454, 61.141451 ], [ -149.743561, 61.141416 ], [ -149.743671, 61.141352 ], [ -149.74377, 61.141265 ], [ -149.743867, 61.141216 ], [ -149.743937, 61.141161 ], [ -149.743955, 61.141102 ], [ -149.743955, 61.141055 ], [ -149.743955, 61.141021 ] ] } },
{ "type": "Feature", "properties": { "cls": "separated", "highway": "cycleway", "name": "Gnarnia" }, "geometry": { "type": "LineString", "coordinates": [ [ -149.732277, 61.141258 ], [ -149.732382, 61.141202 ], [ -149.732478, 61.14116 ], [ -149.732607, 61.14113 ], [ -149.732771, 61.141108 ], [ -149.732859, 61.141099 ], [ -149.732932, 61.141094 ], [ -149.732972, 61.141077 ], [ -149.732996, 61.141055 ], [ -149.73302, 61.141019 ], [ -149.73305, 61.140998 ], [ -149.733119, 61.140987 ], [ -149.73317, 61.140992 ], [ -149.733203, 61.141022 ], [ -149.733213, 61.141075 ], [ -149.733221, 61.14115 ], [ -149.733181, 61.141284 ], [ -149.733149, 61.141372 ], [ -149.733133, 61.141438 ], [ -149.733159, 61.141472 ], [ -149.733251, 61.14152 ], [ -149.733326, 61.141547 ], [ -149.733398, 61.141568 ], [ -149.733492, 61.1416 ], [ -149.733573, 61.141631 ], [ -149.733632, 61.141638 ], [ -149.733707, 61.141629 ], [ -149.733809, 61.141614 ], [ -149.733908, 61.141594 ], [ -149.734144, 61.141552 ], [ -149.734259, 61.141521 ], [ -149.734372, 61.141484 ], [ -149.734436, 61.141446 ], [ -149.734471, 61.141374 ], [ -149.734479, 61.141331 ], [ -149.734509, 61.141291 ], [ -149.734573, 61.141283 ], [ -149.734629, 61.141304 ], [ -149.734659, 61.141326 ], [ -149.734715, 61.141345 ], [ -149.734793, 61.141348 ], [ -149.734938, 61.141334 ], [ -149.735112, 61.141306 ], [ -149.735244, 61.141279 ], [ -149.735356, 61.141257 ], [ -149.735477, 61.141246 ], [ -149.735592, 61.14124 ], [ -149.735716, 61.141233 ], [ -149.735855, 61.141237 ], [ -149.735968, 61.141248 ], [ -149.736097, 61.141258 ], [ -149.73626, 61.141253 ], [ -149.73637, 61.141249 ], [ -149.736534, 61.141268 ], [ -149.736689, 61.141309 ], [ -149.736805, 61.141367 ], [ -149.736861, 61.141416 ], [ -149.736904, 61.141554 ], [ -149.73692, 61.141635 ], [ -149.73696, 61.141718 ], [ -149.736968, 61.141762 ], [ -149.736963, 61.141805 ], [ -149.73695, 61.141861 ], [ -149.73696, 61.141889 ], [ -149.737011, 61.14191 ], [ -149.737094, 61.141901 ], [ -149.737151, 61.141871 ], [ -149.737199, 61.141855 ], [ -149.737344, 61.141868 ], [ -149.737373, 61.141888 ], [ -149.737392, 61.141912 ], [ -149.737397, 61.141968 ], [ -149.737395, 61.142078 ], [ -149.737414, 61.142119 ], [ -149.737459, 61.142169 ], [ -149.737494, 61.1422 ], [ -149.737531, 61.142249 ], [ -149.737601, 61.142279 ], [ -149.737749, 61.142259 ], [ -149.737845, 61.142218 ], [ -149.73795, 61.142154 ], [ -149.738063, 61.142075 ], [ -149.738189, 61.142021 ], [ -149.738272, 61.141991 ], [ -149.738406, 61.141912 ], [ -149.738559, 61.141857 ], [ -149.738704, 61.141815 ], [ -149.738779, 61.141797 ], [ -149.738891, 61.141787 ], [ -149.738967, 61.141776 ], [ -149.73903, 61.141764 ] ] } },
{ "type": "Feature", "properties": { "cls": "shared", "highway": "cycleway", "name": "Abbott Multi-use Trail" }, "geometry": { "type": "LineString", "coordinates": [ [ -149.746417, 61.140807 ], [ -149.746321, 61.140886 ], [ -149.746123, 61.141023 ], [ -149.745841, 61.141154 ], [ -149.745613, 61.14123 ], [ -149.745366, 61.141295 ], [ -149.745264, 61.141338 ], [ -149.745176, 61.141396 ], [ -149.745122, 61.141457 ], [ -149.74509, 61.141544 ], [ -149.745093, 61.141643 ], [ -149.74512, 61.14179 ], [ -149.74509, 61.141938 ], [ -149.744967, 61.142095 ], [ -149.744811, 61.142267 ], [ -149.744669, 61.142392 ], [ -149.744481, 61.142459 ], [ -149.74424, 61.142507 ], [ -149.744063, 61.142562 ], [ -149.74387, 61.142658 ], [ -149.743672, 61.14277 ], [ -149.743582, 61.142869 ], [ -149.743461, 61.143049 ] ] } },
{ "type": "Feature", "properties": { "cls": "separated", "highway": "cycleway", "name": "Endor" }, "geometry": { "type": "LineString", "coordinates": [ [ -149.743471, 61.143371 ], [ -149.743612, 61.14337 ], [ -149.743741, 61.143365 ], [ -149.743824, 61.143361 ], [ -149.743894, 61.14337 ], [ -149.743953, 61.143387 ], [ -149.743985, 61.143418 ], [ -149.743985, 61.143461 ], [ -149.743964, 61.143498 ], [ -149.743974, 61.143537 ], [ -149.744009, 61.143567 ], [ -149.744044, 61.143598 ], [ -149.744047, 61.143618 ], [ -149.744055, 61.143673 ], [ -149.744028, 61.143705 ], [ -149.744006, 61.143732 ], [ -149.744031, 61.143778 ], [ -149.744084, 61.143805 ], [ -149.744157, 61.143807 ], [ -149.744205, 61.143787 ], [ -149.744208, 61.143744 ], [ -149.7442, 61.1437 ], [ -149.744232, 61.143675 ], [ -149.744285, 61.143664 ], [ -149.744363, 61.143683 ], [ -149.744409, 61.143712 ], [ -149.744446, 61.143739 ], [ -149.744526, 61.143792 ], [ -149.744605, 61.14382 ], [ -149.744672, 61.143851 ], [ -149.744709, 61.143881 ], [ -149.744806, 61.143937 ], [ -149.744843, 61.143998 ], [ -149.744838, 61.144064 ], [ -149.744816, 61.144128 ], [ -149.744808, 61.144147 ], [ -149.744822, 61.144184 ], [ -149.744875, 61.144223 ], [ -149.744934, 61.144245 ], [ -149.74502, 61.14425 ], [ -149.745106, 61.144257 ], [ -149.745176, 61.144279 ], [ -149.745219, 61.144297 ], [ -149.745299, 61.144307 ], [ -149.745355, 61.144341 ], [ -149.745396, 61.144377 ], [ -149.74542, 61.144424 ], [ -149.745428, 61.144468 ], [ -149.745439, 61.144512 ], [ -149.745465, 61.144557 ], [ -149.745538, 61.1446 ], [ -149.745573, 61.144602 ], [ -149.745643, 61.144597 ], [ -149.745769, 61.144566 ], [ -149.745787, 61.144548 ], [ -149.745763, 61.144512 ], [ -149.745686, 61.144492 ], [ -149.745629, 61.144461 ], [ -149.745618, 61.144425 ], [ -149.745621, 61.144389 ], [ -149.7456, 61.144345 ], [ -149.745567, 61.14431 ], [ -149.745549, 61.144266 ], [ -149.745541, 61.144194 ], [ -149.745522, 61.144153 ], [ -149.745449, 61.144109 ], [ -149.745382, 61.144082 ], [ -149.745329, 61.144031 ], [ -149.745329, 61.143996 ], [ -149.745305, 61.143969 ], [ -149.745259, 61.14395 ], [ -149.745227, 61.143924 ], [ -149.745251, 61.143893 ], [ -149.745318, 61.143859 ], [ -149.745337, 61.143845 ], [ -149.745358, 61.143788 ], [ -149.745342, 61.143743 ], [ -149.745326, 61.143709 ], [ -149.745353, 61.143669 ], [ -149.745396, 61.14364 ], [ -149.745415, 61.143609 ], [ -149.745441, 61.143561 ], [ -149.745476, 61.143534 ], [ -149.745551, 61.143511 ], [ -149.745649, 61.143487 ], [ -149.74572, 61.14349 ], [ -149.745828, 61.143508 ], [ -149.745943, 61.143533 ], [ -149.746002, 61.143564 ], [ -149.746061, 61.143599 ], [ -149.746136, 61.143621 ], [ -149.74626, 61.143633 ], [ -149.746343, 61.143647 ], [ -149.746415, 61.143678 ], [ -149.746458, 61.143708 ], [ -149.746512, 61.143718 ], [ -149.74656, 61.143697 ], [ -149.746565, 61.143664 ], [ -149.746514, 61.143602 ], [ -149.746479, 61.14356 ], [ -149.746458, 61.143551 ], [ -149.746359, 61.143527 ], [ -149.746222, 61.143506 ], [ -149.746179, 61.14346 ], [ -149.746168, 61.143431 ], [ -149.746158, 61.143384 ], [ -149.746163, 61.143349 ], [ -149.746251, 61.1433 ], [ -149.746297, 61.143251 ], [ -149.746308, 61.143214 ], [ -149.746394, 61.143164 ], [ -149.746447, 61.143108 ], [ -149.746474, 61.143058 ], [ -149.746469, 61.143005 ], [ -149.746463, 61.142962 ], [ -149.746482, 61.142922 ], [ -149.746512, 61.142901 ], [ -149.746555, 61.142882 ], [ -149.746587, 61.142851 ], [ -149.746672, 61.142849 ], [ -149.746734, 61.142849 ], [ -149.746796, 61.14286 ], [ -149.74686, 61.142875 ], [ -149.746941, 61.142883 ], [ -149.747032, 61.142869 ], [ -149.747096, 61.142852 ], [ -149.747134, 61.142799 ], [ -149.747174, 61.142765 ], [ -149.747241, 61.142723 ], [ -149.747491, 61.142593 ], [ -149.747571, 61.142576 ], [ -149.747665, 61.142579 ], [ -149.747818, 61.142584 ], [ -149.747909, 61.142571 ], [ -149.748006, 61.142535 ], [ -149.748145, 61.142488 ], [ -149.748311, 61.142422 ], [ -149.748437, 61.142402 ], [ -149.74855, 61.14237 ], [ -149.748609, 61.142319 ], [ -149.748706, 61.142298 ], [ -149.748786, 61.142307 ], [ -149.748899, 61.142327 ], [ -149.749041, 61.142329 ], [ -149.749135, 61.142317 ], [ -149.749239, 61.142288 ], [ -149.749408, 61.142293 ], [ -149.749534, 61.142315 ], [ -149.749661, 61.142378 ], [ -149.749851, 61.142466 ], [ -149.749977, 61.142508 ], [ -149.750124, 61.142516 ], [ -149.750253, 61.142514 ], [ -149.750361, 61.142522 ], [ -149.750495, 61.142553 ], [ -149.750653, 61.142584 ], [ -149.750741, 61.142584 ], [ -149.750846, 61.142569 ], [ -149.750951, 61.142539 ], [ -149.751101, 61.142522 ], [ -149.751275, 61.142553 ], [ -149.751334, 61.142575 ], [ -149.751393, 61.142613 ], [ -149.751441, 61.14262 ], [ -149.751495, 61.142624 ], [ -149.751535, 61.142644 ], [ -149.751573, 61.142663 ], [ -149.751635, 61.142679 ], [ -149.751712, 61.142684 ], [ -149.751771, 61.142671 ], [ -149.751788, 61.142628 ], [ -149.751774, 61.142583 ], [ -149.751788, 61.142531 ], [ -149.751868, 61.142487 ], [ -149.751895, 61.142468 ], [ -149.751914, 61.14243 ], [ -149.751967, 61.142413 ], [ -149.752029, 61.142407 ], [ -149.752099, 61.142413 ], [ -149.752176, 61.142435 ], [ -149.75226, 61.142425 ], [ -149.752327, 61.142418 ], [ -149.752391, 61.142429 ], [ -149.752458, 61.142431 ], [ -149.752509, 61.142424 ], [ -149.752549, 61.142403 ], [ -149.752589, 61.142361 ], [ -149.75264, 61.142336 ], [ -149.752721, 61.142325 ], [ -149.75278, 61.142312 ], [ -149.752836, 61.142286 ], [ -149.752909, 61.142275 ], [ -149.753, 61.142272 ], [ -149.753075, 61.142289 ], [ -149.753166, 61.142323 ], [ -149.753247, 61.142328 ], [ -149.7533, 61.142317 ], [ -149.753397, 61.142292 ], [ -149.753483, 61.142271 ], [ -149.753547, 61.142246 ], [ -149.753627, 61.142198 ], [ -149.753676, 61.142176 ], [ -149.753794, 61.142165 ], [ -149.753917, 61.142173 ], [ -149.753979, 61.14217 ], [ -149.75403, 61.142148 ], [ -149.754059, 61.142118 ], [ -149.754126, 61.14211 ], [ -149.75422, 61.142125 ], [ -149.754376, 61.142153 ], [ -149.754531, 61.142158 ], [ -149.754655, 61.14215 ], [ -149.754749, 61.142125 ], [ -149.754794, 61.14209 ], [ -149.75481, 61.14203 ], [ -149.754853, 61.141995 ], [ -149.754979, 61.141982 ], [ -149.755063, 61.141987 ], [ -149.755154, 61.142031 ], [ -149.755215, 61.142051 ], [ -149.755291, 61.142056 ], [ -149.755384, 61.142049 ], [ -149.755481, 61.142034 ], [ -149.755559, 61.142035 ], [ -149.755626, 61.142073 ], [ -149.755669, 61.1421 ], [ -149.755771, 61.142127 ], [ -149.75588, 61.14213 ], [ -149.755932, 61.142117 ], [ -149.755988, 61.142086 ], [ -149.756017, 61.142048 ], [ -149.756092, 61.14203 ], [ -149.756178, 61.142034 ], [ -149.756248, 61.142057 ], [ -149.756318, 61.142086 ], [ -149.756382, 61.142093 ], [ -149.756497, 61.1421 ], [ -149.756581, 61.142086 ], [ -149.756648, 61.142052 ], [ -149.756669, 61.142009 ], [ -149.756677, 61.141977 ], [ -149.756733, 61.141961 ], [ -149.756795, 61.141945 ], [ -149.756865, 61.141906 ], [ -149.756929, 61.141876 ], [ -149.757069, 61.141861 ], [ -149.757149, 61.141851 ], [ -149.757321, 61.14185 ], [ -149.757399, 61.141833 ], [ -149.757468, 61.141823 ], [ -149.757517, 61.141839 ], [ -149.757584, 61.141855 ], [ -149.757632, 61.141857 ], [ -149.75768, 61.141882 ], [ -149.75768, 61.141907 ], [ -149.757643, 61.141932 ], [ -149.757616, 61.14199 ], [ -149.757632, 61.142046 ], [ -149.757753, 61.142126 ], [ -149.757852, 61.142167 ], [ -149.757898, 61.142171 ], [ -149.757975, 61.142165 ], [ -149.758037, 61.142149 ], [ -149.758115, 61.142122 ], [ -149.758182, 61.142116 ], [ -149.758286, 61.142128 ], [ -149.758348, 61.142165 ], [ -149.758458, 61.142222 ], [ -149.75849, 61.142241 ], [ -149.758555, 61.142244 ], [ -149.758591, 61.142236 ] ] } },
{ "type": "Feature", "properties": { "cls": "shared", "highway": "cycleway", "name": "Gasline Multi-use" }, "geometry": { "type": "LineString", "coordinates": [ [ -149.74182, 61.143694 ], [ -149.741951, 61.14359 ], [ -149.74216, 61.143502 ], [ -149.74299, 61.143322 ], [ -149.74344, 61.14323 ] ] } },
{ "type": "Feature", "properties": { "cls": "shared", "highway": "cycleway", "name": "Gasline Multi-use" }, "geometry": { "type": "LineString", "coordinates": [ [ -149.74182, 61.143694 ], [ -149.74157, 61.143921 ], [ -149.741419, 61.144058 ] ] } },
{ "type": "Feature", "properties": { "cls": "shared", "highway": "cycleway", "name": "Gasline Multi-use" }, "geometry": { "type": "LineString", "coordinates": [ [ -149.741419, 61.144058 ], [ -149.741153, 61.144299 ], [ -149.740452, 61.145009 ], [ -149.739804, 61.145718 ], [ -149.739113, 61.146474 ], [ -149.739063, 61.146568 ] ] } },
{ "type": "Feature", "properties": { "cls": "separated", "highway": "cycleway", "name": "Whack a Mole" }, "geometry": { "type": "LineString", "coordinates": [ [ -149.745367, 61.144745 ], [ -149.745277, 61.144768 ], [ -149.745009, 61.144738 ], [ -149.744751, 61.1448 ], [ -149.744336, 61.144801 ], [ -149.744273, 61.144781 ], [ -149.744074, 61.144706 ], [ -149.743929, 61.144682 ], [ -149.743784, 61.144726 ], [ -149.743732, 61.144813 ], [ -149.743816, 61.144888 ], [ -149.743968, 61.144956 ], [ -149.744149, 61.145021 ], [ -149.74418, 61.145121 ], [ -149.744206, 61.145219 ], [ -149.744195, 61.145324 ], [ -149.744152, 61.145444 ], [ -149.744145, 61.145574 ], [ -149.744117, 61.145659 ], [ -149.744104, 61.145736 ], [ -149.743996, 61.145825 ], [ -149.743974, 61.145906 ], [ -149.743987, 61.145961 ], [ -149.744045, 61.146031 ], [ -149.74408, 61.146077 ], [ -149.744067, 61.146144 ], [ -149.743978, 61.146205 ], [ -149.743853, 61.146268 ], [ -149.743755, 61.146303 ], [ -149.743714, 61.146341 ], [ -149.743632, 61.146397 ], [ -149.743485, 61.146483 ], [ -149.743348, 61.14657 ], [ -149.743234, 61.14663 ], [ -149.743173, 61.146686 ], [ -149.743076, 61.146771 ], [ -149.742983, 61.146879 ], [ -149.742905, 61.146971 ], [ -149.742827, 61.147052 ], [ -149.742719, 61.147135 ], [ -149.742628, 61.147202 ], [ -149.742504, 61.147266 ], [ -149.742426, 61.14729 ], [ -149.742292, 61.147308 ], [ -149.742351, 61.147326 ], [ -149.742428, 61.147332 ], [ -149.742662, 61.147311 ], [ -149.742859, 61.1473 ], [ -149.742978, 61.147304 ], [ -149.743102, 61.14733 ], [ -149.743292, 61.147371 ], [ -149.743409, 61.147434 ], [ -149.743452, 61.147466 ], [ -149.743493, 61.147501 ], [ -149.743455, 61.147557 ], [ -149.743385, 61.147614 ], [ -149.74337, 61.147692 ], [ -149.74334, 61.147725 ], [ -149.743266, 61.14778 ], [ -149.743184, 61.147844 ], [ -149.74308, 61.147887 ], [ -149.74308, 61.147962 ], [ -149.743041, 61.147991 ], [ -149.742924, 61.148036 ], [ -149.742764, 61.148048 ], [ -149.742649, 61.148048 ], [ -149.742506, 61.14808 ], [ -149.74229, 61.148083 ], [ -149.742139, 61.148089 ], [ -149.742, 61.148097 ], [ -149.741883, 61.148106 ], [ -149.741796, 61.148161 ], [ -149.741664, 61.148262 ], [ -149.741634, 61.148306 ], [ -149.741608, 61.148375 ], [ -149.741589, 61.148419 ], [ -149.741571, 61.148459 ], [ -149.74154, 61.148476 ], [ -149.741448, 61.148526 ], [ -149.741324, 61.148599 ], [ -149.741264, 61.148644 ], [ -149.741171, 61.14868 ], [ -149.741112, 61.148689 ], [ -149.741043, 61.148689 ], [ -149.740931, 61.148672 ], [ -149.740781, 61.148689 ], [ -149.740638, 61.148738 ], [ -149.740545, 61.148768 ], [ -149.740374, 61.148765 ], [ -149.74027, 61.148751 ], [ -149.740199, 61.148717 ], [ -149.740117, 61.148644 ], [ -149.740021, 61.148595 ], [ -149.739931, 61.148534 ], [ -149.739866, 61.148486 ], [ -149.739805, 61.14843 ], [ -149.739788, 61.148358 ], [ -149.739738, 61.14833 ], [ -149.739649, 61.148344 ], [ -149.739502, 61.148368 ], [ -149.739396, 61.148414 ], [ -149.739316, 61.148438 ], [ -149.739236, 61.148463 ], [ -149.739182, 61.148543 ], [ -149.739132, 61.148595 ], [ -149.739054, 61.148642 ], [ -149.738974, 61.14868 ], [ -149.738924, 61.148736 ], [ -149.73885, 61.148796 ], [ -149.738783, 61.14884 ], [ -149.738744, 61.148908 ], [ -149.73872, 61.148952 ], [ -149.738621, 61.148985 ], [ -149.738502, 61.149019 ], [ -149.738348, 61.149051 ], [ -149.738265, 61.149088 ] ] } },
{ "type": "Feature", "properties": { "cls": "separated", "highway": "cycleway", "name": "Ewok" }, "geometry": { "type": "LineString", "coordinates": [ [ -149.741636, 61.149703 ], [ -149.74183, 61.149717 ], [ -149.742017, 61.149711 ], [ -149.742134, 61.149723 ], [ -149.742252, 61.14974 ], [ -149.742423, 61.149766 ], [ -149.742502, 61.149765 ], [ -149.742645, 61.149741 ], [ -149.742781, 61.149725 ], [ -149.742879, 61.149709 ], [ -149.742931, 61.149688 ], [ -149.742958, 61.149666 ], [ -149.742958, 61.149627 ], [ -149.74289, 61.149558 ], [ -149.742906, 61.149481 ], [ -149.742958, 61.149462 ], [ -149.743047, 61.149447 ], [ -149.743178, 61.149457 ], [ -149.743251, 61.149464 ], [ -149.743376, 61.149444 ], [ -149.743468, 61.149408 ], [ -149.743553, 61.149352 ], [ -149.743657, 61.149289 ], [ -149.74375, 61.14924 ], [ -149.743872, 61.149197 ], [ -149.743975, 61.149143 ], [ -149.743966, 61.149095 ], [ -149.743923, 61.14905 ], [ -149.743893, 61.149017 ], [ -149.743873, 61.148951 ], [ -149.743816, 61.14886 ], [ -149.743789, 61.148757 ], [ -149.743766, 61.148665 ], [ -149.743707, 61.14862 ], [ -149.743641, 61.148547 ], [ -149.743609, 61.148502 ], [ -149.743627, 61.148453 ], [ -149.743671, 61.148413 ], [ -149.743775, 61.148375 ], [ -149.743873, 61.148325 ], [ -149.74392, 61.148275 ], [ -149.743993, 61.14818 ], [ -149.744052, 61.148114 ], [ -149.744095, 61.148057 ], [ -149.744144, 61.147996 ], [ -149.744217, 61.147918 ], [ -149.74421, 61.147871 ], [ -149.744183, 61.147815 ], [ -149.744179, 61.147779 ], [ -149.74419, 61.147733 ], [ -149.744249, 61.147682 ], [ -149.744358, 61.147614 ], [ -149.744437, 61.147555 ], [ -149.744542, 61.147527 ], [ -149.744658, 61.147482 ], [ -149.744755, 61.147426 ], [ -149.744871, 61.147407 ], [ -149.744923, 61.147396 ], [ -149.74498, 61.147344 ], [ -149.745034, 61.147316 ], [ -149.745179, 61.147271 ], [ -149.745216, 61.147229 ], [ -149.745181, 61.147188 ], [ -149.745077, 61.147122 ], [ -149.745054, 61.14707 ], [ -149.745077, 61.146998 ], [ -149.745134, 61.146954 ], [ -149.745207, 61.146849 ], [ -149.745241, 61.146806 ], [ -149.745341, 61.146771 ], [ -149.745438, 61.146747 ], [ -149.745481, 61.146706 ], [ -149.745536, 61.146649 ], [ -149.745572, 61.146629 ], [ -149.74574, 61.146626 ], [ -149.745851, 61.14662 ], [ -149.745901, 61.146608 ], [ -149.745953, 61.146594 ], [ -149.745962, 61.146561 ], [ -149.745962, 61.146507 ], [ -149.745978, 61.146459 ], [ -149.74611, 61.146414 ], [ -149.746262, 61.146382 ], [ -149.746332, 61.146365 ], [ -149.746379, 61.146315 ], [ -149.746388, 61.146291 ], [ -149.746338, 61.146262 ], [ -149.746286, 61.146224 ], [ -149.746185, 61.146186 ], [ -149.746094, 61.146149 ], [ -149.746046, 61.146104 ], [ -149.745983, 61.146054 ], [ -149.745937, 61.146022 ], [ -149.745925, 61.145983 ], [ -149.745946, 61.145935 ], [ -149.746, 61.145882 ], [ -149.74608, 61.145828 ], [ -149.746082, 61.145783 ], [ -149.746046, 61.145741 ], [ -149.745987, 61.14572 ], [ -149.745962, 61.145697 ], [ -149.745917, 61.145658 ], [ -149.745955, 61.145613 ], [ -149.746089, 61.145609 ], [ -149.746253, 61.145636 ], [ -149.746338, 61.145627 ], [ -149.746345, 61.14559 ], [ -149.746248, 61.145503 ], [ -149.746202, 61.145462 ], [ -149.7462, 61.14541 ], [ -149.746205, 61.145355 ], [ -149.746218, 61.145316 ], [ -149.746103, 61.145289 ], [ -149.745992, 61.145268 ], [ -149.745873, 61.145243 ], [ -149.745764, 61.145222 ], [ -149.745626, 61.145226 ], [ -149.745531, 61.145234 ], [ -149.745408, 61.145238 ], [ -149.745268, 61.145233 ], [ -149.745191, 61.14521 ], [ -149.745154, 61.145154 ], [ -149.745184, 61.1451 ], [ -149.745252, 61.145034 ], [ -149.745275, 61.144984 ], [ -149.745283, 61.144942 ], [ -149.745274, 61.144878 ], [ -149.745265, 61.144823 ], [ -149.745277, 61.144768 ] ] } },
{ "type": "Feature", "properties": { "cls": "shared", "highway": "cycleway", "name": "Gasline Multi-use" }, "geometry": { "type": "LineString", "coordinates": [ [ -149.739063, 61.146568 ], [ -149.738884, 61.146905 ], [ -149.738432, 61.148262 ], [ -149.738174, 61.148974 ], [ -149.738142, 61.149026 ] ] } },
{ "type": "Feature", "properties": { "cls": "separated", "highway": "cycleway", "name": "Lap Dog" }, "geometry": { "type": "LineString", "coordinates": [ [ -149.758262, 61.1416 ], [ -149.758452, 61.141585 ], [ -149.758491, 61.141539 ], [ -149.758407, 61.141475 ], [ -149.758216, 61.141369 ], [ -149.758225, 61.141263 ], [ -149.758246, 61.141201 ], [ -149.758277, 61.141161 ], [ -149.7583, 61.141118 ], [ -149.758259, 61.141085 ], [ -149.758139, 61.141032 ], [ -149.758118, 61.140997 ], [ -149.758119, 61.14095 ], [ -149.75808, 61.140917 ], [ -149.757824, 61.140827 ], [ -149.757363, 61.140773 ], [ -149.757283, 61.140752 ], [ -149.756819, 61.140617 ], [ -149.756667, 61.140602 ], [ -149.756523, 61.140536 ], [ -149.756424, 61.14048 ], [ -149.756285, 61.14041 ], [ -149.756261, 61.140377 ], [ -149.756295, 61.14034 ], [ -149.756371, 61.140293 ], [ -149.756399, 61.140256 ], [ -149.756381, 61.140203 ], [ -149.756288, 61.140178 ], [ -149.756206, 61.140146 ], [ -149.756124, 61.140087 ], [ -149.756067, 61.140034 ], [ -149.756033, 61.139991 ], [ -149.756034, 61.139921 ], [ -149.755959, 61.139896 ], [ -149.755754, 61.139845 ], [ -149.755552, 61.139789 ], [ -149.755392, 61.139739 ], [ -149.755346, 61.139656 ], [ -149.755246, 61.139619 ], [ -149.755219, 61.139518 ], [ -149.755181, 61.13948 ], [ -149.75521, 61.13936 ], [ -149.755258, 61.139313 ], [ -149.755251, 61.13924 ], [ -149.755262, 61.139172 ], [ -149.755293, 61.139128 ] ] } },
{ "type": "Feature", "properties": { "cls": "separated", "highway": "cycleway", "name": "Millertime" }, "geometry": { "type": "LineString", "coordinates": [ [ -149.758591, 61.142236 ], [ -149.758662, 61.142253 ], [ -149.758785, 61.142258 ], [ -149.758965, 61.142272 ], [ -149.759072, 61.142301 ], [ -149.75918, 61.14233 ], [ -149.759303, 61.142341 ], [ -149.759424, 61.142336 ], [ -149.759483, 61.142334 ], [ -149.759543, 61.142337 ], [ -149.759856, 61.142346 ], [ -149.759982, 61.142358 ], [ -149.760116, 61.142382 ], [ -149.760202, 61.142409 ], [ -149.760287, 61.142448 ], [ -149.760346, 61.142505 ], [ -149.760373, 61.142544 ], [ -149.7604, 61.142578 ], [ -149.760483, 61.142598 ], [ -149.760577, 61.142588 ], [ -149.760684, 61.142553 ], [ -149.760786, 61.142528 ], [ -149.760851, 61.142523 ], [ -149.761028, 61.142486 ], [ -149.761113, 61.142457 ], [ -149.761122, 61.142424 ], [ -149.761095, 61.142396 ], [ -149.761075, 61.142386 ], [ -149.761057, 61.142375 ], [ -149.761044, 61.14236 ], [ -149.761041, 61.142343 ], [ -149.761049, 61.142326 ], [ -149.761066, 61.142296 ], [ -149.761105, 61.142268 ], [ -149.761158, 61.142256 ], [ -149.761214, 61.142262 ], [ -149.761292, 61.142288 ], [ -149.761322, 61.142299 ], [ -149.761356, 61.142308 ], [ -149.76141, 61.142308 ], [ -149.761466, 61.142292 ], [ -149.761497, 61.142279 ], [ -149.761543, 61.14224 ], [ -149.761582, 61.142199 ], [ -149.761618, 61.142188 ], [ -149.761666, 61.142182 ], [ -149.761709, 61.142189 ], [ -149.76174, 61.142208 ], [ -149.761772, 61.142262 ], [ -149.761808, 61.142273 ], [ -149.761846, 61.142278 ], [ -149.761903, 61.142281 ], [ -149.761963, 61.142268 ], [ -149.761999, 61.14225 ], [ -149.762018, 61.142223 ], [ -149.762028, 61.142187 ], [ -149.762043, 61.142128 ], [ -149.762029, 61.142072 ], [ -149.762018, 61.142041 ], [ -149.762023, 61.142026 ], [ -149.762055, 61.142002 ], [ -149.762117, 61.141987 ], [ -149.762254, 61.141969 ], [ -149.762396, 61.141964 ], [ -149.762538, 61.141943 ], [ -149.762621, 61.141919 ], [ -149.762691, 61.141879 ], [ -149.762731, 61.141832 ], [ -149.76276, 61.141775 ], [ -149.762841, 61.141706 ], [ -149.762954, 61.141688 ], [ -149.763045, 61.141704 ], [ -149.763123, 61.141743 ], [ -149.763152, 61.141785 ], [ -149.763151, 61.141813 ], [ -149.763157, 61.141841 ], [ -149.763172, 61.141858 ], [ -149.763176, 61.141881 ], [ -149.763162, 61.141902 ], [ -149.763151, 61.141925 ], [ -149.763116, 61.141952 ], [ -149.76306, 61.141974 ], [ -149.763002, 61.142015 ], [ -149.762972, 61.142035 ], [ -149.762923, 61.142055 ], [ -149.76287, 61.142077 ], [ -149.762826, 61.14209 ], [ -149.762757, 61.142107 ], [ -149.762721, 61.142125 ], [ -149.762706, 61.142144 ], [ -149.762707, 61.142176 ], [ -149.762709, 61.142202 ], [ -149.762744, 61.142231 ], [ -149.762793, 61.142246 ], [ -149.762852, 61.142258 ], [ -149.762925, 61.142265 ], [ -149.763019, 61.142264 ], [ -149.76311, 61.142256 ], [ -149.763193, 61.142247 ], [ -149.7633, 61.142238 ], [ -149.763498, 61.142193 ], [ -149.763734, 61.142127 ], [ -149.763911, 61.142062 ], [ -149.763973, 61.142008 ], [ -149.764, 61.141943 ], [ -149.764026, 61.141901 ], [ -149.764046, 61.141865 ], [ -149.764086, 61.141853 ], [ -149.764135, 61.141851 ], [ -149.764158, 61.141855 ], [ -149.764176, 61.141864 ], [ -149.764202, 61.141874 ], [ -149.764236, 61.141884 ], [ -149.764354, 61.141889 ], [ -149.764504, 61.141881 ], [ -149.764622, 61.141857 ], [ -149.764679, 61.141813 ], [ -149.764708, 61.141776 ], [ -149.764728, 61.141704 ], [ -149.76473, 61.141687 ], [ -149.764742, 61.141662 ], [ -149.764766, 61.141645 ], [ -149.764805, 61.141631 ], [ -149.764837, 61.141619 ], [ -149.765172, 61.141523 ], [ -149.765276, 61.141485 ], [ -149.7654, 61.141427 ], [ -149.765545, 61.14134 ], [ -149.765802, 61.141207 ], [ -149.765963, 61.141125 ], [ -149.76607, 61.141086 ], [ -149.766132, 61.14102 ], [ -149.766169, 61.140966 ], [ -149.766261, 61.140899 ], [ -149.766309, 61.140848 ], [ -149.766296, 61.140816 ], [ -149.766218, 61.140795 ], [ -149.766148, 61.140821 ], [ -149.766086, 61.140838 ], [ -149.765998, 61.140827 ], [ -149.765982, 61.140789 ], [ -149.766033, 61.140752 ], [ -149.766092, 61.140716 ], [ -149.766137, 61.140658 ], [ -149.76611, 61.14061 ], [ -149.766038, 61.14051 ], [ -149.766036, 61.140468 ], [ -149.766076, 61.140405 ], [ -149.766141, 61.14037 ], [ -149.766192, 61.140355 ], [ -149.766245, 61.140348 ], [ -149.766276, 61.140334 ], [ -149.766302, 61.140302 ], [ -149.766319, 61.140273 ], [ -149.766332, 61.140249 ], [ -149.766353, 61.140239 ], [ -149.766386, 61.140233 ], [ -149.766424, 61.140245 ], [ -149.766501, 61.140264 ], [ -149.766586, 61.140269 ], [ -149.76665, 61.140251 ], [ -149.766672, 61.140213 ], [ -149.766669, 61.140182 ], [ -149.766719, 61.14015 ], [ -149.766768, 61.140135 ], [ -149.766807, 61.140122 ], [ -149.766853, 61.140107 ], [ -149.766973, 61.140077 ], [ -149.767066, 61.140062 ], [ -149.767151, 61.140052 ], [ -149.767284, 61.140048 ], [ -149.767368, 61.140055 ], [ -149.767424, 61.14007 ], [ -149.767465, 61.140086 ], [ -149.767524, 61.140092 ], [ -149.767572, 61.140086 ], [ -149.767595, 61.140072 ], [ -149.767607, 61.140042 ], [ -149.76757, 61.140009 ], [ -149.767539, 61.139985 ], [ -149.767504, 61.139961 ], [ -149.76746, 61.139876 ], [ -149.767481, 61.139833 ], [ -149.76753, 61.139785 ], [ -149.767575, 61.139739 ], [ -149.767621, 61.139682 ], [ -149.767655, 61.139627 ], [ -149.767674, 61.139593 ], [ -149.767676, 61.139555 ], [ -149.767677, 61.139511 ], [ -149.767696, 61.139468 ], [ -149.767733, 61.139428 ], [ -149.767789, 61.139402 ], [ -149.767874, 61.139392 ], [ -149.768048, 61.139393 ], [ -149.768216, 61.139388 ], [ -149.768453, 61.139372 ], [ -149.768618, 61.139397 ], [ -149.768726, 61.139438 ], [ -149.768823, 61.139458 ], [ -149.768958, 61.139462 ], [ -149.769128, 61.139462 ], [ -149.769284, 61.139468 ], [ -149.769524, 61.139487 ], [ -149.769595, 61.139493 ], [ -149.769729, 61.139506 ], [ -149.769863, 61.139511 ], [ -149.770032, 61.139511 ], [ -149.77011, 61.139513 ], [ -149.770172, 61.139535 ], [ -149.770194, 61.139557 ], [ -149.770207, 61.139582 ], [ -149.770211, 61.1396 ], [ -149.770228, 61.139617 ], [ -149.770252, 61.139629 ], [ -149.770312, 61.139642 ], [ -149.77037, 61.139637 ], [ -149.770409, 61.139631 ], [ -149.770445, 61.13961 ], [ -149.770474, 61.139582 ], [ -149.770539, 61.139568 ], [ -149.770646, 61.139557 ], [ -149.770845, 61.13955 ], [ -149.771056, 61.139551 ], [ -149.771298, 61.139566 ], [ -149.771515, 61.139569 ], [ -149.771751, 61.139565 ], [ -149.771923, 61.13957 ], [ -149.77214, 61.139578 ], [ -149.772446, 61.139589 ], [ -149.772644, 61.139617 ], [ -149.772854, 61.139656 ], [ -149.773009, 61.139677 ], [ -149.773151, 61.139687 ], [ -149.77332, 61.139677 ], [ -149.773468, 61.139666 ], [ -149.77365, 61.139662 ], [ -149.773771, 61.139675 ], [ -149.773862, 61.139695 ], [ -149.77394, 61.139702 ], [ -149.774039, 61.1397 ], [ -149.774141, 61.139687 ], [ -149.774216, 61.139671 ], [ -149.774272, 61.139648 ], [ -149.774355, 61.139612 ], [ -149.77438, 61.139589 ], [ -149.77438, 61.13956 ], [ -149.774354, 61.139539 ], [ -149.774322, 61.139514 ], [ -149.774285, 61.139493 ], [ -149.774269, 61.13946 ] ] } },
{ "type": "Feature", "properties": { "cls": "separated", "highway": "cycleway", "name": "Kessel Run" }, "geometry": { "type": "LineString", "coordinates": [ [ -149.757632, 61.141857 ], [ -149.757685, 61.141821 ], [ -149.757792, 61.141793 ], [ -149.757878, 61.141762 ], [ -149.757917, 61.141707 ], [ -149.757957, 61.141678 ], [ -149.758071, 61.141613 ], [ -149.758262, 61.1416 ] ] } },
{ "type": "Feature", "properties": { "cls": "shared", "highway": "cycleway", "name": "Moose Meadow Trail" }, "geometry": { "type": "LineString", "coordinates": [ [ -149.753662, 61.15367 ], [ -149.753939, 61.1538 ], [ -149.754114, 61.15385 ], [ -149.754324, 61.153879 ], [ -149.755025, 61.153918 ], [ -149.756063, 61.154094 ], [ -149.756467, 61.154096 ], [ -149.75693, 61.154178 ], [ -149.757092, 61.154193 ], [ -149.757608, 61.154216 ], [ -149.757867, 61.154213 ], [ -149.758632, 61.154157 ], [ -149.758776, 61.154166 ], [ -149.759189, 61.154264 ], [ -149.759368, 61.154278 ], [ -149.759901, 61.154244 ], [ -149.760289, 61.154253 ], [ -149.76056, 61.154279 ], [ -149.760761, 61.154283 ], [ -149.760922, 61.154266 ], [ -149.761326, 61.15416 ], [ -149.761644, 61.154022 ], [ -149.761888, 61.153941 ], [ -149.762023, 61.153917 ], [ -149.762187, 61.153926 ], [ -149.762334, 61.154012 ], [ -149.762566, 61.154279 ], [ -149.762852, 61.15455 ], [ -149.763038, 61.154648 ], [ -149.763166, 61.154683 ], [ -149.763414, 61.154719 ], [ -149.764287, 61.154786 ], [ -149.764819, 61.154805 ], [ -149.765098, 61.154847 ], [ -149.765589, 61.155037 ], [ -149.765739, 61.155071 ], [ -149.766577, 61.15513 ], [ -149.766948, 61.155179 ], [ -149.767153, 61.15522 ], [ -149.76734, 61.155278 ], [ -149.768262, 61.155639 ], [ -149.768413, 61.155673 ], [ -149.768857, 61.155732 ], [ -149.769373, 61.155852 ], [ -149.769992, 61.155965 ], [ -149.770111, 61.155992 ], [ -149.770256, 61.156026 ], [ -149.771019, 61.156249 ], [ -149.771821, 61.156347 ], [ -149.772186, 61.156434 ] ] } },
{ "type": "Feature", "properties": { "cls": "separated", "highway": "cycleway", "name": "Viewpoint Trail" }, "geometry": { "type": "LineString", "coordinates": [ [ -149.772505, 61.156347 ], [ -149.772608, 61.156296 ], [ -149.772675, 61.156224 ], [ -149.772891, 61.155844 ], [ -149.772976, 61.155735 ], [ -149.773103, 61.155628 ], [ -149.773192, 61.155584 ], [ -149.773815, 61.155407 ], [ -149.77392, 61.155358 ], [ -149.773995, 61.155298 ], [ -149.774015, 61.155259 ], [ -149.774048, 61.155194 ], [ -149.774067, 61.154873 ], [ -149.77413, 61.154726 ], [ -149.774405, 61.154413 ], [ -149.774491, 61.154336 ], [ -149.77462, 61.154275 ], [ -149.774981, 61.154187 ], [ -149.775072, 61.154135 ], [ -149.77518, 61.153882 ], [ -149.775263, 61.153764 ], [ -149.775431, 61.153649 ], [ -149.775619, 61.153593 ], [ -149.775746, 61.153574 ], [ -149.775831, 61.153561 ], [ -149.776087, 61.153556 ], [ -149.776231, 61.153571 ], [ -149.776818, 61.153723 ], [ -149.77751, 61.153811 ], [ -149.777565, 61.153823 ] ] } },
{ "type": "Feature", "properties": { "cls": "separated", "highway": "cycleway", "name": "Viewpoint Trail" }, "geometry": { "type": "LineString", "coordinates": [ [ -149.772186, 61.156434 ], [ -149.772505, 61.156347 ] ] } },
{ "type": "Feature", "properties": { "cls": "shared", "highway": "cycleway", "name": "Viewpoint Trail" }, "geometry": { "type": "LineString", "coordinates": [ [ -149.772186, 61.156434 ], [ -149.771827, 61.156816 ], [ -149.771781, 61.156973 ], [ -149.77183, 61.157086 ], [ -149.7719, 61.157168 ], [ -149.772266, 61.157488 ], [ -149.772285, 61.157539 ], [ -149.772263, 61.157616 ], [ -149.772161, 61.157681 ], [ -149.772, 61.157721 ], [ -149.771708, 61.157772 ], [ -149.771197, 61.157836 ], [ -149.770617, 61.157975 ], [ -149.769761, 61.158222 ], [ -149.769605, 61.158309 ], [ -149.769503, 61.158402 ], [ -149.769424, 61.158531 ], [ -149.769428, 61.159059 ], [ -149.769372, 61.159189 ], [ -149.76929, 61.159257 ], [ -149.769169, 61.159311 ], [ -149.768855, 61.159408 ], [ -149.768557, 61.159478 ], [ -149.768096, 61.159534 ], [ -149.767349, 61.159731 ], [ -149.767249, 61.15978 ], [ -149.767175, 61.159879 ], [ -149.76709, 61.160154 ], [ -149.767099, 61.160269 ], [ -149.767234, 61.160499 ], [ -149.767208, 61.160612 ], [ -149.767058, 61.160745 ], [ -149.766909, 61.160825 ], [ -149.766695, 61.160893 ], [ -149.766199, 61.160957 ], [ -149.765934, 61.16101 ], [ -149.765773, 61.161068 ], [ -149.76533, 61.161293 ], [ -149.765191, 61.161427 ], [ -149.765169, 61.161487 ] ] } },
{ "type": "Feature", "properties": { "cls": "separated", "highway": "cycleway", "name": "P-38 Lightning Trail" }, "geometry": { "type": "LineString", "coordinates": [ [ -149.774826, 61.156453 ], [ -149.774461, 61.156658 ], [ -149.774371, 61.156863 ], [ -149.774301, 61.157832 ], [ -149.774206, 61.158544 ], [ -149.774005, 61.158879 ], [ -149.773983, 61.158917 ], [ -149.773296, 61.159236 ], [ -149.771872, 61.159513 ], [ -149.769992, 61.159873 ], [ -149.76982, 61.16013 ], [ -149.769932, 61.160722 ], [ -149.770224, 61.16167 ], [ -149.770352, 61.162589 ], [ -149.770619, 61.163094 ], [ -149.770893, 61.16347 ] ] } },
{ "type": "Feature", "properties": { "cls": "shared", "highway": "cycleway", "name": "Viewpoint Trail" }, "geometry": { "type": "LineString", "coordinates": [ [ -149.765169, 61.161487 ], [ -149.765094, 61.16169 ], [ -149.765164, 61.162064 ], [ -149.765137, 61.162404 ] ] } },
{ "type": "Feature", "properties": { "cls": "separated", "highway": "cycleway", "name": "Birch Knob Trail" }, "geometry": { "type": "LineString", "coordinates": [ [ -149.767722, 61.164996 ], [ -149.768258, 61.164684 ], [ -149.768372, 61.164596 ], [ -149.768378, 61.164584 ], [ -149.768428, 61.164474 ], [ -149.768442, 61.164304 ], [ -149.768507, 61.1641 ], [ -149.768644, 61.16388 ], [ -149.768688, 61.163742 ], [ -149.76862, 61.163605 ], [ -149.768405, 61.163407 ], [ -149.768271, 61.163336 ], [ -149.768131, 61.163296 ], [ -149.767992, 61.163278 ], [ -149.767551, 61.163265 ], [ -149.767377, 61.163242 ], [ -149.766975, 61.163157 ], [ -149.766843, 61.163099 ], [ -149.766749, 61.163022 ], [ -149.766699, 61.162946 ], [ -149.76668, 61.162788 ], [ -149.766717, 61.162692 ], [ -149.766878, 61.162476 ], [ -149.766816, 61.162353 ], [ -149.766558, 61.162174 ], [ -149.766418, 61.162116 ], [ -149.766088, 61.162037 ], [ -149.765902, 61.161957 ], [ -149.765734, 61.161817 ], [ -149.765364, 61.161629 ], [ -149.765169, 61.161487 ] ] } },
{ "type": "Feature", "properties": { "cls": "shared", "highway": "cycleway", "name": "Gasline" }, "geometry": { "type": "LineString", "coordinates": [ [ -149.738142, 61.149026 ], [ -149.738071, 61.149155 ] ] } },
{ "type": "Feature", "properties": { "cls": "shared", "highway": "cycleway", "name": "Gasline Multi-use" }, "geometry": { "type": "LineString", "coordinates": [ [ -149.738071, 61.149155 ], [ -149.73735, 61.150772 ] ] } },
{ "type": "Feature", "properties": { "cls": "separated", "highway": "cycleway", "name": "Brown Bear" }, "geometry": { "type": "LineString", "coordinates": [ [ -149.738794, 61.149224 ], [ -149.738907, 61.149252 ], [ -149.738812, 61.149384 ], [ -149.738827, 61.149499 ], [ -149.738884, 61.149591 ], [ -149.739056, 61.149719 ], [ -149.739249, 61.149808 ], [ -149.739476, 61.149852 ], [ -149.739607, 61.149905 ], [ -149.739846, 61.150054 ], [ -149.740082, 61.150167 ], [ -149.740413, 61.150358 ], [ -149.740842, 61.150497 ], [ -149.741604, 61.150681 ], [ -149.74286, 61.150828 ], [ -149.743342, 61.150951 ], [ -149.743969, 61.151018 ], [ -149.744299, 61.151007 ], [ -149.744574, 61.151015 ], [ -149.745143, 61.151073 ], [ -149.745553, 61.150992 ], [ -149.746477, 61.150964 ], [ -149.746657, 61.150978 ], [ -149.746857, 61.151036 ], [ -149.747142, 61.151149 ], [ -149.747293, 61.151177 ], [ -149.748845, 61.151178 ], [ -149.749489, 61.151161 ], [ -149.750002, 61.151172 ], [ -149.750202, 61.151164 ], [ -149.751125, 61.151065 ] ] } },
{ "type": "Feature", "properties": { "cls": "separated", "highway": "cycleway", "name": "Black Bear Trail" }, "geometry": { "type": "LineString", "coordinates": [ [ -149.738142, 61.149026 ], [ -149.738187, 61.149079 ], [ -149.738265, 61.149088 ], [ -149.738494, 61.149113 ], [ -149.738794, 61.149224 ], [ -149.738924, 61.149216 ], [ -149.739302, 61.149134 ], [ -149.739885, 61.149051 ], [ -149.740027, 61.149045 ], [ -149.740146, 61.149061 ], [ -149.740434, 61.149174 ], [ -149.740479, 61.149201 ], [ -149.740603, 61.149278 ], [ -149.740903, 61.149376 ], [ -149.741121, 61.149508 ], [ -149.741257, 61.149566 ], [ -149.741429, 61.149619 ], [ -149.741636, 61.149703 ], [ -149.742128, 61.149903 ], [ -149.74259, 61.150047 ], [ -149.742797, 61.150111 ], [ -149.743064, 61.15017 ], [ -149.743769, 61.150242 ], [ -149.743884, 61.150241 ], [ -149.744228, 61.150237 ], [ -149.74452, 61.150287 ], [ -149.744663, 61.150295 ], [ -149.744987, 61.15028 ], [ -149.7451, 61.150301 ], [ -149.745577, 61.150499 ], [ -149.746009, 61.150577 ], [ -149.746238, 61.150634 ], [ -149.746692, 61.150791 ], [ -149.746823, 61.15082 ], [ -149.746966, 61.150832 ], [ -149.747203, 61.150813 ], [ -149.747678, 61.150715 ], [ -149.748999, 61.150547 ], [ -149.749418, 61.150572 ], [ -149.750197, 61.15068 ], [ -149.750652, 61.150794 ], [ -149.750925, 61.150844 ], [ -149.75112, 61.150923 ], [ -149.751169, 61.150985 ], [ -149.751125, 61.151065 ], [ -149.750769, 61.151247 ], [ -149.750687, 61.151305 ], [ -149.75065, 61.151369 ], [ -149.75071, 61.151469 ], [ -149.750922, 61.151677 ], [ -149.751074, 61.151752 ], [ -149.751335, 61.15179 ], [ -149.751911, 61.151802 ], [ -149.752203, 61.151823 ], [ -149.752673, 61.151946 ], [ -149.75317, 61.152119 ], [ -149.753482, 61.15217 ], [ -149.753865, 61.152193 ], [ -149.753998, 61.152221 ], [ -149.754226, 61.152311 ], [ -149.754312, 61.152404 ], [ -149.754317, 61.152546 ], [ -149.754433, 61.152732 ], [ -149.754439, 61.152875 ], [ -149.75432, 61.153061 ], [ -149.754241, 61.153269 ], [ -149.754156, 61.153348 ], [ -149.753784, 61.153548 ], [ -149.753709, 61.153606 ], [ -149.753673, 61.153633 ], [ -149.753662, 61.15367 ] ] } },
{ "type": "Feature", "properties": { "cls": "shared", "highway": "path", "name": "Gasline" }, "geometry": { "type": "LineString", "coordinates": [ [ -149.737198, 61.151132 ], [ -149.736839, 61.152113 ], [ -149.736683, 61.152458 ], [ -149.736654, 61.152677 ], [ -149.736635, 61.152726 ], [ -149.736613, 61.152812 ] ] } },
{ "type": "Feature", "properties": { "cls": "separated", "highway": "cycleway", "name": null }, "geometry": { "type": "LineString", "coordinates": [ [ -149.753662, 61.15367 ], [ -149.753617, 61.153662 ], [ -149.753464, 61.153627 ], [ -149.752852, 61.153525 ], [ -149.752561, 61.153504 ], [ -149.752133, 61.153506 ], [ -149.751619, 61.153477 ], [ -149.751365, 61.153497 ], [ -149.750607, 61.153646 ], [ -149.750309, 61.153737 ], [ -149.749679, 61.153988 ], [ -149.749477, 61.154051 ], [ -149.749188, 61.154114 ] ] } },
{ "type": "Feature", "properties": { "cls": "shared", "highway": "cycleway", "name": "Rover's Run" }, "geometry": { "type": "LineString", "coordinates": [ [ -149.735871, 61.1498 ], [ -149.736018, 61.14989 ], [ -149.73613, 61.150079 ], [ -149.736209, 61.150148 ], [ -149.736352, 61.150217 ], [ -149.736462, 61.150275 ], [ -149.736678, 61.150281 ], [ -149.736827, 61.150316 ], [ -149.736887, 61.150469 ], [ -149.736952, 61.150536 ], [ -149.737041, 61.150604 ], [ -149.73735, 61.150772 ], [ -149.737551, 61.150858 ], [ -149.737686, 61.150881 ], [ -149.737981, 61.15089 ], [ -149.738098, 61.150891 ], [ -149.738293, 61.150933 ], [ -149.738451, 61.150937 ], [ -149.738565, 61.150931 ], [ -149.738715, 61.150877 ], [ -149.738879, 61.150907 ], [ -149.739329, 61.150947 ], [ -149.739464, 61.150971 ], [ -149.739622, 61.151028 ], [ -149.740023, 61.151307 ], [ -149.740132, 61.151352 ], [ -149.74039, 61.15139 ], [ -149.740963, 61.151405 ], [ -149.741203, 61.151443 ], [ -149.741353, 61.151494 ], [ -149.741465, 61.151571 ], [ -149.741526, 61.15179 ], [ -149.741597, 61.151899 ], [ -149.74165, 61.151933 ], [ -149.741818, 61.151978 ], [ -149.742489, 61.151982 ], [ -149.742669, 61.151995 ], [ -149.743125, 61.152054 ], [ -149.743612, 61.152156 ], [ -149.74377, 61.152199 ], [ -149.743908, 61.152269 ], [ -149.744138, 61.15243 ], [ -149.74444, 61.152548 ], [ -149.744555, 61.152572 ], [ -149.744915, 61.152602 ], [ -149.745124, 61.152653 ], [ -149.745465, 61.152852 ], [ -149.74559, 61.152902 ], [ -149.745754, 61.152939 ], [ -149.746257, 61.152981 ], [ -149.746615, 61.153068 ], [ -149.747311, 61.153285 ], [ -149.74797, 61.153528 ], [ -149.748705, 61.153892 ], [ -149.749043, 61.154015 ], [ -149.749188, 61.154114 ], [ -149.749289, 61.154253 ], [ -149.749384, 61.154305 ], [ -149.749679, 61.154412 ], [ -149.749999, 61.154574 ], [ -149.750404, 61.154866 ], [ -149.750623, 61.155024 ], [ -149.75156, 61.155469 ], [ -149.751918, 61.15569 ], [ -149.752026, 61.155757 ], [ -149.75254, 61.156025 ], [ -149.753463, 61.156406 ], [ -149.753819, 61.156584 ], [ -149.754053, 61.156653 ], [ -149.754393, 61.156716 ], [ -149.754576, 61.156769 ], [ -149.754652, 61.156826 ], [ -149.754756, 61.157023 ], [ -149.755173, 61.157295 ], [ -149.755307, 61.157368 ], [ -149.756012, 61.157638 ], [ -149.756125, 61.157726 ], [ -149.756523, 61.158192 ], [ -149.756655, 61.158287 ], [ -149.757126, 61.158536 ], [ -149.757359, 61.158742 ], [ -149.757657, 61.158884 ], [ -149.758279, 61.159446 ], [ -149.758417, 61.159503 ], [ -149.758669, 61.159553 ], [ -149.75895, 61.159588 ], [ -149.75909, 61.159625 ], [ -149.759381, 61.159837 ], [ -149.759759, 61.160018 ], [ -149.759927, 61.160133 ], [ -149.759996, 61.160213 ], [ -149.760005, 61.160317 ], [ -149.759938, 61.160851 ], [ -149.759847, 61.161032 ], [ -149.759883, 61.161075 ], [ -149.760064, 61.161128 ], [ -149.760334, 61.161154 ], [ -149.761038, 61.16116 ], [ -149.76131, 61.161175 ], [ -149.761429, 61.161195 ], [ -149.761643, 61.161261 ], [ -149.76228, 61.161532 ], [ -149.762709, 61.161831 ], [ -149.762912, 61.161887 ], [ -149.76334, 61.161931 ], [ -149.763505, 61.161967 ], [ -149.763658, 61.16203 ], [ -149.763954, 61.162213 ], [ -149.7641, 61.162266 ], [ -149.764407, 61.162321 ], [ -149.764503, 61.162332 ], [ -149.765137, 61.162404 ] ] } },
{ "type": "Feature", "properties": { "cls": "shared", "highway": "cycleway", "name": "Handsel and Gretel" }, "geometry": { "type": "LineString", "coordinates": [ [ -149.746409, 61.15696 ], [ -149.746582, 61.157436 ], [ -149.746548, 61.157507 ] ] } },
{ "type": "Feature", "properties": { "cls": "shared", "highway": "cycleway", "name": "2.5 km Loop" }, "geometry": { "type": "LineString", "coordinates": [ [ -149.74879, 61.158206 ], [ -149.748479, 61.158338 ], [ -149.748351, 61.158392 ], [ -149.748277, 61.158446 ], [ -149.748186, 61.158528 ], [ -149.748089, 61.158606 ], [ -149.747838, 61.158756 ], [ -149.747683, 61.158881 ], [ -149.747435, 61.158964 ], [ -149.747273, 61.159045 ], [ -149.747079, 61.159156 ], [ -149.746944, 61.159133 ], [ -149.746478, 61.159095 ], [ -149.746204, 61.159198 ], [ -149.745877, 61.159211 ], [ -149.745448, 61.159172 ], [ -149.744783, 61.159133 ], [ -149.74437, 61.159177 ], [ -149.744091, 61.159237 ], [ -149.743694, 61.159387 ], [ -149.743554, 61.159382 ], [ -149.743522, 61.159501 ], [ -149.743243, 61.159542 ], [ -149.74277, 61.159631 ], [ -149.742288, 61.15944 ], [ -149.741843, 61.159269 ], [ -149.741725, 61.159189 ], [ -149.741584, 61.159093 ], [ -149.741147, 61.158912 ], [ -149.740583, 61.158705 ], [ -149.740339, 61.158595 ], [ -149.740172, 61.158541 ], [ -149.739685, 61.158475 ], [ -149.739471, 61.158447 ], [ -149.739007, 61.158321 ], [ -149.737884, 61.158067 ], [ -149.737296, 61.157899 ], [ -149.737141, 61.157836 ], [ -149.736914, 61.157707 ], [ -149.736627, 61.157489 ], [ -149.73622, 61.157337 ], [ -149.735771, 61.157113 ], [ -149.735661, 61.157043 ], [ -149.735263, 61.156651 ], [ -149.734912, 61.156505 ] ] } },
{ "type": "Feature", "properties": { "cls": "shared", "highway": "cycleway", "name": "Moose Ridge" }, "geometry": { "type": "LineString", "coordinates": [ [ -149.744495, 61.166446 ], [ -149.744564, 61.166422 ], [ -149.744684, 61.166442 ], [ -149.745154, 61.166428 ], [ -149.745313, 61.166487 ], [ -149.745516, 61.166423 ], [ -149.745594, 61.166482 ], [ -149.745651, 61.166444 ], [ -149.746153, 61.166498 ], [ -149.746476, 61.166481 ], [ -149.746522, 61.16642 ], [ -149.748314, 61.166383 ], [ -149.748549, 61.166325 ], [ -149.748867, 61.166195 ], [ -149.74905, 61.166121 ], [ -149.749898, 61.165738 ], [ -149.750054, 61.165643 ], [ -149.750407, 61.165342 ], [ -149.750604, 61.165213 ], [ -149.750819, 61.165156 ], [ -149.751305, 61.165106 ], [ -149.75146, 61.16505 ], [ -149.75238, 61.164579 ], [ -149.752748, 61.164446 ], [ -149.752868, 61.164348 ], [ -149.752949, 61.164195 ], [ -149.752972, 61.164044 ], [ -149.752955, 61.163775 ], [ -149.752864, 61.163402 ], [ -149.752883, 61.163306 ], [ -149.753112, 61.163083 ], [ -149.753314, 61.162769 ], [ -149.753386, 61.162536 ], [ -149.75338, 61.162439 ], [ -149.753306, 61.162219 ], [ -149.753318, 61.162141 ], [ -149.753705, 61.161586 ], [ -149.753975, 61.161414 ], [ -149.75412, 61.161243 ], [ -149.753968, 61.161188 ], [ -149.753812, 61.161106 ], [ -149.753573, 61.160937 ], [ -149.752337, 61.160403 ], [ -149.752155, 61.160294 ], [ -149.751765, 61.159955 ], [ -149.751329, 61.159725 ], [ -149.751154, 61.159648 ], [ -149.750941, 61.15958 ], [ -149.750172, 61.159373 ], [ -149.749822, 61.159302 ], [ -149.749562, 61.159196 ], [ -149.749401, 61.159067 ], [ -149.749341, 61.158964 ], [ -149.749334, 61.158832 ], [ -149.749329, 61.158734 ], [ -149.749287, 61.158623 ], [ -149.748877, 61.158256 ], [ -149.74879, 61.158206 ], [ -149.748696, 61.158153 ], [ -149.748616, 61.157969 ], [ -149.748597, 61.157691 ], [ -149.748519, 61.157491 ], [ -149.748443, 61.157389 ], [ -149.748315, 61.157306 ], [ -149.748196, 61.157267 ], [ -149.747547, 61.157098 ], [ -149.747408, 61.157075 ], [ -149.746837, 61.157029 ], [ -149.746409, 61.15696 ], [ -149.745714, 61.156848 ], [ -149.744354, 61.156562 ], [ -149.743839, 61.156494 ], [ -149.74339, 61.156397 ], [ -149.742721, 61.156353 ], [ -149.74233, 61.156254 ], [ -149.741875, 61.156085 ], [ -149.741271, 61.155939 ], [ -149.740861, 61.155906 ], [ -149.740186, 61.155792 ], [ -149.73934, 61.155695 ], [ -149.739081, 61.155646 ], [ -149.738797, 61.155565 ], [ -149.738465, 61.155436 ], [ -149.73836, 61.155366 ], [ -149.738105, 61.155107 ], [ -149.738077, 61.155008 ], [ -149.738349, 61.154782 ], [ -149.73835, 61.15468 ], [ -149.738281, 61.154522 ], [ -149.738185, 61.154428 ], [ -149.73789, 61.154256 ] ] } },
{ "type": "Feature", "properties": { "cls": "shared", "highway": "cycleway", "name": "Abbott Multi Use Trail" }, "geometry": { "type": "LineString", "coordinates": [ [ -149.775686, 61.139421 ], [ -149.775541, 61.139377 ], [ -149.77538, 61.13932 ], [ -149.775203, 61.139258 ], [ -149.775028, 61.139193 ] ] } },
{ "type": "Feature", "properties": { "cls": "shared", "highway": "cycleway", "name": "Abbott Multi-use Trail" }, "geometry": { "type": "LineString", "coordinates": [ [ -149.777188, 61.140083 ], [ -149.777139, 61.139993 ], [ -149.777107, 61.139921 ], [ -149.777043, 61.139838 ], [ -149.776995, 61.139773 ], [ -149.776941, 61.139724 ], [ -149.776893, 61.13968 ], [ -149.776823, 61.139628 ], [ -149.776748, 61.139587 ], [ -149.77663, 61.139546 ], [ -149.776533, 61.139509 ], [ -149.776383, 61.139491 ], [ -149.776244, 61.139486 ], [ -149.776072, 61.139478 ], [ -149.775954, 61.139468 ], [ -149.775814, 61.13945 ], [ -149.775686, 61.139421 ] ] } },
{ "type": "Feature", "properties": { "cls": "separated", "highway": "cycleway", "name": "Service Single Track" }, "geometry": { "type": "LineString", "coordinates": [ [ -149.776496, 61.140642 ], [ -149.776289, 61.140535 ], [ -149.7762, 61.140451 ], [ -149.776029, 61.140394 ], [ -149.77598, 61.140364 ], [ -149.775924, 61.140341 ], [ -149.775866, 61.140324 ], [ -149.775821, 61.140298 ], [ -149.775638, 61.140262 ], [ -149.775545, 61.140228 ], [ -149.775517, 61.14011 ], [ -149.775526, 61.140006 ], [ -149.775503, 61.139918 ], [ -149.775422, 61.139831 ], [ -149.775306, 61.139812 ], [ -149.775183, 61.139792 ], [ -149.77507, 61.139779 ], [ -149.774938, 61.139752 ], [ -149.774888, 61.139727 ] ] } },
{ "type": "Feature", "properties": { "cls": "shared", "highway": "cycleway", "name": "Homestead Trail" }, "geometry": { "type": "LineString", "coordinates": [ [ -149.776471, 61.140761 ], [ -149.776496, 61.140656 ], [ -149.776496, 61.140642 ], [ -149.776579, 61.14047 ], [ -149.776711, 61.140393 ], [ -149.776735, 61.140378 ], [ -149.776888, 61.140297 ], [ -149.777057, 61.140199 ], [ -149.777188, 61.140083 ] ] } },
{ "type": "Feature", "properties": { "cls": "shared", "highway": "cycleway", "name": "Abbot Multi-use" }, "geometry": { "type": "LineString", "coordinates": [ [ -149.779032, 61.140668 ], [ -149.77884, 61.140718 ], [ -149.778665, 61.140764 ] ] } },
{ "type": "Feature", "properties": { "cls": "shared", "highway": "cycleway", "name": "Abbott Multi-use Trail" }, "geometry": { "type": "LineString", "coordinates": [ [ -149.777666, 61.140886 ], [ -149.777579, 61.140858 ], [ -149.777488, 61.140819 ], [ -149.777424, 61.140778 ], [ -149.777392, 61.140742 ], [ -149.777376, 61.140698 ], [ -149.777364, 61.140655 ], [ -149.777354, 61.140617 ], [ -149.777327, 61.140472 ], [ -149.777295, 61.140333 ], [ -149.777274, 61.14026 ], [ -149.777225, 61.140159 ], [ -149.777188, 61.140083 ] ] } },
{ "type": "Feature", "properties": { "cls": "separated", "highway": "cycleway", "name": "Abbott Loop Trail" }, "geometry": { "type": "LineString", "coordinates": [ [ -149.794838, 61.150638 ], [ -149.794849, 61.150527 ], [ -149.794903, 61.150436 ], [ -149.795021, 61.150351 ], [ -149.795144, 61.150252 ], [ -149.795316, 61.150193 ], [ -149.795563, 61.150136 ], [ -149.795895, 61.150079 ], [ -149.796094, 61.150022 ], [ -149.796276, 61.149968 ], [ -149.796421, 61.149934 ], [ -149.796662, 61.149877 ], [ -149.796947, 61.149799 ], [ -149.797118, 61.149724 ], [ -149.797204, 61.149639 ], [ -149.797317, 61.14951 ], [ -149.79736, 61.149455 ], [ -149.797429, 61.149367 ], [ -149.797612, 61.149227 ], [ -149.797875, 61.149103 ], [ -149.798079, 61.149007 ], [ -149.798229, 61.14893 ], [ -149.798519, 61.148787 ], [ -149.79869, 61.148728 ], [ -149.798862, 61.14865 ], [ -149.798937, 61.148625 ] ] } },
{ "type": "Feature", "properties": { "cls": "shared", "highway": "cycleway", "name": "Abbot Multi-use" }, "geometry": { "type": "LineString", "coordinates": [ [ -149.778665, 61.140764 ], [ -149.778502, 61.140806 ], [ -149.778153, 61.140892 ], [ -149.778041, 61.140918 ], [ -149.777939, 61.140923 ], [ -149.777853, 61.14092 ], [ -149.777819, 61.140914 ], [ -149.777783, 61.140907 ], [ -149.777666, 61.140886 ] ] } },
{ "type": "Feature", "properties": { "cls": "shared", "highway": "cycleway", "name": "Trailside Connector" }, "geometry": { "type": "LineString", "coordinates": [ [ -149.784787, 61.141101 ], [ -149.784892, 61.141103 ], [ -149.785006, 61.141102 ], [ -149.785141, 61.141094 ], [ -149.785304, 61.14107 ], [ -149.785398, 61.141045 ], [ -149.785511, 61.14102 ], [ -149.785546, 61.140998 ], [ -149.785572, 61.140949 ], [ -149.785623, 61.140913 ], [ -149.785695, 61.140898 ] ] } },
{ "type": "Feature", "properties": { "cls": "separated", "highway": "cycleway", "name": "Homestead Trail" }, "geometry": { "type": "LineString", "coordinates": [ [ -149.774938, 61.142125 ], [ -149.77508, 61.142082 ], [ -149.775506, 61.141913 ], [ -149.775842, 61.141792 ], [ -149.775941, 61.14173 ], [ -149.776035, 61.141627 ], [ -149.77618, 61.14136 ], [ -149.776351, 61.141069 ], [ -149.776451, 61.140854 ], [ -149.776471, 61.140761 ] ] } },
{ "type": "Feature", "properties": { "cls": "shared", "highway": "cycleway", "name": "Sahalee Connector" }, "geometry": { "type": "LineString", "coordinates": [ [ -149.786366, 61.141149 ], [ -149.786423, 61.141186 ], [ -149.786522, 61.141236 ], [ -149.786626, 61.141267 ], [ -149.78672, 61.1413 ], [ -149.786803, 61.141333 ], [ -149.786841, 61.141368 ], [ -149.786879, 61.141399 ], [ -149.786937, 61.141458 ], [ -149.786999, 61.141511 ], [ -149.787045, 61.141533 ], [ -149.787104, 61.141544 ], [ -149.787174, 61.141548 ], [ -149.787327, 61.141547 ], [ -149.78742, 61.141552 ], [ -149.787509, 61.141557 ], [ -149.787576, 61.141568 ], [ -149.787656, 61.141597 ], [ -149.787742, 61.141636 ], [ -149.78781, 61.141671 ], [ -149.787922, 61.141716 ], [ -149.78804, 61.141745 ], [ -149.788171, 61.141768 ], [ -149.788394, 61.141794 ], [ -149.788659, 61.141805 ], [ -149.788901, 61.141808 ], [ -149.789116, 61.141807 ], [ -149.789279, 61.141786 ], [ -149.789411, 61.141762 ] ] } },
{ "type": "Feature", "properties": { "cls": "shared", "highway": "cycleway", "name": null }, "geometry": { "type": "LineString", "coordinates": [ [ -149.789357, 61.144956 ], [ -149.789258, 61.144888 ], [ -149.789086, 61.144769 ], [ -149.789014, 61.144651 ], [ -149.788981, 61.144505 ], [ -149.789049, 61.144016 ], [ -149.789006, 61.143574 ], [ -149.788855, 61.143363 ], [ -149.788795, 61.143234 ], [ -149.788796, 61.142886 ], [ -149.788765, 61.142801 ], [ -149.788571, 61.142646 ], [ -149.788394, 61.142443 ], [ -149.788212, 61.142319 ], [ -149.788105, 61.142217 ], [ -149.787992, 61.14205 ], [ -149.787855, 61.141848 ], [ -149.78781, 61.141671 ] ] } },
{ "type": "Feature", "properties": { "cls": "separated", "highway": "cycleway", "name": "Homestead Trail" }, "geometry": { "type": "LineString", "coordinates": [ [ -149.784662, 61.146957 ], [ -149.78433, 61.146812 ], [ -149.78397, 61.146667 ], [ -149.783723, 61.146584 ], [ -149.783439, 61.146522 ], [ -149.783155, 61.146478 ], [ -149.782871, 61.146457 ], [ -149.782538, 61.14645 ], [ -149.782189, 61.146447 ], [ -149.781926, 61.146398 ], [ -149.781664, 61.146331 ], [ -149.781417, 61.146232 ], [ -149.781191, 61.146093 ], [ -149.780907, 61.145916 ], [ -149.780548, 61.145751 ], [ -149.78, 61.145557 ], [ -149.779405, 61.145259 ], [ -149.778509, 61.144852 ], [ -149.77822, 61.144722 ], [ -149.778101, 61.144671 ], [ -149.778021, 61.144636 ], [ -149.77786, 61.144565 ], [ -149.777565, 61.144487 ], [ -149.777334, 61.144438 ], [ -149.777098, 61.144335 ], [ -149.776911, 61.144234 ], [ -149.776717, 61.144094 ], [ -149.776535, 61.143985 ], [ -149.776283, 61.143874 ], [ -149.776042, 61.143757 ], [ -149.775918, 61.143677 ], [ -149.775806, 61.143615 ], [ -149.775607, 61.14354 ], [ -149.775486, 61.143504 ], [ -149.775425, 61.143486 ], [ -149.775301, 61.143403 ], [ -149.775183, 61.143294 ], [ -149.775044, 61.143159 ], [ -149.775006, 61.143051 ], [ -149.775028, 61.14296 ], [ -149.775071, 61.142864 ], [ -149.775067, 61.142764 ], [ -149.775002, 61.142663 ], [ -149.774822, 61.142416 ], [ -149.774785, 61.142327 ], [ -149.774764, 61.142257 ], [ -149.774777, 61.142204 ], [ -149.774828, 61.142157 ], [ -149.774938, 61.142125 ] ] } },
{ "type": "Feature", "properties": { "cls": "shared", "highway": "cycleway", "name": "Homestead Trail" }, "geometry": { "type": "LineString", "coordinates": [ [ -149.794838, 61.150638 ], [ -149.794688, 61.150617 ], [ -149.794399, 61.15056 ], [ -149.79413, 61.150503 ], [ -149.793884, 61.150428 ], [ -149.793621, 61.150325 ], [ -149.793379, 61.150221 ], [ -149.793068, 61.150136 ], [ -149.792827, 61.150092 ], [ -149.792591, 61.150053 ], [ -149.792317, 61.14995 ], [ -149.792097, 61.149841 ], [ -149.791904, 61.14975 ], [ -149.791647, 61.149644 ], [ -149.7914, 61.149559 ], [ -149.790981, 61.149452 ], [ -149.790746, 61.149406 ], [ -149.790504, 61.149362 ], [ -149.790172, 61.149315 ], [ -149.789995, 61.149269 ], [ -149.789774, 61.149181 ], [ -149.789383, 61.149036 ], [ -149.789136, 61.148935 ], [ -149.788927, 61.148886 ], [ -149.788757, 61.148854 ], [ -149.788653, 61.148834 ], [ -149.788407, 61.148774 ], [ -149.788203, 61.148702 ], [ -149.787972, 61.148601 ], [ -149.787806, 61.148526 ], [ -149.787495, 61.148433 ], [ -149.787189, 61.148352 ], [ -149.78691, 61.148301 ], [ -149.786642, 61.148251 ], [ -149.786449, 61.14821 ], [ -149.786293, 61.148158 ], [ -149.786196, 61.148088 ], [ -149.786121, 61.147982 ], [ -149.785993, 61.147793 ], [ -149.785821, 61.147625 ], [ -149.785622, 61.147488 ], [ -149.785327, 61.147353 ], [ -149.785156, 61.147268 ], [ -149.784979, 61.147131 ], [ -149.784662, 61.146957 ] ] } },
{ "type": "Feature", "properties": { "cls": "separated", "highway": "cycleway", "name": "Viewpoint Trail" }, "geometry": { "type": "LineString", "coordinates": [ [ -149.789721, 61.15238 ], [ -149.789943, 61.152382 ], [ -149.791091, 61.152295 ], [ -149.791692, 61.152207 ], [ -149.791964, 61.152149 ] ] } },
{ "type": "Feature", "properties": { "cls": "separated", "highway": "cycleway", "name": "Viewpoint Trail" }, "geometry": { "type": "LineString", "coordinates": [ [ -149.78021, 61.153328 ], [ -149.78026, 61.153274 ], [ -149.780601, 61.153007 ], [ -149.780698, 61.152954 ], [ -149.780851, 61.152908 ], [ -149.781102, 61.152881 ], [ -149.781565, 61.152869 ], [ -149.782105, 61.152869 ], [ -149.782693, 61.152841 ], [ -149.784022, 61.15284 ], [ -149.784312, 61.15282 ], [ -149.784893, 61.152685 ], [ -149.786399, 61.152374 ], [ -149.78661, 61.152306 ], [ -149.786956, 61.152122 ], [ -149.787132, 61.152074 ], [ -149.787362, 61.152043 ], [ -149.787768, 61.152033 ], [ -149.788357, 61.15206 ], [ -149.788517, 61.152079 ], [ -149.788663, 61.152115 ], [ -149.78896, 61.152237 ], [ -149.789241, 61.152323 ], [ -149.789396, 61.152351 ], [ -149.789721, 61.15238 ] ] } },
{ "type": "Feature", "properties": { "cls": "separated", "highway": "cycleway", "name": "Coyote Trail" }, "geometry": { "type": "LineString", "coordinates": [ [ -149.794539, 61.151104 ], [ -149.794619, 61.151073 ], [ -149.794758, 61.15098 ], [ -149.79486, 61.150866 ], [ -149.794897, 61.150767 ], [ -149.794838, 61.150638 ] ] } },
{ "type": "Feature", "properties": { "cls": "separated", "highway": "cycleway", "name": "Coyote Trail" }, "geometry": { "type": "LineString", "coordinates": [ [ -149.791964, 61.152149 ], [ -149.792022, 61.152 ], [ -149.792044, 61.15187 ], [ -149.792167, 61.151741 ], [ -149.792312, 61.151663 ], [ -149.792548, 61.151578 ], [ -149.792859, 61.151518 ], [ -149.793075, 61.151491 ], [ -149.793165, 61.151479 ], [ -149.793454, 61.151477 ], [ -149.79376, 61.151422 ], [ -149.793964, 61.151334 ], [ -149.794141, 61.151254 ], [ -149.794399, 61.151158 ], [ -149.794539, 61.151104 ] ] } },
{ "type": "Feature", "properties": { "cls": "separated", "highway": "cycleway", "name": "Coyote Trail" }, "geometry": { "type": "LineString", "coordinates": [ [ -149.791974, 61.154313 ], [ -149.791936, 61.154243 ], [ -149.791851, 61.154163 ], [ -149.791786, 61.154036 ], [ -149.791759, 61.153941 ], [ -149.791824, 61.153824 ], [ -149.79191, 61.153749 ], [ -149.791985, 61.153674 ], [ -149.791969, 61.153586 ], [ -149.791824, 61.153457 ], [ -149.791684, 61.153366 ], [ -149.791523, 61.153281 ], [ -149.791486, 61.153203 ], [ -149.79147, 61.153084 ], [ -149.791582, 61.152978 ], [ -149.791727, 61.152872 ], [ -149.791845, 61.152747 ], [ -149.791872, 61.152652 ], [ -149.791886, 61.152615 ], [ -149.791915, 61.15254 ], [ -149.791936, 61.152429 ], [ -149.791974, 61.152274 ], [ -149.791964, 61.152149 ] ] } },
{ "type": "Feature", "properties": { "cls": "shared", "highway": "cycleway", "name": "Lore Road Trail" }, "geometry": { "type": "LineString", "coordinates": [ [ -149.80375, 61.152388 ], [ -149.803467, 61.152431 ], [ -149.803177, 61.152416 ], [ -149.802554, 61.152248 ], [ -149.801788, 61.15212 ], [ -149.801415, 61.152147 ], [ -149.80119, 61.15216 ], [ -149.800992, 61.152219 ], [ -149.80075, 61.152341 ], [ -149.800541, 61.152502 ], [ -149.800385, 61.152644 ], [ -149.800133, 61.152817 ], [ -149.799913, 61.152939 ], [ -149.799725, 61.152978 ], [ -149.79958, 61.153063 ], [ -149.799554, 61.153076 ], [ -149.799366, 61.153177 ], [ -149.799232, 61.153273 ], [ -149.799184, 61.153402 ], [ -149.799125, 61.153581 ], [ -149.799109, 61.153721 ], [ -149.799125, 61.153907 ], [ -149.799135, 61.153942 ], [ -149.799283, 61.154064 ], [ -149.799245, 61.154127 ], [ -149.799151, 61.154189 ], [ -149.798926, 61.154334 ], [ -149.798801, 61.154448 ] ] } },
{ "type": "Feature", "properties": { "cls": "separated", "highway": "cycleway", "name": "Lynx Trail" }, "geometry": { "type": "LineString", "coordinates": [ [ -149.798801, 61.154448 ], [ -149.798604, 61.154381 ], [ -149.798418, 61.154333 ], [ -149.798115, 61.154294 ], [ -149.79783, 61.154214 ], [ -149.797564, 61.154042 ], [ -149.7974, 61.153988 ], [ -149.795879, 61.153801 ], [ -149.7954, 61.153778 ], [ -149.794738, 61.153807 ], [ -149.793873, 61.153924 ], [ -149.793265, 61.154073 ], [ -149.792754, 61.154159 ], [ -149.792454, 61.154257 ], [ -149.792234, 61.154296 ], [ -149.791974, 61.154313 ] ] } },
{ "type": "Feature", "properties": { "cls": "shared", "highway": "cycleway", "name": "Lynx Trail" }, "geometry": { "type": "LineString", "coordinates": [ [ -149.798801, 61.154448 ], [ -149.798891, 61.154494 ], [ -149.799022, 61.154513 ], [ -149.799509, 61.154555 ], [ -149.799706, 61.154582 ], [ -149.799871, 61.154672 ], [ -149.799981, 61.154716 ], [ -149.80009, 61.154735 ], [ -149.800546, 61.154812 ], [ -149.800769, 61.154858 ], [ -149.800954, 61.154959 ], [ -149.801118, 61.155097 ], [ -149.801141, 61.155168 ], [ -149.801121, 61.155237 ], [ -149.801064, 61.155289 ], [ -149.800762, 61.155376 ], [ -149.800636, 61.155484 ], [ -149.800559, 61.15565 ], [ -149.800541, 61.155698 ], [ -149.800632, 61.155885 ], [ -149.800591, 61.155959 ], [ -149.800467, 61.156016 ], [ -149.800167, 61.156081 ], [ -149.800063, 61.156128 ], [ -149.799999, 61.15619 ], [ -149.799962, 61.156446 ], [ -149.799905, 61.156577 ], [ -149.799892, 61.15681 ], [ -149.799904, 61.156881 ], [ -149.79998, 61.156958 ], [ -149.800187, 61.15708 ], [ -149.800384, 61.157373 ], [ -149.800561, 61.157493 ], [ -149.800682, 61.157744 ], [ -149.800757, 61.157814 ], [ -149.801314, 61.158064 ], [ -149.80148, 61.158155 ], [ -149.801476, 61.158239 ], [ -149.801426, 61.158516 ] ] } },
{ "type": "Feature", "properties": { "cls": "separated", "highway": "cycleway", "name": "P-38 Lightning Trail" }, "geometry": { "type": "LineString", "coordinates": [ [ -149.786337, 61.153941 ], [ -149.786789, 61.153556 ], [ -149.786923, 61.153459 ], [ -149.787246, 61.152983 ], [ -149.78732, 61.152911 ], [ -149.787651, 61.152688 ], [ -149.787779, 61.152639 ], [ -149.788072, 61.152567 ], [ -149.788262, 61.152538 ], [ -149.788624, 61.152519 ], [ -149.789094, 61.152545 ], [ -149.789323, 61.152526 ], [ -149.789721, 61.15238 ] ] } },
{ "type": "Feature", "properties": { "cls": "separated", "highway": "cycleway", "name": "Viewpoint Trail" }, "geometry": { "type": "LineString", "coordinates": [ [ -149.779965, 61.153693 ], [ -149.780038, 61.153632 ], [ -149.780154, 61.153387 ], [ -149.780179, 61.15336 ], [ -149.78021, 61.153328 ] ] } },
{ "type": "Feature", "properties": { "cls": "separated", "highway": "cycleway", "name": null }, "geometry": { "type": "LineString", "coordinates": [ [ -149.78021, 61.153328 ], [ -149.779477, 61.153394 ], [ -149.779195, 61.153434 ], [ -149.777565, 61.153823 ] ] } },
{ "type": "Feature", "properties": { "cls": "separated", "highway": "cycleway", "name": "Viewpoint Trail" }, "geometry": { "type": "LineString", "coordinates": [ [ -149.777565, 61.153823 ], [ -149.777656, 61.153846 ] ] } },
{ "type": "Feature", "properties": { "cls": "separated", "highway": "cycleway", "name": "Viewpoint Trail" }, "geometry": { "type": "LineString", "coordinates": [ [ -149.777656, 61.153846 ], [ -149.777971, 61.153972 ], [ -149.778189, 61.154009 ], [ -149.778353, 61.154001 ], [ -149.778924, 61.153927 ], [ -149.779715, 61.15378 ], [ -149.779859, 61.153741 ], [ -149.779965, 61.153693 ] ] } },
{ "type": "Feature", "properties": { "cls": "separated", "highway": "cycleway", "name": "Coyote Trail" }, "geometry": { "type": "LineString", "coordinates": [ [ -149.791706, 61.155028 ], [ -149.791818, 61.154934 ], [ -149.791888, 61.154849 ], [ -149.79192, 61.154769 ], [ -149.791883, 61.154683 ], [ -149.791797, 61.154616 ], [ -149.791775, 61.154533 ], [ -149.791834, 61.15443 ], [ -149.791899, 61.154368 ], [ -149.791974, 61.154313 ] ] } },
{ "type": "Feature", "properties": { "cls": "separated", "highway": "cycleway", "name": "P-38 Lightning Trail" }, "geometry": { "type": "LineString", "coordinates": [ [ -149.786337, 61.153941 ], [ -149.786008, 61.154034 ], [ -149.785526, 61.154563 ], [ -149.785391, 61.15492 ], [ -149.785124, 61.155099 ], [ -149.782901, 61.156242 ], [ -149.781833, 61.156278 ], [ -149.780438, 61.156143 ], [ -149.776524, 61.156313 ], [ -149.774826, 61.156453 ] ] } },
{ "type": "Feature", "properties": { "cls": "separated", "highway": "cycleway", "name": "Coyote Trail" }, "geometry": { "type": "LineString", "coordinates": [ [ -149.791706, 61.155028 ], [ -149.791541, 61.155141 ], [ -149.791313, 61.155298 ] ] } },
{ "type": "Feature", "properties": { "cls": "separated", "highway": "cycleway", "name": "Coyote Trail" }, "geometry": { "type": "LineString", "coordinates": [ [ -149.791313, 61.155298 ], [ -149.791213, 61.155366 ], [ -149.791003, 61.155484 ], [ -149.790857, 61.15551 ], [ -149.790664, 61.155535 ], [ -149.79046, 61.155596 ], [ -149.790377, 61.155686 ] ] } },
{ "type": "Feature", "properties": { "cls": "shared", "highway": "cycleway", "name": "Coyote Trail" }, "geometry": { "type": "LineString", "coordinates": [ [ -149.793272, 61.159546 ], [ -149.792999, 61.159422 ], [ -149.793055, 61.15905 ], [ -149.792943, 61.158519 ], [ -149.792746, 61.158226 ], [ -149.792119, 61.157845 ], [ -149.791089, 61.157215 ], [ -149.79066, 61.156909 ], [ -149.790402, 61.156478 ], [ -149.790351, 61.155894 ], [ -149.790377, 61.155686 ] ] } },
{ "type": "Feature", "properties": { "cls": "shared", "highway": "cycleway", "name": "Campbell Airstrip Trail" }, "geometry": { "type": "LineString", "coordinates": [ [ -149.77179, 61.163754 ], [ -149.77274, 61.163254 ], [ -149.773788, 61.162557 ], [ -149.780057, 61.159605 ], [ -149.781596, 61.158835 ], [ -149.786849, 61.156207 ], [ -149.789401, 61.155008 ], [ -149.789767, 61.154968 ], [ -149.790139, 61.154991 ], [ -149.790528, 61.155051 ], [ -149.791313, 61.155298 ] ] } },
{ "type": "Feature", "properties": { "cls": "shared", "highway": "cycleway", "name": "Moose Track Trail" }, "geometry": { "type": "LineString", "coordinates": [ [ -149.793584, 61.159869 ], [ -149.793192, 61.159996 ], [ -149.792982, 61.160048 ], [ -149.792672, 61.160076 ], [ -149.7924, 61.160071 ], [ -149.792331, 61.160072 ], [ -149.792263, 61.16009 ], [ -149.792113, 61.160188 ], [ -149.79185, 61.160337 ], [ -149.791791, 61.16041 ], [ -149.791777, 61.160565 ], [ -149.79169, 61.160636 ], [ -149.791558, 61.160774 ], [ -149.79136, 61.160933 ], [ -149.791203, 61.161089 ], [ -149.79086, 61.161239 ], [ -149.790564, 61.161409 ], [ -149.790417, 61.161448 ], [ -149.790184, 61.161484 ], [ -149.789978, 61.161501 ], [ -149.789881, 61.161539 ], [ -149.789806, 61.161585 ], [ -149.789631, 61.161711 ], [ -149.789313, 61.161883 ], [ -149.789122, 61.16195 ], [ -149.788604, 61.16208 ], [ -149.788162, 61.162306 ], [ -149.788033, 61.162351 ], [ -149.787101, 61.162449 ], [ -149.786898, 61.162457 ], [ -149.786733, 61.16244 ], [ -149.786692, 61.162413 ], [ -149.786681, 61.162379 ], [ -149.786592, 61.162329 ], [ -149.786475, 61.162327 ], [ -149.786383, 61.162343 ], [ -149.786213, 61.162379 ], [ -149.785827, 61.162485 ], [ -149.785681, 61.162521 ], [ -149.785547, 61.162519 ], [ -149.785184, 61.162461 ], [ -149.785011, 61.162499 ], [ -149.784743, 61.162534 ], [ -149.784513, 61.162531 ], [ -149.784341, 61.162513 ], [ -149.784183, 61.162533 ], [ -149.784063, 61.162563 ], [ -149.783727, 61.162601 ], [ -149.783525, 61.162645 ], [ -149.783401, 61.162683 ], [ -149.783108, 61.162833 ] ] } },
{ "type": "Feature", "properties": { "cls": "shared", "highway": "cycleway", "name": "Moose Track Trail" }, "geometry": { "type": "LineString", "coordinates": [ [ -149.77765, 61.165561 ], [ -149.777803, 61.165533 ], [ -149.778347, 61.165496 ], [ -149.778488, 61.165449 ], [ -149.778554, 61.165386 ], [ -149.778637, 61.16523 ], [ -149.778736, 61.165159 ], [ -149.778976, 61.165063 ], [ -149.779201, 61.16487 ], [ -149.779507, 61.164713 ], [ -149.779602, 61.164671 ], [ -149.779998, 61.164557 ], [ -149.780565, 61.164288 ], [ -149.781345, 61.164013 ], [ -149.782177, 61.163633 ], [ -149.782522, 61.163424 ], [ -149.782588, 61.163272 ], [ -149.782616, 61.163172 ], [ -149.782749, 61.163095 ], [ -149.783108, 61.162833 ] ] } },
{ "type": "Feature", "properties": { "cls": "shared", "highway": "cycleway", "name": null }, "geometry": { "type": "LineString", "coordinates": [ [ -149.77732, 61.164883 ], [ -149.777363, 61.164885 ] ] } },
{ "type": "Feature", "properties": { "cls": "shared", "highway": "cycleway", "name": null }, "geometry": { "type": "LineString", "coordinates": [ [ -149.77765, 61.165561 ], [ -149.777686, 61.165455 ], [ -149.777355, 61.164966 ], [ -149.777324, 61.164911 ], [ -149.77732, 61.164883 ] ] } },
{ "type": "Feature", "properties": { "cls": "shared", "highway": "cycleway", "name": "Moose Track Trail" }, "geometry": { "type": "LineString", "coordinates": [ [ -149.777024, 61.165873 ], [ -149.777037, 61.16583 ], [ -149.777152, 61.16579 ], [ -149.777536, 61.165609 ], [ -149.77765, 61.165561 ] ] } },
{ "type": "Feature", "properties": { "cls": "shared", "highway": "cycleway", "name": "Old Rondy Trail" }, "geometry": { "type": "LineString", "coordinates": [ [ -149.782071, 61.166427 ], [ -149.781853, 61.166404 ], [ -149.780938, 61.166401 ], [ -149.779892, 61.166427 ], [ -149.779766, 61.166415 ], [ -149.779627, 61.166385 ], [ -149.778858, 61.166202 ], [ -149.778376, 61.166116 ], [ -149.777203, 61.165936 ], [ -149.777024, 61.165873 ] ] } },
{ "type": "Feature", "properties": { "cls": "shared", "highway": "cycleway", "name": "Old Rondy Trail" }, "geometry": { "type": "LineString", "coordinates": [ [ -149.782071, 61.166427 ], [ -149.782271, 61.166504 ], [ -149.782453, 61.166562 ], [ -149.782634, 61.166596 ], [ -149.782911, 61.166632 ], [ -149.783431, 61.166721 ], [ -149.783667, 61.166771 ], [ -149.783797, 61.166793 ], [ -149.783923, 61.166792 ], [ -149.784466, 61.166698 ], [ -149.784684, 61.166679 ], [ -149.784885, 61.166704 ], [ -149.78501, 61.16675 ], [ -149.785078, 61.166829 ], [ -149.785094, 61.16692 ], [ -149.785096, 61.167196 ], [ -149.785041, 61.167512 ] ] } },
{ "type": "Feature", "properties": { "cls": "shared", "highway": "cycleway", "name": "Old Rondy Trail" }, "geometry": { "type": "LineString", "coordinates": [ [ -149.785041, 61.167512 ], [ -149.784998, 61.167676 ] ] } },
{ "type": "Feature", "properties": { "cls": "shared", "highway": "cycleway", "name": "Old Rondy Trail" }, "geometry": { "type": "LineString", "coordinates": [ [ -149.784998, 61.167676 ], [ -149.784988, 61.167797 ], [ -149.78504, 61.167982 ], [ -149.785024, 61.168058 ], [ -149.784963, 61.168103 ], [ -149.78487, 61.168137 ] ] } },
{ "type": "Feature", "properties": { "cls": "shared", "highway": "cycleway", "name": "Lynx Trail" }, "geometry": { "type": "LineString", "coordinates": [ [ -149.801426, 61.158516 ], [ -149.801434, 61.158569 ], [ -149.801437, 61.158622 ], [ -149.801441, 61.158675 ], [ -149.801382, 61.158745 ] ] } },
{ "type": "Feature", "properties": { "cls": "shared", "highway": "cycleway", "name": "Moose Track Trail" }, "geometry": { "type": "LineString", "coordinates": [ [ -149.801382, 61.158745 ], [ -149.801214, 61.158815 ], [ -149.800973, 61.158879 ], [ -149.800814, 61.158897 ], [ -149.800347, 61.158875 ], [ -149.799993, 61.15893 ], [ -149.799599, 61.158937 ], [ -149.799291, 61.159057 ], [ -149.799091, 61.159088 ], [ -149.798824, 61.159104 ], [ -149.798641, 61.159133 ], [ -149.798443, 61.159193 ], [ -149.798218, 61.159183 ], [ -149.798054, 61.159199 ], [ -149.79787, 61.159196 ], [ -149.797656, 61.159232 ], [ -149.797367, 61.159213 ], [ -149.796937, 61.159262 ], [ -149.796703, 61.159266 ], [ -149.796284, 61.159283 ], [ -149.79596, 61.159314 ], [ -149.794577, 61.159504 ], [ -149.794297, 61.159545 ], [ -149.794146, 61.159591 ], [ -149.793652, 61.159847 ], [ -149.793584, 61.159869 ] ] } },
{ "type": "Feature", "properties": { "cls": "shared", "highway": "cycleway", "name": "Coyote Trail" }, "geometry": { "type": "LineString", "coordinates": [ [ -149.793584, 61.159869 ], [ -149.79345, 61.159771 ], [ -149.793425, 61.159674 ], [ -149.793367, 61.159596 ], [ -149.793272, 61.159546 ] ] } },
{ "type": "Feature", "properties": { "cls": "shared", "highway": "cycleway", "name": "Old Rondy Trail" }, "geometry": { "type": "LineString", "coordinates": [ [ -149.794779, 61.173982 ], [ -149.794673, 61.173807 ] ] } },
{ "type": "Feature", "properties": { "cls": "shared", "highway": "cycleway", "name": "Old Rondy Trail" }, "geometry": { "type": "LineString", "coordinates": [ [ -149.796175, 61.177593 ], [ -149.796136, 61.177521 ], [ -149.79618, 61.177057 ], [ -149.796313, 61.176739 ], [ -149.7967, 61.17577 ], [ -149.79674, 61.175691 ], [ -149.79686, 61.175506 ], [ -149.797003, 61.175069 ], [ -149.797065, 61.174945 ], [ -149.797056, 61.174889 ], [ -149.796997, 61.174852 ], [ -149.796859, 61.174811 ], [ -149.796635, 61.174781 ], [ -149.794684, 61.174561 ], [ -149.79455, 61.174533 ], [ -149.794526, 61.174492 ], [ -149.794543, 61.174444 ], [ -149.794809, 61.17415 ], [ -149.794833, 61.174087 ], [ -149.794779, 61.173982 ] ] } },
{ "type": "Feature", "properties": { "cls": "shared", "highway": "cycleway", "name": null }, "geometry": { "type": "LineString", "coordinates": [ [ -149.797109, 61.177132 ], [ -149.796652, 61.176986 ], [ -149.796517, 61.176932 ], [ -149.796415, 61.176867 ], [ -149.796313, 61.176739 ] ] } },
{ "type": "Feature", "properties": { "cls": "shared", "highway": "cycleway", "name": "Campbell Creek Trail" }, "geometry": { "type": "LineString", "coordinates": [ [ -149.796252, 61.177605 ], [ -149.796265, 61.177588 ], [ -149.796345, 61.177502 ], [ -149.796465, 61.17741 ], [ -149.796606, 61.177321 ], [ -149.796788, 61.177241 ], [ -149.796985, 61.177167 ], [ -149.797109, 61.177132 ], [ -149.797394, 61.17708 ], [ -149.797721, 61.177051 ], [ -149.797904, 61.177048 ], [ -149.798086, 61.177055 ], [ -149.798295, 61.177076 ], [ -149.798489, 61.177107 ], [ -149.80023, 61.177441 ], [ -149.800759, 61.177544 ] ] } },
{ "type": "Feature", "properties": { "cls": "shared", "highway": "cycleway", "name": "Gorge Trail" }, "geometry": { "type": "LineString", "coordinates": [ [ -149.7166, 61.1452 ], [ -149.716195, 61.145181 ], [ -149.715999, 61.145226 ], [ -149.715775, 61.145227 ], [ -149.715549, 61.14517 ], [ -149.715353, 61.145103 ], [ -149.71516, 61.145108 ], [ -149.714943, 61.145014 ], [ -149.714743, 61.145022 ], [ -149.714511, 61.144987 ], [ -149.714334, 61.144951 ], [ -149.714252, 61.144976 ], [ -149.714067, 61.144993 ], [ -149.713914, 61.145015 ] ] } },
{ "type": "Feature", "properties": { "cls": "separated", "highway": "cycleway", "name": "Eh-Line" }, "geometry": { "type": "LineString", "coordinates": [ [ -149.724533, 61.144957 ], [ -149.724563, 61.144965 ], [ -149.724947, 61.144991 ] ] } },
{ "type": "Feature", "properties": { "cls": "separated", "highway": "cycleway", "name": "Ticket to Ride" }, "geometry": { "type": "LineString", "coordinates": [ [ -149.738071, 61.149155 ], [ -149.737646, 61.14907 ], [ -149.737436, 61.149063 ], [ -149.737301, 61.148941 ], [ -149.737302, 61.148899 ], [ -149.737228, 61.14882 ], [ -149.737162, 61.148821 ], [ -149.737031, 61.148851 ], [ -149.736912, 61.148832 ], [ -149.736791, 61.148759 ], [ -149.736755, 61.14868 ], [ -149.736619, 61.14864 ], [ -149.73656, 61.148659 ], [ -149.736573, 61.14872 ], [ -149.736529, 61.148742 ], [ -149.736449, 61.14874 ], [ -149.73635, 61.148561 ], [ -149.736311, 61.148495 ], [ -149.736158, 61.148395 ], [ -149.735951, 61.148319 ], [ -149.735817, 61.148271 ], [ -149.735755, 61.148262 ], [ -149.735722, 61.148283 ], [ -149.735727, 61.148353 ], [ -149.73569, 61.148353 ], [ -149.735341, 61.148209 ], [ -149.735176, 61.14809 ], [ -149.735034, 61.148029 ], [ -149.734831, 61.147881 ], [ -149.734692, 61.147702 ], [ -149.734611, 61.147623 ], [ -149.734514, 61.147552 ], [ -149.734467, 61.147488 ], [ -149.734532, 61.147388 ], [ -149.734544, 61.147368 ], [ -149.734602, 61.147304 ], [ -149.734643, 61.147129 ], [ -149.734754, 61.146963 ], [ -149.73489, 61.146762 ], [ -149.734948, 61.146675 ], [ -149.735008, 61.146525 ], [ -149.735054, 61.146415 ], [ -149.735188, 61.146263 ], [ -149.735245, 61.146191 ], [ -149.735351, 61.146116 ], [ -149.735448, 61.146043 ], [ -149.735441, 61.146022 ], [ -149.735409, 61.146011 ], [ -149.735357, 61.14601 ], [ -149.735212, 61.146073 ], [ -149.735039, 61.14613 ], [ -149.734837, 61.1462 ], [ -149.734643, 61.146267 ], [ -149.734558, 61.146294 ], [ -149.734432, 61.146329 ], [ -149.73434, 61.146232 ], [ -149.734325, 61.146196 ], [ -149.734297, 61.146122 ], [ -149.734263, 61.146105 ], [ -149.73423, 61.146094 ], [ -149.734185, 61.146117 ], [ -149.73414, 61.146142 ], [ -149.734086, 61.146219 ], [ -149.733962, 61.146265 ], [ -149.733782, 61.146308 ], [ -149.733675, 61.146241 ], [ -149.733589, 61.146181 ], [ -149.733533, 61.146173 ], [ -149.733502, 61.146209 ], [ -149.733481, 61.146293 ], [ -149.733465, 61.14639 ], [ -149.733395, 61.14646 ], [ -149.733237, 61.146525 ], [ -149.733131, 61.146592 ], [ -149.733053, 61.146638 ], [ -149.732963, 61.146651 ], [ -149.732924, 61.14663 ], [ -149.732954, 61.146518 ], [ -149.732882, 61.146355 ], [ -149.732837, 61.14626 ], [ -149.732582, 61.146123 ], [ -149.732506, 61.146082 ], [ -149.732262, 61.145996 ], [ -149.732001, 61.145902 ], [ -149.731794, 61.14583 ], [ -149.731538, 61.145692 ], [ -149.731141, 61.145642 ], [ -149.730722, 61.145587 ], [ -149.730556, 61.145464 ], [ -149.730368, 61.145398 ], [ -149.73017, 61.145369 ], [ -149.729922, 61.14541 ], [ -149.729772, 61.145512 ], [ -149.729681, 61.14551 ], [ -149.729527, 61.14545 ], [ -149.729318, 61.145511 ], [ -149.728989, 61.14548 ], [ -149.728818, 61.145541 ], [ -149.728722, 61.145541 ], [ -149.728287, 61.145418 ], [ -149.728138, 61.14532 ], [ -149.728007, 61.145262 ], [ -149.727968, 61.145102 ], [ -149.727839, 61.145002 ], [ -149.727573, 61.144961 ], [ -149.727395, 61.144869 ], [ -149.727072, 61.144858 ], [ -149.726899, 61.144839 ], [ -149.726788, 61.144777 ], [ -149.726783, 61.1447 ], [ -149.726901, 61.144649 ], [ -149.727163, 61.144537 ], [ -149.72719, 61.144492 ], [ -149.727185, 61.144463 ], [ -149.727183, 61.144451 ], [ -149.727072, 61.144376 ], [ -149.727035, 61.144302 ], [ -149.726815, 61.144152 ], [ -149.72683, 61.144039 ], [ -149.72692, 61.143899 ], [ -149.726857, 61.143811 ], [ -149.726693, 61.143776 ], [ -149.726289, 61.143793 ], [ -149.726121, 61.14381 ], [ -149.725982, 61.143848 ], [ -149.725809, 61.143895 ], [ -149.725688, 61.14391 ], [ -149.725571, 61.143879 ], [ -149.725478, 61.143834 ], [ -149.725341, 61.143823 ], [ -149.725182, 61.143812 ], [ -149.725055, 61.143779 ], [ -149.724987, 61.14374 ], [ -149.724854, 61.14372 ], [ -149.724573, 61.143676 ], [ -149.724412, 61.143624 ], [ -149.724289, 61.143582 ], [ -149.724101, 61.143582 ], [ -149.723924, 61.143583 ], [ -149.72382, 61.143586 ] ] } },
{ "type": "Feature", "properties": { "cls": "separated", "highway": "cycleway", "name": "Dig Deep" }, "geometry": { "type": "LineString", "coordinates": [ [ -149.714771, 61.144009 ], [ -149.715261, 61.14412 ], [ -149.715633, 61.144265 ], [ -149.715964, 61.144321 ], [ -149.716436, 61.144288 ], [ -149.716572, 61.144285 ], [ -149.716816, 61.144357 ], [ -149.717193, 61.144462 ], [ -149.717476, 61.144502 ], [ -149.717843, 61.144478 ], [ -149.718118, 61.144429 ], [ -149.718346, 61.14449 ], [ -149.718444, 61.144567 ], [ -149.718647, 61.14462 ], [ -149.719157, 61.144597 ], [ -149.719295, 61.144604 ], [ -149.719312, 61.14463 ], [ -149.719121, 61.144698 ], [ -149.719124, 61.144731 ], [ -149.719215, 61.144733 ], [ -149.719369, 61.14472 ], [ -149.719452, 61.144743 ], [ -149.719453, 61.14478 ], [ -149.719657, 61.14478 ], [ -149.719955, 61.144769 ], [ -149.720582, 61.144723 ], [ -149.720861, 61.144668 ], [ -149.72112, 61.144588 ], [ -149.721489, 61.144585 ], [ -149.723438, 61.145186 ], [ -149.724995, 61.145527 ], [ -149.726492, 61.145771 ], [ -149.726803, 61.145901 ], [ -149.727914, 61.146836 ], [ -149.728181, 61.147078 ], [ -149.728307, 61.147234 ], [ -149.728534, 61.147575 ], [ -149.728676, 61.147667 ], [ -149.729023, 61.147716 ], [ -149.72919, 61.147763 ], [ -149.72973, 61.147847 ], [ -149.730347, 61.147986 ], [ -149.730911, 61.148185 ], [ -149.731242, 61.148249 ], [ -149.731518, 61.148274 ], [ -149.731904, 61.148266 ], [ -149.732601, 61.148259 ], [ -149.733679, 61.148603 ], [ -149.733752, 61.14863 ], [ -149.734255, 61.148796 ], [ -149.734787, 61.148908 ], [ -149.735373, 61.14896 ], [ -149.735583, 61.148984 ], [ -149.735924, 61.148946 ], [ -149.736492, 61.148982 ], [ -149.737087, 61.148953 ], [ -149.737301, 61.148941 ] ] } },
{ "type": "Feature", "properties": { "cls": "separated", "highway": "cycleway", "name": "Eh-Line" }, "geometry": { "type": "LineString", "coordinates": [ [ -149.724947, 61.144991 ], [ -149.72514, 61.145005 ], [ -149.725729, 61.14508 ], [ -149.726018, 61.145096 ], [ -149.726379, 61.145179 ], [ -149.726824, 61.145282 ], [ -149.727088, 61.145407 ], [ -149.727423, 61.145559 ], [ -149.727806, 61.145661 ], [ -149.728058, 61.14579 ], [ -149.728216, 61.145986 ], [ -149.728342, 61.146133 ], [ -149.728589, 61.146284 ], [ -149.728824, 61.146464 ], [ -149.728919, 61.146571 ], [ -149.729226, 61.146773 ], [ -149.729251, 61.146874 ], [ -149.729293, 61.147062 ], [ -149.729569, 61.147192 ], [ -149.729919, 61.147232 ], [ -149.730179, 61.147247 ], [ -149.730432, 61.147282 ], [ -149.730896, 61.147425 ], [ -149.731298, 61.147604 ], [ -149.732269, 61.147705 ], [ -149.732887, 61.147716 ], [ -149.733673, 61.147731 ], [ -149.733972, 61.147703 ], [ -149.734239, 61.147714 ], [ -149.73453, 61.147824 ], [ -149.734686, 61.147981 ], [ -149.734919, 61.14835 ], [ -149.734948, 61.148395 ], [ -149.735046, 61.148387 ], [ -149.735153, 61.148321 ], [ -149.735244, 61.148342 ], [ -149.735456, 61.148547 ], [ -149.735591, 61.148581 ], [ -149.735704, 61.148572 ], [ -149.735806, 61.148517 ], [ -149.735816, 61.148464 ], [ -149.73587, 61.148433 ], [ -149.735956, 61.148428 ], [ -149.736032, 61.148463 ], [ -149.736186, 61.148603 ], [ -149.736337, 61.148796 ], [ -149.736405, 61.148845 ], [ -149.73659, 61.148875 ], [ -149.737101, 61.148908 ], [ -149.737301, 61.148941 ] ] } },
{ "type": "Feature", "properties": { "cls": "shared", "highway": "cycleway", "name": "North Gasline" }, "geometry": { "type": "LineString", "coordinates": [ [ -149.736039, 61.153203 ], [ -149.735648, 61.153314 ], [ -149.732992, 61.153961 ], [ -149.730482, 61.154572 ], [ -149.726448, 61.155576 ], [ -149.723401, 61.156324 ], [ -149.722271, 61.156589 ], [ -149.720661, 61.156968 ], [ -149.719104, 61.157333 ], [ -149.718643, 61.157468 ], [ -149.718539, 61.157552 ] ] } },
{ "type": "Feature", "properties": { "cls": "shared", "highway": "cycleway", "name": "Moose Ridge" }, "geometry": { "type": "LineString", "coordinates": [ [ -149.744305, 61.166463 ], [ -149.744141, 61.16645 ], [ -149.743917, 61.166421 ], [ -149.743562, 61.166331 ], [ -149.743431, 61.166285 ], [ -149.743213, 61.166276 ], [ -149.74323, 61.166407 ], [ -149.74334, 61.166651 ], [ -149.743314, 61.166723 ], [ -149.74326, 61.166754 ], [ -149.743133, 61.166776 ], [ -149.742988, 61.166764 ], [ -149.742853, 61.166731 ], [ -149.742316, 61.166573 ], [ -149.74202, 61.166428 ], [ -149.741975, 61.166394 ], [ -149.741945, 61.16637 ], [ -149.741606, 61.166112 ], [ -149.741597, 61.165993 ], [ -149.74167, 61.165829 ], [ -149.741637, 61.165774 ], [ -149.741424, 61.165609 ], [ -149.741324, 61.165487 ], [ -149.741322, 61.165271 ], [ -149.741195, 61.165117 ], [ -149.741133, 61.165 ], [ -149.741039, 61.164732 ], [ -149.741028, 61.164627 ], [ -149.741089, 61.16452 ], [ -149.741265, 61.164387 ], [ -149.741336, 61.164232 ], [ -149.741331, 61.164172 ], [ -149.741128, 61.164013 ], [ -149.740907, 61.163934 ], [ -149.740735, 61.163896 ], [ -149.740481, 61.163899 ], [ -149.740024, 61.163992 ], [ -149.739113, 61.164413 ], [ -149.738642, 61.164654 ], [ -149.738039, 61.165025 ], [ -149.7379, 61.165059 ], [ -149.737499, 61.165084 ], [ -149.737362, 61.165107 ], [ -149.737088, 61.165199 ], [ -149.736672, 61.165413 ], [ -149.736247, 61.165521 ], [ -149.735773, 61.165587 ], [ -149.735349, 61.165597 ], [ -149.735077, 61.165645 ], [ -149.734928, 61.165698 ], [ -149.734831, 61.16575 ], [ -149.733988, 61.166485 ], [ -149.733787, 61.166602 ], [ -149.733619, 61.166672 ], [ -149.733478, 61.166697 ], [ -149.733396, 61.166692 ], [ -149.733266, 61.166658 ], [ -149.733218, 61.166635 ], [ -149.733067, 61.166561 ], [ -149.732845, 61.166408 ], [ -149.732704, 61.166351 ], [ -149.732213, 61.166225 ], [ -149.731498, 61.166112 ], [ -149.731311, 61.166118 ], [ -149.731182, 61.166151 ], [ -149.730738, 61.166314 ], [ -149.730553, 61.166352 ], [ -149.729226, 61.166433 ], [ -149.72899, 61.1665 ], [ -149.728843, 61.166569 ], [ -149.728596, 61.166726 ], [ -149.728181, 61.167096 ], [ -149.727836, 61.167339 ], [ -149.727698, 61.167475 ], [ -149.727631, 61.167594 ], [ -149.727729, 61.167834 ], [ -149.727694, 61.167911 ], [ -149.727449, 61.168091 ], [ -149.727045, 61.168298 ], [ -149.72667, 61.168543 ], [ -149.726541, 61.168593 ], [ -149.726183, 61.168661 ], [ -149.725968, 61.168679 ], [ -149.725717, 61.168668 ], [ -149.725543, 61.16862 ], [ -149.725266, 61.168513 ], [ -149.725119, 61.168479 ], [ -149.724709, 61.168483 ], [ -149.724596, 61.168453 ], [ -149.724521, 61.168384 ], [ -149.724518, 61.168258 ], [ -149.724799, 61.167772 ], [ -149.724806, 61.167635 ], [ -149.724599, 61.167511 ], [ -149.724338, 61.167093 ], [ -149.72411, 61.166869 ], [ -149.724084, 61.16681 ], [ -149.724069, 61.166774 ], [ -149.72409, 61.166658 ], [ -149.724173, 61.166523 ], [ -149.724257, 61.166466 ], [ -149.724549, 61.166341 ], [ -149.724689, 61.166259 ], [ -149.724805, 61.16611 ], [ -149.72481, 61.166039 ], [ -149.724601, 61.165622 ], [ -149.724343, 61.165397 ], [ -149.724305, 61.165319 ], [ -149.724324, 61.165095 ], [ -149.724304, 61.164962 ], [ -149.724258, 61.164895 ], [ -149.724111, 61.164792 ], [ -149.723876, 61.164707 ], [ -149.723484, 61.164629 ], [ -149.723372, 61.164591 ], [ -149.723348, 61.164531 ], [ -149.723426, 61.164474 ], [ -149.723661, 61.164365 ], [ -149.724029, 61.164159 ], [ -149.72446, 61.164125 ], [ -149.724744, 61.163986 ], [ -149.724896, 61.163942 ], [ -149.725243, 61.16392 ], [ -149.725582, 61.163879 ], [ -149.72572, 61.163837 ], [ -149.725821, 61.163766 ], [ -149.725931, 61.16354 ], [ -149.726199, 61.163317 ], [ -149.726283, 61.163118 ], [ -149.726481, 61.162851 ], [ -149.726485, 61.162742 ], [ -149.726488, 61.162676 ], [ -149.726599, 61.162406 ], [ -149.726683, 61.162288 ], [ -149.727039, 61.161935 ], [ -149.72711, 61.161798 ], [ -149.727091, 61.161739 ], [ -149.727036, 61.161696 ], [ -149.726899, 61.161656 ], [ -149.726576, 61.161614 ], [ -149.72632, 61.161561 ] ] } },
{ "type": "Feature", "properties": { "cls": "shared", "highway": "cycleway", "name": null }, "geometry": { "type": "LineString", "coordinates": [ [ -149.719052, 61.165033 ], [ -149.719102, 61.165226 ], [ -149.719036, 61.165466 ], [ -149.71895, 61.165617 ] ] } },
{ "type": "Feature", "properties": { "cls": "shared", "highway": "cycleway", "name": "Viewpoint Trail" }, "geometry": { "type": "LineString", "coordinates": [ [ -149.765137, 61.162404 ], [ -149.765352, 61.162513 ], [ -149.765508, 61.162625 ], [ -149.765541, 61.16272 ], [ -149.765542, 61.162932 ], [ -149.765613, 61.163023 ], [ -149.765969, 61.16327 ], [ -149.767041, 61.163911 ], [ -149.767136, 61.163987 ], [ -149.767237, 61.164102 ], [ -149.76732, 61.164267 ], [ -149.767312, 61.164642 ], [ -149.767399, 61.164768 ], [ -149.767722, 61.164996 ] ] } },
{ "type": "Feature", "properties": { "cls": "shared", "highway": "cycleway", "name": null }, "geometry": { "type": "LineString", "coordinates": [ [ -149.770893, 61.16347 ], [ -149.77179, 61.163754 ], [ -149.772326, 61.163964 ], [ -149.773432, 61.16437 ], [ -149.77406, 61.164601 ], [ -149.774486, 61.164714 ], [ -149.774936, 61.164779 ], [ -149.775627, 61.164829 ], [ -149.776289, 61.164862 ], [ -149.776971, 61.164892 ], [ -149.77732, 61.164883 ] ] } },
{ "type": "Feature", "properties": { "cls": "shared", "highway": "cycleway", "name": null }, "geometry": { "type": "LineString", "coordinates": [ [ -149.769482, 61.165119 ], [ -149.76953, 61.165028 ], [ -149.769796, 61.164471 ], [ -149.770188, 61.163889 ], [ -149.770527, 61.163621 ], [ -149.770893, 61.16347 ] ] } },
{ "type": "Feature", "properties": { "cls": "shared", "highway": "cycleway", "name": null }, "geometry": { "type": "LineString", "coordinates": [ [ -149.77179, 61.163754 ], [ -149.771444, 61.163928 ], [ -149.771365, 61.164015 ], [ -149.771399, 61.164207 ], [ -149.771356, 61.164328 ], [ -149.771137, 61.164515 ], [ -149.771064, 61.16459 ], [ -149.77108, 61.164699 ], [ -149.771217, 61.164964 ] ] } },
{ "type": "Feature", "properties": { "cls": "shared", "highway": "cycleway", "name": "Campbell Airstrip Connector" }, "geometry": { "type": "LineString", "coordinates": [ [ -149.764132, 61.165695 ], [ -149.764079, 61.165683 ], [ -149.763963, 61.165658 ], [ -149.76373, 61.165633 ], [ -149.763539, 61.16557 ], [ -149.763477, 61.165518 ], [ -149.763354, 61.165329 ], [ -149.763263, 61.165263 ], [ -149.763025, 61.165125 ], [ -149.762847, 61.165054 ], [ -149.762498, 61.164949 ], [ -149.762318, 61.164861 ], [ -149.762005, 61.164614 ], [ -149.761573, 61.164384 ], [ -149.761362, 61.164337 ], [ -149.761198, 61.164341 ], [ -149.760981, 61.164399 ], [ -149.760813, 61.164473 ], [ -149.760569, 61.164543 ], [ -149.760403, 61.164534 ], [ -149.760228, 61.164468 ], [ -149.760044, 61.164349 ], [ -149.75976, 61.164225 ], [ -149.759416, 61.16405 ], [ -149.759186, 61.164026 ], [ -149.758943, 61.164005 ], [ -149.758728, 61.164005 ], [ -149.758707, 61.164147 ], [ -149.758707, 61.164231 ], [ -149.758646, 61.164305 ], [ -149.758548, 61.164336 ], [ -149.758503, 61.16435 ], [ -149.758377, 61.164292 ], [ -149.758188, 61.164221 ], [ -149.758034, 61.164123 ], [ -149.75786, 61.164106 ], [ -149.757609, 61.164075 ], [ -149.756877, 61.164023 ], [ -149.756379, 61.163958 ], [ -149.755505, 61.16387 ], [ -149.755007, 61.163776 ], [ -149.754478, 61.163636 ], [ -149.754134, 61.163576 ], [ -149.753997, 61.163576 ], [ -149.753868, 61.163603 ], [ -149.753761, 61.163653 ], [ -149.753524, 61.163865 ], [ -149.753314, 61.164102 ], [ -149.753163, 61.16416 ], [ -149.752949, 61.164195 ] ] } },
{ "type": "Feature", "properties": { "cls": "shared", "highway": "cycleway", "name": null }, "geometry": { "type": "LineString", "coordinates": [ [ -149.772867, 61.164699 ], [ -149.772897, 61.164645 ], [ -149.773026, 61.164555 ], [ -149.773432, 61.16437 ] ] } },
{ "type": "Feature", "properties": { "cls": "shared", "highway": "cycleway", "name": "Old Rondy Trail" }, "geometry": { "type": "LineString", "coordinates": [ [ -149.767722, 61.164996 ], [ -149.768154, 61.165081 ], [ -149.768515, 61.165123 ], [ -149.769034, 61.165134 ], [ -149.769482, 61.165119 ], [ -149.770805, 61.165017 ], [ -149.771217, 61.164964 ] ] } },
{ "type": "Feature", "properties": { "cls": "shared", "highway": "cycleway", "name": null }, "geometry": { "type": "LineString", "coordinates": [ [ -149.767149, 61.165275 ], [ -149.767722, 61.164996 ] ] } },
{ "type": "Feature", "properties": { "cls": "shared", "highway": "cycleway", "name": "Old Rondy Trail" }, "geometry": { "type": "LineString", "coordinates": [ [ -149.771217, 61.164964 ], [ -149.772567, 61.164721 ], [ -149.772867, 61.164699 ], [ -149.772985, 61.164717 ], [ -149.773268, 61.164808 ], [ -149.774221, 61.165106 ], [ -149.774906, 61.165284 ], [ -149.775355, 61.165389 ], [ -149.777024, 61.165873 ] ] } },
{ "type": "Feature", "properties": { "cls": "separated", "highway": "cycleway", "name": null }, "geometry": { "type": "LineString", "coordinates": [ [ -149.769482, 61.165119 ], [ -149.769465, 61.16527 ], [ -149.76943, 61.165359 ], [ -149.769371, 61.165425 ], [ -149.769242, 61.165511 ], [ -149.769127, 61.165555 ], [ -149.768985, 61.165593 ], [ -149.768625, 61.165691 ], [ -149.76808, 61.165739 ], [ -149.767852, 61.16573 ], [ -149.767423, 61.165707 ], [ -149.767063, 61.165658 ], [ -149.766827, 61.165591 ], [ -149.766621, 61.16552 ] ] } },
{ "type": "Feature", "properties": { "cls": "shared", "highway": "cycleway", "name": "Bangers and Mash" }, "geometry": { "type": "LineString", "coordinates": [ [ -149.750824, 61.158413 ], [ -149.750759, 61.158481 ], [ -149.75058, 61.158551 ], [ -149.750454, 61.158571 ], [ -149.750231, 61.158683 ], [ -149.750104, 61.158705 ], [ -149.750044, 61.158767 ], [ -149.749861, 61.158844 ], [ -149.749564, 61.158836 ], [ -149.749334, 61.158832 ], [ -149.749271, 61.158842 ], [ -149.749133, 61.158789 ], [ -149.748991, 61.15881 ], [ -149.748954, 61.158797 ], [ -149.748885, 61.158797 ], [ -149.748751, 61.158893 ], [ -149.748588, 61.158934 ], [ -149.748491, 61.158983 ], [ -149.748295, 61.159014 ], [ -149.748112, 61.159034 ], [ -149.747942, 61.158999 ], [ -149.747901, 61.159103 ], [ -149.747759, 61.159222 ], [ -149.74769, 61.159346 ], [ -149.747734, 61.159424 ], [ -149.747828, 61.159432 ], [ -149.747958, 61.159697 ], [ -149.7481, 61.159822 ], [ -149.748121, 61.160164 ], [ -149.748108, 61.160362 ], [ -149.747966, 61.160497 ], [ -149.747921, 61.160554 ], [ -149.747946, 61.16066 ], [ -149.747852, 61.160785 ], [ -149.747877, 61.160966 ], [ -149.747795, 61.161122 ], [ -149.747568, 61.161319 ], [ -149.747237, 61.161652 ], [ -149.747068, 61.161854 ], [ -149.747112, 61.161962 ], [ -149.746893, 61.161948 ], [ -149.746763, 61.162083 ], [ -149.746511, 61.162317 ], [ -149.746254, 61.162379 ], [ -149.746129, 61.162382 ] ] } },
{ "type": "Feature", "properties": { "cls": "shared", "highway": "cycleway", "name": "Handsel and Gretel" }, "geometry": { "type": "LineString", "coordinates": [ [ -149.746548, 61.157507 ], [ -149.746742, 61.157562 ], [ -149.746705, 61.157699 ], [ -149.746642, 61.15773 ], [ -149.746516, 61.157741 ], [ -149.746187, 61.157797 ], [ -149.745894, 61.15785 ], [ -149.745827, 61.157885 ], [ -149.745735, 61.157983 ], [ -149.74564, 61.158113 ], [ -149.745572, 61.158153 ], [ -149.745646, 61.158184 ], [ -149.74566, 61.158275 ], [ -149.745598, 61.158333 ], [ -149.745533, 61.158352 ], [ -149.745462, 61.158345 ], [ -149.745408, 61.158299 ], [ -149.745303, 61.158328 ], [ -149.745209, 61.158218 ], [ -149.745088, 61.158232 ], [ -149.744888, 61.158179 ], [ -149.744254, 61.158271 ], [ -149.74406, 61.158332 ], [ -149.744021, 61.158288 ], [ -149.743768, 61.158243 ], [ -149.743307, 61.158242 ], [ -149.743234, 61.158263 ], [ -149.743, 61.158208 ], [ -149.742663, 61.158219 ], [ -149.742421, 61.158376 ], [ -149.742329, 61.158517 ], [ -149.742191, 61.158613 ], [ -149.742093, 61.158637 ], [ -149.742046, 61.158693 ], [ -149.741943, 61.158716 ], [ -149.741737, 61.158851 ], [ -149.741675, 61.158957 ], [ -149.741725, 61.159189 ], [ -149.741561, 61.159225 ], [ -149.741533, 61.159355 ], [ -149.741534, 61.15949 ], [ -149.741567, 61.159545 ], [ -149.741496, 61.159568 ], [ -149.741412, 61.159553 ], [ -149.741147, 61.159643 ], [ -149.741137, 61.1596 ], [ -149.740997, 61.159565 ], [ -149.740847, 61.159607 ], [ -149.740819, 61.159726 ], [ -149.740705, 61.159762 ], [ -149.740623, 61.159897 ], [ -149.740519, 61.159876 ], [ -149.740349, 61.159899 ], [ -149.740274, 61.160011 ], [ -149.74009, 61.160074 ], [ -149.73987, 61.160152 ], [ -149.739732, 61.160313 ], [ -149.739383, 61.160437 ], [ -149.739217, 61.160463 ], [ -149.739209, 61.160592 ], [ -149.73923, 61.160673 ], [ -149.739161, 61.160922 ], [ -149.739176, 61.161171 ], [ -149.739164, 61.161249 ], [ -149.739113, 61.161315 ], [ -149.73898, 61.161398 ], [ -149.738642, 61.161497 ], [ -149.738557, 61.161543 ], [ -149.738358, 61.16172 ], [ -149.738214, 61.161805 ], [ -149.73791, 61.161894 ], [ -149.737303, 61.162216 ], [ -149.736893, 61.162332 ], [ -149.736695, 61.162514 ], [ -149.736424, 61.162504 ], [ -149.736178, 61.162447 ], [ -149.73575, 61.162285 ], [ -149.73548, 61.162229 ], [ -149.734083, 61.162175 ], [ -149.733815, 61.162208 ], [ -149.733651, 61.162247 ], [ -149.733409, 61.16233 ], [ -149.732572, 61.162672 ], [ -149.732126, 61.162795 ], [ -149.731608, 61.163045 ], [ -149.731288, 61.163215 ], [ -149.731003, 61.163401 ], [ -149.730785, 61.163617 ], [ -149.729806, 61.164097 ], [ -149.729702, 61.164165 ], [ -149.729622, 61.164272 ], [ -149.729503, 61.164346 ], [ -149.729083, 61.164533 ], [ -149.728612, 61.164689 ], [ -149.728231, 61.164776 ], [ -149.72794, 61.16481 ], [ -149.727803, 61.16485 ], [ -149.727718, 61.164896 ], [ -149.727628, 61.164982 ], [ -149.727524, 61.165169 ], [ -149.727246, 61.165505 ], [ -149.72713, 61.165559 ], [ -149.726675, 61.165635 ], [ -149.726516, 61.165684 ], [ -149.726298, 61.165813 ], [ -149.72622, 61.165884 ], [ -149.726143, 61.166021 ], [ -149.726063, 61.166304 ], [ -149.725988, 61.166382 ], [ -149.725601, 61.166538 ], [ -149.725476, 61.166654 ], [ -149.72546, 61.166724 ], [ -149.725493, 61.1668 ], [ -149.725614, 61.166886 ], [ -149.726166, 61.167073 ], [ -149.726734, 61.167301 ], [ -149.72728, 61.167391 ], [ -149.727399, 61.167443 ], [ -149.727631, 61.167594 ], [ -149.728455, 61.167781 ], [ -149.728598, 61.167805 ], [ -149.728807, 61.167801 ], [ -149.72904, 61.167705 ], [ -149.729182, 61.167612 ], [ -149.729409, 61.167416 ], [ -149.729461, 61.167307 ], [ -149.729335, 61.167097 ], [ -149.729412, 61.167051 ], [ -149.729831, 61.166962 ], [ -149.730027, 61.166972 ], [ -149.730515, 61.167113 ], [ -149.730782, 61.167122 ], [ -149.731163, 61.167088 ], [ -149.731301, 61.167104 ], [ -149.731614, 61.167214 ], [ -149.731833, 61.167256 ], [ -149.731993, 61.167248 ], [ -149.732328, 61.167179 ], [ -149.73275, 61.167156 ], [ -149.733185, 61.16706 ], [ -149.733351, 61.167083 ], [ -149.733473, 61.167161 ], [ -149.733636, 61.167225 ], [ -149.733776, 61.167233 ], [ -149.733923, 61.167221 ], [ -149.734251, 61.167124 ], [ -149.734718, 61.167238 ], [ -149.734936, 61.16726 ], [ -149.735097, 61.167246 ], [ -149.735177, 61.167227 ], [ -149.735344, 61.167145 ], [ -149.735448, 61.16706 ], [ -149.735577, 61.16699 ], [ -149.736039, 61.166829 ], [ -149.73642, 61.166634 ], [ -149.736943, 61.16642 ], [ -149.737058, 61.16633 ], [ -149.737207, 61.166165 ], [ -149.737317, 61.166127 ], [ -149.737469, 61.166117 ], [ -149.737701, 61.166139 ], [ -149.737879, 61.166137 ], [ -149.737997, 61.166113 ], [ -149.738121, 61.166063 ], [ -149.738299, 61.165925 ], [ -149.738421, 61.165895 ], [ -149.738563, 61.165915 ], [ -149.738928, 61.166063 ], [ -149.739782, 61.166325 ], [ -149.739937, 61.166352 ], [ -149.740971, 61.16644 ], [ -149.741472, 61.166446 ], [ -149.741806, 61.166402 ], [ -149.741975, 61.166394 ] ] } },
{ "type": "Feature", "properties": { "cls": "shared", "highway": "cycleway", "name": "Root Rodeo" }, "geometry": { "type": "LineString", "coordinates": [ [ -149.740024, 61.163992 ], [ -149.739959, 61.163906 ], [ -149.739791, 61.163782 ], [ -149.739518, 61.163627 ], [ -149.739425, 61.16353 ], [ -149.739286, 61.163309 ], [ -149.738939, 61.162953 ], [ -149.738809, 61.162711 ], [ -149.738743, 61.162499 ], [ -149.738473, 61.162101 ], [ -149.738374, 61.161837 ], [ -149.738358, 61.16172 ] ] } },
{ "type": "Feature", "properties": { "cls": "shared", "highway": "cycleway", "name": "Pineapple Express" }, "geometry": { "type": "LineString", "coordinates": [ [ -149.746129, 61.162382 ], [ -149.746176, 61.162448 ], [ -149.746273, 61.162509 ], [ -149.746396, 61.162648 ], [ -149.746486, 61.162839 ], [ -149.746985, 61.163587 ], [ -149.747357, 61.164087 ], [ -149.747483, 61.164319 ], [ -149.747765, 61.1646 ], [ -149.747964, 61.16475 ], [ -149.748113, 61.164928 ], [ -149.748159, 61.16502 ], [ -149.748136, 61.165185 ], [ -149.747997, 61.165608 ], [ -149.748029, 61.165794 ], [ -149.74809, 61.165877 ], [ -149.7482, 61.165944 ], [ -149.748613, 61.166068 ], [ -149.748867, 61.166195 ] ] } },
{ "type": "Feature", "properties": { "cls": "shared", "highway": "cycleway", "name": "Bangers and Mash" }, "geometry": { "type": "LineString", "coordinates": [ [ -149.744684, 61.166442 ], [ -149.744541, 61.166325 ], [ -149.744253, 61.166281 ], [ -149.744088, 61.166234 ], [ -149.743784, 61.166069 ], [ -149.743658, 61.165889 ], [ -149.743747, 61.165753 ], [ -149.744114, 61.165489 ], [ -149.744175, 61.165344 ], [ -149.744075, 61.165229 ], [ -149.743768, 61.165018 ], [ -149.743748, 61.164925 ], [ -149.743825, 61.164873 ], [ -149.743963, 61.16482 ], [ -149.744483, 61.164661 ], [ -149.74479, 61.164508 ], [ -149.744976, 61.164374 ], [ -149.745054, 61.164286 ], [ -149.745064, 61.164218 ], [ -149.745009, 61.164129 ], [ -149.744625, 61.163788 ], [ -149.744519, 61.163637 ], [ -149.744499, 61.163559 ], [ -149.744551, 61.162413 ], [ -149.744566, 61.16236 ], [ -149.744636, 61.162291 ], [ -149.7447, 61.162268 ], [ -149.744846, 61.162254 ], [ -149.745238, 61.162305 ], [ -149.745982, 61.162372 ], [ -149.746129, 61.162382 ] ] } },
{ "type": "Feature", "properties": { "cls": "shared", "highway": "cycleway", "name": "Chugach Foothills Connector" }, "geometry": { "type": "LineString", "coordinates": [ [ -149.749739, 61.179139 ], [ -149.747952, 61.179166 ] ] } },
{ "type": "Feature", "properties": { "cls": "shared", "highway": "cycleway", "name": "Chugach Foothills Connector" }, "geometry": { "type": "LineString", "coordinates": [ [ -149.752471, 61.179145 ], [ -149.752413, 61.179131 ], [ -149.752252, 61.179098 ], [ -149.751946, 61.17908 ], [ -149.751622, 61.179088 ], [ -149.75113, 61.179099 ], [ -149.750267, 61.179118 ], [ -149.75009, 61.179127 ], [ -149.749739, 61.179139 ] ] } },
{ "type": "Feature", "properties": { "cls": "shared", "highway": "cycleway", "name": "Chugach Foothills Connector" }, "geometry": { "type": "LineString", "coordinates": [ [ -149.747952, 61.179166 ], [ -149.747393, 61.179179 ], [ -149.746982, 61.179166 ], [ -149.74572, 61.179118 ], [ -149.745415, 61.179118 ], [ -149.745196, 61.17914 ], [ -149.743917, 61.179332 ], [ -149.743677, 61.179369 ], [ -149.743494, 61.179387 ], [ -149.743297, 61.179391 ], [ -149.74239, 61.179393 ], [ -149.742178, 61.179411 ], [ -149.741994, 61.179443 ], [ -149.741837, 61.179481 ], [ -149.741682, 61.179547 ], [ -149.741558, 61.179619 ], [ -149.741437, 61.179722 ], [ -149.741327, 61.179867 ], [ -149.741117, 61.180117 ], [ -149.740999, 61.180214 ], [ -149.740863, 61.18028 ] ] } },
{ "type": "Feature", "properties": { "cls": "shared", "highway": "cycleway", "name": null }, "geometry": { "type": "LineString", "coordinates": [ [ -149.76576, 61.165885 ], [ -149.766621, 61.16552 ], [ -149.766765, 61.16545 ], [ -149.767149, 61.165275 ] ] } },
{ "type": "Feature", "properties": { "cls": "shared", "highway": "cycleway", "name": null }, "geometry": { "type": "LineString", "coordinates": [ [ -149.76808, 61.165739 ], [ -149.767455, 61.165933 ], [ -149.767246, 61.166002 ], [ -149.767151, 61.166056 ], [ -149.76659, 61.166485 ], [ -149.766259, 61.166813 ], [ -149.765809, 61.167363 ], [ -149.765604, 61.167511 ], [ -149.765489, 61.167552 ], [ -149.765263, 61.167585 ], [ -149.765062, 61.167594 ], [ -149.764756, 61.167576 ] ] } },
{ "type": "Feature", "properties": { "cls": "shared", "highway": "cycleway", "name": null }, "geometry": { "type": "LineString", "coordinates": [ [ -149.764309, 61.167573 ], [ -149.764155, 61.167579 ], [ -149.763573, 61.167563 ], [ -149.763338, 61.167544 ], [ -149.763141, 61.1675 ], [ -149.762917, 61.167387 ], [ -149.762716, 61.167238 ], [ -149.762193, 61.166641 ], [ -149.761954, 61.166417 ] ] } },
{ "type": "Feature", "properties": { "cls": "shared", "highway": "cycleway", "name": null }, "geometry": { "type": "LineString", "coordinates": [ [ -149.764756, 61.167576 ], [ -149.764309, 61.167573 ] ] } },
{ "type": "Feature", "properties": { "cls": "shared", "highway": "cycleway", "name": null }, "geometry": { "type": "LineString", "coordinates": [ [ -149.764463, 61.166451 ], [ -149.764505, 61.166504 ], [ -149.76453, 61.166554 ], [ -149.764616, 61.166745 ], [ -149.764631, 61.166824 ], [ -149.76464, 61.166953 ], [ -149.764649, 61.167493 ], [ -149.764647, 61.167642 ], [ -149.764652, 61.167759 ], [ -149.764657, 61.168096 ], [ -149.764657, 61.168435 ], [ -149.764686, 61.168718 ], [ -149.764703, 61.168784 ] ] } },
{ "type": "Feature", "properties": { "cls": "shared", "highway": "cycleway", "name": null }, "geometry": { "type": "LineString", "coordinates": [ [ -149.764703, 61.168784 ], [ -149.764757, 61.168995 ] ] } },
{ "type": "Feature", "properties": { "cls": "shared", "highway": "cycleway", "name": null }, "geometry": { "type": "LineString", "coordinates": [ [ -149.764757, 61.168995 ], [ -149.764798, 61.169096 ], [ -149.764893, 61.169237 ], [ -149.764978, 61.169313 ] ] } },
{ "type": "Feature", "properties": { "cls": "shared", "highway": "cycleway", "name": "Old Rondy Trail" }, "geometry": { "type": "LineString", "coordinates": [ [ -149.78487, 61.168137 ], [ -149.784447, 61.168301 ] ] } },
{ "type": "Feature", "properties": { "cls": "shared", "highway": "cycleway", "name": "Old Rondy Trail" }, "geometry": { "type": "LineString", "coordinates": [ [ -149.784447, 61.168301 ], [ -149.784344, 61.168336 ], [ -149.784178, 61.168368 ], [ -149.783446, 61.16841 ], [ -149.783305, 61.168426 ], [ -149.783168, 61.168465 ], [ -149.782983, 61.168557 ], [ -149.782848, 61.168695 ], [ -149.782743, 61.168871 ], [ -149.78271, 61.168923 ], [ -149.782511, 61.169309 ], [ -149.782316, 61.169613 ] ] } },
{ "type": "Feature", "properties": { "cls": "shared", "highway": "cycleway", "name": "Old Rondy Trail" }, "geometry": { "type": "LineString", "coordinates": [ [ -149.794673, 61.173807 ], [ -149.794616, 61.173717 ], [ -149.794667, 61.173418 ], [ -149.794654, 61.173164 ], [ -149.794638, 61.172863 ], [ -149.794608, 61.172739 ], [ -149.794483, 61.172674 ], [ -149.794304, 61.172619 ], [ -149.794067, 61.172574 ], [ -149.793248, 61.172449 ], [ -149.793025, 61.172406 ], [ -149.79276, 61.172315 ], [ -149.792608, 61.172269 ], [ -149.792339, 61.17223 ], [ -149.791995, 61.172208 ], [ -149.791693, 61.172223 ], [ -149.791533, 61.172247 ], [ -149.791386, 61.172278 ], [ -149.79121, 61.172325 ], [ -149.791074, 61.172382 ], [ -149.790804, 61.172561 ], [ -149.790714, 61.172608 ], [ -149.790563, 61.172651 ], [ -149.790397, 61.172674 ], [ -149.790184, 61.172668 ], [ -149.789915, 61.172626 ], [ -149.789518, 61.172543 ], [ -149.789198, 61.172526 ], [ -149.788779, 61.172538 ], [ -149.788157, 61.172606 ], [ -149.787715, 61.172627 ], [ -149.787303, 61.172601 ], [ -149.786775, 61.172592 ], [ -149.786269, 61.172531 ], [ -149.785762, 61.172445 ], [ -149.785611, 61.172441 ], [ -149.785179, 61.172466 ], [ -149.784466, 61.172499 ], [ -149.784171, 61.172522 ], [ -149.783947, 61.172513 ], [ -149.783602, 61.172484 ], [ -149.783446, 61.172423 ], [ -149.783348, 61.172356 ], [ -149.782884, 61.171986 ], [ -149.782785, 61.1719 ], [ -149.782712, 61.171796 ], [ -149.782576, 61.171669 ], [ -149.782344, 61.171506 ], [ -149.782191, 61.171414 ], [ -149.781796, 61.171244 ], [ -149.781741, 61.171198 ], [ -149.781779, 61.171145 ], [ -149.781849, 61.171067 ], [ -149.782014, 61.170874 ], [ -149.782078, 61.170773 ], [ -149.782067, 61.170673 ], [ -149.781996, 61.170514 ], [ -149.781997, 61.170444 ], [ -149.782067, 61.17031 ], [ -149.782111, 61.170173 ], [ -149.782148, 61.169943 ], [ -149.782316, 61.169613 ] ] } }
]
}
