{
"type": "FeatureCollection",
"name": "059-philadelphia-fairmount-park",
"crs": { "type": "name", "properties": { "name": "urn:ogc:def:crs:OGC:1.3:CRS84" } },
"xy_coordinate_resolution": 1e-06,
"features": [
{ "type": "Feature", "properties": { "cls": "separated", "highway": "unclassified", "name": "East Memorial Hall Drive" }, "geometry": { "type": "LineString", "coordinates": [ [ -75.210319, 39.976725 ], [ -75.210297, 39.976759 ], [ -75.210282, 39.976782 ], [ -75.210086, 39.977079 ], [ -75.210064, 39.977113 ], [ -75.210043, 39.977144 ], [ -75.210031, 39.977162 ], [ -75.210019, 39.97718 ] ] } },
{ "type": "Feature", "properties": { "cls": "separated", "highway": "tertiary", "name": null }, "geometry": { "type": "LineString", "coordinates": [ [ -75.210019, 39.97718 ], [ -75.209991, 39.977175 ], [ -75.209966, 39.977176 ], [ -75.209942, 39.977182 ], [ -75.209921, 39.977194 ], [ -75.209906, 39.977209 ], [ -75.209895, 39.977231 ], [ -75.209895, 39.977255 ], [ -75.209905, 39.977277 ], [ -75.209925, 39.977295 ], [ -75.209951, 39.977307 ] ] } },
{ "type": "Feature", "properties": { "cls": "separated", "highway": "unclassified", "name": "West Memorial Hall Drive" }, "geometry": { "type": "LineString", "coordinates": [ [ -75.210932, 39.977527 ], [ -75.210953, 39.977496 ], [ -75.210979, 39.977456 ], [ -75.211, 39.977423 ], [ -75.211187, 39.977119 ], [ -75.211203, 39.977093 ], [ -75.211224, 39.977059 ] ] } },
{ "type": "Feature", "properties": { "cls": "sharrow", "highway": "tertiary", "name": "South Concourse Drive" }, "geometry": { "type": "LineString", "coordinates": [ [ -75.209906, 39.977209 ], [ -75.209875, 39.977199 ], [ -75.209845, 39.977188 ], [ -75.209808, 39.977175 ], [ -75.209764, 39.977158 ], [ -75.207012, 39.976136 ], [ -75.206658, 39.976005 ], [ -75.206647, 39.976001 ], [ -75.206529, 39.975957 ], [ -75.206265, 39.97586 ] ] } },
{ "type": "Feature", "properties": { "cls": "shared", "highway": "cycleway", "name": "Centennial Loop" }, "geometry": { "type": "LineString", "coordinates": [ [ -75.205262, 39.977028 ], [ -75.205219, 39.976993 ], [ -75.204952, 39.976778 ], [ -75.204673, 39.976547 ], [ -75.204634, 39.976517 ], [ -75.204597, 39.976493 ], [ -75.204557, 39.976472 ], [ -75.204516, 39.976452 ], [ -75.204462, 39.976432 ], [ -75.204417, 39.976417 ], [ -75.204365, 39.976402 ], [ -75.204308, 39.97639 ], [ -75.204233, 39.976375 ], [ -75.204158, 39.976369 ], [ -75.204086, 39.976369 ], [ -75.204018, 39.976376 ], [ -75.203978, 39.976378 ], [ -75.203944, 39.976376 ], [ -75.203903, 39.976367 ], [ -75.20384, 39.976355 ], [ -75.203785, 39.976348 ], [ -75.203729, 39.976349 ], [ -75.203663, 39.976355 ], [ -75.203576, 39.976372 ], [ -75.203482, 39.976399 ], [ -75.203397, 39.976434 ], [ -75.203312, 39.976474 ], [ -75.203208, 39.976535 ], [ -75.203103, 39.976603 ], [ -75.203009, 39.976671 ], [ -75.202925, 39.97674 ], [ -75.202862, 39.976801 ], [ -75.202816, 39.976857 ], [ -75.202776, 39.976923 ], [ -75.202739, 39.976999 ], [ -75.202695, 39.977108 ], [ -75.202653, 39.977205 ], [ -75.20262, 39.977289 ], [ -75.202601, 39.977362 ], [ -75.202577, 39.977465 ] ] } },
{ "type": "Feature", "properties": { "cls": "shared", "highway": "footway", "name": "Centennial Loop" }, "geometry": { "type": "LineString", "coordinates": [ [ -75.202577, 39.977465 ], [ -75.202566, 39.977516 ], [ -75.202559, 39.977547 ] ] } },
{ "type": "Feature", "properties": { "cls": "shared", "highway": "cycleway", "name": "Centennial Loop" }, "geometry": { "type": "LineString", "coordinates": [ [ -75.205889, 39.977395 ], [ -75.205922, 39.977438 ], [ -75.205944, 39.977458 ], [ -75.205971, 39.977472 ], [ -75.206499, 39.977684 ], [ -75.206691, 39.97778 ], [ -75.208555, 39.978475 ], [ -75.20861, 39.978495 ], [ -75.209217, 39.978722 ], [ -75.209255, 39.978732 ], [ -75.209318, 39.978741 ], [ -75.209407, 39.978761 ], [ -75.20949, 39.97879 ], [ -75.209563, 39.978817 ], [ -75.209713, 39.978873 ], [ -75.209826, 39.978941 ], [ -75.209872, 39.978963 ], [ -75.210478, 39.979185 ], [ -75.210495, 39.979191 ] ] } },
{ "type": "Feature", "properties": { "cls": "shared", "highway": "cycleway", "name": "Centennial Loop" }, "geometry": { "type": "LineString", "coordinates": [ [ -75.202559, 39.977547 ], [ -75.202556, 39.977578 ], [ -75.202604, 39.977612 ], [ -75.202652, 39.977649 ], [ -75.202726, 39.97771 ], [ -75.202794, 39.977775 ], [ -75.202855, 39.977835 ], [ -75.203055, 39.978048 ], [ -75.203106, 39.978102 ], [ -75.203157, 39.978149 ], [ -75.203205, 39.978191 ], [ -75.203249, 39.978226 ], [ -75.203298, 39.978256 ], [ -75.203352, 39.978284 ], [ -75.203409, 39.978309 ], [ -75.20346, 39.978326 ], [ -75.203515, 39.978342 ], [ -75.203571, 39.978354 ], [ -75.203627, 39.978361 ], [ -75.203684, 39.978366 ], [ -75.203746, 39.978369 ], [ -75.203803, 39.97837 ], [ -75.203863, 39.978368 ], [ -75.203922, 39.97836 ], [ -75.203982, 39.978349 ], [ -75.204041, 39.978335 ], [ -75.204098, 39.978319 ], [ -75.204155, 39.978299 ], [ -75.204208, 39.978279 ], [ -75.204272, 39.978254 ], [ -75.204328, 39.978229 ], [ -75.204666, 39.978075 ], [ -75.204725, 39.978051 ], [ -75.204789, 39.978026 ], [ -75.204852, 39.978005 ], [ -75.2049, 39.977989 ], [ -75.204946, 39.977978 ], [ -75.204994, 39.977969 ], [ -75.205042, 39.977963 ], [ -75.205084, 39.977959 ], [ -75.205132, 39.977958 ], [ -75.205173, 39.97796 ], [ -75.205213, 39.977967 ], [ -75.205253, 39.977983 ], [ -75.205286, 39.978001 ], [ -75.205319, 39.978025 ], [ -75.205342, 39.97805 ], [ -75.205357, 39.978078 ], [ -75.20537, 39.978113 ], [ -75.205378, 39.978146 ], [ -75.205382, 39.978178 ], [ -75.205379, 39.97821 ], [ -75.205369, 39.97824 ], [ -75.205353, 39.978271 ], [ -75.205334, 39.978305 ], [ -75.20531, 39.978338 ], [ -75.205277, 39.978376 ], [ -75.205247, 39.978409 ], [ -75.205214, 39.978443 ], [ -75.20487, 39.978754 ], [ -75.204835, 39.978791 ], [ -75.204804, 39.978826 ], [ -75.204778, 39.978865 ], [ -75.20476, 39.978901 ], [ -75.204746, 39.978935 ], [ -75.204737, 39.978973 ], [ -75.20473, 39.979012 ], [ -75.204726, 39.979051 ], [ -75.204725, 39.979091 ], [ -75.204733, 39.979135 ], [ -75.204744, 39.979176 ], [ -75.204761, 39.979216 ], [ -75.20478, 39.979252 ], [ -75.204802, 39.979288 ], [ -75.204828, 39.979322 ], [ -75.204854, 39.97935 ], [ -75.204881, 39.979375 ], [ -75.20492, 39.979404 ], [ -75.204969, 39.979432 ], [ -75.205015, 39.979458 ], [ -75.205063, 39.979482 ], [ -75.20512, 39.979503 ], [ -75.205325, 39.979564 ], [ -75.205358, 39.979571 ], [ -75.205392, 39.979574 ], [ -75.205425, 39.979573 ], [ -75.205459, 39.979567 ], [ -75.205489, 39.979559 ], [ -75.205526, 39.97954 ], [ -75.205563, 39.97951 ] ] } },
{ "type": "Feature", "properties": { "cls": "shared", "highway": "path", "name": "Centennial Loop" }, "geometry": { "type": "LineString", "coordinates": [ [ -75.206363, 39.978592 ], [ -75.206422, 39.978585 ], [ -75.20648, 39.978579 ] ] } },
{ "type": "Feature", "properties": { "cls": "shared", "highway": "cycleway", "name": "Centennial Loop" }, "geometry": { "type": "LineString", "coordinates": [ [ -75.205563, 39.97951 ], [ -75.205669, 39.979413 ], [ -75.205698, 39.979371 ], [ -75.205731, 39.979297 ], [ -75.205741, 39.979256 ], [ -75.205747, 39.979224 ], [ -75.205745, 39.979198 ], [ -75.205736, 39.979166 ], [ -75.20565, 39.978994 ], [ -75.205627, 39.978943 ], [ -75.205621, 39.978902 ], [ -75.205623, 39.978855 ], [ -75.205632, 39.978811 ], [ -75.205652, 39.978773 ], [ -75.205679, 39.978739 ], [ -75.205717, 39.978712 ], [ -75.20576, 39.978692 ], [ -75.205813, 39.978677 ], [ -75.206176, 39.978618 ], [ -75.206363, 39.978592 ] ] } },
{ "type": "Feature", "properties": { "cls": "shared", "highway": "cycleway", "name": "Centennial Loop" }, "geometry": { "type": "LineString", "coordinates": [ [ -75.20648, 39.978579 ], [ -75.206523, 39.978581 ], [ -75.206562, 39.978586 ], [ -75.206714, 39.978623 ], [ -75.206793, 39.97865 ], [ -75.206824, 39.978666 ], [ -75.206854, 39.978692 ], [ -75.206892, 39.978769 ], [ -75.206921, 39.978862 ], [ -75.206939, 39.9789 ], [ -75.206987, 39.978956 ], [ -75.207056, 39.979038 ], [ -75.207096, 39.979095 ], [ -75.207138, 39.979178 ], [ -75.207181, 39.979262 ], [ -75.207262, 39.979385 ], [ -75.207356, 39.979509 ], [ -75.207416, 39.97959 ], [ -75.20743, 39.979626 ], [ -75.207446, 39.9797 ] ] } },
{ "type": "Feature", "properties": { "cls": "shared", "highway": "path", "name": "Centennial Loop" }, "geometry": { "type": "LineString", "coordinates": [ [ -75.207446, 39.9797 ], [ -75.207451, 39.979725 ], [ -75.207458, 39.979754 ] ] } },
{ "type": "Feature", "properties": { "cls": "shared", "highway": "cycleway", "name": "Centennial Loop" }, "geometry": { "type": "LineString", "coordinates": [ [ -75.207458, 39.979754 ], [ -75.207512, 39.979924 ], [ -75.20754, 39.980039 ] ] } },
{ "type": "Feature", "properties": { "cls": "separated", "highway": "unclassified", "name": "East Memorial Hall Drive" }, "geometry": { "type": "LineString", "coordinates": [ [ -75.209951, 39.977307 ], [ -75.209938, 39.977327 ], [ -75.209924, 39.977349 ], [ -75.209902, 39.977383 ], [ -75.209882, 39.977413 ], [ -75.209599, 39.977859 ], [ -75.209285, 39.978356 ], [ -75.209256, 39.978401 ], [ -75.209206, 39.978479 ] ] } },
{ "type": "Feature", "properties": { "cls": "sharrow", "highway": "tertiary", "name": "South Concourse Drive" }, "geometry": { "type": "LineString", "coordinates": [ [ -75.212954, 39.97834 ], [ -75.212339, 39.978111 ], [ -75.211098, 39.977656 ], [ -75.211058, 39.977642 ], [ -75.211028, 39.977631 ], [ -75.210996, 39.97762 ], [ -75.210964, 39.977608 ] ] } },
{ "type": "Feature", "properties": { "cls": "separated", "highway": "unclassified", "name": "West Memorial Hall Drive" }, "geometry": { "type": "LineString", "coordinates": [ [ -75.210121, 39.97882 ], [ -75.210168, 39.978744 ], [ -75.21021, 39.978675 ], [ -75.210506, 39.978193 ], [ -75.21079, 39.977743 ], [ -75.210805, 39.97772 ], [ -75.210825, 39.977688 ], [ -75.21084, 39.977664 ], [ -75.210853, 39.977644 ] ] } },
{ "type": "Feature", "properties": { "cls": "separated", "highway": "cycleway", "name": null }, "geometry": { "type": "LineString", "coordinates": [ [ -75.223536, 39.98166 ], [ -75.223519, 39.981619 ], [ -75.223518, 39.981617 ] ] } },
{ "type": "Feature", "properties": { "cls": "sharrow", "highway": "tertiary", "name": "South Concourse Drive" }, "geometry": { "type": "LineString", "coordinates": [ [ -75.21369, 39.978613 ], [ -75.213513, 39.978549 ], [ -75.213427, 39.978518 ], [ -75.212954, 39.97834 ] ] } },
{ "type": "Feature", "properties": { "cls": "shared", "highway": "cycleway", "name": "Centennial Loop" }, "geometry": { "type": "LineString", "coordinates": [ [ -75.210587, 39.979226 ], [ -75.211976, 39.979743 ], [ -75.212079, 39.979782 ], [ -75.212506, 39.97994 ], [ -75.212512, 39.979942 ], [ -75.212971, 39.980112 ], [ -75.213074, 39.980152 ], [ -75.213111, 39.980158 ], [ -75.213139, 39.980157 ], [ -75.213189, 39.980143 ], [ -75.213244, 39.980129 ], [ -75.213299, 39.980122 ], [ -75.213335, 39.980125 ], [ -75.21339, 39.980139 ], [ -75.213551, 39.980208 ], [ -75.213885, 39.980341 ], [ -75.213984, 39.980382 ], [ -75.214025, 39.980391 ], [ -75.214087, 39.980399 ] ] } },
{ "type": "Feature", "properties": { "cls": "sharrow", "highway": "tertiary", "name": "South Concourse Drive" }, "geometry": { "type": "LineString", "coordinates": [ [ -75.221847, 39.982148 ], [ -75.221675, 39.982081 ], [ -75.221523, 39.982027 ], [ -75.221467, 39.982005 ], [ -75.221407, 39.981979 ], [ -75.221332, 39.981942 ], [ -75.221259, 39.981902 ], [ -75.221192, 39.981859 ], [ -75.221123, 39.981809 ], [ -75.221063, 39.98176 ], [ -75.221003, 39.981706 ], [ -75.220931, 39.981627 ], [ -75.220828, 39.981521 ], [ -75.220766, 39.98146 ], [ -75.220689, 39.981391 ], [ -75.220612, 39.981327 ], [ -75.220542, 39.981272 ], [ -75.220469, 39.981219 ], [ -75.220372, 39.981155 ], [ -75.220272, 39.981096 ], [ -75.220181, 39.981047 ], [ -75.22008, 39.980995 ], [ -75.219988, 39.980951 ], [ -75.219912, 39.980918 ], [ -75.219832, 39.980886 ], [ -75.219068, 39.980603 ], [ -75.216576, 39.979683 ], [ -75.214573, 39.978938 ], [ -75.213864, 39.978675 ], [ -75.21369, 39.978613 ] ] } },
{ "type": "Feature", "properties": { "cls": "shared", "highway": "cycleway", "name": "Centennial Loop" }, "geometry": { "type": "LineString", "coordinates": [ [ -75.210398, 39.980804 ], [ -75.210522, 39.980737 ], [ -75.210653, 39.980728 ], [ -75.210791, 39.980725 ], [ -75.210991, 39.98073 ], [ -75.211094, 39.980735 ], [ -75.211194, 39.980743 ], [ -75.211367, 39.980765 ], [ -75.21148, 39.980787 ], [ -75.211551, 39.980803 ], [ -75.211662, 39.980836 ], [ -75.211761, 39.980878 ], [ -75.211858, 39.98092 ], [ -75.211927, 39.980948 ], [ -75.212, 39.980964 ], [ -75.212066, 39.98097 ], [ -75.212138, 39.98097 ], [ -75.212287, 39.980957 ], [ -75.212254, 39.98101 ] ] } },
{ "type": "Feature", "properties": { "cls": "shared", "highway": "path", "name": "Centennial Loop" }, "geometry": { "type": "LineString", "coordinates": [ [ -75.20754, 39.980039 ], [ -75.20755, 39.98007 ], [ -75.207561, 39.980102 ] ] } },
{ "type": "Feature", "properties": { "cls": "shared", "highway": "cycleway", "name": "Centennial Loop" }, "geometry": { "type": "LineString", "coordinates": [ [ -75.207561, 39.980102 ], [ -75.207636, 39.980188 ], [ -75.207726, 39.980271 ], [ -75.207762, 39.980316 ], [ -75.207777, 39.980358 ], [ -75.207778, 39.980397 ], [ -75.207773, 39.980447 ], [ -75.20776, 39.980533 ], [ -75.207753, 39.98061 ], [ -75.207761, 39.980658 ], [ -75.207779, 39.980696 ], [ -75.207813, 39.980742 ], [ -75.207879, 39.980803 ], [ -75.207964, 39.980871 ], [ -75.208042, 39.980923 ], [ -75.208129, 39.98097 ], [ -75.208223, 39.981007 ], [ -75.208316, 39.981031 ], [ -75.208419, 39.981044 ], [ -75.208518, 39.981046 ], [ -75.208611, 39.981038 ], [ -75.208785, 39.981005 ], [ -75.208918, 39.980983 ], [ -75.209119, 39.980958 ], [ -75.209303, 39.980938 ], [ -75.209385, 39.98092 ], [ -75.209451, 39.980898 ], [ -75.209728, 39.980768 ], [ -75.209783, 39.980756 ], [ -75.209835, 39.980754 ], [ -75.209895, 39.980766 ], [ -75.209994, 39.980803 ], [ -75.210047, 39.980839 ], [ -75.210091, 39.980874 ] ] } },
{ "type": "Feature", "properties": { "cls": "painted", "highway": "secondary", "name": "Martin Luther King Junior Drive" }, "geometry": { "type": "LineString", "coordinates": [ [ -75.205089, 39.980835 ], [ -75.204846, 39.980667 ] ] } },
{ "type": "Feature", "properties": { "cls": "painted", "highway": "secondary", "name": "Martin Luther King Junior Drive" }, "geometry": { "type": "LineString", "coordinates": [ [ -75.205784, 39.981543 ], [ -75.205719, 39.981452 ], [ -75.205627, 39.981334 ], [ -75.205518, 39.981214 ], [ -75.205413, 39.98111 ], [ -75.205274, 39.980984 ], [ -75.205089, 39.980835 ] ] } },
{ "type": "Feature", "properties": { "cls": "shared", "highway": "cycleway", "name": "Martin Luther King Junior Drive Trail" }, "geometry": { "type": "LineString", "coordinates": [ [ -75.205679, 39.98162 ], [ -75.20566, 39.981591 ], [ -75.20564, 39.98156 ] ] } },
{ "type": "Feature", "properties": { "cls": "painted", "highway": "secondary", "name": "Martin Luther King Junior Drive" }, "geometry": { "type": "LineString", "coordinates": [ [ -75.205912, 39.98175 ], [ -75.205862, 39.981664 ], [ -75.205784, 39.981543 ] ] } },
{ "type": "Feature", "properties": { "cls": "painted", "highway": "secondary", "name": "Martin Luther King Junior Drive" }, "geometry": { "type": "LineString", "coordinates": [ [ -75.206199, 39.982476 ], [ -75.206172, 39.982374 ], [ -75.206139, 39.982274 ], [ -75.206078, 39.982102 ], [ -75.205968, 39.981861 ], [ -75.205912, 39.98175 ] ] } },
{ "type": "Feature", "properties": { "cls": "painted", "highway": "secondary", "name": "Martin Luther King Junior Drive" }, "geometry": { "type": "LineString", "coordinates": [ [ -75.206237, 39.983365 ], [ -75.206255, 39.983184 ], [ -75.206264, 39.982947 ], [ -75.206257, 39.982801 ], [ -75.206243, 39.982684 ], [ -75.206224, 39.982575 ], [ -75.206199, 39.982476 ] ] } },
{ "type": "Feature", "properties": { "cls": "painted", "highway": "secondary", "name": "Martin Luther King Junior Drive" }, "geometry": { "type": "LineString", "coordinates": [ [ -75.20571, 39.985649 ], [ -75.205771, 39.985536 ], [ -75.205832, 39.985378 ], [ -75.205878, 39.985221 ], [ -75.205908, 39.985088 ], [ -75.206152, 39.98384 ], [ -75.206213, 39.983526 ], [ -75.206237, 39.983365 ] ] } },
{ "type": "Feature", "properties": { "cls": "shared", "highway": "cycleway", "name": "Schuylkill River Trail" }, "geometry": { "type": "LineString", "coordinates": [ [ -75.203121, 39.984974 ], [ -75.20321, 39.984872 ], [ -75.203251, 39.984804 ] ] } },
{ "type": "Feature", "properties": { "cls": "shared", "highway": "footway", "name": null }, "geometry": { "type": "LineString", "coordinates": [ [ -75.22427, 39.981608 ], [ -75.224257, 39.981608 ], [ -75.224156, 39.981624 ], [ -75.224091, 39.981632 ] ] } },
{ "type": "Feature", "properties": { "cls": "shared", "highway": "footway", "name": null }, "geometry": { "type": "LineString", "coordinates": [ [ -75.223893, 39.981646 ], [ -75.223988, 39.981639 ], [ -75.224091, 39.981632 ] ] } },
{ "type": "Feature", "properties": { "cls": "shared", "highway": "footway", "name": null }, "geometry": { "type": "LineString", "coordinates": [ [ -75.22379, 39.981735 ], [ -75.2238, 39.981719 ] ] } },
{ "type": "Feature", "properties": { "cls": "shared", "highway": "cycleway", "name": "Centennial Loop" }, "geometry": { "type": "LineString", "coordinates": [ [ -75.219192, 39.982548 ], [ -75.219182, 39.982528 ], [ -75.219167, 39.982489 ], [ -75.219157, 39.982431 ], [ -75.21915, 39.982375 ], [ -75.21915, 39.982339 ] ] } },
{ "type": "Feature", "properties": { "cls": "separated", "highway": "cycleway", "name": null }, "geometry": { "type": "LineString", "coordinates": [ [ -75.224337, 39.981551 ], [ -75.224328, 39.981554 ], [ -75.22427, 39.981608 ] ] } },
{ "type": "Feature", "properties": { "cls": "shared", "highway": "cycleway", "name": "Martin Luther King Junior Drive Trail" }, "geometry": { "type": "LineString", "coordinates": [ [ -75.184783, 39.964912 ], [ -75.184575, 39.964814 ], [ -75.184536, 39.964798 ] ] } },
{ "type": "Feature", "properties": { "cls": "shared", "highway": "cycleway", "name": "Schuylkill River Trail" }, "geometry": { "type": "LineString", "coordinates": [ [ -75.184029, 39.967697 ], [ -75.184041, 39.96767 ], [ -75.184052, 39.967637 ], [ -75.18406, 39.967599 ], [ -75.184063, 39.967565 ], [ -75.184061, 39.967531 ], [ -75.18406, 39.967525 ] ] } },
{ "type": "Feature", "properties": { "cls": "separated", "highway": "cycleway", "name": null }, "geometry": { "type": "LineString", "coordinates": [ [ -75.183199, 39.967567 ], [ -75.183205, 39.9676 ], [ -75.183215, 39.96763 ], [ -75.183226, 39.967662 ], [ -75.183242, 39.9677 ], [ -75.183262, 39.967731 ], [ -75.183285, 39.967758 ], [ -75.183315, 39.967788 ], [ -75.183347, 39.967809 ], [ -75.183387, 39.967833 ], [ -75.183427, 39.967852 ], [ -75.183475, 39.96787 ], [ -75.183524, 39.967883 ], [ -75.183569, 39.96789 ], [ -75.183612, 39.967892 ], [ -75.183655, 39.967892 ], [ -75.183689, 39.967889 ], [ -75.183732, 39.967883 ] ] } },
{ "type": "Feature", "properties": { "cls": "shared", "highway": "cycleway", "name": null }, "geometry": { "type": "LineString", "coordinates": [ [ -75.184648, 39.969161 ], [ -75.184608, 39.969149 ], [ -75.184562, 39.969134 ], [ -75.184386, 39.96907 ], [ -75.184281, 39.969031 ], [ -75.18414, 39.968976 ], [ -75.183985, 39.968914 ], [ -75.183807, 39.968836 ], [ -75.183627, 39.968756 ], [ -75.18349, 39.968693 ], [ -75.183405, 39.968654 ], [ -75.18333, 39.968614 ], [ -75.183123, 39.968501 ], [ -75.182983, 39.968421 ], [ -75.182869, 39.968355 ], [ -75.182784, 39.968303 ], [ -75.182713, 39.968256 ], [ -75.182636, 39.968207 ], [ -75.18256, 39.968157 ], [ -75.182462, 39.96809 ], [ -75.18237, 39.968024 ], [ -75.182268, 39.967947 ], [ -75.182164, 39.967864 ], [ -75.182063, 39.967782 ], [ -75.182019, 39.967747 ], [ -75.181959, 39.967691 ], [ -75.181906, 39.967644 ], [ -75.181856, 39.967601 ], [ -75.181808, 39.967563 ], [ -75.181772, 39.967538 ], [ -75.181728, 39.967512 ], [ -75.181689, 39.967493 ], [ -75.181647, 39.967476 ], [ -75.181586, 39.967452 ], [ -75.181535, 39.967433 ] ] } },
{ "type": "Feature", "properties": { "cls": "separated", "highway": "cycleway", "name": null }, "geometry": { "type": "LineString", "coordinates": [ [ -75.183814, 39.967858 ], [ -75.18386, 39.967843 ], [ -75.1839, 39.967822 ], [ -75.183942, 39.967793 ], [ -75.183981, 39.967758 ], [ -75.184006, 39.967729 ], [ -75.184029, 39.967697 ] ] } },
{ "type": "Feature", "properties": { "cls": "separated", "highway": "cycleway", "name": null }, "geometry": { "type": "LineString", "coordinates": [ [ -75.183732, 39.967883 ], [ -75.183775, 39.96787 ], [ -75.183814, 39.967858 ] ] } },
{ "type": "Feature", "properties": { "cls": "separated", "highway": "cycleway", "name": "Schuylkill River Trail" }, "geometry": { "type": "LineString", "coordinates": [ [ -75.184029, 39.967697 ], [ -75.184061, 39.967708 ], [ -75.184094, 39.967723 ], [ -75.184136, 39.967745 ], [ -75.18419, 39.967777 ], [ -75.184305, 39.967869 ], [ -75.184377, 39.967935 ], [ -75.184425, 39.967993 ], [ -75.184453, 39.968043 ], [ -75.184465, 39.968083 ], [ -75.18447, 39.968133 ], [ -75.18447, 39.968172 ], [ -75.184466, 39.96823 ], [ -75.184476, 39.968268 ], [ -75.184496, 39.968304 ], [ -75.184542, 39.968358 ], [ -75.18462, 39.968422 ], [ -75.184653, 39.96844 ], [ -75.184736, 39.968496 ], [ -75.184778, 39.968536 ], [ -75.184803, 39.968579 ], [ -75.184823, 39.968626 ], [ -75.184834, 39.968674 ], [ -75.184836, 39.968722 ], [ -75.184829, 39.968765 ], [ -75.184816, 39.968808 ] ] } },
{ "type": "Feature", "properties": { "cls": "separated", "highway": "cycleway", "name": "Schuylkill River Trail" }, "geometry": { "type": "LineString", "coordinates": [ [ -75.184816, 39.968808 ], [ -75.184794, 39.968849 ], [ -75.184781, 39.968882 ], [ -75.184779, 39.968925 ], [ -75.18479, 39.968978 ], [ -75.184863, 39.969095 ], [ -75.184929, 39.969192 ], [ -75.184973, 39.969262 ] ] } },
{ "type": "Feature", "properties": { "cls": "shared", "highway": "cycleway", "name": null }, "geometry": { "type": "LineString", "coordinates": [ [ -75.184837, 39.969223 ], [ -75.184733, 39.969189 ], [ -75.184648, 39.969161 ] ] } },
{ "type": "Feature", "properties": { "cls": "shared", "highway": "cycleway", "name": null }, "geometry": { "type": "LineString", "coordinates": [ [ -75.184973, 39.969262 ], [ -75.184837, 39.969223 ] ] } },
{ "type": "Feature", "properties": { "cls": "shared", "highway": "cycleway", "name": null }, "geometry": { "type": "LineString", "coordinates": [ [ -75.184957, 39.969303 ], [ -75.184973, 39.969262 ] ] } },
{ "type": "Feature", "properties": { "cls": "separated", "highway": "cycleway", "name": null }, "geometry": { "type": "LineString", "coordinates": [ [ -75.184916, 39.969394 ], [ -75.184957, 39.969303 ] ] } },
{ "type": "Feature", "properties": { "cls": "separated", "highway": "cycleway", "name": null }, "geometry": { "type": "LineString", "coordinates": [ [ -75.184883, 39.96947 ], [ -75.184916, 39.969394 ] ] } },
{ "type": "Feature", "properties": { "cls": "painted", "highway": "primary", "name": "Sedgley Drive" }, "geometry": { "type": "LineString", "coordinates": [ [ -75.184736, 39.969346 ], [ -75.184738, 39.969469 ], [ -75.184744, 39.969778 ] ] } },
{ "type": "Feature", "properties": { "cls": "shared", "highway": "cycleway", "name": "Schuylkill River Trail" }, "geometry": { "type": "LineString", "coordinates": [ [ -75.19206, 39.97534 ], [ -75.191995, 39.975265 ], [ -75.191953, 39.975212 ], [ -75.191879, 39.975112 ], [ -75.191833, 39.975046 ], [ -75.191799, 39.974998 ], [ -75.191754, 39.974941 ], [ -75.191729, 39.974915 ], [ -75.191698, 39.974897 ], [ -75.191654, 39.97488 ], [ -75.191609, 39.974866 ], [ -75.191549, 39.974848 ], [ -75.19151, 39.974837 ], [ -75.191485, 39.974824 ], [ -75.191465, 39.974807 ], [ -75.191434, 39.974768 ], [ -75.191379, 39.974694 ], [ -75.1913, 39.974575 ], [ -75.191039, 39.97416 ], [ -75.190967, 39.974047 ], [ -75.190889, 39.973919 ], [ -75.190812, 39.973789 ], [ -75.190715, 39.973635 ], [ -75.19067, 39.973556 ], [ -75.190627, 39.973475 ], [ -75.190483, 39.973207 ], [ -75.190433, 39.973092 ], [ -75.190323, 39.972844 ], [ -75.190272, 39.972737 ], [ -75.190228, 39.972643 ], [ -75.190184, 39.972544 ], [ -75.190154, 39.972469 ], [ -75.19012, 39.972381 ], [ -75.1901, 39.972327 ], [ -75.190085, 39.972278 ], [ -75.19007, 39.972219 ], [ -75.190061, 39.972164 ], [ -75.190056, 39.972105 ], [ -75.19006, 39.972038 ], [ -75.190065, 39.97199 ], [ -75.190072, 39.971948 ], [ -75.19008, 39.971902 ], [ -75.190095, 39.971844 ], [ -75.190125, 39.971744 ], [ -75.190188, 39.971548 ], [ -75.190197, 39.971513 ], [ -75.19021, 39.971462 ], [ -75.190216, 39.971428 ], [ -75.190224, 39.971374 ], [ -75.19023, 39.971316 ], [ -75.190234, 39.971269 ], [ -75.190235, 39.971214 ], [ -75.190234, 39.971161 ], [ -75.19023, 39.9711 ], [ -75.190221, 39.971 ], [ -75.190215, 39.970939 ], [ -75.190201, 39.970826 ], [ -75.190193, 39.970769 ], [ -75.190183, 39.970704 ], [ -75.190173, 39.970637 ], [ -75.190161, 39.970557 ], [ -75.190155, 39.970521 ], [ -75.190144, 39.970484 ], [ -75.190132, 39.970449 ], [ -75.190112, 39.970408 ], [ -75.190092, 39.970376 ], [ -75.190046, 39.970311 ], [ -75.190014, 39.970268 ], [ -75.189984, 39.970234 ], [ -75.189974, 39.970223 ], [ -75.189899, 39.970158 ], [ -75.189767, 39.970061 ], [ -75.189698, 39.970026 ], [ -75.189621, 39.969996 ], [ -75.189597, 39.969985 ], [ -75.189459, 39.969939 ], [ -75.189363, 39.969914 ], [ -75.189331, 39.969905 ], [ -75.189178, 39.969883 ], [ -75.189018, 39.969864 ], [ -75.188042, 39.969733 ], [ -75.187351, 39.969641 ], [ -75.186853, 39.969575 ], [ -75.18682, 39.969571 ], [ -75.186465, 39.969524 ], [ -75.186324, 39.969507 ], [ -75.186184, 39.969487 ], [ -75.186012, 39.969464 ], [ -75.185711, 39.969418 ], [ -75.185573, 39.969399 ], [ -75.185526, 39.96939 ], [ -75.18526, 39.969337 ], [ -75.185183, 39.969323 ], [ -75.185113, 39.969305 ], [ -75.185077, 39.969293 ], [ -75.185027, 39.969278 ], [ -75.184973, 39.969262 ] ] } },
{ "type": "Feature", "properties": { "cls": "painted", "highway": "primary", "name": "Poplar Drive" }, "geometry": { "type": "LineString", "coordinates": [ [ -75.18747, 39.974311 ], [ -75.187717, 39.974688 ], [ -75.187761, 39.974754 ], [ -75.187795, 39.974802 ], [ -75.187843, 39.974864 ], [ -75.187885, 39.974913 ], [ -75.187975, 39.975007 ], [ -75.188016, 39.975041 ], [ -75.188051, 39.975071 ] ] } },
{ "type": "Feature", "properties": { "cls": "painted", "highway": "primary", "name": "North 33rd Street" }, "geometry": { "type": "LineString", "coordinates": [ [ -75.189526, 39.97685 ], [ -75.189529, 39.976855 ] ] } },
{ "type": "Feature", "properties": { "cls": "painted", "highway": "primary", "name": "North 33rd Street" }, "geometry": { "type": "LineString", "coordinates": [ [ -75.189529, 39.976855 ], [ -75.18962, 39.977074 ] ] } },
{ "type": "Feature", "properties": { "cls": "separated", "highway": "cycleway", "name": null }, "geometry": { "type": "LineString", "coordinates": [ [ -75.184747, 39.970028 ], [ -75.184852, 39.969849 ] ] } },
{ "type": "Feature", "properties": { "cls": "painted", "highway": "primary", "name": "Sedgley Drive" }, "geometry": { "type": "LineString", "coordinates": [ [ -75.184747, 39.970028 ], [ -75.184752, 39.970109 ], [ -75.184758, 39.97019 ], [ -75.184764, 39.970275 ], [ -75.184772, 39.970369 ], [ -75.184784, 39.970456 ], [ -75.184799, 39.970543 ], [ -75.184816, 39.970618 ], [ -75.184836, 39.970694 ], [ -75.184857, 39.970761 ], [ -75.184881, 39.970823 ], [ -75.184934, 39.970946 ], [ -75.184965, 39.971004 ], [ -75.184996, 39.971062 ], [ -75.185038, 39.971125 ], [ -75.185082, 39.971181 ], [ -75.185128, 39.971236 ], [ -75.185178, 39.971292 ], [ -75.185229, 39.971338 ], [ -75.185286, 39.971384 ], [ -75.185348, 39.971433 ], [ -75.185411, 39.971478 ], [ -75.18548, 39.971525 ], [ -75.185546, 39.971568 ], [ -75.185808, 39.971739 ] ] } },
{ "type": "Feature", "properties": { "cls": "painted", "highway": "primary", "name": "Poplar Drive" }, "geometry": { "type": "LineString", "coordinates": [ [ -75.185808, 39.971739 ], [ -75.185906, 39.971919 ], [ -75.186812, 39.973307 ] ] } },
{ "type": "Feature", "properties": { "cls": "painted", "highway": "primary", "name": "Poplar Drive" }, "geometry": { "type": "LineString", "coordinates": [ [ -75.186812, 39.973307 ], [ -75.186838, 39.97335 ], [ -75.187017, 39.973622 ] ] } },
{ "type": "Feature", "properties": { "cls": "painted", "highway": "primary", "name": "Poplar Drive" }, "geometry": { "type": "LineString", "coordinates": [ [ -75.187017, 39.973622 ], [ -75.187106, 39.973748 ], [ -75.18747, 39.974311 ] ] } },
{ "type": "Feature", "properties": { "cls": "painted", "highway": "secondary", "name": "Dauphin Drive" }, "geometry": { "type": "LineString", "coordinates": [ [ -75.186879, 39.991917 ], [ -75.186787, 39.991892 ], [ -75.186694, 39.991871 ], [ -75.186514, 39.991838 ], [ -75.18646, 39.991829 ] ] } },
{ "type": "Feature", "properties": { "cls": "separated", "highway": "primary", "name": "North 34th Street" }, "geometry": { "type": "LineString", "coordinates": [ [ -75.192536, 39.968394 ], [ -75.192558, 39.968447 ] ] } },
{ "type": "Feature", "properties": { "cls": "separated", "highway": "primary", "name": "North 34th Street" }, "geometry": { "type": "LineString", "coordinates": [ [ -75.192558, 39.968447 ], [ -75.192588, 39.968526 ] ] } },
{ "type": "Feature", "properties": { "cls": "separated", "highway": "cycleway", "name": null }, "geometry": { "type": "LineString", "coordinates": [ [ -75.192588, 39.968526 ], [ -75.192521, 39.968627 ], [ -75.192505, 39.96869 ] ] } },
{ "type": "Feature", "properties": { "cls": "painted", "highway": "tertiary", "name": "South Concourse Drive" }, "geometry": { "type": "LineString", "coordinates": [ [ -75.206265, 39.97586 ], [ -75.206159, 39.97582 ], [ -75.206109, 39.975802 ], [ -75.206035, 39.975774 ], [ -75.205985, 39.975756 ], [ -75.205931, 39.975739 ], [ -75.205866, 39.975721 ], [ -75.205808, 39.975706 ], [ -75.205748, 39.975692 ], [ -75.205685, 39.975679 ], [ -75.20562, 39.975667 ], [ -75.205553, 39.975657 ], [ -75.205487, 39.975651 ], [ -75.205419, 39.975646 ], [ -75.205337, 39.975643 ], [ -75.205267, 39.975641 ], [ -75.205198, 39.975642 ], [ -75.205137, 39.975645 ], [ -75.20508, 39.975649 ], [ -75.205018, 39.975655 ], [ -75.20496, 39.975662 ], [ -75.204907, 39.975669 ], [ -75.204841, 39.975679 ], [ -75.204785, 39.975691 ], [ -75.204729, 39.975705 ], [ -75.204666, 39.975722 ], [ -75.204368, 39.975806 ] ] } },
{ "type": "Feature", "properties": { "cls": "shared", "highway": "cycleway", "name": "Martin Luther King Junior Drive Trail" }, "geometry": { "type": "LineString", "coordinates": [ [ -75.198029, 39.97732 ], [ -75.196834, 39.977031 ], [ -75.196309, 39.976909 ], [ -75.19613, 39.976858 ], [ -75.195927, 39.976796 ], [ -75.195769, 39.976735 ], [ -75.195577, 39.976653 ], [ -75.195329, 39.976523 ], [ -75.195186, 39.976435 ], [ -75.195038, 39.976342 ], [ -75.194896, 39.97623 ], [ -75.194719, 39.976092 ], [ -75.19461, 39.975988 ], [ -75.194408, 39.975785 ], [ -75.194374, 39.975746 ], [ -75.194339, 39.975691 ], [ -75.194291, 39.975602 ], [ -75.194262, 39.975539 ], [ -75.194109, 39.975405 ], [ -75.194075, 39.975323 ], [ -75.194016, 39.975109 ], [ -75.194007, 39.974978 ], [ -75.193995, 39.974891 ], [ -75.193878, 39.974618 ], [ -75.193491, 39.973712 ], [ -75.19341, 39.973514 ], [ -75.193335, 39.973243 ], [ -75.193232, 39.972809 ], [ -75.193217, 39.972769 ], [ -75.193194, 39.972746 ], [ -75.193173, 39.97272 ], [ -75.19315, 39.972679 ], [ -75.19314, 39.972648 ], [ -75.193115, 39.972547 ], [ -75.192879, 39.971657 ], [ -75.192744, 39.97117 ], [ -75.192654, 39.970932 ], [ -75.192536, 39.970649 ], [ -75.192348, 39.970324 ], [ -75.192143, 39.969992 ], [ -75.191983, 39.969783 ], [ -75.191817, 39.96959 ], [ -75.191534, 39.969282 ], [ -75.19108, 39.968899 ], [ -75.190716, 39.968635 ], [ -75.190693, 39.968607 ], [ -75.190675, 39.968585 ], [ -75.190652, 39.968559 ], [ -75.190631, 39.968534 ], [ -75.190587, 39.968507 ], [ -75.190225, 39.968277 ], [ -75.189835, 39.96809 ], [ -75.189489, 39.967938 ], [ -75.189204, 39.967819 ], [ -75.188716, 39.967611 ], [ -75.188666, 39.967603 ], [ -75.188619, 39.967597 ], [ -75.188583, 39.967586 ], [ -75.188553, 39.96757 ], [ -75.18852, 39.967542 ], [ -75.188478, 39.967515 ], [ -75.188444, 39.967501 ], [ -75.188277, 39.967428 ], [ -75.188056, 39.967318 ], [ -75.187771, 39.96717 ], [ -75.187486, 39.967 ], [ -75.187211, 39.966822 ], [ -75.187043, 39.966702 ], [ -75.186805, 39.966525 ], [ -75.185532, 39.965536 ], [ -75.185071, 39.965156 ], [ -75.18486, 39.964972 ], [ -75.184807, 39.964931 ], [ -75.184783, 39.964912 ] ] } },
{ "type": "Feature", "properties": { "cls": "separated", "highway": "cycleway", "name": "West Bank Greenway" }, "geometry": { "type": "LineString", "coordinates": [ [ -75.192408, 39.968365 ], [ -75.192454, 39.968477 ], [ -75.192451, 39.968552 ], [ -75.192471, 39.968612 ], [ -75.192505, 39.96869 ], [ -75.192517, 39.968717 ], [ -75.192666, 39.9691 ], [ -75.192886, 39.969617 ], [ -75.192918, 39.969712 ], [ -75.193079, 39.97011 ], [ -75.193266, 39.970528 ], [ -75.193381, 39.970839 ], [ -75.193539, 39.971244 ], [ -75.193723, 39.971719 ], [ -75.193937, 39.972263 ], [ -75.194138, 39.972789 ], [ -75.194371, 39.973307 ], [ -75.194619, 39.973923 ], [ -75.194609, 39.974002 ], [ -75.194644, 39.97405 ], [ -75.194654, 39.974083 ], [ -75.194672, 39.974145 ] ] } },
{ "type": "Feature", "properties": { "cls": "separated", "highway": "cycleway", "name": "West Bank Greenway" }, "geometry": { "type": "LineString", "coordinates": [ [ -75.194672, 39.974145 ], [ -75.194673, 39.974177 ], [ -75.194678, 39.974223 ] ] } },
{ "type": "Feature", "properties": { "cls": "separated", "highway": "cycleway", "name": "West Bank Greenway" }, "geometry": { "type": "LineString", "coordinates": [ [ -75.194678, 39.974223 ], [ -75.194682, 39.974263 ], [ -75.194688, 39.974303 ], [ -75.194794, 39.974829 ], [ -75.194834, 39.975028 ] ] } },
{ "type": "Feature", "properties": { "cls": "painted", "highway": "secondary", "name": "Lansdowne Drive" }, "geometry": { "type": "LineString", "coordinates": [ [ -75.195348, 39.975487 ], [ -75.195193, 39.975351 ], [ -75.195176, 39.975334 ], [ -75.195163, 39.975317 ], [ -75.195154, 39.975298 ], [ -75.195146, 39.975269 ], [ -75.195137, 39.975239 ] ] } },
{ "type": "Feature", "properties": { "cls": "shared", "highway": "cycleway", "name": "Schuylkill River Trail" }, "geometry": { "type": "LineString", "coordinates": [ [ -75.192287, 39.975595 ], [ -75.192166, 39.975463 ], [ -75.19206, 39.97534 ] ] } },
{ "type": "Feature", "properties": { "cls": "separated", "highway": "secondary", "name": "Lansdowne Drive" }, "geometry": { "type": "LineString", "coordinates": [ [ -75.194971, 39.975259 ], [ -75.194976, 39.975287 ], [ -75.194981, 39.97532 ], [ -75.19499, 39.975336 ], [ -75.194999, 39.975349 ], [ -75.195011, 39.975363 ], [ -75.195059, 39.975407 ], [ -75.195182, 39.975518 ], [ -75.195237, 39.975559 ], [ -75.195283, 39.975585 ], [ -75.195328, 39.975608 ], [ -75.195384, 39.975634 ], [ -75.195452, 39.975664 ], [ -75.195515, 39.975689 ], [ -75.195633, 39.975718 ], [ -75.195756, 39.975731 ], [ -75.19588, 39.975731 ] ] } },
{ "type": "Feature", "properties": { "cls": "painted", "highway": "secondary", "name": "Lansdowne Drive" }, "geometry": { "type": "LineString", "coordinates": [ [ -75.19588, 39.975731 ], [ -75.195633, 39.975639 ], [ -75.19558, 39.975619 ], [ -75.195528, 39.975596 ], [ -75.195476, 39.97557 ], [ -75.19543, 39.975544 ], [ -75.195393, 39.975521 ], [ -75.195348, 39.975487 ] ] } },
{ "type": "Feature", "properties": { "cls": "shared", "highway": "cycleway", "name": "Schuylkill River Trail" }, "geometry": { "type": "LineString", "coordinates": [ [ -75.193162, 39.97668 ], [ -75.193102, 39.976647 ], [ -75.193049, 39.976613 ], [ -75.193028, 39.976594 ], [ -75.193012, 39.976575 ], [ -75.192967, 39.976496 ], [ -75.192949, 39.976467 ], [ -75.192921, 39.976428 ], [ -75.192907, 39.976405 ], [ -75.192899, 39.976388 ], [ -75.192896, 39.976362 ], [ -75.192891, 39.97634 ], [ -75.192883, 39.976319 ], [ -75.19287, 39.97629 ], [ -75.192856, 39.97627 ], [ -75.192841, 39.976256 ], [ -75.192823, 39.976245 ], [ -75.192798, 39.976231 ], [ -75.192778, 39.976219 ], [ -75.192763, 39.976208 ], [ -75.192743, 39.976191 ], [ -75.192716, 39.976164 ], [ -75.192682, 39.976122 ], [ -75.192648, 39.976075 ], [ -75.192606, 39.976014 ], [ -75.192566, 39.975955 ], [ -75.192399, 39.975717 ], [ -75.192287, 39.975595 ] ] } },
{ "type": "Feature", "properties": { "cls": "shared", "highway": "cycleway", "name": "Schuylkill River Trail" }, "geometry": { "type": "LineString", "coordinates": [ [ -75.193381, 39.976807 ], [ -75.193162, 39.97668 ] ] } },
{ "type": "Feature", "properties": { "cls": "separated", "highway": "secondary", "name": "Lansdowne Drive" }, "geometry": { "type": "LineString", "coordinates": [ [ -75.198405, 39.976193 ], [ -75.198236, 39.976177 ], [ -75.197791, 39.976124 ], [ -75.197639, 39.976105 ], [ -75.197493, 39.976084 ], [ -75.197376, 39.976066 ], [ -75.197262, 39.976046 ], [ -75.197137, 39.976021 ], [ -75.197025, 39.975995 ], [ -75.196265, 39.975812 ], [ -75.196195, 39.975796 ], [ -75.19613, 39.975782 ], [ -75.19606, 39.975768 ], [ -75.195963, 39.975749 ], [ -75.19588, 39.975731 ] ] } },
{ "type": "Feature", "properties": { "cls": "painted", "highway": "tertiary", "name": "Lansdowne Drive" }, "geometry": { "type": "LineString", "coordinates": [ [ -75.199406, 39.9762 ], [ -75.199515, 39.976181 ], [ -75.199599, 39.97616 ], [ -75.199682, 39.976138 ], [ -75.199804, 39.9761 ], [ -75.199882, 39.976067 ], [ -75.199952, 39.976033 ], [ -75.200017, 39.976005 ], [ -75.200089, 39.975978 ], [ -75.200158, 39.975958 ], [ -75.200225, 39.975941 ], [ -75.20029, 39.975928 ], [ -75.200352, 39.975917 ], [ -75.200426, 39.975909 ], [ -75.200488, 39.975905 ], [ -75.200554, 39.975904 ], [ -75.200619, 39.975906 ], [ -75.200689, 39.97591 ], [ -75.200759, 39.975916 ], [ -75.200823, 39.975926 ], [ -75.200879, 39.975938 ], [ -75.200932, 39.975952 ], [ -75.200998, 39.975972 ], [ -75.201061, 39.975993 ], [ -75.201596, 39.976179 ], [ -75.201656, 39.976199 ], [ -75.20172, 39.976217 ], [ -75.20179, 39.976235 ], [ -75.201852, 39.976249 ], [ -75.201916, 39.976262 ], [ -75.201985, 39.976273 ], [ -75.202053, 39.976281 ], [ -75.202121, 39.976288 ], [ -75.202192, 39.976294 ], [ -75.202265, 39.976296 ], [ -75.202338, 39.976296 ], [ -75.202412, 39.976294 ], [ -75.20248, 39.976291 ], [ -75.202554, 39.976285 ], [ -75.202623, 39.976276 ], [ -75.202695, 39.976265 ], [ -75.202764, 39.976253 ], [ -75.202827, 39.976239 ], [ -75.202904, 39.97622 ], [ -75.202973, 39.976201 ], [ -75.204263, 39.975835 ], [ -75.204368, 39.975806 ] ] } },
{ "type": "Feature", "properties": { "cls": "painted", "highway": "tertiary", "name": "Lansdowne Drive" }, "geometry": { "type": "LineString", "coordinates": [ [ -75.198405, 39.976193 ], [ -75.198543, 39.976202 ], [ -75.198702, 39.976208 ], [ -75.198895, 39.976212 ], [ -75.199079, 39.976216 ], [ -75.199183, 39.976216 ], [ -75.199259, 39.976212 ], [ -75.199335, 39.976208 ], [ -75.199406, 39.9762 ] ] } },
{ "type": "Feature", "properties": { "cls": "separated", "highway": "cycleway", "name": null }, "geometry": { "type": "LineString", "coordinates": [ [ -75.198405, 39.976193 ], [ -75.19834, 39.976264 ], [ -75.198331, 39.976309 ], [ -75.198191, 39.977164 ], [ -75.198205, 39.977223 ], [ -75.198242, 39.97728 ] ] } },
{ "type": "Feature", "properties": { "cls": "shared", "highway": "path", "name": null }, "geometry": { "type": "LineString", "coordinates": [ [ -75.198029, 39.97732 ], [ -75.198039, 39.977294 ] ] } },
{ "type": "Feature", "properties": { "cls": "painted", "highway": "secondary", "name": "Martin Luther King Junior Drive" }, "geometry": { "type": "LineString", "coordinates": [ [ -75.198934, 39.977444 ], [ -75.198242, 39.97728 ] ] } },
{ "type": "Feature", "properties": { "cls": "painted", "highway": "secondary", "name": "Martin Luther King Junior Drive" }, "geometry": { "type": "LineString", "coordinates": [ [ -75.204846, 39.980667 ], [ -75.204648, 39.980556 ], [ -75.204481, 39.980473 ], [ -75.20425, 39.980364 ], [ -75.204071, 39.980277 ], [ -75.203901, 39.980192 ], [ -75.203722, 39.980093 ], [ -75.203551, 39.979994 ], [ -75.203288, 39.979833 ], [ -75.202961, 39.97963 ], [ -75.201937, 39.979002 ], [ -75.201675, 39.978839 ], [ -75.201538, 39.978751 ], [ -75.201415, 39.97866 ], [ -75.201305, 39.978575 ], [ -75.201179, 39.978465 ], [ -75.201058, 39.978351 ], [ -75.200937, 39.978238 ], [ -75.200825, 39.978143 ], [ -75.200727, 39.978072 ], [ -75.200593, 39.977984 ], [ -75.200458, 39.977906 ], [ -75.200352, 39.977853 ], [ -75.200239, 39.977799 ], [ -75.200096, 39.977741 ], [ -75.199941, 39.977688 ], [ -75.199799, 39.977646 ], [ -75.199664, 39.977615 ], [ -75.198934, 39.977444 ] ] } },
{ "type": "Feature", "properties": { "cls": "shared", "highway": "cycleway", "name": "Martin Luther King Junior Drive Trail" }, "geometry": { "type": "LineString", "coordinates": [ [ -75.20564, 39.98156 ], [ -75.205565, 39.981461 ], [ -75.205441, 39.981311 ], [ -75.205318, 39.981178 ], [ -75.205221, 39.981095 ], [ -75.205084, 39.980986 ], [ -75.20493, 39.980869 ], [ -75.204766, 39.980761 ], [ -75.204596, 39.980652 ], [ -75.204475, 39.980587 ], [ -75.204344, 39.980518 ], [ -75.204195, 39.980453 ], [ -75.204081, 39.980403 ], [ -75.203945, 39.980332 ], [ -75.203751, 39.980224 ], [ -75.203488, 39.980079 ], [ -75.203289, 39.979963 ], [ -75.20305, 39.979822 ], [ -75.20284, 39.979698 ], [ -75.202459, 39.979471 ], [ -75.202137, 39.979276 ], [ -75.2017, 39.979003 ], [ -75.201522, 39.978889 ], [ -75.20137, 39.97878 ], [ -75.201225, 39.978663 ], [ -75.201087, 39.978543 ], [ -75.2009, 39.978371 ], [ -75.200759, 39.978243 ], [ -75.200669, 39.97817 ], [ -75.200557, 39.978094 ], [ -75.200435, 39.978025 ], [ -75.200267, 39.977939 ], [ -75.200118, 39.97787 ], [ -75.199956, 39.977804 ], [ -75.199768, 39.97774 ], [ -75.199606, 39.977693 ], [ -75.199303, 39.977618 ], [ -75.198029, 39.97732 ] ] } },
{ "type": "Feature", "properties": { "cls": "shared", "highway": "cycleway", "name": "Schuylkill River Trail" }, "geometry": { "type": "LineString", "coordinates": [ [ -75.203251, 39.984804 ], [ -75.203308, 39.984711 ], [ -75.203389, 39.984488 ], [ -75.203415, 39.984332 ], [ -75.203425, 39.984171 ], [ -75.203405, 39.984019 ], [ -75.203294, 39.983705 ], [ -75.203182, 39.983522 ], [ -75.203135, 39.983449 ], [ -75.203039, 39.98333 ], [ -75.202913, 39.983197 ], [ -75.202734, 39.983031 ], [ -75.202368, 39.982706 ], [ -75.202147, 39.982516 ], [ -75.201912, 39.98232 ], [ -75.201121, 39.981712 ], [ -75.200385, 39.981217 ], [ -75.200132, 39.981082 ], [ -75.199887, 39.980984 ], [ -75.199405, 39.980851 ], [ -75.199198, 39.980794 ], [ -75.198835, 39.980692 ], [ -75.198539, 39.980599 ], [ -75.198464, 39.980571 ], [ -75.198305, 39.980511 ], [ -75.198155, 39.980445 ], [ -75.197964, 39.98034 ], [ -75.19729, 39.97989 ], [ -75.196698, 39.979497 ], [ -75.194836, 39.978204 ], [ -75.194623, 39.978053 ], [ -75.194544, 39.97799 ], [ -75.194401, 39.977866 ], [ -75.194327, 39.977798 ], [ -75.194257, 39.97773 ], [ -75.194173, 39.977642 ], [ -75.194095, 39.977553 ], [ -75.193878, 39.977302 ], [ -75.193797, 39.97721 ], [ -75.193712, 39.977117 ], [ -75.193649, 39.977049 ], [ -75.193602, 39.977001 ], [ -75.193459, 39.976865 ], [ -75.193413, 39.976828 ], [ -75.193381, 39.976807 ] ] } },
{ "type": "Feature", "properties": { "cls": "sharrow", "highway": "tertiary", "name": "Fountain Green Drive" }, "geometry": { "type": "LineString", "coordinates": [ [ -75.197984, 39.98057 ], [ -75.197876, 39.980646 ], [ -75.197759, 39.980997 ], [ -75.197694, 39.981173 ], [ -75.197669, 39.9813 ], [ -75.197642, 39.981449 ] ] } },
{ "type": "Feature", "properties": { "cls": "shared", "highway": "cycleway", "name": "Boxers' Trail" }, "geometry": { "type": "LineString", "coordinates": [ [ -75.188967, 39.980794 ], [ -75.188916, 39.980827 ] ] } },
{ "type": "Feature", "properties": { "cls": "shared", "highway": "cycleway", "name": "Boxers' Trail" }, "geometry": { "type": "LineString", "coordinates": [ [ -75.188967, 39.980794 ], [ -75.188989, 39.980829 ], [ -75.189009, 39.98085 ], [ -75.189034, 39.98087 ], [ -75.189058, 39.980886 ], [ -75.189082, 39.980897 ], [ -75.189109, 39.980905 ], [ -75.189255, 39.980941 ], [ -75.189309, 39.980961 ], [ -75.189357, 39.980986 ], [ -75.189398, 39.981013 ], [ -75.189536, 39.981121 ], [ -75.189594, 39.981163 ], [ -75.189653, 39.981193 ], [ -75.189722, 39.981219 ], [ -75.189798, 39.981242 ], [ -75.189987, 39.981276 ], [ -75.190618, 39.981403 ], [ -75.19063, 39.981438 ], [ -75.190717, 39.981456 ] ] } },
{ "type": "Feature", "properties": { "cls": "shared", "highway": "cycleway", "name": null }, "geometry": { "type": "LineString", "coordinates": [ [ -75.190717, 39.981456 ], [ -75.190764, 39.981464 ], [ -75.190804, 39.981472 ] ] } },
{ "type": "Feature", "properties": { "cls": "shared", "highway": "cycleway", "name": "Boxers' Trail" }, "geometry": { "type": "LineString", "coordinates": [ [ -75.190804, 39.981472 ], [ -75.19111, 39.981535 ] ] } },
{ "type": "Feature", "properties": { "cls": "shared", "highway": "cycleway", "name": null }, "geometry": { "type": "LineString", "coordinates": [ [ -75.19111, 39.981535 ], [ -75.191157, 39.981545 ], [ -75.191193, 39.981553 ] ] } },
{ "type": "Feature", "properties": { "cls": "painted", "highway": "tertiary", "name": "Fountain Green Drive" }, "geometry": { "type": "LineString", "coordinates": [ [ -75.197642, 39.981449 ], [ -75.197842, 39.981063 ], [ -75.197881, 39.980983 ], [ -75.197939, 39.980917 ], [ -75.197993, 39.980863 ], [ -75.198033, 39.980829 ], [ -75.19809, 39.980796 ], [ -75.198147, 39.98077 ], [ -75.198281, 39.980707 ] ] } },
{ "type": "Feature", "properties": { "cls": "shared", "highway": "cycleway", "name": "Boxers' Trail" }, "geometry": { "type": "LineString", "coordinates": [ [ -75.197341, 39.984082 ], [ -75.197417, 39.983952 ], [ -75.197479, 39.983832 ], [ -75.197525, 39.983741 ], [ -75.197559, 39.983649 ], [ -75.197604, 39.983518 ], [ -75.197637, 39.983399 ], [ -75.19768, 39.983213 ], [ -75.197693, 39.98305 ], [ -75.19769, 39.982906 ], [ -75.197672, 39.982761 ], [ -75.197639, 39.982582 ], [ -75.197583, 39.982257 ], [ -75.197554, 39.981998 ], [ -75.19754, 39.981809 ] ] } },
{ "type": "Feature", "properties": { "cls": "painted", "highway": "tertiary", "name": "Fountain Green Drive" }, "geometry": { "type": "LineString", "coordinates": [ [ -75.197099, 39.984744 ], [ -75.197222, 39.984469 ], [ -75.197369, 39.984193 ], [ -75.197399, 39.984144 ], [ -75.197487, 39.983995 ], [ -75.197576, 39.983818 ], [ -75.197657, 39.983636 ], [ -75.197724, 39.983432 ], [ -75.197766, 39.983223 ], [ -75.197779, 39.983056 ], [ -75.197781, 39.982782 ], [ -75.197682, 39.98225 ], [ -75.197662, 39.982141 ], [ -75.197627, 39.981805 ], [ -75.197619, 39.981631 ], [ -75.197626, 39.981538 ], [ -75.197642, 39.981449 ] ] } },
{ "type": "Feature", "properties": { "cls": "shared", "highway": "cycleway", "name": "Boxers' Trail" }, "geometry": { "type": "LineString", "coordinates": [ [ -75.195257, 39.983392 ], [ -75.195369, 39.983423 ], [ -75.195465, 39.983449 ], [ -75.195909, 39.98358 ], [ -75.196305, 39.983702 ], [ -75.196558, 39.983783 ], [ -75.196736, 39.983857 ], [ -75.19683, 39.983912 ], [ -75.196898, 39.983959 ], [ -75.197036, 39.984004 ], [ -75.19714, 39.984023 ], [ -75.197229, 39.984042 ], [ -75.197341, 39.984082 ] ] } },
{ "type": "Feature", "properties": { "cls": "shared", "highway": "cycleway", "name": "Boxers' Trail" }, "geometry": { "type": "LineString", "coordinates": [ [ -75.197341, 39.984082 ], [ -75.197331, 39.984099 ], [ -75.19732, 39.984116 ], [ -75.197399, 39.984144 ] ] } },
{ "type": "Feature", "properties": { "cls": "shared", "highway": "cycleway", "name": "Boxers' Trail" }, "geometry": { "type": "LineString", "coordinates": [ [ -75.197692, 39.981801 ], [ -75.197765, 39.981793 ], [ -75.197893, 39.981781 ], [ -75.198, 39.981761 ], [ -75.198051, 39.98173 ], [ -75.198069, 39.981703 ], [ -75.198113, 39.981664 ], [ -75.198174, 39.981627 ], [ -75.198247, 39.981604 ], [ -75.198312, 39.981575 ], [ -75.198385, 39.981557 ], [ -75.198505, 39.981549 ], [ -75.198621, 39.981599 ], [ -75.198683, 39.981653 ], [ -75.198745, 39.981672 ], [ -75.198805, 39.9817 ], [ -75.198918, 39.981876 ], [ -75.199061, 39.981972 ], [ -75.199208, 39.982038 ], [ -75.199303, 39.982083 ], [ -75.19942, 39.982157 ], [ -75.199482, 39.982185 ], [ -75.199549, 39.982222 ], [ -75.199592, 39.982251 ], [ -75.199766, 39.982336 ], [ -75.199827, 39.982375 ], [ -75.199934, 39.982447 ], [ -75.200074, 39.982548 ], [ -75.200163, 39.982607 ], [ -75.200275, 39.982674 ], [ -75.200374, 39.982747 ], [ -75.2006, 39.982909 ], [ -75.200792, 39.983023 ], [ -75.200871, 39.983078 ], [ -75.200923, 39.983204 ], [ -75.200926, 39.98333 ], [ -75.200984, 39.983526 ], [ -75.201122, 39.983636 ], [ -75.201262, 39.983716 ], [ -75.201414, 39.983767 ], [ -75.201449, 39.983793 ], [ -75.201529, 39.98391 ], [ -75.201571, 39.984038 ], [ -75.201589, 39.984067 ], [ -75.201708, 39.984181 ], [ -75.201833, 39.984253 ], [ -75.201967, 39.984424 ], [ -75.202016, 39.984667 ], [ -75.201979, 39.984914 ], [ -75.201929, 39.985039 ], [ -75.201887, 39.985107 ], [ -75.201776, 39.9852 ], [ -75.201706, 39.985226 ], [ -75.201617, 39.985251 ], [ -75.201545, 39.985269 ], [ -75.201478, 39.985274 ], [ -75.201402, 39.985262 ], [ -75.201351, 39.985271 ], [ -75.201252, 39.985303 ], [ -75.201146, 39.985301 ], [ -75.201016, 39.985335 ], [ -75.20092, 39.985326 ], [ -75.200843, 39.985303 ], [ -75.200781, 39.985287 ], [ -75.200631, 39.985268 ], [ -75.200564, 39.985237 ], [ -75.200473, 39.985185 ], [ -75.200393, 39.985157 ], [ -75.200331, 39.98517 ], [ -75.200268, 39.985218 ], [ -75.200235, 39.985305 ], [ -75.200189, 39.985372 ], [ -75.200132, 39.985472 ], [ -75.200133, 39.985523 ], [ -75.200161, 39.985625 ], [ -75.200165, 39.985688 ], [ -75.200197, 39.985774 ], [ -75.200222, 39.985819 ], [ -75.200252, 39.98586 ], [ -75.20026, 39.985897 ], [ -75.200259, 39.985935 ], [ -75.200249, 39.986001 ], [ -75.200232, 39.986067 ], [ -75.2002, 39.986125 ], [ -75.200152, 39.986184 ], [ -75.200119, 39.986255 ], [ -75.200083, 39.986339 ], [ -75.200074, 39.98638 ], [ -75.200046, 39.986409 ], [ -75.20002, 39.986442 ], [ -75.19997, 39.986503 ], [ -75.19992, 39.986571 ], [ -75.199889, 39.986651 ], [ -75.199847, 39.98674 ], [ -75.199814, 39.986787 ], [ -75.199741, 39.986869 ], [ -75.199595, 39.986956 ], [ -75.199473, 39.987092 ], [ -75.199347, 39.987159 ], [ -75.199258, 39.987233 ], [ -75.199143, 39.987393 ], [ -75.199, 39.987534 ], [ -75.198921, 39.987591 ], [ -75.198714, 39.987702 ], [ -75.198416, 39.987875 ], [ -75.198213, 39.987974 ], [ -75.198077, 39.988059 ], [ -75.197964, 39.988169 ], [ -75.197841, 39.988362 ], [ -75.197767, 39.988448 ], [ -75.19768, 39.988552 ], [ -75.197566, 39.988658 ], [ -75.197468, 39.988871 ], [ -75.197243, 39.989011 ], [ -75.197103, 39.989147 ], [ -75.196824, 39.989399 ], [ -75.196677, 39.989508 ], [ -75.196556, 39.989577 ], [ -75.196383, 39.989553 ], [ -75.196306, 39.989597 ], [ -75.196134, 39.989653 ], [ -75.195866, 39.989676 ], [ -75.195777, 39.98971 ], [ -75.195662, 39.98969 ], [ -75.195537, 39.989649 ], [ -75.195425, 39.989594 ], [ -75.195349, 39.989534 ], [ -75.195286, 39.989504 ], [ -75.195157, 39.989478 ], [ -75.195058, 39.989466 ], [ -75.194917, 39.989447 ], [ -75.194869, 39.989436 ], [ -75.194762, 39.989407 ], [ -75.194659, 39.989373 ], [ -75.194633, 39.989366 ], [ -75.194533, 39.989337 ], [ -75.194456, 39.989312 ], [ -75.194414, 39.989302 ], [ -75.194319, 39.989305 ], [ -75.194147, 39.989308 ], [ -75.193943, 39.989279 ], [ -75.193786, 39.989262 ], [ -75.193648, 39.989242 ], [ -75.193485, 39.989188 ], [ -75.193345, 39.989156 ], [ -75.193222, 39.989139 ], [ -75.1931, 39.989137 ], [ -75.193006, 39.989137 ], [ -75.192956, 39.989144 ], [ -75.192815, 39.989144 ], [ -75.192692, 39.989141 ], [ -75.192577, 39.989125 ] ] } },
{ "type": "Feature", "properties": { "cls": "shared", "highway": "cycleway", "name": "Schuylkill River Trail" }, "geometry": { "type": "LineString", "coordinates": [ [ -75.200093, 39.987232 ], [ -75.20079, 39.986576 ], [ -75.20096, 39.986457 ], [ -75.201121, 39.986356 ], [ -75.201498, 39.98615 ], [ -75.201898, 39.985935 ], [ -75.201965, 39.985893 ], [ -75.202054, 39.985832 ], [ -75.202131, 39.98577 ], [ -75.202398, 39.985546 ], [ -75.202752, 39.985276 ], [ -75.202936, 39.985138 ], [ -75.20308, 39.985023 ], [ -75.203121, 39.984974 ] ] } },
{ "type": "Feature", "properties": { "cls": "separated", "highway": "cycleway", "name": "Schuylkill River Trail" }, "geometry": { "type": "LineString", "coordinates": [ [ -75.200093, 39.987232 ], [ -75.200057, 39.98727 ], [ -75.200012, 39.987317 ] ] } },
{ "type": "Feature", "properties": { "cls": "shared", "highway": "cycleway", "name": "Schuylkill River Trail" }, "geometry": { "type": "LineString", "coordinates": [ [ -75.200012, 39.987317 ], [ -75.199808, 39.987521 ], [ -75.199653, 39.987709 ], [ -75.199503, 39.987885 ], [ -75.199368, 39.988052 ], [ -75.19926, 39.988181 ], [ -75.199161, 39.98828 ], [ -75.199045, 39.988392 ], [ -75.198956, 39.988477 ], [ -75.198843, 39.988581 ], [ -75.198736, 39.988676 ], [ -75.1984, 39.988972 ], [ -75.198269, 39.989089 ], [ -75.197857, 39.989436 ], [ -75.197601, 39.989674 ], [ -75.197476, 39.989784 ], [ -75.197447, 39.989813 ], [ -75.197323, 39.989983 ], [ -75.197202, 39.990145 ], [ -75.197169, 39.990189 ], [ -75.196725, 39.990768 ], [ -75.196273, 39.991378 ], [ -75.196209, 39.991452 ], [ -75.196154, 39.991511 ], [ -75.196084, 39.991573 ], [ -75.195958, 39.991679 ], [ -75.195883, 39.991735 ], [ -75.195821, 39.991776 ], [ -75.195675, 39.991861 ], [ -75.195439, 39.991982 ], [ -75.194733, 39.992346 ], [ -75.194621, 39.992405 ] ] } },
{ "type": "Feature", "properties": { "cls": "painted", "highway": "secondary", "name": "Martin Luther King Junior Drive" }, "geometry": { "type": "LineString", "coordinates": [ [ -75.199785, 39.991942 ], [ -75.200036, 39.991754 ], [ -75.200485, 39.991423 ], [ -75.200841, 39.991159 ], [ -75.201381, 39.990762 ], [ -75.201676, 39.990543 ], [ -75.201977, 39.990319 ], [ -75.202139, 39.990198 ], [ -75.20224, 39.990116 ], [ -75.202347, 39.990026 ], [ -75.202377, 39.989997 ] ] } },
{ "type": "Feature", "properties": { "cls": "shared", "highway": "cycleway", "name": "Boxers' Trail" }, "geometry": { "type": "LineString", "coordinates": [ [ -75.191193, 39.981553 ], [ -75.19132, 39.981587 ], [ -75.191462, 39.981623 ], [ -75.191651, 39.981686 ], [ -75.192024, 39.981863 ], [ -75.192433, 39.982032 ], [ -75.19268, 39.982135 ], [ -75.19278, 39.98217 ], [ -75.192872, 39.982193 ], [ -75.19314, 39.982254 ], [ -75.193578, 39.982338 ], [ -75.193884, 39.982404 ], [ -75.193951, 39.982419 ] ] } },
{ "type": "Feature", "properties": { "cls": "shared", "highway": "cycleway", "name": "Boxers' Trail" }, "geometry": { "type": "LineString", "coordinates": [ [ -75.194087, 39.982457 ], [ -75.194192, 39.982473 ], [ -75.194252, 39.982486 ], [ -75.194298, 39.982499 ], [ -75.194337, 39.982514 ], [ -75.194394, 39.982547 ], [ -75.19448, 39.982606 ], [ -75.194527, 39.982649 ], [ -75.194582, 39.982707 ], [ -75.194633, 39.982771 ], [ -75.194813, 39.982983 ], [ -75.194879, 39.98305 ], [ -75.194996, 39.983167 ], [ -75.195144, 39.983295 ] ] } },
{ "type": "Feature", "properties": { "cls": "shared", "highway": "cycleway", "name": null }, "geometry": { "type": "LineString", "coordinates": [ [ -75.195144, 39.983295 ], [ -75.19519, 39.983335 ], [ -75.195257, 39.983392 ] ] } },
{ "type": "Feature", "properties": { "cls": "shared", "highway": "cycleway", "name": "Boxers' Trail" }, "geometry": { "type": "LineString", "coordinates": [ [ -75.192577, 39.989125 ], [ -75.192475, 39.989083 ], [ -75.192397, 39.989075 ], [ -75.192325, 39.989049 ], [ -75.192219, 39.989008 ] ] } },
{ "type": "Feature", "properties": { "cls": "shared", "highway": "cycleway", "name": "Boxers' Trail" }, "geometry": { "type": "LineString", "coordinates": [ [ -75.192577, 39.989125 ], [ -75.19253, 39.989138 ], [ -75.192501, 39.989158 ], [ -75.192481, 39.989186 ] ] } },
{ "type": "Feature", "properties": { "cls": "shared", "highway": "cycleway", "name": "Boxers' Trail" }, "geometry": { "type": "LineString", "coordinates": [ [ -75.192219, 39.989008 ], [ -75.192017, 39.989049 ], [ -75.191889, 39.989074 ], [ -75.191752, 39.989104 ], [ -75.191699, 39.989124 ], [ -75.191662, 39.989148 ], [ -75.191634, 39.989176 ], [ -75.191618, 39.989201 ], [ -75.191609, 39.989227 ], [ -75.191606, 39.989248 ], [ -75.191605, 39.989295 ], [ -75.191611, 39.989335 ], [ -75.191628, 39.989375 ], [ -75.19165, 39.989405 ], [ -75.191691, 39.989446 ], [ -75.191777, 39.989514 ], [ -75.191834, 39.989549 ], [ -75.191945, 39.989611 ] ] } },
{ "type": "Feature", "properties": { "cls": "shared", "highway": "cycleway", "name": "Boxers' Trail" }, "geometry": { "type": "LineString", "coordinates": [ [ -75.192467, 39.989229 ], [ -75.192444, 39.989269 ], [ -75.192368, 39.989322 ], [ -75.192341, 39.98935 ], [ -75.19227, 39.989445 ], [ -75.192259, 39.989479 ], [ -75.19224, 39.989524 ], [ -75.192226, 39.989551 ], [ -75.192194, 39.989582 ], [ -75.192149, 39.989598 ], [ -75.192089, 39.989602 ], [ -75.191945, 39.989611 ] ] } },
{ "type": "Feature", "properties": { "cls": "shared", "highway": "cycleway", "name": "Boxers' Trail" }, "geometry": { "type": "LineString", "coordinates": [ [ -75.191945, 39.989611 ], [ -75.191978, 39.989626 ], [ -75.192069, 39.989665 ], [ -75.19212, 39.989682 ], [ -75.192198, 39.989706 ], [ -75.192289, 39.989726 ], [ -75.192484, 39.989756 ], [ -75.192771, 39.989778 ], [ -75.19322, 39.989812 ], [ -75.193825, 39.989882 ], [ -75.193991, 39.98992 ], [ -75.194326, 39.990029 ], [ -75.194454, 39.990064 ], [ -75.194519, 39.990073 ], [ -75.194621, 39.990074 ], [ -75.194815, 39.990059 ], [ -75.194891, 39.990057 ], [ -75.19499, 39.99006 ], [ -75.195095, 39.990083 ], [ -75.195181, 39.99012 ], [ -75.195312, 39.99019 ], [ -75.195372, 39.990272 ], [ -75.195403, 39.99033 ], [ -75.195443, 39.990409 ], [ -75.195482, 39.990517 ], [ -75.195489, 39.990544 ], [ -75.195498, 39.990647 ], [ -75.195478, 39.990723 ], [ -75.195467, 39.990754 ], [ -75.195444, 39.990815 ], [ -75.195406, 39.990865 ], [ -75.195375, 39.990898 ], [ -75.195349, 39.990924 ], [ -75.195316, 39.990944 ] ] } },
{ "type": "Feature", "properties": { "cls": "shared", "highway": "footway", "name": "Boxers' Trail" }, "geometry": { "type": "LineString", "coordinates": [ [ -75.195316, 39.990944 ], [ -75.195247, 39.990979 ], [ -75.194788, 39.99126 ], [ -75.194556, 39.991402 ], [ -75.19451, 39.99143 ], [ -75.194495, 39.991449 ], [ -75.194481, 39.991474 ], [ -75.194474, 39.991498 ] ] } },
{ "type": "Feature", "properties": { "cls": "shared", "highway": "cycleway", "name": "Boxers' Trail" }, "geometry": { "type": "LineString", "coordinates": [ [ -75.194474, 39.991498 ], [ -75.194457, 39.991548 ], [ -75.194425, 39.991578 ], [ -75.194367, 39.991612 ], [ -75.194263, 39.991672 ], [ -75.194208, 39.991687 ], [ -75.194152, 39.991703 ], [ -75.194078, 39.991745 ], [ -75.194009, 39.991792 ], [ -75.193898, 39.99184 ], [ -75.193634, 39.992011 ], [ -75.193574, 39.992043 ], [ -75.193494, 39.992103 ], [ -75.19336, 39.99219 ], [ -75.19313, 39.992346 ], [ -75.193023, 39.992415 ], [ -75.192909, 39.992499 ], [ -75.192807, 39.992582 ], [ -75.192754, 39.992631 ], [ -75.192727, 39.992678 ], [ -75.19269, 39.992723 ], [ -75.192646, 39.992754 ], [ -75.192563, 39.992762 ], [ -75.192477, 39.992762 ], [ -75.192223, 39.992761 ], [ -75.191939, 39.992749 ], [ -75.191775, 39.99276 ], [ -75.19168, 39.99276 ], [ -75.191525, 39.992733 ], [ -75.19132, 39.992703 ], [ -75.19121, 39.992695 ], [ -75.191184, 39.992696 ] ] } },
{ "type": "Feature", "properties": { "cls": "painted", "highway": "secondary", "name": "Martin Luther King Junior Drive" }, "geometry": { "type": "LineString", "coordinates": [ [ -75.20565, 39.985764 ], [ -75.20571, 39.985649 ] ] } },
{ "type": "Feature", "properties": { "cls": "painted", "highway": "secondary", "name": "Martin Luther King Junior Drive" }, "geometry": { "type": "LineString", "coordinates": [ [ -75.205107, 39.986513 ], [ -75.20517, 39.98642 ], [ -75.205302, 39.986248 ], [ -75.205475, 39.986019 ], [ -75.205566, 39.985893 ], [ -75.20565, 39.985764 ] ] } },
{ "type": "Feature", "properties": { "cls": "shared", "highway": "cycleway", "name": "Martin Luther King Junior Drive Trail" }, "geometry": { "type": "LineString", "coordinates": [ [ -75.205106, 39.986389 ], [ -75.205065, 39.986377 ], [ -75.205047, 39.986376 ], [ -75.205028, 39.986393 ], [ -75.204964, 39.986502 ], [ -75.204906, 39.986595 ], [ -75.204735, 39.986813 ], [ -75.204693, 39.986866 ], [ -75.204645, 39.986916 ], [ -75.204602, 39.986948 ], [ -75.204564, 39.986969 ], [ -75.204527, 39.986977 ], [ -75.204485, 39.986977 ] ] } },
{ "type": "Feature", "properties": { "cls": "painted", "highway": "secondary", "name": "Martin Luther King Junior Drive" }, "geometry": { "type": "LineString", "coordinates": [ [ -75.203707, 39.988327 ], [ -75.204084, 39.987834 ], [ -75.204494, 39.987298 ], [ -75.204718, 39.987015 ], [ -75.20486, 39.986823 ], [ -75.205107, 39.986513 ] ] } },
{ "type": "Feature", "properties": { "cls": "painted", "highway": "secondary", "name": "Martin Luther King Junior Drive" }, "geometry": { "type": "LineString", "coordinates": [ [ -75.203557, 39.988527 ], [ -75.203707, 39.988327 ] ] } },
{ "type": "Feature", "properties": { "cls": "painted", "highway": "secondary", "name": "Martin Luther King Junior Drive" }, "geometry": { "type": "LineString", "coordinates": [ [ -75.203414, 39.988714 ], [ -75.203557, 39.988527 ] ] } },
{ "type": "Feature", "properties": { "cls": "painted", "highway": "secondary", "name": "Martin Luther King Junior Drive" }, "geometry": { "type": "LineString", "coordinates": [ [ -75.203272, 39.988902 ], [ -75.203414, 39.988714 ] ] } },
{ "type": "Feature", "properties": { "cls": "painted", "highway": "secondary", "name": "Martin Luther King Junior Drive" }, "geometry": { "type": "LineString", "coordinates": [ [ -75.20259, 39.989784 ], [ -75.202769, 39.989559 ], [ -75.203272, 39.988902 ] ] } },
{ "type": "Feature", "properties": { "cls": "painted", "highway": "secondary", "name": "Martin Luther King Junior Drive" }, "geometry": { "type": "LineString", "coordinates": [ [ -75.202377, 39.989997 ], [ -75.202437, 39.989943 ], [ -75.202503, 39.989878 ], [ -75.20259, 39.989784 ] ] } },
{ "type": "Feature", "properties": { "cls": "shared", "highway": "path", "name": "Trolley Trail" }, "geometry": { "type": "LineString", "coordinates": [ [ -75.209547, 39.99138 ], [ -75.209491, 39.991346 ], [ -75.209435, 39.991321 ], [ -75.209394, 39.991288 ], [ -75.209367, 39.991255 ], [ -75.209318, 39.991237 ], [ -75.209263, 39.991237 ], [ -75.209213, 39.991239 ], [ -75.209173, 39.991229 ], [ -75.209133, 39.991213 ], [ -75.209111, 39.991217 ], [ -75.209011, 39.991224 ], [ -75.208921, 39.991224 ], [ -75.208816, 39.991212 ], [ -75.208716, 39.991187 ], [ -75.208594, 39.991125 ], [ -75.20852, 39.991078 ], [ -75.208463, 39.99104 ], [ -75.208409, 39.99099 ], [ -75.208391, 39.990935 ], [ -75.208389, 39.990895 ], [ -75.208399, 39.990869 ], [ -75.208426, 39.990858 ], [ -75.208459, 39.990866 ], [ -75.20848, 39.990878 ], [ -75.20851, 39.990891 ], [ -75.20854, 39.990889 ], [ -75.208546, 39.990872 ], [ -75.208541, 39.990846 ], [ -75.208479, 39.990736 ], [ -75.208461, 39.990688 ], [ -75.208445, 39.99064 ], [ -75.208376, 39.990608 ], [ -75.208349, 39.990563 ], [ -75.20833, 39.990539 ], [ -75.208298, 39.990508 ], [ -75.208265, 39.99048 ], [ -75.208225, 39.990462 ], [ -75.208179, 39.990422 ], [ -75.208089, 39.990298 ], [ -75.208059, 39.990253 ], [ -75.207968, 39.990236 ], [ -75.207921, 39.990232 ], [ -75.207804, 39.990239 ], [ -75.207725, 39.990237 ], [ -75.207679, 39.990235 ], [ -75.207592, 39.990232 ], [ -75.20752, 39.990228 ], [ -75.20741, 39.990232 ], [ -75.207353, 39.990225 ], [ -75.207224, 39.990224 ], [ -75.20711, 39.990221 ], [ -75.207057, 39.990237 ], [ -75.206969, 39.990254 ], [ -75.206878, 39.99033 ], [ -75.206718, 39.990419 ], [ -75.206527, 39.990463 ], [ -75.206402, 39.990455 ], [ -75.206309, 39.990402 ], [ -75.20622, 39.990414 ], [ -75.206133, 39.990434 ], [ -75.206074, 39.99042 ], [ -75.206042, 39.990375 ], [ -75.206012, 39.99037 ], [ -75.205953, 39.99039 ], [ -75.205928, 39.990433 ], [ -75.205889, 39.990531 ], [ -75.205842, 39.990719 ], [ -75.205902, 39.990813 ], [ -75.206059, 39.990864 ], [ -75.2061, 39.990886 ], [ -75.206116, 39.990905 ], [ -75.206129, 39.990941 ], [ -75.206127, 39.990972 ], [ -75.206133, 39.991011 ], [ -75.206161, 39.991055 ], [ -75.206201, 39.991095 ], [ -75.206245, 39.991119 ], [ -75.206277, 39.991132 ], [ -75.206337, 39.991194 ], [ -75.206386, 39.991227 ], [ -75.206436, 39.991271 ], [ -75.206499, 39.991309 ], [ -75.206543, 39.991329 ], [ -75.206573, 39.991372 ], [ -75.206591, 39.991412 ], [ -75.206622, 39.991444 ], [ -75.20667, 39.991476 ], [ -75.206689, 39.991518 ], [ -75.206718, 39.991555 ], [ -75.206757, 39.991585 ], [ -75.206783, 39.991619 ], [ -75.206807, 39.991664 ], [ -75.206828, 39.991698 ], [ -75.206869, 39.991732 ], [ -75.206878, 39.991766 ], [ -75.206867, 39.991814 ], [ -75.206888, 39.991845 ], [ -75.206946, 39.991884 ], [ -75.206978, 39.991905 ], [ -75.206979, 39.991925 ], [ -75.206959, 39.99195 ] ] } },
{ "type": "Feature", "properties": { "cls": "painted", "highway": "secondary", "name": "Martin Luther King Junior Drive" }, "geometry": { "type": "LineString", "coordinates": [ [ -75.199559, 39.992107 ], [ -75.199785, 39.991942 ] ] } },
{ "type": "Feature", "properties": { "cls": "painted", "highway": "secondary", "name": "Martin Luther King Junior Drive" }, "geometry": { "type": "LineString", "coordinates": [ [ -75.198668, 39.992767 ], [ -75.198903, 39.992593 ], [ -75.199559, 39.992107 ] ] } },
{ "type": "Feature", "properties": { "cls": "painted", "highway": "secondary", "name": "Martin Luther King Junior Drive" }, "geometry": { "type": "LineString", "coordinates": [ [ -75.198444, 39.992938 ], [ -75.198668, 39.992767 ] ] } },
{ "type": "Feature", "properties": { "cls": "painted", "highway": "secondary", "name": "Martin Luther King Junior Drive" }, "geometry": { "type": "LineString", "coordinates": [ [ -75.197684, 39.993613 ], [ -75.197931, 39.993381 ], [ -75.198093, 39.993236 ], [ -75.198262, 39.993091 ], [ -75.198444, 39.992938 ] ] } },
{ "type": "Feature", "properties": { "cls": "painted", "highway": "secondary", "name": "Martin Luther King Junior Drive" }, "geometry": { "type": "LineString", "coordinates": [ [ -75.197604, 39.993689 ], [ -75.197684, 39.993613 ] ] } },
{ "type": "Feature", "properties": { "cls": "painted", "highway": "secondary", "name": "Martin Luther King Junior Drive" }, "geometry": { "type": "LineString", "coordinates": [ [ -75.197168, 39.994149 ], [ -75.197273, 39.994032 ], [ -75.1974, 39.993894 ], [ -75.197604, 39.993689 ] ] } },
{ "type": "Feature", "properties": { "cls": "painted", "highway": "secondary", "name": "Martin Luther King Junior Drive" }, "geometry": { "type": "LineString", "coordinates": [ [ -75.197027, 39.994308 ], [ -75.197168, 39.994149 ] ] } },
{ "type": "Feature", "properties": { "cls": "shared", "highway": "cycleway", "name": "Martin Luther King Junior Drive Trail" }, "geometry": { "type": "LineString", "coordinates": [ [ -75.197803, 40.007648 ], [ -75.197812, 40.007624 ], [ -75.197816, 40.007587 ], [ -75.197809, 40.007553 ], [ -75.197796, 40.007523 ], [ -75.197792, 40.007517 ], [ -75.197774, 40.007493 ], [ -75.197745, 40.007468 ], [ -75.19771, 40.007448 ], [ -75.197664, 40.007432 ], [ -75.197561, 40.00741 ], [ -75.197517, 40.007404 ], [ -75.197467, 40.007405 ], [ -75.197434, 40.007402 ], [ -75.19735, 40.007387 ], [ -75.19595, 40.007139 ], [ -75.194729, 40.006892 ], [ -75.19402, 40.006735 ], [ -75.19393, 40.006708 ], [ -75.193844, 40.006673 ], [ -75.193762, 40.006628 ], [ -75.193527, 40.006471 ], [ -75.193479, 40.006433 ], [ -75.19346, 40.006409 ], [ -75.193449, 40.006387 ], [ -75.193434, 40.006332 ], [ -75.193423, 40.006302 ], [ -75.193356, 40.006146 ], [ -75.193307, 40.006061 ], [ -75.19322, 40.005935 ], [ -75.193079, 40.005704 ], [ -75.192973, 40.00543 ], [ -75.192785, 40.004953 ], [ -75.192715, 40.004776 ], [ -75.192544, 40.004258 ], [ -75.192469, 40.003839 ], [ -75.192458, 40.003646 ], [ -75.192436, 40.00268 ], [ -75.192431, 40.001752 ], [ -75.19242, 40.001571 ], [ -75.192399, 40.001312 ], [ -75.19241, 40.001213 ], [ -75.192413, 40.001202 ], [ -75.192635, 40.000474 ], [ -75.192714, 40.000369 ], [ -75.192808, 40.000253 ], [ -75.192911, 40.000107 ], [ -75.19297, 39.999986 ], [ -75.192997, 39.999883 ], [ -75.193018, 39.999767 ], [ -75.193023, 39.99967 ], [ -75.19304, 39.999586 ], [ -75.193087, 39.999491 ], [ -75.193151, 39.999352 ], [ -75.193244, 39.999084 ], [ -75.193328, 39.998838 ], [ -75.193368, 39.998749 ], [ -75.193426, 39.998636 ], [ -75.193465, 39.998542 ], [ -75.193549, 39.998345 ], [ -75.193622, 39.998173 ], [ -75.193789, 39.997887 ], [ -75.193909, 39.997722 ], [ -75.194547, 39.996972 ], [ -75.194983, 39.996473 ], [ -75.195229, 39.996154 ], [ -75.195567, 39.995595 ], [ -75.195942, 39.995048 ], [ -75.196318, 39.994662 ], [ -75.196747, 39.994202 ], [ -75.197244, 39.993723 ], [ -75.197369, 39.993609 ], [ -75.19751, 39.993488 ], [ -75.198169, 39.992919 ], [ -75.198276, 39.992825 ], [ -75.198378, 39.992706 ], [ -75.198402, 39.992645 ], [ -75.198419, 39.992591 ], [ -75.198453, 39.992492 ], [ -75.198499, 39.992438 ], [ -75.19879, 39.992152 ], [ -75.199127, 39.991888 ], [ -75.199231, 39.991818 ], [ -75.199382, 39.991768 ], [ -75.199548, 39.99173 ], [ -75.199677, 39.991697 ], [ -75.199826, 39.991636 ], [ -75.19994, 39.991578 ], [ -75.200102, 39.991468 ], [ -75.200687, 39.991044 ], [ -75.200749, 39.990994 ], [ -75.20079, 39.99094 ], [ -75.200822, 39.990894 ], [ -75.200862, 39.990852 ], [ -75.200909, 39.990817 ], [ -75.200974, 39.99079 ], [ -75.201057, 39.990764 ], [ -75.201114, 39.990737 ], [ -75.201193, 39.990679 ], [ -75.201413, 39.990507 ], [ -75.201605, 39.990354 ], [ -75.201666, 39.990297 ], [ -75.201749, 39.990203 ], [ -75.201836, 39.990088 ], [ -75.201952, 39.989935 ], [ -75.20201, 39.98986 ], [ -75.202064, 39.989775 ], [ -75.202186, 39.989548 ], [ -75.20227, 39.989418 ], [ -75.202348, 39.989322 ], [ -75.202449, 39.989218 ], [ -75.202472, 39.989195 ], [ -75.202827, 39.988833 ], [ -75.202844, 39.988813 ], [ -75.202891, 39.988757 ], [ -75.20299, 39.988671 ], [ -75.203107, 39.988582 ], [ -75.203252, 39.988485 ], [ -75.203364, 39.9884 ], [ -75.203436, 39.988337 ], [ -75.203562, 39.988192 ], [ -75.203683, 39.988043 ], [ -75.203911, 39.987756 ], [ -75.204185, 39.98741 ], [ -75.204324, 39.987224 ], [ -75.204403, 39.987104 ], [ -75.204485, 39.986977 ], [ -75.204627, 39.986746 ], [ -75.204707, 39.98664 ], [ -75.204873, 39.986453 ], [ -75.204912, 39.986407 ], [ -75.205051, 39.986249 ], [ -75.205087, 39.986216 ], [ -75.20514, 39.986169 ], [ -75.20517, 39.986132 ], [ -75.205201, 39.986088 ], [ -75.205231, 39.986041 ], [ -75.205303, 39.985932 ], [ -75.205482, 39.985603 ], [ -75.205549, 39.985468 ], [ -75.205588, 39.985359 ], [ -75.205625, 39.985226 ], [ -75.205656, 39.985079 ], [ -75.205684, 39.984928 ], [ -75.205711, 39.98484 ], [ -75.205752, 39.984758 ], [ -75.205777, 39.984693 ], [ -75.205803, 39.984589 ], [ -75.205816, 39.98449 ], [ -75.205823, 39.984403 ], [ -75.205821, 39.984316 ], [ -75.205807, 39.984228 ], [ -75.205771, 39.984075 ], [ -75.205764, 39.983999 ], [ -75.205773, 39.983924 ], [ -75.205792, 39.983841 ], [ -75.205843, 39.983723 ], [ -75.205919, 39.983555 ], [ -75.205949, 39.983498 ], [ -75.205981, 39.983464 ], [ -75.206039, 39.983408 ], [ -75.20608, 39.983359 ], [ -75.206104, 39.983319 ], [ -75.206119, 39.983267 ], [ -75.206124, 39.983203 ], [ -75.20613, 39.982979 ], [ -75.206122, 39.982817 ], [ -75.206097, 39.982672 ], [ -75.206073, 39.98253 ], [ -75.206038, 39.98239 ], [ -75.205982, 39.982225 ], [ -75.205931, 39.982091 ], [ -75.205849, 39.981917 ], [ -75.205786, 39.981801 ], [ -75.205725, 39.981694 ], [ -75.205679, 39.98162 ] ] } },
{ "type": "Feature", "properties": { "cls": "painted", "highway": "secondary", "name": "Martin Luther King Junior Drive" }, "geometry": { "type": "LineString", "coordinates": [ [ -75.195716, 39.995832 ], [ -75.197027, 39.994308 ] ] } },
{ "type": "Feature", "properties": { "cls": "shared", "highway": "path", "name": "Trolley Trail" }, "geometry": { "type": "LineString", "coordinates": [ [ -75.202205, 39.995326 ], [ -75.20215, 39.995383 ], [ -75.202115, 39.995419 ], [ -75.202057, 39.995463 ], [ -75.201977, 39.995495 ], [ -75.201906, 39.995554 ], [ -75.201866, 39.995616 ], [ -75.201898, 39.995718 ], [ -75.20185, 39.995755 ], [ -75.201772, 39.995762 ], [ -75.201692, 39.995737 ], [ -75.20162, 39.99572 ], [ -75.201522, 39.995657 ], [ -75.201421, 39.99562 ], [ -75.201358, 39.995606 ], [ -75.201297, 39.995607 ], [ -75.201245, 39.995617 ], [ -75.201206, 39.995633 ], [ -75.201172, 39.995666 ], [ -75.201155, 39.99572 ], [ -75.20113, 39.995776 ], [ -75.201112, 39.99581 ], [ -75.201094, 39.995842 ], [ -75.201083, 39.995889 ], [ -75.201081, 39.995915 ], [ -75.20106, 39.995967 ], [ -75.201023, 39.996029 ] ] } },
{ "type": "Feature", "properties": { "cls": "shared", "highway": "cycleway", "name": "Schuylkill River Trail" }, "geometry": { "type": "LineString", "coordinates": [ [ -75.194621, 39.992405 ], [ -75.194578, 39.992427 ], [ -75.194533, 39.992451 ] ] } },
{ "type": "Feature", "properties": { "cls": "shared", "highway": "cycleway", "name": "Schuylkill River Trail" }, "geometry": { "type": "LineString", "coordinates": [ [ -75.194533, 39.992451 ], [ -75.194186, 39.992637 ], [ -75.194098, 39.992687 ], [ -75.194008, 39.992749 ], [ -75.193946, 39.992791 ] ] } },
{ "type": "Feature", "properties": { "cls": "shared", "highway": "cycleway", "name": "Schuylkill River Trail" }, "geometry": { "type": "LineString", "coordinates": [ [ -75.193946, 39.992791 ], [ -75.193912, 39.992817 ], [ -75.193877, 39.992844 ] ] } },
{ "type": "Feature", "properties": { "cls": "shared", "highway": "cycleway", "name": "Schuylkill River Trail" }, "geometry": { "type": "LineString", "coordinates": [ [ -75.193877, 39.992844 ], [ -75.193691, 39.993002 ], [ -75.193597, 39.993081 ], [ -75.193521, 39.99315 ], [ -75.193402, 39.99326 ], [ -75.193245, 39.993401 ], [ -75.193094, 39.993537 ], [ -75.192978, 39.993639 ], [ -75.192885, 39.993724 ], [ -75.192795, 39.993809 ], [ -75.192769, 39.993835 ], [ -75.192744, 39.993871 ], [ -75.192725, 39.993909 ], [ -75.192685, 39.99399 ], [ -75.192649, 39.994069 ], [ -75.192643, 39.994086 ] ] } },
{ "type": "Feature", "properties": { "cls": "shared", "highway": "cycleway", "name": "Schuylkill River Trail" }, "geometry": { "type": "LineString", "coordinates": [ [ -75.192643, 39.994086 ], [ -75.192636, 39.994118 ], [ -75.192629, 39.994148 ] ] } },
{ "type": "Feature", "properties": { "cls": "shared", "highway": "cycleway", "name": "Schuylkill River Trail" }, "geometry": { "type": "LineString", "coordinates": [ [ -75.192629, 39.994148 ], [ -75.192563, 39.994364 ], [ -75.192523, 39.99449 ], [ -75.192507, 39.994536 ], [ -75.192494, 39.994571 ] ] } },
{ "type": "Feature", "properties": { "cls": "painted", "highway": "secondary", "name": "Strawberry Mansion Drive" }, "geometry": { "type": "LineString", "coordinates": [ [ -75.191582, 39.994555 ], [ -75.191687, 39.994501 ], [ -75.191727, 39.994485 ] ] } },
{ "type": "Feature", "properties": { "cls": "shared", "highway": "cycleway", "name": "Schuylkill River Trail" }, "geometry": { "type": "LineString", "coordinates": [ [ -75.192494, 39.994571 ], [ -75.192391, 39.994755 ], [ -75.192382, 39.994768 ] ] } },
{ "type": "Feature", "properties": { "cls": "painted", "highway": "secondary", "name": "Martin Luther King Junior Drive" }, "geometry": { "type": "LineString", "coordinates": [ [ -75.193806, 39.998107 ], [ -75.193848, 39.998041 ], [ -75.193925, 39.997929 ], [ -75.194055, 39.997767 ], [ -75.19491, 39.996771 ], [ -75.195716, 39.995832 ] ] } },
{ "type": "Feature", "properties": { "cls": "painted", "highway": "secondary", "name": "Martin Luther King Junior Drive" }, "geometry": { "type": "LineString", "coordinates": [ [ -75.193602, 39.998614 ], [ -75.19367, 39.998412 ], [ -75.193722, 39.99828 ], [ -75.193762, 39.998194 ], [ -75.193806, 39.998107 ] ] } },
{ "type": "Feature", "properties": { "cls": "shared", "highway": "cycleway", "name": null }, "geometry": { "type": "LineString", "coordinates": [ [ -75.190903, 39.989589 ], [ -75.190943, 39.989621 ], [ -75.190999, 39.989649 ], [ -75.191058, 39.989645 ], [ -75.191142, 39.989617 ], [ -75.191189, 39.989576 ], [ -75.19122, 39.989516 ], [ -75.191252, 39.989434 ], [ -75.191296, 39.989358 ] ] } },
{ "type": "Feature", "properties": { "cls": "shared", "highway": "cycleway", "name": null }, "geometry": { "type": "LineString", "coordinates": [ [ -75.190763, 39.989482 ], [ -75.190834, 39.989537 ], [ -75.190903, 39.989589 ] ] } },
{ "type": "Feature", "properties": { "cls": "shared", "highway": "cycleway", "name": null }, "geometry": { "type": "LineString", "coordinates": [ [ -75.188964, 39.991969 ], [ -75.188971, 39.99198 ], [ -75.189038, 39.991955 ], [ -75.189105, 39.991916 ], [ -75.189164, 39.991878 ] ] } },
{ "type": "Feature", "properties": { "cls": "painted", "highway": "tertiary", "name": "Dauphin Drive" }, "geometry": { "type": "LineString", "coordinates": [ [ -75.189351, 39.99197 ], [ -75.189202, 39.991998 ], [ -75.189009, 39.992035 ], [ -75.188857, 39.992061 ], [ -75.188558, 39.992106 ], [ -75.188254, 39.992149 ], [ -75.188122, 39.992165 ], [ -75.187941, 39.992182 ], [ -75.187828, 39.992185 ], [ -75.18773, 39.992181 ], [ -75.187638, 39.992172 ], [ -75.18755, 39.992156 ], [ -75.187464, 39.992134 ], [ -75.187377, 39.992105 ], [ -75.186879, 39.991917 ] ] } },
{ "type": "Feature", "properties": { "cls": "shared", "highway": "cycleway", "name": null }, "geometry": { "type": "LineString", "coordinates": [ [ -75.18949, 39.992098 ], [ -75.18937, 39.992106 ], [ -75.189307, 39.99211 ], [ -75.189263, 39.992113 ] ] } },
{ "type": "Feature", "properties": { "cls": "shared", "highway": "cycleway", "name": "Boxers' Trail" }, "geometry": { "type": "LineString", "coordinates": [ [ -75.189263, 39.992113 ], [ -75.189156, 39.992148 ], [ -75.189048, 39.992152 ], [ -75.188716, 39.992204 ], [ -75.188116, 39.992286 ], [ -75.188018, 39.992294 ] ] } },
{ "type": "Feature", "properties": { "cls": "shared", "highway": "cycleway", "name": null }, "geometry": { "type": "LineString", "coordinates": [ [ -75.188018, 39.992294 ], [ -75.187945, 39.992295 ], [ -75.18788, 39.992297 ] ] } },
{ "type": "Feature", "properties": { "cls": "shared", "highway": "cycleway", "name": "Boxers' Trail" }, "geometry": { "type": "LineString", "coordinates": [ [ -75.190706, 39.99253 ], [ -75.190601, 39.992527 ], [ -75.190546, 39.992528 ], [ -75.190508, 39.992527 ], [ -75.190474, 39.992525 ], [ -75.190441, 39.992517 ], [ -75.190395, 39.992502 ], [ -75.190381, 39.992497 ], [ -75.190341, 39.992484 ], [ -75.1903, 39.99247 ], [ -75.19023, 39.992444 ], [ -75.190163, 39.992417 ], [ -75.190111, 39.992394 ], [ -75.190076, 39.992374 ], [ -75.190041, 39.992348 ], [ -75.190019, 39.992324 ], [ -75.189987, 39.992285 ], [ -75.189962, 39.992262 ], [ -75.189934, 39.99225 ], [ -75.189904, 39.992243 ], [ -75.189865, 39.992241 ], [ -75.189814, 39.992242 ], [ -75.189769, 39.992239 ], [ -75.189735, 39.992232 ], [ -75.189702, 39.992222 ], [ -75.18964, 39.992186 ], [ -75.189571, 39.992148 ], [ -75.18952, 39.992116 ], [ -75.18949, 39.992098 ] ] } },
{ "type": "Feature", "properties": { "cls": "shared", "highway": "cycleway", "name": "Boxers' Trail" }, "geometry": { "type": "LineString", "coordinates": [ [ -75.191184, 39.992696 ], [ -75.191179, 39.992641 ], [ -75.191119, 39.992633 ], [ -75.191071, 39.992617 ], [ -75.190831, 39.992544 ], [ -75.190762, 39.992537 ], [ -75.190706, 39.99253 ] ] } },
{ "type": "Feature", "properties": { "cls": "separated", "highway": "tertiary", "name": "Woodford Road" }, "geometry": { "type": "LineString", "coordinates": [ [ -75.188463, 39.99347 ], [ -75.187384, 39.993504 ], [ -75.18718, 39.993509 ] ] } },
{ "type": "Feature", "properties": { "cls": "shared", "highway": "cycleway", "name": "Boxers' Trail" }, "geometry": { "type": "LineString", "coordinates": [ [ -75.187034, 39.992159 ], [ -75.186994, 39.99209 ] ] } },
{ "type": "Feature", "properties": { "cls": "shared", "highway": "cycleway", "name": "Boxers' Trail" }, "geometry": { "type": "LineString", "coordinates": [ [ -75.18788, 39.992297 ], [ -75.187766, 39.99229 ], [ -75.187379, 39.99222 ], [ -75.18722, 39.992168 ], [ -75.187125, 39.992153 ], [ -75.187034, 39.992159 ], [ -75.186926, 39.992183 ], [ -75.186857, 39.992213 ], [ -75.186803, 39.992267 ], [ -75.186776, 39.992328 ], [ -75.186782, 39.99238 ], [ -75.186792, 39.992521 ], [ -75.186847, 39.992669 ], [ -75.187034, 39.992948 ], [ -75.18704, 39.992972 ], [ -75.187028, 39.993101 ], [ -75.18706, 39.993183 ], [ -75.187097, 39.993226 ] ] } },
{ "type": "Feature", "properties": { "cls": "painted", "highway": "secondary", "name": "Greenland Drive" }, "geometry": { "type": "LineString", "coordinates": [ [ -75.186879, 39.991917 ], [ -75.186806, 39.992019 ], [ -75.186789, 39.992043 ], [ -75.186644, 39.992246 ], [ -75.186618, 39.992297 ], [ -75.186602, 39.992353 ], [ -75.186595, 39.992409 ], [ -75.186594, 39.992468 ], [ -75.186621, 39.992675 ], [ -75.186647, 39.992786 ], [ -75.186687, 39.992886 ], [ -75.186736, 39.992981 ], [ -75.186797, 39.993083 ], [ -75.186882, 39.993196 ], [ -75.186984, 39.993314 ], [ -75.18718, 39.993509 ], [ -75.187318, 39.993627 ], [ -75.187407, 39.993684 ], [ -75.18753, 39.993742 ], [ -75.187645, 39.993791 ], [ -75.187744, 39.993827 ], [ -75.187846, 39.99386 ], [ -75.187961, 39.993903 ], [ -75.188086, 39.993965 ] ] } },
{ "type": "Feature", "properties": { "cls": "shared", "highway": "cycleway", "name": null }, "geometry": { "type": "LineString", "coordinates": [ [ -75.187097, 39.993226 ], [ -75.18712, 39.99325 ], [ -75.187152, 39.993281 ] ] } },
{ "type": "Feature", "properties": { "cls": "shared", "highway": "cycleway", "name": "Boxers' Trail" }, "geometry": { "type": "LineString", "coordinates": [ [ -75.187152, 39.993281 ], [ -75.187243, 39.993376 ], [ -75.187356, 39.99346 ], [ -75.187369, 39.993473 ] ] } },
{ "type": "Feature", "properties": { "cls": "shared", "highway": "cycleway", "name": "Boxers' Trail" }, "geometry": { "type": "LineString", "coordinates": [ [ -75.187401, 39.993539 ], [ -75.187526, 39.993586 ], [ -75.187703, 39.993647 ], [ -75.187816, 39.993703 ], [ -75.187939, 39.993742 ], [ -75.188144, 39.993798 ] ] } },
{ "type": "Feature", "properties": { "cls": "painted", "highway": "tertiary", "name": "Woodford Drive" }, "geometry": { "type": "LineString", "coordinates": [ [ -75.188463, 39.99347 ], [ -75.188403, 39.993502 ], [ -75.188353, 39.993542 ], [ -75.18831, 39.993589 ], [ -75.188268, 39.993653 ], [ -75.188185, 39.993806 ], [ -75.188086, 39.993965 ] ] } },
{ "type": "Feature", "properties": { "cls": "shared", "highway": "cycleway", "name": "Boxers' Trail" }, "geometry": { "type": "LineString", "coordinates": [ [ -75.188144, 39.993798 ], [ -75.188185, 39.993806 ], [ -75.188228, 39.993815 ] ] } },
{ "type": "Feature", "properties": { "cls": "shared", "highway": "cycleway", "name": "Boxers' Trail" }, "geometry": { "type": "LineString", "coordinates": [ [ -75.188228, 39.993815 ], [ -75.188289, 39.99383 ], [ -75.188287, 39.993854 ] ] } },
{ "type": "Feature", "properties": { "cls": "separated", "highway": "tertiary", "name": "Woodford Drive" }, "geometry": { "type": "LineString", "coordinates": [ [ -75.191775, 39.994309 ], [ -75.191733, 39.994253 ], [ -75.191651, 39.99414 ], [ -75.191579, 39.994043 ], [ -75.191543, 39.993994 ], [ -75.19151, 39.993959 ], [ -75.191463, 39.993918 ], [ -75.191421, 39.993887 ], [ -75.191366, 39.993853 ], [ -75.191311, 39.993826 ], [ -75.191252, 39.993801 ], [ -75.191186, 39.99378 ], [ -75.191078, 39.993754 ], [ -75.19067, 39.993658 ], [ -75.190436, 39.993605 ], [ -75.189984, 39.993497 ], [ -75.189896, 39.993477 ], [ -75.189799, 39.993459 ], [ -75.189712, 39.993447 ], [ -75.18962, 39.993438 ], [ -75.189534, 39.993435 ], [ -75.18943, 39.993434 ], [ -75.189323, 39.993436 ], [ -75.188463, 39.99347 ] ] } },
{ "type": "Feature", "properties": { "cls": "shared", "highway": "cycleway", "name": "Boxers' Trail" }, "geometry": { "type": "LineString", "coordinates": [ [ -75.188287, 39.993854 ], [ -75.188286, 39.993918 ], [ -75.188286, 39.99399 ] ] } },
{ "type": "Feature", "properties": { "cls": "shared", "highway": "cycleway", "name": "Boxers' Trail" }, "geometry": { "type": "LineString", "coordinates": [ [ -75.188286, 39.99399 ], [ -75.188307, 39.994017 ], [ -75.188319, 39.994033 ], [ -75.188691, 39.994021 ], [ -75.189066, 39.994021 ], [ -75.189244, 39.994023 ], [ -75.189421, 39.994045 ], [ -75.189583, 39.994075 ], [ -75.189686, 39.994103 ], [ -75.18988, 39.994175 ], [ -75.189942, 39.994209 ], [ -75.19014, 39.99438 ] ] } },
{ "type": "Feature", "properties": { "cls": "shared", "highway": "cycleway", "name": null }, "geometry": { "type": "LineString", "coordinates": [ [ -75.19014, 39.99438 ], [ -75.190201, 39.994337 ] ] } },
{ "type": "Feature", "properties": { "cls": "painted", "highway": "secondary", "name": "Greenland Drive" }, "geometry": { "type": "LineString", "coordinates": [ [ -75.188086, 39.993965 ], [ -75.18813, 39.994003 ], [ -75.188164, 39.994043 ], [ -75.188203, 39.994114 ], [ -75.188232, 39.994189 ], [ -75.188312, 39.994361 ], [ -75.188341, 39.994448 ], [ -75.188373, 39.994574 ], [ -75.188408, 39.994685 ], [ -75.188448, 39.994784 ], [ -75.188485, 39.994871 ], [ -75.188535, 39.994989 ], [ -75.188562, 39.99505 ], [ -75.18859, 39.995104 ] ] } },
{ "type": "Feature", "properties": { "cls": "shared", "highway": "cycleway", "name": "Boxers' Trail" }, "geometry": { "type": "LineString", "coordinates": [ [ -75.19014, 39.99438 ], [ -75.190277, 39.994538 ], [ -75.190339, 39.994628 ], [ -75.190391, 39.994728 ], [ -75.190407, 39.994759 ] ] } },
{ "type": "Feature", "properties": { "cls": "shared", "highway": "cycleway", "name": null }, "geometry": { "type": "LineString", "coordinates": [ [ -75.187369, 39.993473 ], [ -75.187384, 39.993504 ], [ -75.187401, 39.993539 ] ] } },
{ "type": "Feature", "properties": { "cls": "shared", "highway": "cycleway", "name": null }, "geometry": { "type": "LineString", "coordinates": [ [ -75.187404, 39.994861 ], [ -75.187422, 39.994898 ], [ -75.187436, 39.994927 ] ] } },
{ "type": "Feature", "properties": { "cls": "shared", "highway": "cycleway", "name": null }, "geometry": { "type": "LineString", "coordinates": [ [ -75.187436, 39.994927 ], [ -75.187456, 39.994971 ], [ -75.187485, 39.995047 ], [ -75.187668, 39.99566 ] ] } },
{ "type": "Feature", "properties": { "cls": "painted", "highway": "unclassified", "name": "Belmont Drive" }, "geometry": { "type": "LineString", "coordinates": [ [ -75.212254, 39.98101 ], [ -75.212334, 39.981463 ], [ -75.212359, 39.981594 ] ] } },
{ "type": "Feature", "properties": { "cls": "painted", "highway": "unclassified", "name": "Belmont Drive" }, "geometry": { "type": "LineString", "coordinates": [ [ -75.212359, 39.981594 ], [ -75.21237, 39.98166 ] ] } },
{ "type": "Feature", "properties": { "cls": "shared", "highway": "cycleway", "name": "Centennial Loop" }, "geometry": { "type": "LineString", "coordinates": [ [ -75.209428, 39.982971 ], [ -75.209437, 39.982956 ], [ -75.209461, 39.982943 ], [ -75.209514, 39.982932 ], [ -75.209643, 39.982916 ], [ -75.209657, 39.982914 ], [ -75.209733, 39.9829 ], [ -75.209773, 39.982885 ], [ -75.209799, 39.982867 ], [ -75.209828, 39.982846 ], [ -75.209883, 39.982816 ], [ -75.210007, 39.982756 ], [ -75.21015, 39.982693 ], [ -75.210255, 39.982639 ], [ -75.210362, 39.982586 ], [ -75.210485, 39.982539 ], [ -75.210694, 39.982468 ], [ -75.210951, 39.98239 ], [ -75.211032, 39.982363 ], [ -75.211128, 39.982325 ], [ -75.211235, 39.982272 ], [ -75.211496, 39.982133 ], [ -75.21164, 39.982049 ], [ -75.211754, 39.981974 ], [ -75.212014, 39.981796 ], [ -75.212204, 39.981659 ], [ -75.212284, 39.981614 ], [ -75.212359, 39.981594 ] ] } },
{ "type": "Feature", "properties": { "cls": "shared", "highway": "cycleway", "name": "Centennial Loop" }, "geometry": { "type": "LineString", "coordinates": [ [ -75.21915, 39.982339 ], [ -75.219101, 39.982345 ], [ -75.217533, 39.98252 ], [ -75.215005, 39.9828 ] ] } },
{ "type": "Feature", "properties": { "cls": "shared", "highway": "cycleway", "name": "Centennial Loop" }, "geometry": { "type": "LineString", "coordinates": [ [ -75.219192, 39.982548 ], [ -75.21757, 39.982733 ], [ -75.215063, 39.983004 ] ] } },
{ "type": "Feature", "properties": { "cls": "shared", "highway": "cycleway", "name": "Centennial Loop" }, "geometry": { "type": "LineString", "coordinates": [ [ -75.212691, 39.983966 ], [ -75.212572, 39.983964 ], [ -75.212338, 39.98397 ], [ -75.212122, 39.983979 ], [ -75.211756, 39.98401 ], [ -75.210707, 39.984118 ], [ -75.210471, 39.984144 ], [ -75.210369, 39.984151 ], [ -75.210299, 39.984148 ], [ -75.210248, 39.984141 ], [ -75.2102, 39.984132 ], [ -75.210139, 39.984117 ], [ -75.210076, 39.984096 ], [ -75.210026, 39.984077 ] ] } },
{ "type": "Feature", "properties": { "cls": "shared", "highway": "cycleway", "name": "Centennial Loop" }, "geometry": { "type": "LineString", "coordinates": [ [ -75.215322, 39.985111 ], [ -75.21506, 39.984911 ], [ -75.215003, 39.984859 ], [ -75.21497, 39.984822 ], [ -75.21495, 39.984776 ], [ -75.214842, 39.984754 ], [ -75.214732, 39.984729 ], [ -75.214615, 39.984694 ], [ -75.214523, 39.984654 ], [ -75.214426, 39.984605 ], [ -75.214189, 39.984474 ], [ -75.213828, 39.984279 ], [ -75.213683, 39.98421 ], [ -75.213546, 39.984152 ], [ -75.213404, 39.984096 ], [ -75.213296, 39.984062 ], [ -75.213161, 39.984029 ], [ -75.213054, 39.984007 ], [ -75.212866, 39.983978 ], [ -75.212779, 39.98397 ], [ -75.212691, 39.983966 ] ] } },
{ "type": "Feature", "properties": { "cls": "shared", "highway": "path", "name": "Trolley Trail" }, "geometry": { "type": "LineString", "coordinates": [ [ -75.209547, 39.99138 ], [ -75.209604, 39.991388 ], [ -75.209666, 39.991382 ], [ -75.209719, 39.991383 ], [ -75.209777, 39.991396 ], [ -75.209818, 39.9914 ], [ -75.209865, 39.991393 ], [ -75.2099, 39.991379 ], [ -75.209923, 39.991347 ], [ -75.209932, 39.9913 ], [ -75.209943, 39.991223 ], [ -75.209955, 39.991048 ], [ -75.209965, 39.990953 ], [ -75.209983, 39.990873 ], [ -75.210005, 39.990771 ], [ -75.210078, 39.990627 ], [ -75.210164, 39.990562 ], [ -75.210219, 39.990524 ], [ -75.210278, 39.990514 ], [ -75.210313, 39.990525 ], [ -75.210342, 39.990544 ], [ -75.21036, 39.990599 ], [ -75.210372, 39.99064 ], [ -75.210371, 39.990675 ], [ -75.210371, 39.990694 ], [ -75.210387, 39.990701 ], [ -75.210405, 39.990697 ], [ -75.210432, 39.990678 ], [ -75.21045, 39.990654 ], [ -75.210466, 39.990623 ], [ -75.210488, 39.990594 ], [ -75.210511, 39.990578 ], [ -75.210538, 39.990581 ], [ -75.210554, 39.990593 ], [ -75.210558, 39.990616 ], [ -75.210548, 39.990637 ], [ -75.210523, 39.990669 ], [ -75.210483, 39.990698 ], [ -75.210452, 39.990726 ], [ -75.21045, 39.990748 ], [ -75.210463, 39.990764 ], [ -75.210488, 39.990775 ], [ -75.210533, 39.990772 ], [ -75.210564, 39.990757 ], [ -75.210598, 39.990749 ], [ -75.210623, 39.990759 ], [ -75.210631, 39.99078 ], [ -75.210621, 39.990797 ], [ -75.210591, 39.990818 ], [ -75.210558, 39.990839 ], [ -75.210533, 39.990867 ], [ -75.210519, 39.990899 ], [ -75.210515, 39.990924 ], [ -75.210523, 39.990938 ], [ -75.210538, 39.990945 ], [ -75.210554, 39.990948 ], [ -75.210577, 39.990946 ], [ -75.210629, 39.990932 ], [ -75.210701, 39.990913 ], [ -75.210755, 39.990896 ], [ -75.210824, 39.990899 ], [ -75.210923, 39.990907 ], [ -75.211003, 39.990914 ], [ -75.211043, 39.990924 ], [ -75.211072, 39.990942 ], [ -75.211083, 39.990969 ], [ -75.211085, 39.991004 ], [ -75.211097, 39.991023 ], [ -75.211129, 39.991051 ], [ -75.211164, 39.99108 ], [ -75.211193, 39.991116 ], [ -75.211201, 39.99116 ], [ -75.211215, 39.991192 ], [ -75.211244, 39.991215 ], [ -75.21127, 39.991232 ], [ -75.211307, 39.991239 ], [ -75.211367, 39.991243 ], [ -75.211392, 39.991254 ], [ -75.211427, 39.991283 ], [ -75.211459, 39.991329 ], [ -75.211463, 39.991366 ], [ -75.21145, 39.991402 ], [ -75.211447, 39.991435 ], [ -75.211441, 39.991473 ], [ -75.21145, 39.991505 ], [ -75.211467, 39.991526 ], [ -75.211518, 39.991541 ], [ -75.211566, 39.991549 ], [ -75.21162, 39.991543 ], [ -75.211661, 39.99153 ], [ -75.211691, 39.99151 ], [ -75.211707, 39.991488 ], [ -75.211709, 39.991469 ], [ -75.211691, 39.99145 ], [ -75.211672, 39.991431 ], [ -75.211672, 39.991403 ], [ -75.211687, 39.991386 ], [ -75.211718, 39.99138 ], [ -75.211755, 39.991384 ], [ -75.211783, 39.991408 ], [ -75.211801, 39.991437 ], [ -75.211818, 39.99146 ], [ -75.211837, 39.99147 ], [ -75.211868, 39.991475 ], [ -75.211904, 39.991482 ], [ -75.211924, 39.991492 ], [ -75.211985, 39.991574 ], [ -75.212015, 39.991647 ], [ -75.212023, 39.991656 ], [ -75.212042, 39.991687 ], [ -75.212069, 39.99171 ], [ -75.212099, 39.991722 ], [ -75.212149, 39.991731 ], [ -75.212196, 39.991736 ], [ -75.212225, 39.991748 ], [ -75.212244, 39.991766 ], [ -75.212255, 39.991785 ], [ -75.212262, 39.991815 ], [ -75.212267, 39.991847 ], [ -75.21228, 39.99187 ], [ -75.212305, 39.991886 ], [ -75.212338, 39.991897 ], [ -75.21237, 39.991913 ], [ -75.21239, 39.991936 ], [ -75.212402, 39.99196 ], [ -75.212413, 39.991989 ], [ -75.212436, 39.992025 ], [ -75.212473, 39.992054 ], [ -75.212522, 39.992086 ], [ -75.212559, 39.992106 ], [ -75.212596, 39.992117 ], [ -75.212618, 39.992129 ], [ -75.212634, 39.992148 ], [ -75.212655, 39.992193 ], [ -75.212681, 39.992235 ], [ -75.212715, 39.992267 ], [ -75.212752, 39.992306 ], [ -75.212775, 39.992346 ], [ -75.212793, 39.992397 ], [ -75.212814, 39.992436 ], [ -75.212842, 39.992462 ], [ -75.212896, 39.992487 ], [ -75.212963, 39.99252 ], [ -75.213022, 39.992536 ], [ -75.213051, 39.992549 ], [ -75.213074, 39.992574 ], [ -75.213093, 39.992601 ], [ -75.213137, 39.992626 ], [ -75.213174, 39.992649 ], [ -75.213213, 39.992683 ], [ -75.213252, 39.992731 ], [ -75.213294, 39.992765 ], [ -75.21334, 39.992791 ], [ -75.213376, 39.992813 ], [ -75.213416, 39.992856 ], [ -75.213436, 39.992893 ], [ -75.213453, 39.992929 ], [ -75.213454, 39.992962 ], [ -75.213457, 39.992982 ], [ -75.213473, 39.993003 ], [ -75.213493, 39.993015 ], [ -75.213536, 39.993026 ], [ -75.213561, 39.993045 ], [ -75.21363, 39.993109 ], [ -75.213757, 39.993228 ], [ -75.213808, 39.993256 ], [ -75.21387, 39.993283 ], [ -75.213951, 39.993297 ], [ -75.214031, 39.993346 ], [ -75.214069, 39.993386 ], [ -75.214103, 39.993408 ], [ -75.214152, 39.993418 ], [ -75.214223, 39.993442 ], [ -75.214249, 39.993454 ], [ -75.214297, 39.993453 ], [ -75.214334, 39.993464 ], [ -75.214367, 39.99348 ], [ -75.214489, 39.993527 ] ] } },
{ "type": "Feature", "properties": { "cls": "shared", "highway": "path", "name": "Trolley Trail" }, "geometry": { "type": "LineString", "coordinates": [ [ -75.214727, 39.993625 ], [ -75.214489, 39.993527 ] ] } },
{ "type": "Feature", "properties": { "cls": "shared", "highway": "path", "name": "Trolley Trail" }, "geometry": { "type": "LineString", "coordinates": [ [ -75.214727, 39.993625 ], [ -75.214826, 39.993666 ], [ -75.214908, 39.993699 ], [ -75.215001, 39.993731 ], [ -75.215041, 39.993741 ], [ -75.21509, 39.99375 ], [ -75.215145, 39.99375 ], [ -75.215192, 39.99375 ], [ -75.215231, 39.993748 ], [ -75.215276, 39.99375 ], [ -75.215356, 39.993763 ], [ -75.215421, 39.993773 ], [ -75.215468, 39.993782 ], [ -75.215518, 39.993787 ], [ -75.215561, 39.993787 ], [ -75.21559, 39.993783 ], [ -75.215628, 39.993778 ], [ -75.215661, 39.993776 ], [ -75.215706, 39.993785 ], [ -75.215757, 39.993796 ], [ -75.215817, 39.993805 ], [ -75.215867, 39.993807 ], [ -75.215949, 39.993804 ], [ -75.215981, 39.993799 ], [ -75.216017, 39.993787 ], [ -75.216043, 39.99377 ], [ -75.216072, 39.993758 ], [ -75.21611, 39.993753 ], [ -75.216139, 39.993753 ], [ -75.21617, 39.993759 ], [ -75.216205, 39.993758 ], [ -75.216244, 39.99375 ], [ -75.216277, 39.993739 ], [ -75.216309, 39.993725 ], [ -75.216353, 39.993713 ], [ -75.216401, 39.993705 ], [ -75.216442, 39.993695 ], [ -75.21648, 39.99368 ], [ -75.216516, 39.993664 ], [ -75.216547, 39.993656 ], [ -75.216576, 39.993657 ], [ -75.216596, 39.993662 ], [ -75.216617, 39.993673 ], [ -75.216641, 39.993676 ], [ -75.216675, 39.993673 ], [ -75.216697, 39.993666 ], [ -75.216711, 39.993655 ], [ -75.216726, 39.993636 ], [ -75.216745, 39.993621 ], [ -75.216771, 39.99361 ], [ -75.216798, 39.993605 ], [ -75.216823, 39.993603 ], [ -75.216863, 39.993609 ], [ -75.216915, 39.993621 ], [ -75.216954, 39.993629 ], [ -75.217007, 39.993635 ], [ -75.217059, 39.993635 ], [ -75.217202, 39.993631 ], [ -75.217275, 39.993626 ], [ -75.217316, 39.993619 ], [ -75.21737, 39.993599 ], [ -75.217393, 39.993592 ], [ -75.217419, 39.99359 ], [ -75.217443, 39.993593 ], [ -75.217488, 39.9936 ], [ -75.217526, 39.9936 ], [ -75.217574, 39.993592 ], [ -75.217642, 39.993569 ], [ -75.217665, 39.993561 ] ] } },
{ "type": "Feature", "properties": { "cls": "shared", "highway": "path", "name": "Trolley Trail" }, "geometry": { "type": "LineString", "coordinates": [ [ -75.217736, 39.993846 ], [ -75.217669, 39.993574 ] ] } },
{ "type": "Feature", "properties": { "cls": "shared", "highway": "path", "name": "Trolley Trail" }, "geometry": { "type": "LineString", "coordinates": [ [ -75.206894, 39.991985 ], [ -75.206865, 39.991991 ], [ -75.206791, 39.991969 ], [ -75.206729, 39.991948 ], [ -75.206695, 39.991916 ], [ -75.206661, 39.991892 ], [ -75.206619, 39.991883 ], [ -75.206553, 39.991879 ], [ -75.206475, 39.991854 ], [ -75.206405, 39.991827 ], [ -75.206313, 39.991793 ], [ -75.206222, 39.991767 ], [ -75.206139, 39.991758 ], [ -75.206075, 39.991743 ], [ -75.206013, 39.991727 ], [ -75.205936, 39.991724 ], [ -75.205893, 39.991728 ], [ -75.205806, 39.991694 ], [ -75.205742, 39.99166 ], [ -75.205677, 39.991645 ], [ -75.205627, 39.991629 ], [ -75.205611, 39.991607 ], [ -75.205567, 39.991586 ], [ -75.205525, 39.99157 ], [ -75.205498, 39.991539 ], [ -75.205484, 39.991486 ], [ -75.205454, 39.991449 ], [ -75.205428, 39.991434 ], [ -75.205389, 39.991427 ], [ -75.205366, 39.991444 ], [ -75.205357, 39.991465 ], [ -75.20535, 39.991491 ], [ -75.205377, 39.991519 ], [ -75.205384, 39.991547 ], [ -75.205374, 39.991572 ], [ -75.205345, 39.991596 ], [ -75.205305, 39.991611 ], [ -75.205277, 39.991649 ], [ -75.205235, 39.991707 ], [ -75.205217, 39.991753 ], [ -75.205226, 39.991794 ], [ -75.205221, 39.991824 ], [ -75.205217, 39.991858 ], [ -75.20524, 39.991903 ], [ -75.205266, 39.991943 ], [ -75.205307, 39.991973 ], [ -75.205357, 39.991984 ], [ -75.205382, 39.991974 ], [ -75.205412, 39.991951 ], [ -75.205449, 39.991937 ], [ -75.205484, 39.991918 ], [ -75.205514, 39.991912 ], [ -75.205542, 39.991917 ], [ -75.205558, 39.991924 ], [ -75.205531, 39.991957 ], [ -75.205498, 39.991996 ], [ -75.205527, 39.992059 ] ] } },
{ "type": "Feature", "properties": { "cls": "shared", "highway": "path", "name": "Trolley Trail" }, "geometry": { "type": "LineString", "coordinates": [ [ -75.206959, 39.99195 ], [ -75.206894, 39.991985 ] ] } },
{ "type": "Feature", "properties": { "cls": "shared", "highway": "path", "name": "Trolley Trail" }, "geometry": { "type": "LineString", "coordinates": [ [ -75.205527, 39.992059 ], [ -75.205568, 39.992101 ], [ -75.205559, 39.992133 ], [ -75.205574, 39.992193 ], [ -75.205566, 39.992244 ], [ -75.205555, 39.992285 ], [ -75.205574, 39.992321 ], [ -75.20561, 39.992362 ], [ -75.205623, 39.992403 ], [ -75.205619, 39.992449 ], [ -75.205604, 39.992491 ], [ -75.205598, 39.992541 ], [ -75.205543, 39.992602 ], [ -75.205521, 39.992657 ], [ -75.205425, 39.992782 ], [ -75.205384, 39.992815 ], [ -75.205368, 39.992852 ], [ -75.205345, 39.992929 ], [ -75.20532, 39.99296 ], [ -75.205247, 39.993062 ], [ -75.205168, 39.99311 ], [ -75.205124, 39.993191 ], [ -75.205085, 39.993216 ], [ -75.204966, 39.993309 ], [ -75.204895, 39.993373 ], [ -75.204838, 39.993441 ], [ -75.204807, 39.993502 ], [ -75.204788, 39.993564 ], [ -75.204793, 39.993648 ], [ -75.204808, 39.993711 ], [ -75.204779, 39.993788 ], [ -75.204742, 39.993837 ], [ -75.20472, 39.993936 ], [ -75.204706, 39.993963 ], [ -75.204699, 39.993984 ], [ -75.204691, 39.994027 ], [ -75.204673, 39.994055 ], [ -75.20462, 39.994109 ], [ -75.204575, 39.994164 ], [ -75.204524, 39.994194 ], [ -75.204469, 39.994218 ], [ -75.204418, 39.994229 ], [ -75.204347, 39.994231 ], [ -75.204288, 39.994244 ], [ -75.204243, 39.994259 ], [ -75.204166, 39.994255 ], [ -75.20409, 39.994268 ], [ -75.204024, 39.994297 ], [ -75.203962, 39.994318 ], [ -75.203903, 39.994355 ], [ -75.203858, 39.994388 ], [ -75.203781, 39.994455 ], [ -75.203697, 39.994524 ], [ -75.203681, 39.994561 ], [ -75.203664, 39.994601 ], [ -75.203643, 39.994651 ], [ -75.203631, 39.994687 ], [ -75.203575, 39.994757 ], [ -75.203517, 39.994791 ], [ -75.203484, 39.994829 ], [ -75.203453, 39.994854 ], [ -75.203401, 39.994869 ], [ -75.203366, 39.994872 ], [ -75.203338, 39.994878 ], [ -75.203313, 39.994887 ], [ -75.203293, 39.994902 ], [ -75.203261, 39.99493 ], [ -75.203196, 39.994963 ], [ -75.203162, 39.994985 ], [ -75.203101, 39.995013 ], [ -75.203036, 39.995021 ], [ -75.202967, 39.995071 ], [ -75.202926, 39.995091 ], [ -75.202889, 39.995105 ], [ -75.202851, 39.995121 ], [ -75.202814, 39.995128 ], [ -75.202772, 39.995138 ], [ -75.202741, 39.995152 ], [ -75.202709, 39.995185 ], [ -75.202682, 39.995204 ], [ -75.202625, 39.995207 ], [ -75.202568, 39.995194 ], [ -75.202531, 39.995201 ], [ -75.202499, 39.995211 ], [ -75.202439, 39.995205 ], [ -75.202378, 39.99521 ], [ -75.202348, 39.995221 ], [ -75.20226, 39.995266 ], [ -75.202218, 39.995305 ], [ -75.202205, 39.995326 ] ] } },
{ "type": "Feature", "properties": { "cls": "shared", "highway": "path", "name": "Trolley Trail" }, "geometry": { "type": "LineString", "coordinates": [ [ -75.217736, 39.993846 ], [ -75.217659, 39.993902 ], [ -75.217591, 39.99394 ], [ -75.217551, 39.993969 ], [ -75.217506, 39.994005 ], [ -75.217468, 39.994026 ], [ -75.217446, 39.994028 ], [ -75.217409, 39.994026 ], [ -75.21736, 39.994019 ], [ -75.217292, 39.994022 ], [ -75.217244, 39.994026 ], [ -75.217176, 39.99404 ], [ -75.217113, 39.994046 ], [ -75.217079, 39.994053 ], [ -75.21705, 39.994065 ], [ -75.217027, 39.994076 ], [ -75.216991, 39.994084 ], [ -75.216956, 39.994087 ], [ -75.216912, 39.994094 ], [ -75.216869, 39.994108 ], [ -75.216801, 39.99414 ], [ -75.216692, 39.994181 ], [ -75.216602, 39.994204 ], [ -75.216538, 39.994217 ], [ -75.216478, 39.994232 ], [ -75.216446, 39.99423 ], [ -75.216411, 39.99422 ], [ -75.216386, 39.994214 ], [ -75.216356, 39.99422 ], [ -75.216334, 39.994233 ], [ -75.216289, 39.994262 ], [ -75.216238, 39.994283 ], [ -75.216191, 39.994292 ], [ -75.216133, 39.994303 ], [ -75.216075, 39.99432 ], [ -75.216032, 39.994336 ], [ -75.215973, 39.994356 ], [ -75.215904, 39.994374 ], [ -75.215862, 39.994383 ], [ -75.21583, 39.994384 ], [ -75.215798, 39.994387 ], [ -75.215761, 39.994398 ], [ -75.215726, 39.994412 ], [ -75.215699, 39.994437 ], [ -75.215665, 39.994447 ], [ -75.215594, 39.994451 ], [ -75.21554, 39.99445 ], [ -75.215503, 39.994456 ], [ -75.215469, 39.994467 ], [ -75.21541, 39.994501 ], [ -75.215335, 39.994533 ], [ -75.215281, 39.994555 ], [ -75.215219, 39.994577 ], [ -75.215165, 39.994589 ], [ -75.215112, 39.994592 ], [ -75.21506, 39.994601 ], [ -75.215024, 39.994613 ], [ -75.214998, 39.994627 ], [ -75.214973, 39.994649 ], [ -75.21493, 39.994671 ], [ -75.214901, 39.994682 ], [ -75.214869, 39.994691 ], [ -75.214812, 39.994701 ], [ -75.214745, 39.994734 ], [ -75.214658, 39.994765 ], [ -75.214644, 39.994769 ], [ -75.214562, 39.994791 ], [ -75.214492, 39.994808 ], [ -75.214439, 39.994812 ], [ -75.214364, 39.994803 ], [ -75.214319, 39.994797 ], [ -75.214285, 39.994794 ], [ -75.214206, 39.994797 ], [ -75.214187, 39.994799 ], [ -75.214128, 39.994804 ], [ -75.214055, 39.994822 ], [ -75.213972, 39.99485 ], [ -75.213856, 39.994892 ], [ -75.2138, 39.994909 ], [ -75.213717, 39.994933 ], [ -75.213665, 39.994945 ], [ -75.213601, 39.994958 ], [ -75.213551, 39.994973 ], [ -75.213524, 39.99499 ], [ -75.213509, 39.995003 ], [ -75.213493, 39.995021 ], [ -75.213475, 39.995032 ], [ -75.213453, 39.995039 ], [ -75.213423, 39.995048 ], [ -75.213392, 39.995049 ], [ -75.213353, 39.995056 ], [ -75.213301, 39.995069 ], [ -75.213155, 39.995113 ], [ -75.21306, 39.995139 ], [ -75.213004, 39.995155 ], [ -75.212801, 39.995225 ], [ -75.212637, 39.99528 ], [ -75.212501, 39.995325 ], [ -75.212427, 39.995345 ], [ -75.212362, 39.995367 ], [ -75.212327, 39.995376 ], [ -75.212294, 39.995378 ], [ -75.212259, 39.995376 ], [ -75.212232, 39.995373 ], [ -75.21221, 39.995372 ], [ -75.212187, 39.995377 ], [ -75.212162, 39.995391 ], [ -75.21213, 39.995413 ], [ -75.212075, 39.995446 ], [ -75.212022, 39.995463 ], [ -75.211898, 39.995505 ], [ -75.211793, 39.995538 ], [ -75.211671, 39.995583 ], [ -75.21161, 39.9956 ], [ -75.211558, 39.995611 ], [ -75.211475, 39.995634 ], [ -75.211323, 39.995679 ], [ -75.211248, 39.995701 ], [ -75.211163, 39.995721 ], [ -75.211043, 39.995756 ], [ -75.210962, 39.995782 ], [ -75.21091, 39.995797 ], [ -75.210829, 39.995821 ], [ -75.210786, 39.995838 ], [ -75.210751, 39.995858 ], [ -75.210726, 39.995877 ], [ -75.210704, 39.99589 ], [ -75.210682, 39.995898 ], [ -75.210646, 39.995905 ], [ -75.210579, 39.995915 ], [ -75.210508, 39.995933 ], [ -75.210455, 39.995948 ], [ -75.210417, 39.995966 ], [ -75.210375, 39.995996 ], [ -75.210335, 39.996013 ], [ -75.21029, 39.996022 ], [ -75.210257, 39.996022 ], [ -75.21021, 39.996016 ], [ -75.210174, 39.99602 ], [ -75.210153, 39.996028 ], [ -75.21014, 39.996041 ], [ -75.210137, 39.996059 ], [ -75.210127, 39.996092 ], [ -75.210111, 39.996114 ], [ -75.210091, 39.996124 ], [ -75.210041, 39.996134 ], [ -75.210002, 39.996141 ], [ -75.20998, 39.996141 ], [ -75.209962, 39.996138 ], [ -75.209933, 39.99613 ], [ -75.209911, 39.996128 ], [ -75.209884, 39.996129 ], [ -75.209813, 39.996148 ], [ -75.209758, 39.996163 ], [ -75.209717, 39.996166 ], [ -75.209665, 39.996163 ], [ -75.209626, 39.996167 ], [ -75.209569, 39.996186 ], [ -75.209536, 39.996193 ], [ -75.209495, 39.996201 ], [ -75.209455, 39.996223 ], [ -75.209416, 39.996259 ], [ -75.209377, 39.996284 ], [ -75.209318, 39.996308 ], [ -75.209224, 39.996337 ], [ -75.209189, 39.996351 ], [ -75.209144, 39.996369 ], [ -75.209098, 39.996386 ], [ -75.209068, 39.996399 ], [ -75.209047, 39.996413 ], [ -75.209036, 39.996428 ], [ -75.209019, 39.99644 ], [ -75.208995, 39.996446 ], [ -75.208963, 39.996445 ], [ -75.208909, 39.996454 ], [ -75.208842, 39.996474 ], [ -75.208775, 39.996505 ], [ -75.208688, 39.996539 ], [ -75.2086, 39.996572 ], [ -75.208512, 39.996618 ], [ -75.208437, 39.996652 ], [ -75.20837, 39.996671 ], [ -75.208322, 39.996675 ], [ -75.208287, 39.996681 ], [ -75.208264, 39.996693 ], [ -75.208243, 39.996713 ], [ -75.208232, 39.996731 ], [ -75.20821, 39.996773 ], [ -75.2082, 39.996809 ], [ -75.208185, 39.996825 ], [ -75.208173, 39.996833 ], [ -75.208154, 39.996838 ], [ -75.20813, 39.996836 ], [ -75.208075, 39.996835 ], [ -75.208035, 39.996834 ], [ -75.207985, 39.996826 ], [ -75.20789, 39.996822 ], [ -75.207829, 39.996823 ], [ -75.207786, 39.996824 ], [ -75.207739, 39.996832 ], [ -75.207711, 39.996843 ], [ -75.207684, 39.996847 ], [ -75.20766, 39.996845 ], [ -75.207641, 39.99684 ], [ -75.207625, 39.996822 ], [ -75.207611, 39.996787 ], [ -75.207594, 39.996759 ], [ -75.207572, 39.996744 ], [ -75.207542, 39.996737 ], [ -75.207515, 39.996738 ], [ -75.207483, 39.996749 ], [ -75.207442, 39.996762 ], [ -75.207421, 39.996776 ], [ -75.207407, 39.996795 ], [ -75.207401, 39.996822 ], [ -75.20738, 39.996853 ], [ -75.207349, 39.996879 ], [ -75.207318, 39.996899 ], [ -75.207297, 39.996914 ], [ -75.207283, 39.996933 ], [ -75.207262, 39.996972 ], [ -75.20724, 39.997013 ], [ -75.207208, 39.997035 ], [ -75.207171, 39.997054 ], [ -75.207137, 39.99708 ], [ -75.207105, 39.997101 ], [ -75.207064, 39.997119 ], [ -75.207031, 39.997127 ], [ -75.207005, 39.997128 ], [ -75.206959, 39.997121 ], [ -75.206925, 39.997107 ], [ -75.206895, 39.997101 ], [ -75.206872, 39.997101 ], [ -75.206848, 39.997106 ], [ -75.206831, 39.997121 ], [ -75.206823, 39.997139 ], [ -75.206813, 39.997168 ], [ -75.206813, 39.99719 ], [ -75.206817, 39.997219 ], [ -75.206828, 39.997252 ], [ -75.206828, 39.997284 ], [ -75.206819, 39.997323 ], [ -75.206804, 39.997356 ], [ -75.206786, 39.997378 ], [ -75.206767, 39.997397 ], [ -75.206729, 39.997417 ], [ -75.206699, 39.99744 ], [ -75.206676, 39.997464 ], [ -75.206654, 39.99749 ], [ -75.206632, 39.997515 ], [ -75.206605, 39.997537 ], [ -75.206572, 39.997552 ], [ -75.206565, 39.997555 ], [ -75.206526, 39.997576 ], [ -75.206493, 39.997588 ], [ -75.206449, 39.997596 ], [ -75.206392, 39.997608 ], [ -75.206348, 39.997615 ], [ -75.206309, 39.99762 ], [ -75.206275, 39.997619 ], [ -75.206235, 39.997616 ], [ -75.206175, 39.997599 ], [ -75.206097, 39.997572 ], [ -75.206036, 39.997545 ], [ -75.205997, 39.997536 ], [ -75.205954, 39.997536 ], [ -75.2059, 39.997542 ], [ -75.205837, 39.99755 ], [ -75.205801, 39.997548 ], [ -75.205793, 39.997547 ], [ -75.205757, 39.99754 ], [ -75.20572, 39.997539 ], [ -75.205696, 39.997549 ], [ -75.205673, 39.997565 ], [ -75.205647, 39.997577 ], [ -75.205611, 39.997582 ], [ -75.205563, 39.997579 ], [ -75.205502, 39.997552 ], [ -75.205463, 39.997527 ], [ -75.205413, 39.997509 ], [ -75.205372, 39.997503 ], [ -75.205313, 39.9975 ], [ -75.20527, 39.99751 ], [ -75.205214, 39.997525 ], [ -75.205172, 39.997525 ], [ -75.205125, 39.997516 ], [ -75.205082, 39.997509 ], [ -75.20504, 39.997512 ], [ -75.205005, 39.997523 ], [ -75.204988, 39.997538 ], [ -75.204965, 39.99756 ], [ -75.20494, 39.997571 ], [ -75.20489, 39.997584 ], [ -75.204857, 39.997594 ], [ -75.204839, 39.997609 ], [ -75.204818, 39.99764 ], [ -75.204798, 39.997671 ], [ -75.204763, 39.997713 ], [ -75.204731, 39.997757 ], [ -75.204706, 39.997794 ], [ -75.204682, 39.997839 ], [ -75.204663, 39.997894 ], [ -75.204655, 39.99793 ], [ -75.20466, 39.997956 ], [ -75.204678, 39.997981 ], [ -75.204725, 39.998008 ], [ -75.20478, 39.998016 ], [ -75.20483, 39.998016 ], [ -75.204877, 39.998004 ], [ -75.204909, 39.997992 ], [ -75.204946, 39.99798 ], [ -75.204995, 39.997973 ], [ -75.205048, 39.997977 ], [ -75.205101, 39.997993 ], [ -75.205162, 39.998015 ], [ -75.205207, 39.998037 ], [ -75.205236, 39.998063 ], [ -75.205247, 39.998098 ], [ -75.205257, 39.998134 ], [ -75.205264, 39.998165 ], [ -75.205254, 39.998199 ], [ -75.20524, 39.998229 ], [ -75.205201, 39.998268 ], [ -75.205141, 39.998308 ], [ -75.205072, 39.998344 ], [ -75.205006, 39.998397 ], [ -75.204971, 39.998432 ], [ -75.204948, 39.998466 ], [ -75.204913, 39.998517 ], [ -75.204892, 39.998546 ], [ -75.204867, 39.998561 ], [ -75.204839, 39.998569 ], [ -75.20479, 39.998579 ], [ -75.204762, 39.998593 ], [ -75.204729, 39.998607 ], [ -75.204692, 39.998616 ], [ -75.204648, 39.998623 ], [ -75.20459, 39.998621 ], [ -75.204541, 39.998632 ], [ -75.204487, 39.998656 ], [ -75.204426, 39.998694 ], [ -75.204384, 39.998753 ], [ -75.204241, 39.998781 ], [ -75.204126, 39.998808 ], [ -75.204016, 39.99884 ], [ -75.203924, 39.99888 ], [ -75.20387, 39.998911 ], [ -75.203771, 39.998969 ], [ -75.203677, 39.999017 ], [ -75.203538, 39.999076 ], [ -75.203441, 39.999128 ], [ -75.203256, 39.999225 ], [ -75.203142, 39.999277 ], [ -75.202956, 39.999364 ], [ -75.202898, 39.999393 ], [ -75.202766, 39.999467 ], [ -75.202628, 39.999536 ], [ -75.202472, 39.999625 ], [ -75.202278, 39.999732 ], [ -75.2022, 39.99978 ], [ -75.202137, 39.999833 ], [ -75.202081, 39.999879 ], [ -75.202028, 39.999912 ], [ -75.201977, 39.99995 ], [ -75.201956, 39.999981 ], [ -75.201948, 40.000011 ], [ -75.201923, 40.000054 ], [ -75.201828, 40.000142 ], [ -75.201767, 40.000217 ], [ -75.201693, 40.000324 ], [ -75.20163, 40.000413 ], [ -75.201595, 40.000492 ], [ -75.201561, 40.000589 ], [ -75.201522, 40.000704 ], [ -75.201504, 40.000793 ], [ -75.201497, 40.000883 ], [ -75.201498, 40.000985 ], [ -75.201488, 40.001116 ], [ -75.201471, 40.001255 ], [ -75.201472, 40.00142 ], [ -75.20147, 40.001539 ], [ -75.201465, 40.001662 ], [ -75.201458, 40.001792 ], [ -75.201446, 40.001895 ], [ -75.201425, 40.002004 ], [ -75.201416, 40.002105 ], [ -75.20142, 40.002214 ], [ -75.201413, 40.002312 ], [ -75.201402, 40.002409 ], [ -75.201393, 40.002504 ], [ -75.201393, 40.002586 ], [ -75.201393, 40.002673 ], [ -75.201398, 40.002705 ], [ -75.201386, 40.002801 ], [ -75.201363, 40.002968 ], [ -75.201346, 40.003033 ], [ -75.201329, 40.003094 ], [ -75.201304, 40.00317 ], [ -75.201291, 40.003209 ], [ -75.201258, 40.003277 ], [ -75.201209, 40.003348 ], [ -75.201144, 40.003431 ], [ -75.20112, 40.00348 ], [ -75.201085, 40.003512 ], [ -75.201017, 40.003563 ], [ -75.20094, 40.003637 ], [ -75.200865, 40.003701 ], [ -75.200774, 40.00377 ], [ -75.200694, 40.003836 ], [ -75.200587, 40.003927 ], [ -75.200513, 40.003987 ], [ -75.200449, 40.004055 ], [ -75.200399, 40.004098 ], [ -75.200353, 40.004127 ], [ -75.200229, 40.004214 ], [ -75.200148, 40.004275 ], [ -75.200105, 40.004313 ] ] } },
{ "type": "Feature", "properties": { "cls": "shared", "highway": "cycleway", "name": "Schuylkill River Trail" }, "geometry": { "type": "LineString", "coordinates": [ [ -75.204963, 40.011795 ], [ -75.205087, 40.011894 ] ] } },
{ "type": "Feature", "properties": { "cls": "shared", "highway": "cycleway", "name": "Schuylkill River Trail" }, "geometry": { "type": "LineString", "coordinates": [ [ -75.205087, 40.011894 ], [ -75.20524, 40.012015 ], [ -75.205363, 40.012114 ] ] } },
{ "type": "Feature", "properties": { "cls": "shared", "highway": "cycleway", "name": "Schuylkill River Trail" }, "geometry": { "type": "LineString", "coordinates": [ [ -75.205363, 40.012114 ], [ -75.20549, 40.012217 ] ] } },
{ "type": "Feature", "properties": { "cls": "shared", "highway": "cycleway", "name": "Schuylkill River Trail" }, "geometry": { "type": "LineString", "coordinates": [ [ -75.20549, 40.012217 ], [ -75.205745, 40.012423 ], [ -75.206231, 40.012813 ], [ -75.206462, 40.013005 ], [ -75.206629, 40.013189 ], [ -75.206688, 40.013283 ], [ -75.206744, 40.013401 ], [ -75.206784, 40.013554 ], [ -75.206801, 40.01371 ], [ -75.2068, 40.013787 ], [ -75.206791, 40.013863 ], [ -75.20675, 40.014015 ], [ -75.206681, 40.014194 ], [ -75.206662, 40.014241 ], [ -75.206487, 40.014682 ], [ -75.20648, 40.014719 ], [ -75.206478, 40.014749 ] ] } },
{ "type": "Feature", "properties": { "cls": "shared", "highway": "path", "name": "Trolley Trail" }, "geometry": { "type": "LineString", "coordinates": [ [ -75.200982, 39.996088 ], [ -75.200967, 39.99611 ], [ -75.200928, 39.996123 ], [ -75.200879, 39.996121 ], [ -75.200804, 39.996114 ], [ -75.200758, 39.996098 ], [ -75.200697, 39.996087 ], [ -75.200642, 39.99608 ], [ -75.20059, 39.996074 ], [ -75.200517, 39.996065 ], [ -75.200454, 39.996071 ], [ -75.200419, 39.996084 ], [ -75.200327, 39.996088 ], [ -75.200261, 39.9961 ], [ -75.200208, 39.99611 ], [ -75.200154, 39.996105 ], [ -75.200119, 39.996087 ], [ -75.200066, 39.996079 ], [ -75.200001, 39.996074 ], [ -75.199958, 39.996075 ], [ -75.199899, 39.996066 ], [ -75.199821, 39.996037 ], [ -75.199755, 39.996001 ], [ -75.19968, 39.995951 ], [ -75.199635, 39.995925 ], [ -75.199581, 39.995909 ], [ -75.199529, 39.995914 ], [ -75.199488, 39.995906 ], [ -75.199463, 39.995891 ], [ -75.19945, 39.995867 ], [ -75.199444, 39.995832 ], [ -75.199417, 39.995792 ], [ -75.199356, 39.995756 ], [ -75.199295, 39.995718 ], [ -75.19925, 39.995695 ], [ -75.199212, 39.995691 ], [ -75.199176, 39.995703 ], [ -75.199157, 39.995723 ], [ -75.199148, 39.995771 ], [ -75.199131, 39.995801 ], [ -75.199088, 39.995839 ], [ -75.199046, 39.995869 ], [ -75.198998, 39.995886 ], [ -75.198952, 39.995899 ], [ -75.198928, 39.995926 ], [ -75.198876, 39.995944 ], [ -75.198836, 39.995952 ], [ -75.198804, 39.995971 ], [ -75.198763, 39.99601 ], [ -75.198685, 39.996047 ], [ -75.198612, 39.996089 ], [ -75.198578, 39.996106 ], [ -75.198528, 39.996111 ], [ -75.198486, 39.996132 ], [ -75.198458, 39.996172 ], [ -75.19839, 39.996238 ], [ -75.198254, 39.996363 ] ] } },
{ "type": "Feature", "properties": { "cls": "shared", "highway": "path", "name": "Trolley Trail" }, "geometry": { "type": "LineString", "coordinates": [ [ -75.201023, 39.996029 ], [ -75.200982, 39.996088 ] ] } },
{ "type": "Feature", "properties": { "cls": "painted", "highway": "secondary", "name": "Greenland Drive" }, "geometry": { "type": "LineString", "coordinates": [ [ -75.195885, 39.996183 ], [ -75.19599, 39.996228 ], [ -75.196119, 39.996282 ] ] } },
{ "type": "Feature", "properties": { "cls": "shared", "highway": "path", "name": "Trolley Trail" }, "geometry": { "type": "LineString", "coordinates": [ [ -75.198254, 39.996363 ], [ -75.198204, 39.996413 ], [ -75.198147, 39.996476 ], [ -75.198089, 39.996524 ], [ -75.198012, 39.996563 ], [ -75.197964, 39.996602 ], [ -75.197858, 39.996662 ], [ -75.197807, 39.996682 ], [ -75.197766, 39.99671 ] ] } },
{ "type": "Feature", "properties": { "cls": "painted", "highway": "secondary", "name": "Greenland Drive" }, "geometry": { "type": "LineString", "coordinates": [ [ -75.198078, 39.996779 ], [ -75.198169, 39.996773 ], [ -75.19826, 39.996759 ], [ -75.198345, 39.996744 ], [ -75.198505, 39.996706 ], [ -75.198588, 39.996683 ], [ -75.198664, 39.996659 ], [ -75.198803, 39.996609 ], [ -75.198914, 39.996566 ], [ -75.199023, 39.996528 ], [ -75.199125, 39.996499 ], [ -75.199219, 39.99648 ], [ -75.199316, 39.996468 ], [ -75.199446, 39.996463 ], [ -75.19956, 39.996468 ], [ -75.199664, 39.996483 ], [ -75.199754, 39.996502 ], [ -75.199848, 39.99653 ], [ -75.199921, 39.996554 ], [ -75.200019, 39.996598 ], [ -75.200101, 39.996643 ], [ -75.200181, 39.996693 ], [ -75.200246, 39.996739 ], [ -75.200316, 39.996801 ] ] } },
{ "type": "Feature", "properties": { "cls": "painted", "highway": "secondary", "name": "Greenland Drive" }, "geometry": { "type": "LineString", "coordinates": [ [ -75.197123, 39.996691 ], [ -75.197178, 39.996712 ], [ -75.197263, 39.996739 ], [ -75.197361, 39.996761 ], [ -75.197464, 39.996776 ], [ -75.197567, 39.996785 ], [ -75.197831, 39.99679 ], [ -75.197967, 39.996786 ], [ -75.198078, 39.996779 ] ] } },
{ "type": "Feature", "properties": { "cls": "shared", "highway": "path", "name": "Trolley Trail" }, "geometry": { "type": "LineString", "coordinates": [ [ -75.197766, 39.99671 ], [ -75.197603, 39.996896 ] ] } },
{ "type": "Feature", "properties": { "cls": "painted", "highway": "tertiary", "name": "Greenland Drive" }, "geometry": { "type": "LineString", "coordinates": [ [ -75.200316, 39.996801 ], [ -75.200365, 39.996863 ], [ -75.200401, 39.996924 ] ] } },
{ "type": "Feature", "properties": { "cls": "shared", "highway": "path", "name": "Trolley Trail" }, "geometry": { "type": "LineString", "coordinates": [ [ -75.197603, 39.996896 ], [ -75.197576, 39.996924 ], [ -75.197495, 39.996996 ], [ -75.197419, 39.997102 ], [ -75.197319, 39.997212 ], [ -75.197304, 39.997241 ] ] } },
{ "type": "Feature", "properties": { "cls": "shared", "highway": "path", "name": "Trolley Trail" }, "geometry": { "type": "LineString", "coordinates": [ [ -75.197243, 39.998086 ], [ -75.197255, 39.998077 ], [ -75.197301, 39.99805 ], [ -75.19733, 39.998024 ], [ -75.197346, 39.997996 ], [ -75.19735, 39.997971 ], [ -75.197349, 39.997945 ], [ -75.19734, 39.997912 ], [ -75.197328, 39.997866 ], [ -75.197322, 39.997811 ], [ -75.19733, 39.99778 ], [ -75.197338, 39.997742 ], [ -75.197336, 39.99771 ], [ -75.197332, 39.997697 ], [ -75.197328, 39.997682 ], [ -75.197301, 39.997641 ], [ -75.197268, 39.997598 ], [ -75.197266, 39.997581 ], [ -75.197283, 39.997534 ], [ -75.197299, 39.997494 ], [ -75.197306, 39.997464 ], [ -75.19731, 39.997414 ], [ -75.197326, 39.997371 ], [ -75.197348, 39.997324 ], [ -75.197353, 39.997306 ], [ -75.197341, 39.997284 ], [ -75.197304, 39.997241 ] ] } },
{ "type": "Feature", "properties": { "cls": "shared", "highway": "cycleway", "name": null }, "geometry": { "type": "LineString", "coordinates": [ [ -75.188552, 39.995215 ], [ -75.188631, 39.995171 ], [ -75.188755, 39.995116 ] ] } },
{ "type": "Feature", "properties": { "cls": "painted", "highway": "tertiary", "name": "West Huntingdon Street" }, "geometry": { "type": "LineString", "coordinates": [ [ -75.188127, 39.99532 ], [ -75.18824, 39.99526 ], [ -75.188323, 39.995219 ], [ -75.18842, 39.995173 ], [ -75.188469, 39.995153 ], [ -75.18859, 39.995104 ] ] } },
{ "type": "Feature", "properties": { "cls": "separated", "highway": "secondary", "name": "Strawberry Mansion Drive" }, "geometry": { "type": "LineString", "coordinates": [ [ -75.18917, 39.995694 ], [ -75.189258, 39.995746 ], [ -75.189348, 39.995787 ], [ -75.189438, 39.995823 ], [ -75.189537, 39.995854 ], [ -75.189636, 39.995875 ], [ -75.189711, 39.995883 ], [ -75.189778, 39.995882 ], [ -75.189842, 39.995875 ], [ -75.189925, 39.995856 ], [ -75.190022, 39.995832 ], [ -75.190097, 39.995808 ], [ -75.190154, 39.995786 ], [ -75.190215, 39.995755 ], [ -75.190382, 39.995657 ], [ -75.190505, 39.995577 ], [ -75.190599, 39.995506 ], [ -75.190687, 39.995434 ], [ -75.190739, 39.995384 ], [ -75.190819, 39.9953 ], [ -75.19095, 39.995159 ], [ -75.191074, 39.995024 ], [ -75.191144, 39.994952 ], [ -75.191255, 39.994838 ], [ -75.191346, 39.994745 ], [ -75.191442, 39.994665 ], [ -75.191582, 39.994555 ] ] } },
{ "type": "Feature", "properties": { "cls": "painted", "highway": "secondary", "name": "Strawberry Mansion Drive" }, "geometry": { "type": "LineString", "coordinates": [ [ -75.18859, 39.995104 ], [ -75.188631, 39.995171 ], [ -75.188728, 39.995307 ], [ -75.188799, 39.995395 ], [ -75.188849, 39.995452 ], [ -75.188911, 39.995511 ], [ -75.188959, 39.995552 ], [ -75.18901, 39.995591 ], [ -75.189089, 39.995645 ], [ -75.18917, 39.995694 ] ] } },
{ "type": "Feature", "properties": { "cls": "painted", "highway": "tertiary", "name": "West Huntingdon Street" }, "geometry": { "type": "LineString", "coordinates": [ [ -75.187648, 39.995783 ], [ -75.187693, 39.995744 ], [ -75.187741, 39.995695 ], [ -75.18778, 39.995646 ], [ -75.187833, 39.995571 ], [ -75.187875, 39.995518 ], [ -75.187908, 39.99548 ], [ -75.187941, 39.995448 ], [ -75.187996, 39.995402 ], [ -75.188067, 39.995356 ], [ -75.188127, 39.99532 ] ] } },
{ "type": "Feature", "properties": { "cls": "shared", "highway": "cycleway", "name": null }, "geometry": { "type": "LineString", "coordinates": [ [ -75.187668, 39.99566 ], [ -75.187693, 39.995744 ], [ -75.187713, 39.995812 ] ] } },
{ "type": "Feature", "properties": { "cls": "shared", "highway": "cycleway", "name": null }, "geometry": { "type": "LineString", "coordinates": [ [ -75.187719, 39.995915 ], [ -75.18773, 39.995964 ], [ -75.187736, 39.996 ], [ -75.187754, 39.996139 ], [ -75.187777, 39.996336 ], [ -75.187782, 39.996383 ], [ -75.18778, 39.996399 ], [ -75.187775, 39.996417 ], [ -75.187757, 39.996446 ], [ -75.187735, 39.996474 ], [ -75.187727, 39.996488 ] ] } },
{ "type": "Feature", "properties": { "cls": "shared", "highway": "cycleway", "name": "Schuylkill River Trail" }, "geometry": { "type": "LineString", "coordinates": [ [ -75.192382, 39.994768 ], [ -75.192355, 39.994802 ], [ -75.192078, 39.995169 ], [ -75.191999, 39.995274 ], [ -75.191882, 39.99543 ], [ -75.191793, 39.995542 ], [ -75.191619, 39.995762 ], [ -75.191523, 39.995917 ], [ -75.191473, 39.996005 ], [ -75.191413, 39.996158 ], [ -75.191239, 39.996677 ], [ -75.191075, 39.997386 ], [ -75.191048, 39.997594 ], [ -75.191032, 39.997774 ], [ -75.191002, 39.997948 ], [ -75.190967, 39.998155 ], [ -75.190852, 39.998666 ], [ -75.190811, 39.998788 ], [ -75.190699, 39.999317 ], [ -75.19068, 39.999442 ], [ -75.190677, 39.999636 ], [ -75.190678, 39.999688 ], [ -75.190683, 39.999777 ], [ -75.190696, 39.999883 ], [ -75.190719, 40.000156 ], [ -75.190728, 40.000268 ], [ -75.190728, 40.00039 ], [ -75.190724, 40.000491 ], [ -75.190704, 40.000706 ], [ -75.190664, 40.001045 ], [ -75.190639, 40.001148 ], [ -75.190602, 40.001258 ], [ -75.1905, 40.001568 ], [ -75.1904, 40.001883 ], [ -75.190372, 40.002022 ], [ -75.190375, 40.002188 ], [ -75.190386, 40.002359 ], [ -75.190475, 40.002767 ], [ -75.190502, 40.002923 ], [ -75.190507, 40.003003 ], [ -75.190507, 40.003141 ], [ -75.190509, 40.003196 ], [ -75.190528, 40.003325 ], [ -75.190553, 40.003514 ], [ -75.190568, 40.003572 ], [ -75.190593, 40.003636 ], [ -75.190618, 40.00369 ], [ -75.19072, 40.003885 ], [ -75.19075, 40.003956 ], [ -75.190765, 40.004046 ], [ -75.19078, 40.00446 ], [ -75.190789, 40.004581 ], [ -75.190804, 40.004722 ], [ -75.190834, 40.004904 ], [ -75.190847, 40.004968 ], [ -75.190867, 40.005024 ], [ -75.191158, 40.00573 ], [ -75.19124, 40.005906 ], [ -75.191393, 40.006132 ], [ -75.191533, 40.006309 ] ] } },
{ "type": "Feature", "properties": { "cls": "shared", "highway": "path", "name": "Trolley Trail" }, "geometry": { "type": "LineString", "coordinates": [ [ -75.196875, 39.99815 ], [ -75.196847, 39.998123 ], [ -75.196837, 39.998091 ], [ -75.196839, 39.998065 ], [ -75.196854, 39.998047 ], [ -75.19688, 39.99804 ], [ -75.196923, 39.998044 ], [ -75.196973, 39.998061 ], [ -75.197023, 39.998094 ], [ -75.197075, 39.998124 ], [ -75.197102, 39.998139 ], [ -75.197141, 39.998157 ], [ -75.197177, 39.998132 ] ] } },
{ "type": "Feature", "properties": { "cls": "shared", "highway": "path", "name": "Trolley Trail" }, "geometry": { "type": "LineString", "coordinates": [ [ -75.197177, 39.998132 ], [ -75.197243, 39.998086 ] ] } },
{ "type": "Feature", "properties": { "cls": "shared", "highway": "path", "name": "Trolley Trail" }, "geometry": { "type": "LineString", "coordinates": [ [ -75.196875, 39.99815 ], [ -75.196921, 39.99818 ], [ -75.196956, 39.9982 ], [ -75.196986, 39.998226 ], [ -75.197025, 39.998264 ], [ -75.19708, 39.998297 ], [ -75.197114, 39.998315 ], [ -75.197137, 39.99834 ], [ -75.197156, 39.998361 ], [ -75.197187, 39.998378 ], [ -75.197212, 39.998399 ], [ -75.197237, 39.998433 ], [ -75.197251, 39.998469 ], [ -75.197255, 39.998507 ], [ -75.197252, 39.998539 ], [ -75.197254, 39.998571 ] ] } },
{ "type": "Feature", "properties": { "cls": "painted", "highway": "tertiary", "name": "Greenland Drive" }, "geometry": { "type": "LineString", "coordinates": [ [ -75.200401, 39.996924 ], [ -75.20043, 39.996985 ], [ -75.200458, 39.997067 ], [ -75.200483, 39.997151 ], [ -75.200495, 39.99724 ], [ -75.200496, 39.997321 ], [ -75.200489, 39.997401 ], [ -75.200463, 39.997489 ], [ -75.200435, 39.997561 ], [ -75.200388, 39.99765 ], [ -75.200333, 39.997731 ], [ -75.200267, 39.997816 ], [ -75.200185, 39.997907 ], [ -75.200039, 39.998072 ], [ -75.19992, 39.998193 ], [ -75.199799, 39.998308 ], [ -75.199715, 39.998384 ], [ -75.1996, 39.998482 ], [ -75.199473, 39.998585 ], [ -75.19935, 39.99868 ], [ -75.199228, 39.998767 ], [ -75.199107, 39.998852 ], [ -75.199001, 39.998928 ], [ -75.198916, 39.998997 ], [ -75.198844, 39.999058 ], [ -75.198785, 39.999127 ], [ -75.198736, 39.9992 ], [ -75.198694, 39.999278 ], [ -75.198658, 39.999367 ], [ -75.198639, 39.999443 ], [ -75.198628, 39.999519 ], [ -75.198628, 39.999596 ], [ -75.198641, 39.999676 ], [ -75.198663, 39.999758 ], [ -75.198698, 39.999835 ], [ -75.198746, 39.999905 ], [ -75.198792, 39.99996 ], [ -75.198865, 40.000022 ], [ -75.198927, 40.000069 ] ] } },
{ "type": "Feature", "properties": { "cls": "painted", "highway": "tertiary", "name": "Greenland Drive" }, "geometry": { "type": "LineString", "coordinates": [ [ -75.198927, 40.000069 ], [ -75.199044, 40.000112 ], [ -75.199164, 40.00016 ], [ -75.199265, 40.000201 ], [ -75.19932, 40.000218 ], [ -75.199381, 40.000229 ], [ -75.199448, 40.000234 ], [ -75.199513, 40.000233 ], [ -75.199585, 40.000222 ], [ -75.199645, 40.000206 ], [ -75.199712, 40.000185 ], [ -75.199873, 40.000119 ], [ -75.200161, 40.00001 ] ] } },
{ "type": "Feature", "properties": { "cls": "painted", "highway": "unclassified", "name": "Greenland Drive" }, "geometry": { "type": "LineString", "coordinates": [ [ -75.198927, 40.000069 ], [ -75.199052, 40.000227 ], [ -75.199096, 40.000302 ], [ -75.199124, 40.000365 ], [ -75.199146, 40.000439 ], [ -75.199158, 40.000519 ], [ -75.199163, 40.000608 ], [ -75.19916, 40.000696 ], [ -75.199152, 40.000796 ], [ -75.199138, 40.000909 ], [ -75.199101, 40.001162 ] ] } },
{ "type": "Feature", "properties": { "cls": "shared", "highway": "path", "name": "Trolley Trail" }, "geometry": { "type": "LineString", "coordinates": [ [ -75.196666, 40.003508 ], [ -75.196666, 40.003466 ], [ -75.19667, 40.003428 ], [ -75.196691, 40.003405 ], [ -75.196742, 40.003378 ], [ -75.196778, 40.003353 ], [ -75.196841, 40.003307 ], [ -75.196898, 40.003262 ], [ -75.196968, 40.003216 ], [ -75.197036, 40.003163 ], [ -75.197069, 40.003131 ], [ -75.197102, 40.003089 ], [ -75.197129, 40.003048 ], [ -75.197181, 40.002984 ], [ -75.197206, 40.002953 ], [ -75.19724, 40.002887 ], [ -75.197252, 40.002836 ], [ -75.197245, 40.0028 ], [ -75.197231, 40.002767 ], [ -75.197235, 40.002726 ], [ -75.197241, 40.002705 ], [ -75.197264, 40.002664 ], [ -75.197278, 40.002624 ], [ -75.197277, 40.002567 ], [ -75.197275, 40.002498 ], [ -75.197281, 40.002429 ], [ -75.197277, 40.002366 ], [ -75.197276, 40.002296 ], [ -75.19728, 40.002236 ], [ -75.197277, 40.002193 ], [ -75.197264, 40.002162 ], [ -75.197258, 40.002141 ], [ -75.197268, 40.002109 ], [ -75.197267, 40.002075 ], [ -75.197258, 40.00204 ], [ -75.197236, 40.001999 ], [ -75.197198, 40.001961 ], [ -75.197143, 40.00192 ], [ -75.197106, 40.001877 ], [ -75.197073, 40.001846 ], [ -75.197032, 40.001823 ], [ -75.196962, 40.001792 ], [ -75.196921, 40.001784 ], [ -75.196869, 40.001768 ], [ -75.196823, 40.00175 ], [ -75.19676, 40.001726 ], [ -75.196725, 40.001702 ], [ -75.196707, 40.001678 ], [ -75.196692, 40.001651 ], [ -75.196669, 40.00162 ], [ -75.196652, 40.001604 ], [ -75.196612, 40.001572 ], [ -75.196563, 40.001548 ], [ -75.196528, 40.001528 ], [ -75.196501, 40.001492 ], [ -75.196479, 40.001453 ], [ -75.196472, 40.001424 ], [ -75.196476, 40.001388 ], [ -75.19649, 40.00137 ], [ -75.196512, 40.001351 ], [ -75.196523, 40.00132 ], [ -75.196544, 40.001269 ], [ -75.196584, 40.001209 ], [ -75.19663, 40.001145 ], [ -75.196673, 40.00109 ], [ -75.196698, 40.001033 ], [ -75.196715, 40.000962 ], [ -75.196737, 40.00093 ], [ -75.196764, 40.00089 ], [ -75.196772, 40.000859 ], [ -75.196771, 40.00084 ], [ -75.196761, 40.000817 ], [ -75.196752, 40.000779 ], [ -75.196754, 40.000734 ], [ -75.196766, 40.000707 ], [ -75.196775, 40.00068 ], [ -75.196776, 40.000644 ], [ -75.196771, 40.000611 ], [ -75.196761, 40.000577 ], [ -75.196751, 40.000553 ], [ -75.196744, 40.000518 ], [ -75.19675, 40.000493 ], [ -75.196754, 40.000461 ], [ -75.196748, 40.000409 ], [ -75.196731, 40.000329 ], [ -75.196728, 40.000268 ], [ -75.196728, 40.000219 ], [ -75.196715, 40.000178 ], [ -75.196697, 40.000149 ], [ -75.19668, 40.000113 ], [ -75.196673, 40.000084 ], [ -75.196676, 40.000055 ], [ -75.196688, 40.000016 ], [ -75.196707, 39.999983 ], [ -75.196739, 39.999939 ], [ -75.196775, 39.999899 ], [ -75.19681, 39.999842 ], [ -75.196831, 39.999799 ], [ -75.196836, 39.999788 ], [ -75.196837, 39.999767 ], [ -75.196844, 39.999743 ], [ -75.19686, 39.999724 ], [ -75.196892, 39.999699 ], [ -75.196929, 39.99967 ], [ -75.19698, 39.999633 ], [ -75.197025, 39.999599 ], [ -75.197048, 39.999582 ], [ -75.197062, 39.999564 ], [ -75.197068, 39.999547 ], [ -75.197071, 39.999507 ], [ -75.197079, 39.999472 ], [ -75.1971, 39.999442 ], [ -75.197122, 39.999413 ], [ -75.197153, 39.999351 ], [ -75.197191, 39.999274 ], [ -75.197225, 39.999233 ], [ -75.197245, 39.999199 ], [ -75.197266, 39.999135 ], [ -75.197296, 39.999084 ], [ -75.197347, 39.999048 ], [ -75.197396, 39.999026 ], [ -75.197415, 39.999006 ], [ -75.197419, 39.998959 ], [ -75.197402, 39.998897 ], [ -75.197376, 39.998779 ], [ -75.197266, 39.998627 ], [ -75.197254, 39.998571 ] ] } },
{ "type": "Feature", "properties": { "cls": "shared", "highway": "path", "name": "Trolley Trail" }, "geometry": { "type": "LineString", "coordinates": [ [ -75.200105, 40.004313 ], [ -75.199904, 40.004488 ] ] } },
{ "type": "Feature", "properties": { "cls": "shared", "highway": "path", "name": "Trolley Trail" }, "geometry": { "type": "LineString", "coordinates": [ [ -75.199904, 40.004488 ], [ -75.199823, 40.004549 ], [ -75.199796, 40.004586 ], [ -75.199777, 40.004617 ], [ -75.199754, 40.004643 ], [ -75.199709, 40.004672 ], [ -75.199665, 40.004723 ], [ -75.199631, 40.004761 ], [ -75.199592, 40.004809 ], [ -75.199551, 40.004852 ], [ -75.199507, 40.004881 ], [ -75.199474, 40.004897 ], [ -75.199428, 40.004911 ], [ -75.199362, 40.004928 ], [ -75.19932, 40.004945 ], [ -75.199292, 40.004968 ], [ -75.199267, 40.004987 ], [ -75.199223, 40.005004 ], [ -75.199179, 40.005007 ], [ -75.199117, 40.005008 ], [ -75.199054, 40.005003 ], [ -75.19899, 40.005001 ], [ -75.198949, 40.004996 ], [ -75.198937, 40.004979 ], [ -75.198937, 40.004963 ], [ -75.198978, 40.00494 ], [ -75.199022, 40.004912 ], [ -75.199039, 40.004891 ], [ -75.199041, 40.004872 ], [ -75.199023, 40.004859 ], [ -75.198985, 40.004853 ], [ -75.198939, 40.004852 ], [ -75.198904, 40.004868 ], [ -75.198871, 40.004891 ], [ -75.198851, 40.004914 ], [ -75.198833, 40.004958 ], [ -75.198797, 40.004993 ], [ -75.198745, 40.00502 ], [ -75.198696, 40.005033 ], [ -75.198637, 40.005048 ], [ -75.198554, 40.005067 ], [ -75.198498, 40.005074 ], [ -75.198457, 40.005076 ], [ -75.198427, 40.005069 ], [ -75.198402, 40.005054 ], [ -75.198386, 40.005032 ], [ -75.198385, 40.005006 ], [ -75.198397, 40.004982 ], [ -75.198415, 40.004969 ], [ -75.198447, 40.004955 ], [ -75.198478, 40.004944 ], [ -75.198518, 40.004921 ], [ -75.198558, 40.004891 ], [ -75.198598, 40.004876 ], [ -75.198652, 40.004864 ], [ -75.198693, 40.004845 ], [ -75.198726, 40.004826 ], [ -75.198769, 40.004768 ], [ -75.198879, 40.004663 ], [ -75.198922, 40.004626 ], [ -75.198969, 40.004592 ], [ -75.198987, 40.004577 ], [ -75.198992, 40.00456 ], [ -75.198987, 40.004539 ], [ -75.198957, 40.004527 ], [ -75.198927, 40.004519 ], [ -75.198818, 40.004575 ], [ -75.198724, 40.004621 ], [ -75.198669, 40.004637 ], [ -75.198632, 40.004642 ], [ -75.198546, 40.004651 ], [ -75.198462, 40.004649 ], [ -75.198358, 40.004634 ], [ -75.198312, 40.004627 ], [ -75.198271, 40.004615 ], [ -75.19825, 40.004602 ], [ -75.198234, 40.004582 ], [ -75.198208, 40.004541 ], [ -75.19815, 40.004517 ], [ -75.198111, 40.004514 ], [ -75.198059, 40.004518 ], [ -75.197981, 40.004523 ], [ -75.197904, 40.004535 ], [ -75.197815, 40.004534 ], [ -75.197712, 40.004543 ], [ -75.197615, 40.004544 ], [ -75.197572, 40.004551 ], [ -75.19753, 40.004557 ], [ -75.197472, 40.004565 ], [ -75.197415, 40.004562 ], [ -75.197359, 40.004569 ], [ -75.197268, 40.004591 ], [ -75.197157, 40.004606 ], [ -75.197078, 40.004609 ], [ -75.196968, 40.004607 ], [ -75.196895, 40.004599 ], [ -75.196827, 40.004599 ], [ -75.196741, 40.004603 ], [ -75.196695, 40.004607 ], [ -75.196628, 40.00461 ], [ -75.196533, 40.004605 ], [ -75.196501, 40.004592 ], [ -75.196477, 40.004574 ], [ -75.196467, 40.004555 ], [ -75.196471, 40.004534 ], [ -75.196491, 40.004522 ], [ -75.196524, 40.00451 ], [ -75.196567, 40.004499 ], [ -75.196623, 40.004476 ], [ -75.196683, 40.004441 ], [ -75.196756, 40.004408 ], [ -75.196821, 40.00438 ], [ -75.196931, 40.004324 ], [ -75.197008, 40.004304 ], [ -75.197087, 40.004293 ], [ -75.197133, 40.004274 ], [ -75.197169, 40.004249 ], [ -75.197206, 40.004206 ], [ -75.197263, 40.004107 ], [ -75.197294, 40.00404 ], [ -75.197304, 40.004005 ], [ -75.197297, 40.003986 ], [ -75.197289, 40.003977 ], [ -75.197271, 40.003969 ], [ -75.197192, 40.003947 ], [ -75.197089, 40.003919 ], [ -75.196998, 40.003894 ], [ -75.196911, 40.003864 ] ] } },
{ "type": "Feature", "properties": { "cls": "painted", "highway": "secondary", "name": "Martin Luther King Junior Drive" }, "geometry": { "type": "LineString", "coordinates": [ [ -75.192958, 40.000429 ], [ -75.193391, 39.999203 ], [ -75.193602, 39.998614 ] ] } },
{ "type": "Feature", "properties": { "cls": "painted", "highway": "secondary", "name": "Martin Luther King Junior Drive" }, "geometry": { "type": "LineString", "coordinates": [ [ -75.19288, 40.000642 ], [ -75.192958, 40.000429 ] ] } },
{ "type": "Feature", "properties": { "cls": "painted", "highway": "secondary", "name": "Martin Luther King Junior Drive" }, "geometry": { "type": "LineString", "coordinates": [ [ -75.192698, 40.001167 ], [ -75.19288, 40.000642 ] ] } },
{ "type": "Feature", "properties": { "cls": "painted", "highway": "secondary", "name": "Martin Luther King Junior Drive" }, "geometry": { "type": "LineString", "coordinates": [ [ -75.192644, 40.001396 ], [ -75.192671, 40.001275 ], [ -75.192698, 40.001167 ] ] } },
{ "type": "Feature", "properties": { "cls": "painted", "highway": "secondary", "name": "Martin Luther King Junior Drive" }, "geometry": { "type": "LineString", "coordinates": [ [ -75.192603, 40.001644 ], [ -75.192644, 40.001396 ] ] } },
{ "type": "Feature", "properties": { "cls": "painted", "highway": "secondary", "name": "Martin Luther King Junior Drive" }, "geometry": { "type": "LineString", "coordinates": [ [ -75.192586, 40.001803 ], [ -75.192603, 40.001644 ] ] } },
{ "type": "Feature", "properties": { "cls": "painted", "highway": "secondary", "name": "Martin Luther King Junior Drive" }, "geometry": { "type": "LineString", "coordinates": [ [ -75.192581, 40.002057 ], [ -75.192586, 40.001803 ] ] } },
{ "type": "Feature", "properties": { "cls": "painted", "highway": "secondary", "name": "Martin Luther King Junior Drive" }, "geometry": { "type": "LineString", "coordinates": [ [ -75.192586, 40.003475 ], [ -75.192583, 40.002984 ], [ -75.192583, 40.002325 ], [ -75.192581, 40.002057 ] ] } },
{ "type": "Feature", "properties": { "cls": "painted", "highway": "secondary", "name": "Martin Luther King Junior Drive" }, "geometry": { "type": "LineString", "coordinates": [ [ -75.193527, 40.006224 ], [ -75.193419, 40.006046 ], [ -75.193339, 40.005911 ], [ -75.193289, 40.005818 ], [ -75.193233, 40.005714 ], [ -75.193176, 40.005601 ], [ -75.193105, 40.005446 ], [ -75.193027, 40.005255 ], [ -75.192963, 40.005076 ], [ -75.192877, 40.004845 ], [ -75.19282, 40.004691 ], [ -75.192769, 40.004548 ], [ -75.192714, 40.004366 ], [ -75.192672, 40.004203 ], [ -75.192635, 40.004018 ], [ -75.192609, 40.003852 ], [ -75.192593, 40.003666 ], [ -75.192586, 40.003475 ] ] } },
{ "type": "Feature", "properties": { "cls": "shared", "highway": "cycleway", "name": "Schuylkill River Trail" }, "geometry": { "type": "LineString", "coordinates": [ [ -75.191533, 40.006309 ], [ -75.191589, 40.006385 ] ] } },
{ "type": "Feature", "properties": { "cls": "painted", "highway": "secondary", "name": "Martin Luther King Junior Drive" }, "geometry": { "type": "LineString", "coordinates": [ [ -75.194101, 40.006666 ], [ -75.193988, 40.006636 ], [ -75.193898, 40.006603 ], [ -75.193826, 40.006567 ], [ -75.193765, 40.00653 ], [ -75.193714, 40.006491 ], [ -75.193665, 40.00644 ], [ -75.193632, 40.006394 ], [ -75.193527, 40.006224 ] ] } },
{ "type": "Feature", "properties": { "cls": "shared", "highway": "cycleway", "name": "Schuylkill River Trail" }, "geometry": { "type": "LineString", "coordinates": [ [ -75.191589, 40.006385 ], [ -75.191677, 40.006504 ], [ -75.191713, 40.006551 ] ] } },
{ "type": "Feature", "properties": { "cls": "shared", "highway": "cycleway", "name": "Schuylkill River Trail" }, "geometry": { "type": "LineString", "coordinates": [ [ -75.191713, 40.006551 ], [ -75.191765, 40.006617 ] ] } },
{ "type": "Feature", "properties": { "cls": "shared", "highway": "cycleway", "name": "Schuylkill River Trail" }, "geometry": { "type": "LineString", "coordinates": [ [ -75.191765, 40.006617 ], [ -75.191923, 40.00682 ], [ -75.192, 40.006908 ], [ -75.192086, 40.006991 ], [ -75.192171, 40.007057 ], [ -75.19225, 40.007119 ] ] } },
{ "type": "Feature", "properties": { "cls": "painted", "highway": "secondary", "name": "Martin Luther King Junior Drive" }, "geometry": { "type": "LineString", "coordinates": [ [ -75.197656, 40.007366 ], [ -75.197408, 40.007322 ], [ -75.197359, 40.007312 ], [ -75.195812, 40.007033 ], [ -75.194821, 40.006827 ], [ -75.194101, 40.006666 ] ] } },
{ "type": "Feature", "properties": { "cls": "shared", "highway": "cycleway", "name": "Schuylkill River Trail" }, "geometry": { "type": "LineString", "coordinates": [ [ -75.19225, 40.007119 ], [ -75.192273, 40.007137 ], [ -75.192371, 40.007206 ] ] } },
{ "type": "Feature", "properties": { "cls": "shared", "highway": "cycleway", "name": "Schuylkill River Trail" }, "geometry": { "type": "LineString", "coordinates": [ [ -75.192371, 40.007206 ], [ -75.19238, 40.007212 ], [ -75.192553, 40.00732 ], [ -75.192579, 40.007336 ] ] } },
{ "type": "Feature", "properties": { "cls": "shared", "highway": "cycleway", "name": "Schuylkill River Trail" }, "geometry": { "type": "LineString", "coordinates": [ [ -75.192579, 40.007336 ], [ -75.192706, 40.00741 ] ] } },
{ "type": "Feature", "properties": { "cls": "separated", "highway": "cycleway", "name": null }, "geometry": { "type": "LineString", "coordinates": [ [ -75.19735, 40.007387 ], [ -75.197354, 40.007356 ], [ -75.197359, 40.007312 ] ] } },
{ "type": "Feature", "properties": { "cls": "shared", "highway": "cycleway", "name": "Martin Luther King Junior Drive Trail" }, "geometry": { "type": "MultiLineString", "coordinates": [ [ [ -75.197803, 40.007648 ], [ -75.197768, 40.007706 ] ], [ [ -75.196997, 40.008975 ], [ -75.196954, 40.009045 ] ] ] } },
{ "type": "Feature", "properties": { "cls": "shared", "highway": "cycleway", "name": "Martin Luther King Junior Drive Trail" }, "geometry": { "type": "LineString", "coordinates": [ [ -75.196954, 40.009045 ], [ -75.196928, 40.009064 ], [ -75.196892, 40.009074 ], [ -75.196854, 40.009079 ] ] } },
{ "type": "Feature", "properties": { "cls": "shared", "highway": "cycleway", "name": "Schuylkill River Trail" }, "geometry": { "type": "LineString", "coordinates": [ [ -75.196897, 40.009094 ], [ -75.196963, 40.009115 ], [ -75.197032, 40.009137 ] ] } },
{ "type": "Feature", "properties": { "cls": "shared", "highway": "cycleway", "name": null }, "geometry": { "type": "LineString", "coordinates": [ [ -75.199741, 40.009996 ], [ -75.199701, 40.009959 ], [ -75.19967, 40.009944 ], [ -75.199508, 40.009875 ] ] } },
{ "type": "Feature", "properties": { "cls": "shared", "highway": "cycleway", "name": "Schuylkill River Trail" }, "geometry": { "type": "LineString", "coordinates": [ [ -75.197032, 40.009137 ], [ -75.197063, 40.00915 ], [ -75.197303, 40.009233 ], [ -75.197522, 40.009306 ], [ -75.19785, 40.009411 ], [ -75.198225, 40.009532 ], [ -75.198576, 40.009637 ], [ -75.198832, 40.009712 ], [ -75.199038, 40.009769 ], [ -75.199183, 40.009807 ], [ -75.199286, 40.009832 ], [ -75.199408, 40.009862 ], [ -75.19946, 40.00987 ], [ -75.199508, 40.009875 ], [ -75.199586, 40.009876 ], [ -75.19968, 40.009879 ], [ -75.19975, 40.009889 ], [ -75.199815, 40.009905 ], [ -75.199933, 40.009946 ], [ -75.200355, 40.010087 ], [ -75.200415, 40.010107 ], [ -75.200463, 40.010123 ], [ -75.200539, 40.010154 ], [ -75.200731, 40.010247 ], [ -75.20088, 40.010329 ], [ -75.201009, 40.010393 ], [ -75.201066, 40.010422 ], [ -75.201112, 40.01044 ], [ -75.201188, 40.010462 ], [ -75.201339, 40.010504 ], [ -75.20156, 40.010565 ], [ -75.201626, 40.010593 ], [ -75.201657, 40.010604 ], [ -75.2017, 40.010616 ], [ -75.202618, 40.010878 ], [ -75.203493, 40.011124 ], [ -75.203898, 40.011236 ], [ -75.204052, 40.011283 ], [ -75.20419, 40.011332 ], [ -75.20431, 40.011382 ], [ -75.204472, 40.01146 ], [ -75.204588, 40.011523 ], [ -75.204694, 40.011593 ], [ -75.204814, 40.011678 ], [ -75.204963, 40.011795 ] ] } },
{ "type": "Feature", "properties": { "cls": "shared", "highway": "cycleway", "name": "Schuylkill River Trail" }, "geometry": { "type": "LineString", "coordinates": [ [ -75.192706, 40.00741 ], [ -75.192721, 40.00742 ], [ -75.192817, 40.007473 ], [ -75.192965, 40.007552 ], [ -75.193095, 40.007613 ], [ -75.193443, 40.00777 ], [ -75.193822, 40.007927 ], [ -75.194084, 40.008031 ], [ -75.194439, 40.008168 ], [ -75.194691, 40.008265 ], [ -75.194918, 40.008354 ], [ -75.194992, 40.008382 ], [ -75.19507, 40.008411 ], [ -75.195317, 40.008499 ], [ -75.195523, 40.008572 ], [ -75.195933, 40.008724 ], [ -75.196151, 40.008808 ], [ -75.196437, 40.008922 ], [ -75.196727, 40.009038 ], [ -75.196803, 40.009067 ], [ -75.196854, 40.009079 ], [ -75.196897, 40.009094 ] ] } }
]
}
