{
"type": "FeatureCollection",
"name": "073-calgary-fish-creek-provincial-park",
"crs": { "type": "name", "properties": { "name": "urn:ogc:def:crs:OGC:1.3:CRS84" } },
"xy_coordinate_resolution": 1e-06,
"features": [
{ "type": "Feature", "properties": { "cls": "shared", "highway": "cycleway", "name": null }, "geometry": { "type": "LineString", "coordinates": [ [ -113.995914, 50.877609 ], [ -113.995827, 50.877754 ] ] } },
{ "type": "Feature", "properties": { "cls": "shared", "highway": "cycleway", "name": null }, "geometry": { "type": "LineString", "coordinates": [ [ -113.994984, 50.877899 ], [ -113.994983, 50.877722 ] ] } },
{ "type": "Feature", "properties": { "cls": "shared", "highway": "cycleway", "name": "Lafarge Meadows Pathway" }, "geometry": { "type": "LineString", "coordinates": [ [ -114.00021, 50.886911 ], [ -113.999492, 50.886724 ], [ -113.998837, 50.886501 ], [ -113.998279, 50.886285 ], [ -113.99778, 50.885902 ], [ -113.997185, 50.885408 ], [ -113.996893, 50.885101 ], [ -113.996881, 50.885033 ], [ -113.996921, 50.884974 ], [ -113.997028, 50.884901 ], [ -113.997105, 50.884834 ], [ -113.997116, 50.884767 ], [ -113.997078, 50.884673 ], [ -113.996858, 50.884441 ], [ -113.996538, 50.884006 ], [ -113.996335, 50.883678 ], [ -113.996106, 50.883159 ], [ -113.995935, 50.882753 ], [ -113.995798, 50.882313 ], [ -113.995789, 50.882237 ], [ -113.9958, 50.882177 ], [ -113.995818, 50.882129 ], [ -113.995856, 50.882083 ], [ -113.995904, 50.882034 ], [ -113.996107, 50.881862 ], [ -113.996173, 50.881794 ], [ -113.996217, 50.88172 ], [ -113.996229, 50.881662 ], [ -113.99622, 50.88161 ], [ -113.995859, 50.880844 ], [ -113.995814, 50.880754 ], [ -113.995779, 50.880705 ], [ -113.995733, 50.880655 ], [ -113.995613, 50.880559 ], [ -113.995405, 50.880422 ], [ -113.995166, 50.880292 ], [ -113.995121, 50.880257 ], [ -113.995085, 50.880222 ], [ -113.99506, 50.880174 ], [ -113.995041, 50.880128 ], [ -113.995036, 50.880061 ], [ -113.995039, 50.87917 ], [ -113.995034, 50.878558 ], [ -113.995005, 50.878217 ], [ -113.994984, 50.877899 ], [ -113.995647, 50.877776 ], [ -113.995744, 50.877762 ], [ -113.995827, 50.877754 ], [ -113.995981, 50.877757 ], [ -113.996139, 50.877765 ], [ -113.996717, 50.877823 ], [ -113.996811, 50.877831 ], [ -113.996919, 50.877837 ], [ -113.997013, 50.87783 ], [ -113.997434, 50.877768 ], [ -113.997502, 50.877753 ], [ -113.997565, 50.877734 ], [ -113.997675, 50.877698 ], [ -113.997723, 50.877684 ], [ -113.99778, 50.877672 ], [ -113.997845, 50.877668 ], [ -113.998907, 50.877664 ], [ -113.998997, 50.877667 ], [ -113.999064, 50.877679 ], [ -113.999117, 50.877699 ], [ -113.999302, 50.877798 ], [ -113.999355, 50.877814 ], [ -113.999422, 50.877819 ], [ -113.99951, 50.877816 ], [ -113.999635, 50.877805 ], [ -113.9997, 50.877791 ], [ -113.999773, 50.877769 ], [ -113.999962, 50.877696 ], [ -114.000043, 50.877675 ], [ -114.000128, 50.877664 ], [ -114.000258, 50.877664 ], [ -114.001013, 50.877683 ], [ -114.001099, 50.877683 ], [ -114.001354, 50.877673 ], [ -114.001425, 50.877675 ], [ -114.001503, 50.877681 ], [ -114.001594, 50.877699 ], [ -114.001739, 50.877733 ], [ -114.001765, 50.877739 ], [ -114.001784, 50.877743 ] ] } },
{ "type": "Feature", "properties": { "cls": "separated", "highway": "cycleway", "name": null }, "geometry": { "type": "MultiLineString", "coordinates": [ [ [ -113.991585, 50.887842 ], [ -113.991759, 50.887774 ], [ -113.991923, 50.887732 ], [ -113.992021, 50.887706 ], [ -113.992145, 50.887707 ], [ -113.992289, 50.887734 ], [ -113.992646, 50.887812 ] ], [ [ -113.993932, 50.886972 ], [ -113.993965, 50.886913 ], [ -113.993988, 50.886801 ], [ -113.993984, 50.886679 ], [ -113.993946, 50.886577 ], [ -113.993902, 50.886519 ], [ -113.993799, 50.886481 ], [ -113.993762, 50.886467 ] ] ] } },
{ "type": "Feature", "properties": { "cls": "separated", "highway": "cycleway", "name": null }, "geometry": { "type": "LineString", "coordinates": [ [ -113.995854, 50.887601 ], [ -113.995742, 50.887519 ], [ -113.995662, 50.887482 ], [ -113.995557, 50.887452 ], [ -113.995431, 50.887456 ], [ -113.995402, 50.887457 ], [ -113.995255, 50.887478 ], [ -113.995173, 50.887499 ], [ -113.995077, 50.887563 ], [ -113.994953, 50.887717 ], [ -113.99488, 50.887814 ], [ -113.994802, 50.887856 ], [ -113.994646, 50.887901 ], [ -113.994597, 50.88795 ], [ -113.994536, 50.888031 ], [ -113.994458, 50.888051 ], [ -113.994386, 50.888074 ], [ -113.994337, 50.888114 ], [ -113.994283, 50.888194 ], [ -113.994226, 50.888224 ], [ -113.99413, 50.88825 ], [ -113.994067, 50.888299 ], [ -113.99382, 50.888638 ], [ -113.993756, 50.888688 ], [ -113.993692, 50.888717 ], [ -113.993547, 50.888733 ], [ -113.993309, 50.888742 ], [ -113.993155, 50.888763 ], [ -113.992973, 50.888806 ], [ -113.992889, 50.888801 ], [ -113.992822, 50.888765 ], [ -113.992805, 50.888723 ], [ -113.992799, 50.88863 ], [ -113.992794, 50.88855 ], [ -113.992774, 50.888456 ], [ -113.992723, 50.88836 ], [ -113.992658, 50.888291 ], [ -113.992602, 50.888233 ], [ -113.992583, 50.888213 ], [ -113.99255, 50.888181 ], [ -113.992402, 50.888036 ], [ -113.992299, 50.88799 ], [ -113.99204, 50.887951 ], [ -113.991923, 50.887917 ], [ -113.991585, 50.887842 ] ] } },
{ "type": "Feature", "properties": { "cls": "separated", "highway": "cycleway", "name": null }, "geometry": { "type": "Point", "coordinates": [ -113.991585, 50.887842 ] } },
{ "type": "Feature", "properties": { "cls": "shared", "highway": "cycleway", "name": "Lafarge Meadows pathway" }, "geometry": { "type": "LineString", "coordinates": [ [ -114.010079, 50.891055 ], [ -114.010066, 50.891045 ], [ -114.00999, 50.891001 ], [ -114.009927, 50.89096 ], [ -114.00985, 50.8909 ], [ -114.009744, 50.890812 ], [ -114.009509, 50.890662 ], [ -114.009266, 50.890446 ], [ -114.009107, 50.890232 ], [ -114.009004, 50.890024 ], [ -114.008931, 50.889853 ], [ -114.008773, 50.889651 ], [ -114.008623, 50.889532 ], [ -114.00842, 50.889396 ], [ -114.008255, 50.889304 ], [ -114.008201, 50.889247 ], [ -114.00819, 50.8892 ], [ -114.008265, 50.8891 ], [ -114.008274, 50.889041 ], [ -114.008246, 50.888987 ], [ -114.007785, 50.888731 ], [ -114.006755, 50.888176 ], [ -114.005934, 50.887899 ], [ -114.005258, 50.887682 ], [ -114.004309, 50.887456 ], [ -114.00381, 50.887313 ], [ -114.003268, 50.887195 ], [ -114.003001, 50.887182 ], [ -114.002791, 50.887179 ], [ -114.00237, 50.88716 ], [ -114.001887, 50.887149 ], [ -114.001337, 50.887104 ], [ -114.000856, 50.887065 ], [ -114.00021, 50.886911 ] ] } },
{ "type": "Feature", "properties": { "cls": "separated", "highway": "cycleway", "name": null }, "geometry": { "type": "LineString", "coordinates": [ [ -114.00562, 50.891828 ], [ -114.005501, 50.891597 ], [ -114.005322, 50.891366 ], [ -114.005028, 50.891125 ], [ -114.00455, 50.890916 ], [ -114.004514, 50.890901 ], [ -114.004346, 50.890784 ], [ -114.004062, 50.890555 ], [ -114.003766, 50.890301 ], [ -114.003594, 50.890143 ], [ -114.003436, 50.890003 ], [ -114.003241, 50.889879 ], [ -114.003047, 50.889791 ], [ -114.002756, 50.889709 ], [ -114.002544, 50.889641 ], [ -114.002177, 50.889474 ], [ -114.00185, 50.889336 ], [ -114.001313, 50.889113 ], [ -114.001028, 50.889021 ], [ -114.000477, 50.888859 ], [ -114.000288, 50.888799 ], [ -114.000143, 50.888754 ], [ -113.99934, 50.8885 ], [ -113.998544, 50.888253 ], [ -113.998178, 50.888163 ], [ -113.997804, 50.888092 ], [ -113.997593, 50.888077 ], [ -113.997409, 50.888077 ], [ -113.997302, 50.888077 ], [ -113.997116, 50.888069 ], [ -113.996969, 50.888047 ], [ -113.99688, 50.888024 ], [ -113.996713, 50.887981 ], [ -113.99637, 50.88787 ], [ -113.99608, 50.887746 ], [ -113.995854, 50.887601 ] ] } },
{ "type": "Feature", "properties": { "cls": "shared", "highway": "cycleway", "name": null }, "geometry": { "type": "LineString", "coordinates": [ [ -114.010066, 50.891045 ], [ -114.010146, 50.891031 ], [ -114.010251, 50.891013 ], [ -114.010329, 50.890994 ], [ -114.010387, 50.890977 ], [ -114.010425, 50.890962 ], [ -114.010468, 50.890948 ], [ -114.010509, 50.890939 ], [ -114.010901, 50.890878 ], [ -114.011379, 50.890805 ], [ -114.012263, 50.890665 ], [ -114.01282, 50.890578 ], [ -114.012948, 50.890558 ], [ -114.013011, 50.89055 ] ] } },
{ "type": "Feature", "properties": { "cls": "shared", "highway": "cycleway", "name": null }, "geometry": { "type": "LineString", "coordinates": [ [ -114.013741, 50.899566 ], [ -114.013808, 50.899488 ], [ -114.01382, 50.899464 ], [ -114.013831, 50.899425 ], [ -114.013846, 50.899391 ], [ -114.013867, 50.899364 ], [ -114.013899, 50.899336 ], [ -114.013953, 50.899297 ], [ -114.014039, 50.899238 ], [ -114.014132, 50.899159 ], [ -114.014089, 50.899083 ], [ -114.01408, 50.899049 ], [ -114.014072, 50.899032 ], [ -114.014052, 50.898972 ], [ -114.014035, 50.898887 ], [ -114.014013, 50.898761 ], [ -114.014009, 50.898676 ], [ -114.014046, 50.898562 ], [ -114.014183, 50.898382 ], [ -114.01438, 50.898189 ], [ -114.014564, 50.897994 ], [ -114.014793, 50.897772 ], [ -114.014992, 50.897611 ], [ -114.01513, 50.897527 ], [ -114.015339, 50.897385 ], [ -114.015512, 50.897258 ], [ -114.015617, 50.897143 ], [ -114.015694, 50.897014 ], [ -114.015776, 50.896889 ], [ -114.015943, 50.896725 ], [ -114.016053, 50.896628 ], [ -114.016283, 50.896525 ], [ -114.016585, 50.896405 ], [ -114.016942, 50.896297 ], [ -114.017243, 50.896228 ], [ -114.017422, 50.896193 ], [ -114.017623, 50.89618 ], [ -114.017786, 50.896173 ], [ -114.017962, 50.896166 ], [ -114.01814, 50.896161 ], [ -114.018258, 50.896162 ], [ -114.018414, 50.896164 ], [ -114.01851, 50.896168 ], [ -114.018603, 50.896175 ], [ -114.018682, 50.896179 ], [ -114.0189, 50.896192 ], [ -114.019032, 50.896217 ], [ -114.019212, 50.896304 ], [ -114.019377, 50.896453 ], [ -114.019476, 50.896585 ], [ -114.019617, 50.896736 ], [ -114.019657, 50.896812 ], [ -114.019654, 50.896906 ], [ -114.019685, 50.897021 ], [ -114.019758, 50.897163 ], [ -114.019815, 50.897262 ], [ -114.019815, 50.897321 ], [ -114.01979, 50.897379 ], [ -114.019706, 50.897584 ], [ -114.019605, 50.897801 ], [ -114.019497, 50.898009 ], [ -114.01934, 50.898225 ], [ -114.019075, 50.898474 ], [ -114.018874, 50.898624 ], [ -114.01867, 50.898667 ], [ -114.018384, 50.898668 ], [ -114.018096, 50.898673 ], [ -114.017866, 50.898685 ], [ -114.01772, 50.898702 ], [ -114.017651, 50.898754 ], [ -114.017598, 50.898784 ], [ -114.017552, 50.898807 ], [ -114.017521, 50.898822 ], [ -114.017465, 50.898848 ], [ -114.017411, 50.89887 ], [ -114.017373, 50.898887 ], [ -114.017252, 50.898933 ], [ -114.017161, 50.898976 ], [ -114.017108, 50.898999 ], [ -114.017029, 50.899028 ], [ -114.016946, 50.899058 ], [ -114.0169, 50.89908 ], [ -114.016862, 50.899096 ] ] } },
{ "type": "Feature", "properties": { "cls": "shared", "highway": "cycleway", "name": null }, "geometry": { "type": "LineString", "coordinates": [ [ -114.011055, 50.897008 ], [ -114.011037, 50.897226 ], [ -114.011034, 50.897269 ], [ -114.011032, 50.897274 ], [ -114.010996, 50.8975 ], [ -114.010947, 50.89767 ], [ -114.010862, 50.897814 ], [ -114.010752, 50.898023 ], [ -114.010669, 50.898188 ], [ -114.010592, 50.898339 ], [ -114.010542, 50.898427 ], [ -114.010488, 50.898495 ], [ -114.010366, 50.898631 ], [ -114.01028, 50.898732 ], [ -114.01022, 50.898807 ], [ -114.010164, 50.898876 ], [ -114.010108, 50.898946 ], [ -114.01003, 50.899028 ], [ -114.00992, 50.899119 ], [ -114.009899, 50.899139 ], [ -114.009829, 50.899203 ], [ -114.009765, 50.899241 ], [ -114.009604, 50.899334 ], [ -114.00948, 50.899399 ], [ -114.009429, 50.899424 ], [ -114.009328, 50.899501 ], [ -114.009172, 50.899643 ], [ -114.008997, 50.899778 ], [ -114.008888, 50.899914 ], [ -114.008876, 50.900034 ], [ -114.008894, 50.900143 ], [ -114.009, 50.900233 ] ] } },
{ "type": "Feature", "properties": { "cls": "separated", "highway": "cycleway", "name": null }, "geometry": { "type": "LineString", "coordinates": [ [ -114.004588, 50.902887 ], [ -114.00439, 50.902479 ], [ -114.004307, 50.902182 ], [ -114.004235, 50.901876 ], [ -114.00416, 50.901619 ], [ -114.004137, 50.901481 ], [ -114.004186, 50.901274 ], [ -114.004289, 50.901063 ], [ -114.00448, 50.900717 ], [ -114.00469, 50.900293 ], [ -114.005037, 50.899848 ], [ -114.00518, 50.89971 ], [ -114.005527, 50.899488 ], [ -114.005778, 50.899311 ], [ -114.00598, 50.89914 ], [ -114.00656, 50.89871 ], [ -114.00772, 50.8981 ], [ -114.00823, 50.89794 ], [ -114.00841, 50.8978 ], [ -114.00856, 50.89745 ], [ -114.008709, 50.896984 ], [ -114.008816, 50.896788 ], [ -114.008887, 50.896552 ], [ -114.008917, 50.89622 ], [ -114.008744, 50.895991 ], [ -114.008524, 50.895783 ], [ -114.008423, 50.895691 ], [ -114.008422, 50.895691 ] ] } },
{ "type": "Feature", "properties": { "cls": "separated", "highway": "cycleway", "name": null }, "geometry": { "type": "LineString", "coordinates": [ [ -113.992696, 50.899828 ], [ -113.992702, 50.899819 ], [ -113.992703, 50.899817 ] ] } },
{ "type": "Feature", "properties": { "cls": "shared", "highway": "cycleway", "name": null }, "geometry": { "type": "LineString", "coordinates": [ [ -114.024121, 50.898789 ], [ -114.02411, 50.898796 ], [ -114.024083, 50.898812 ], [ -114.024067, 50.89882 ], [ -114.024052, 50.89883 ], [ -114.024039, 50.898843 ], [ -114.024028, 50.89886 ], [ -114.024019, 50.898877 ], [ -114.024012, 50.8989 ], [ -114.024006, 50.898924 ], [ -114.024, 50.898966 ], [ -114.024, 50.898998 ], [ -114.024004, 50.89905 ], [ -114.024011, 50.899118 ], [ -114.024016, 50.899173 ], [ -114.024025, 50.899235 ], [ -114.024039, 50.899332 ], [ -114.024046, 50.899393 ], [ -114.024048, 50.89944 ], [ -114.024045, 50.89956 ], [ -114.02404, 50.89974 ], [ -114.024042, 50.899922 ], [ -114.02404, 50.899984 ], [ -114.024036, 50.900022 ], [ -114.024026, 50.90008 ], [ -114.024014, 50.900133 ], [ -114.023997, 50.90019 ], [ -114.023978, 50.900244 ], [ -114.023923, 50.900392 ], [ -114.023869, 50.900542 ], [ -114.023829, 50.900667 ], [ -114.023813, 50.900713 ], [ -114.023803, 50.900743 ], [ -114.023789, 50.900798 ], [ -114.023778, 50.90085 ] ] } },
{ "type": "Feature", "properties": { "cls": "shared", "highway": "cycleway", "name": null }, "geometry": { "type": "LineString", "coordinates": [ [ -114.017953, 50.899997 ], [ -114.018015, 50.900054 ], [ -114.018065, 50.900102 ] ] } },
{ "type": "Feature", "properties": { "cls": "shared", "highway": "cycleway", "name": null }, "geometry": { "type": "LineString", "coordinates": [ [ -114.018065, 50.900102 ], [ -114.018095, 50.900138 ], [ -114.018117, 50.900165 ], [ -114.018135, 50.900188 ], [ -114.018143, 50.900203 ], [ -114.018149, 50.900216 ], [ -114.018155, 50.900233 ], [ -114.018158, 50.900248 ], [ -114.018159, 50.900261 ], [ -114.018162, 50.900297 ] ] } },
{ "type": "Feature", "properties": { "cls": "shared", "highway": "cycleway", "name": null }, "geometry": { "type": "LineString", "coordinates": [ [ -114.022703, 50.900462 ], [ -114.022729, 50.900489 ], [ -114.022753, 50.900517 ] ] } },
{ "type": "Feature", "properties": { "cls": "shared", "highway": "cycleway", "name": null }, "geometry": { "type": "LineString", "coordinates": [ [ -114.014984, 50.900607 ], [ -114.014965, 50.900649 ], [ -114.014955, 50.90069 ], [ -114.014942, 50.900747 ], [ -114.014922, 50.900811 ], [ -114.014899, 50.900863 ], [ -114.014857, 50.900956 ], [ -114.014802, 50.901055 ], [ -114.01472, 50.901201 ], [ -114.014609, 50.901413 ], [ -114.014548, 50.901539 ], [ -114.01449, 50.901674 ], [ -114.014478, 50.901695 ], [ -114.01444, 50.901737 ] ] } },
{ "type": "Feature", "properties": { "cls": "shared", "highway": "cycleway", "name": null }, "geometry": { "type": "LineString", "coordinates": [ [ -114.01444, 50.901737 ], [ -114.014397, 50.901774 ], [ -114.014355, 50.90182 ], [ -114.014312, 50.901891 ], [ -114.014269, 50.901961 ], [ -114.014198, 50.902093 ], [ -114.01415, 50.902186 ], [ -114.014077, 50.902325 ], [ -114.014029, 50.902408 ], [ -114.013964, 50.902495 ], [ -114.013898, 50.90257 ], [ -114.013835, 50.90264 ], [ -114.013799, 50.902681 ], [ -114.013782, 50.902709 ], [ -114.013773, 50.902735 ], [ -114.013768, 50.902769 ], [ -114.013769, 50.902827 ], [ -114.01377, 50.902879 ], [ -114.013772, 50.902932 ], [ -114.01379, 50.903373 ], [ -114.013787, 50.903406 ], [ -114.013789, 50.90346 ] ] } },
{ "type": "Feature", "properties": { "cls": "shared", "highway": "cycleway", "name": null }, "geometry": { "type": "LineString", "coordinates": [ [ -114.014779, 50.905712 ], [ -114.014701, 50.905767 ], [ -114.014584, 50.905801 ], [ -114.014443, 50.905809 ], [ -114.014351, 50.905811 ], [ -114.014246, 50.905801 ], [ -114.014181, 50.905792 ], [ -114.014138, 50.905775 ], [ -114.014097, 50.905748 ], [ -114.014035, 50.905702 ], [ -114.013976, 50.905649 ], [ -114.013867, 50.905507 ], [ -114.013809, 50.905433 ], [ -114.013775, 50.905394 ], [ -114.01371, 50.905328 ], [ -114.013652, 50.905278 ], [ -114.013583, 50.90522 ], [ -114.013574, 50.90514 ], [ -114.013603, 50.905023 ], [ -114.013606, 50.904944 ], [ -114.013593, 50.904839 ], [ -114.013498, 50.904776 ], [ -114.013413, 50.904743 ], [ -114.012977, 50.904516 ], [ -114.012824, 50.904448 ], [ -114.012579, 50.90435 ], [ -114.012549, 50.904328 ], [ -114.012492, 50.904307 ], [ -114.012439, 50.904271 ], [ -114.012373, 50.904236 ], [ -114.012295, 50.904201 ], [ -114.012241, 50.904181 ], [ -114.012182, 50.904158 ], [ -114.012083, 50.904124 ], [ -114.012035, 50.904114 ], [ -114.011979, 50.904109 ], [ -114.011906, 50.904108 ], [ -114.011773, 50.904107 ], [ -114.011678, 50.904106 ], [ -114.011499, 50.904095 ], [ -114.011402, 50.904086 ], [ -114.011288, 50.904023 ], [ -114.011244, 50.904001 ], [ -114.011208, 50.903975 ], [ -114.011187, 50.90395 ], [ -114.01117, 50.90392 ], [ -114.011153, 50.903881 ], [ -114.01109, 50.903747 ], [ -114.011065, 50.903672 ], [ -114.01102, 50.903585 ], [ -114.010962, 50.903424 ], [ -114.01091, 50.903294 ], [ -114.010883, 50.903262 ], [ -114.010843, 50.903223 ], [ -114.010745, 50.903146 ], [ -114.010668, 50.903085 ], [ -114.010651, 50.903067 ], [ -114.010535, 50.902994 ], [ -114.010299, 50.902838 ], [ -114.010089, 50.902702 ], [ -114.009926, 50.902606 ], [ -114.009832, 50.902539 ], [ -114.009721, 50.90244 ], [ -114.009667, 50.902382 ], [ -114.009624, 50.902309 ], [ -114.009601, 50.902246 ], [ -114.009592, 50.902186 ], [ -114.009593, 50.902124 ], [ -114.009612, 50.902021 ], [ -114.009652, 50.901852 ], [ -114.009681, 50.901757 ], [ -114.009709, 50.9017 ], [ -114.009771, 50.901605 ], [ -114.009876, 50.901447 ], [ -114.00994, 50.901349 ], [ -114.009956, 50.901316 ], [ -114.009964, 50.901287 ], [ -114.009965, 50.901252 ], [ -114.009961, 50.901224 ], [ -114.009942, 50.901184 ], [ -114.009893, 50.901085 ], [ -114.009867, 50.901016 ], [ -114.009841, 50.900946 ], [ -114.009807, 50.900883 ], [ -114.00975, 50.900811 ], [ -114.009659, 50.900704 ], [ -114.009553, 50.900565 ], [ -114.009475, 50.900457 ], [ -114.009436, 50.900405 ], [ -114.009414, 50.900383 ], [ -114.009366, 50.900356 ], [ -114.009306, 50.900332 ], [ -114.00918, 50.90029 ], [ -114.009, 50.900233 ] ] } },
{ "type": "Feature", "properties": { "cls": "shared", "highway": "cycleway", "name": null }, "geometry": { "type": "LineString", "coordinates": [ [ -114.015459, 50.907122 ], [ -114.015477, 50.906997 ], [ -114.0155, 50.906921 ], [ -114.015514, 50.906823 ], [ -114.015512, 50.906763 ], [ -114.0155, 50.906705 ], [ -114.015481, 50.906655 ], [ -114.015425, 50.906568 ], [ -114.015362, 50.906504 ], [ -114.015333, 50.90647 ], [ -114.015313, 50.906442 ], [ -114.015308, 50.906425 ], [ -114.01531, 50.906397 ], [ -114.015335, 50.906352 ], [ -114.01541, 50.90626 ], [ -114.015474, 50.906199 ], [ -114.015558, 50.906119 ], [ -114.01564, 50.906029 ], [ -114.015696, 50.905935 ], [ -114.015766, 50.905803 ], [ -114.015816, 50.905708 ], [ -114.015856, 50.905597 ], [ -114.015901, 50.905486 ], [ -114.015963, 50.905369 ], [ -114.016029, 50.905238 ], [ -114.016093, 50.905088 ], [ -114.016153, 50.904927 ], [ -114.016215, 50.90473 ], [ -114.016299, 50.904465 ], [ -114.016333, 50.904353 ], [ -114.016381, 50.904204 ], [ -114.016421, 50.904084 ], [ -114.016483, 50.903878 ], [ -114.01653, 50.903729 ], [ -114.016594, 50.903516 ], [ -114.016633, 50.903376 ], [ -114.016651, 50.903304 ], [ -114.016665, 50.90326 ], [ -114.016687, 50.903215 ], [ -114.016715, 50.903167 ], [ -114.016746, 50.903113 ], [ -114.016781, 50.903058 ], [ -114.016805, 50.903033 ], [ -114.016838, 50.90301 ], [ -114.01688, 50.902984 ], [ -114.016973, 50.902935 ], [ -114.017035, 50.902901 ], [ -114.017072, 50.902871 ], [ -114.017093, 50.902843 ], [ -114.017126, 50.902815 ], [ -114.017152, 50.90277 ], [ -114.017193, 50.902694 ], [ -114.017223, 50.902636 ], [ -114.017249, 50.902585 ], [ -114.017275, 50.902535 ], [ -114.017312, 50.902468 ], [ -114.017342, 50.902414 ], [ -114.017372, 50.902357 ], [ -114.017414, 50.902279 ], [ -114.017447, 50.902215 ], [ -114.017479, 50.902154 ], [ -114.017507, 50.902091 ], [ -114.017537, 50.902025 ], [ -114.017562, 50.901971 ], [ -114.017583, 50.901925 ], [ -114.017604, 50.901871 ], [ -114.017622, 50.901825 ], [ -114.017639, 50.901768 ], [ -114.017655, 50.901709 ], [ -114.017674, 50.901644 ], [ -114.017696, 50.901564 ], [ -114.017713, 50.901508 ], [ -114.017731, 50.901444 ], [ -114.017756, 50.901362 ], [ -114.017778, 50.901287 ], [ -114.017797, 50.901228 ], [ -114.017819, 50.901157 ], [ -114.017831, 50.901114 ], [ -114.017847, 50.901061 ], [ -114.017866, 50.901002 ], [ -114.017886, 50.900941 ], [ -114.017908, 50.900873 ], [ -114.017928, 50.900815 ], [ -114.017943, 50.90077 ], [ -114.017955, 50.900731 ], [ -114.017974, 50.900679 ], [ -114.017993, 50.900631 ], [ -114.01801, 50.90059 ], [ -114.018032, 50.900545 ], [ -114.018059, 50.900496 ], [ -114.018087, 50.900441 ], [ -114.018109, 50.900401 ], [ -114.018124, 50.900372 ], [ -114.018133, 50.900354 ], [ -114.018142, 50.900331 ], [ -114.018151, 50.900314 ], [ -114.018162, 50.900297 ], [ -114.018188, 50.900272 ], [ -114.01821, 50.900253 ], [ -114.018246, 50.900225 ], [ -114.018284, 50.900193 ], [ -114.018327, 50.900155 ], [ -114.018369, 50.900119 ], [ -114.018402, 50.900092 ], [ -114.018425, 50.900074 ], [ -114.018437, 50.900067 ], [ -114.018449, 50.90006 ], [ -114.018475, 50.900046 ], [ -114.018495, 50.900038 ], [ -114.018525, 50.900028 ], [ -114.018561, 50.900017 ], [ -114.018592, 50.900008 ], [ -114.018632, 50.899997 ], [ -114.018677, 50.899986 ], [ -114.018705, 50.899979 ], [ -114.018729, 50.899974 ], [ -114.018772, 50.899964 ], [ -114.018806, 50.899957 ], [ -114.018817, 50.899954 ], [ -114.018839, 50.89995 ], [ -114.018867, 50.899947 ], [ -114.018902, 50.899942 ], [ -114.018946, 50.899936 ], [ -114.019027, 50.899927 ], [ -114.019105, 50.899917 ], [ -114.019142, 50.899912 ], [ -114.019169, 50.899908 ], [ -114.019189, 50.899903 ], [ -114.019209, 50.899899 ], [ -114.019226, 50.899892 ], [ -114.019249, 50.899883 ], [ -114.019266, 50.899876 ], [ -114.019288, 50.899864 ], [ -114.019313, 50.899851 ], [ -114.019341, 50.899835 ], [ -114.019373, 50.899817 ], [ -114.019394, 50.899805 ], [ -114.019418, 50.899791 ], [ -114.019445, 50.899774 ], [ -114.019464, 50.899762 ], [ -114.019482, 50.89975 ], [ -114.019504, 50.899736 ], [ -114.019528, 50.899721 ], [ -114.019551, 50.899707 ], [ -114.019575, 50.899695 ], [ -114.0196, 50.899684 ], [ -114.019619, 50.899677 ], [ -114.019637, 50.899672 ], [ -114.019656, 50.899669 ], [ -114.019671, 50.899667 ], [ -114.019685, 50.899665 ], [ -114.01971, 50.899663 ], [ -114.019736, 50.899662 ], [ -114.019759, 50.899661 ], [ -114.019801, 50.89966 ], [ -114.019841, 50.899658 ], [ -114.019877, 50.899656 ], [ -114.01991, 50.899653 ], [ -114.01995, 50.89965 ], [ -114.019996, 50.899646 ], [ -114.020045, 50.899642 ], [ -114.020102, 50.899638 ], [ -114.020155, 50.899634 ], [ -114.020201, 50.899629 ], [ -114.020238, 50.899625 ], [ -114.020285, 50.899621 ], [ -114.020324, 50.899615 ], [ -114.020372, 50.899607 ], [ -114.020423, 50.899599 ], [ -114.020461, 50.899591 ], [ -114.0205, 50.899583 ], [ -114.020548, 50.899571 ], [ -114.020596, 50.899559 ], [ -114.020639, 50.899547 ], [ -114.020682, 50.899535 ], [ -114.020726, 50.899523 ], [ -114.020804, 50.8995 ], [ -114.020863, 50.899483 ], [ -114.020912, 50.89947 ], [ -114.020965, 50.899455 ], [ -114.021006, 50.899444 ], [ -114.021041, 50.899435 ], [ -114.021073, 50.899426 ], [ -114.021113, 50.899416 ], [ -114.021156, 50.899406 ], [ -114.021206, 50.899393 ], [ -114.021234, 50.899386 ], [ -114.021261, 50.89938 ], [ -114.021286, 50.899375 ], [ -114.021311, 50.89937 ], [ -114.021338, 50.899366 ], [ -114.021364, 50.899362 ], [ -114.021391, 50.899359 ], [ -114.021419, 50.899356 ], [ -114.021456, 50.899353 ], [ -114.021494, 50.89935 ], [ -114.021536, 50.899346 ], [ -114.021571, 50.899344 ], [ -114.021609, 50.899342 ], [ -114.021642, 50.899342 ], [ -114.021679, 50.899341 ], [ -114.021713, 50.899341 ], [ -114.02174, 50.899342 ], [ -114.021774, 50.899344 ], [ -114.021808, 50.899346 ], [ -114.021846, 50.89935 ], [ -114.021875, 50.899353 ], [ -114.021911, 50.899359 ], [ -114.02195, 50.899366 ], [ -114.021991, 50.899374 ], [ -114.022038, 50.899386 ], [ -114.022085, 50.8994 ], [ -114.022129, 50.899415 ], [ -114.022172, 50.89943 ], [ -114.022217, 50.899447 ], [ -114.02226, 50.899466 ], [ -114.0223, 50.899486 ], [ -114.02234, 50.899508 ], [ -114.022371, 50.899526 ], [ -114.022395, 50.899542 ], [ -114.022412, 50.899555 ], [ -114.022432, 50.89957 ], [ -114.022452, 50.899589 ], [ -114.022486, 50.89962 ], [ -114.022515, 50.899652 ], [ -114.022539, 50.899681 ], [ -114.022563, 50.899712 ], [ -114.022588, 50.899745 ], [ -114.022612, 50.899782 ], [ -114.022643, 50.899831 ], [ -114.022672, 50.899883 ], [ -114.022699, 50.899933 ], [ -114.02272, 50.899976 ], [ -114.02274, 50.900023 ], [ -114.022753, 50.900059 ], [ -114.022767, 50.900096 ], [ -114.022774, 50.900124 ], [ -114.022779, 50.900147 ], [ -114.02278, 50.900166 ], [ -114.02278, 50.900188 ], [ -114.022776, 50.900217 ], [ -114.022773, 50.900237 ], [ -114.022766, 50.900255 ], [ -114.022758, 50.900276 ], [ -114.022744, 50.900302 ], [ -114.022732, 50.900327 ], [ -114.022712, 50.900358 ], [ -114.022698, 50.900379 ], [ -114.02269, 50.900396 ], [ -114.022685, 50.900408 ], [ -114.022684, 50.900416 ], [ -114.022683, 50.900424 ], [ -114.022684, 50.900433 ], [ -114.022688, 50.900441 ], [ -114.022693, 50.90045 ], [ -114.022703, 50.900462 ] ] } },
{ "type": "Feature", "properties": { "cls": "shared", "highway": "footway", "name": null }, "geometry": { "type": "LineString", "coordinates": [ [ -114.010811, 50.90398 ], [ -114.01071, 50.903991 ], [ -114.010563, 50.904013 ], [ -114.010479, 50.904027 ], [ -114.010398, 50.904038 ], [ -114.010328, 50.904038 ], [ -114.010237, 50.904031 ], [ -114.01012, 50.904 ], [ -114.009989, 50.903961 ], [ -114.009767, 50.903873 ], [ -114.009534, 50.90379 ], [ -114.009259, 50.903698 ], [ -114.009, 50.903611 ], [ -114.008898, 50.903523 ], [ -114.008876, 50.903442 ], [ -114.008792, 50.903153 ] ] } },
{ "type": "Feature", "properties": { "cls": "shared", "highway": "footway", "name": null }, "geometry": { "type": "LineString", "coordinates": [ [ -114.011402, 50.904086 ], [ -114.011114, 50.904059 ], [ -114.010863, 50.904038 ] ] } },
{ "type": "Feature", "properties": { "cls": "shared", "highway": "cycleway", "name": null }, "geometry": { "type": "LineString", "coordinates": [ [ -114.020511, 50.906654 ], [ -114.020542, 50.906651 ], [ -114.020603, 50.906643 ], [ -114.020663, 50.906638 ], [ -114.020707, 50.906635 ], [ -114.020751, 50.906635 ], [ -114.020819, 50.906637 ], [ -114.020893, 50.906644 ], [ -114.021002, 50.906653 ], [ -114.021086, 50.906657 ], [ -114.021135, 50.906659 ], [ -114.021218, 50.90666 ], [ -114.021355, 50.906666 ], [ -114.021438, 50.906669 ], [ -114.021505, 50.906666 ], [ -114.021606, 50.906655 ], [ -114.021725, 50.906647 ], [ -114.021835, 50.906645 ], [ -114.021947, 50.906647 ], [ -114.022069, 50.90666 ], [ -114.022176, 50.906672 ], [ -114.022266, 50.906674 ], [ -114.022336, 50.906676 ], [ -114.022403, 50.906677 ], [ -114.022555, 50.906677 ], [ -114.022697, 50.906675 ], [ -114.022801, 50.906669 ], [ -114.022895, 50.906658 ], [ -114.022982, 50.906645 ], [ -114.023032, 50.906633 ], [ -114.023053, 50.906618 ], [ -114.023063, 50.906602 ], [ -114.02307, 50.906584 ], [ -114.023074, 50.906566 ], [ -114.023072, 50.906549 ], [ -114.023061, 50.906535 ], [ -114.023026, 50.906514 ], [ -114.022978, 50.906494 ], [ -114.022921, 50.906478 ], [ -114.022843, 50.906461 ], [ -114.022771, 50.906457 ], [ -114.022683, 50.906453 ], [ -114.022664, 50.906451 ], [ -114.022641, 50.906444 ], [ -114.022622, 50.906432 ], [ -114.02258, 50.906408 ], [ -114.022545, 50.906393 ], [ -114.022513, 50.906383 ], [ -114.022478, 50.906376 ], [ -114.022435, 50.906374 ], [ -114.022362, 50.906368 ], [ -114.022343, 50.906367 ], [ -114.022283, 50.906359 ], [ -114.022218, 50.906347 ], [ -114.022166, 50.906334 ], [ -114.022115, 50.906315 ], [ -114.022074, 50.906295 ], [ -114.022012, 50.90626 ], [ -114.021957, 50.906222 ], [ -114.02191, 50.906197 ], [ -114.021875, 50.906182 ], [ -114.021834, 50.90617 ], [ -114.021796, 50.906163 ], [ -114.021747, 50.906161 ], [ -114.02168, 50.906161 ], [ -114.021612, 50.90616 ], [ -114.021532, 50.906158 ], [ -114.021491, 50.906151 ], [ -114.021444, 50.906141 ], [ -114.021386, 50.906134 ], [ -114.021309, 50.906131 ], [ -114.021237, 50.906127 ], [ -114.021167, 50.906118 ], [ -114.021099, 50.906106 ], [ -114.021065, 50.906097 ], [ -114.021031, 50.906081 ], [ -114.021004, 50.906061 ], [ -114.020984, 50.90604 ], [ -114.020955, 50.90601 ], [ -114.02091, 50.905975 ], [ -114.020872, 50.905947 ], [ -114.020849, 50.905933 ], [ -114.020812, 50.905918 ], [ -114.020764, 50.905906 ], [ -114.020696, 50.90589 ], [ -114.020651, 50.90588 ], [ -114.020586, 50.905865 ], [ -114.020505, 50.90585 ], [ -114.020409, 50.905829 ], [ -114.020342, 50.905819 ], [ -114.020279, 50.905805 ], [ -114.020205, 50.905781 ], [ -114.020149, 50.905759 ], [ -114.020093, 50.905734 ], [ -114.020008, 50.905692 ], [ -114.019905, 50.905644 ], [ -114.019854, 50.905616 ], [ -114.019819, 50.905595 ], [ -114.019791, 50.905571 ], [ -114.019774, 50.90555 ], [ -114.019756, 50.905525 ], [ -114.019725, 50.905489 ], [ -114.019696, 50.905456 ], [ -114.019659, 50.905419 ], [ -114.019619, 50.905386 ], [ -114.019569, 50.90535 ], [ -114.019538, 50.905325 ], [ -114.01952, 50.905293 ], [ -114.019519, 50.905273 ], [ -114.01951, 50.905224 ], [ -114.019476, 50.905156 ], [ -114.019436, 50.905091 ], [ -114.019398, 50.905048 ], [ -114.019347, 50.905022 ], [ -114.01928, 50.904986 ], [ -114.0192, 50.904943 ], [ -114.019118, 50.904905 ], [ -114.019076, 50.904891 ], [ -114.019025, 50.904884 ], [ -114.018956, 50.904887 ], [ -114.018898, 50.904895 ], [ -114.018766, 50.90491 ], [ -114.018724, 50.90491 ], [ -114.018703, 50.904903 ], [ -114.018691, 50.904893 ], [ -114.018678, 50.904871 ], [ -114.018648, 50.904838 ], [ -114.018616, 50.904804 ], [ -114.018564, 50.904772 ], [ -114.018504, 50.904756 ], [ -114.018442, 50.904749 ], [ -114.018367, 50.904748 ], [ -114.018245, 50.904734 ], [ -114.018194, 50.904731 ], [ -114.018168, 50.904734 ], [ -114.018151, 50.904746 ], [ -114.018135, 50.90477 ], [ -114.018108, 50.9048 ], [ -114.018089, 50.904823 ], [ -114.018077, 50.90485 ], [ -114.018074, 50.904872 ], [ -114.018083, 50.904911 ], [ -114.018102, 50.904984 ], [ -114.018132, 50.905069 ], [ -114.018185, 50.90517 ], [ -114.018206, 50.905226 ], [ -114.018218, 50.905271 ], [ -114.018226, 50.905321 ], [ -114.018219, 50.905377 ], [ -114.018199, 50.90545 ], [ -114.01817, 50.9055 ], [ -114.018148, 50.905521 ], [ -114.01808, 50.905561 ], [ -114.017965, 50.905622 ], [ -114.017899, 50.905647 ], [ -114.017846, 50.905668 ], [ -114.01777, 50.905701 ], [ -114.017727, 50.905726 ], [ -114.017684, 50.905761 ], [ -114.017649, 50.905797 ], [ -114.017617, 50.905839 ], [ -114.017602, 50.905876 ], [ -114.017603, 50.905892 ], [ -114.017613, 50.905917 ], [ -114.017635, 50.905937 ], [ -114.017694, 50.906002 ], [ -114.017773, 50.906086 ], [ -114.017856, 50.906146 ], [ -114.017929, 50.906185 ], [ -114.018019, 50.90623 ], [ -114.018074, 50.906251 ], [ -114.018135, 50.906262 ], [ -114.018208, 50.906262 ], [ -114.01828, 50.906266 ], [ -114.018386, 50.906284 ], [ -114.018469, 50.906302 ], [ -114.018534, 50.906313 ], [ -114.018597, 50.906317 ], [ -114.018696, 50.906327 ], [ -114.018797, 50.906355 ], [ -114.018858, 50.906391 ], [ -114.01892, 50.906423 ], [ -114.019033, 50.906455 ], [ -114.019124, 50.90647 ], [ -114.019188, 50.906465 ], [ -114.019276, 50.906452 ], [ -114.019344, 50.906448 ], [ -114.019399, 50.906456 ], [ -114.01951, 50.906478 ], [ -114.019582, 50.906489 ], [ -114.019678, 50.906494 ], [ -114.019756, 50.906497 ], [ -114.01986, 50.906506 ], [ -114.019982, 50.906527 ], [ -114.02008, 50.906537 ], [ -114.020193, 50.906553 ], [ -114.020218, 50.906559 ], [ -114.02024, 50.906565 ], [ -114.020263, 50.906571 ], [ -114.020293, 50.906581 ], [ -114.020316, 50.906584 ], [ -114.020336, 50.906588 ], [ -114.020362, 50.906593 ], [ -114.020387, 50.906599 ], [ -114.02042, 50.90661 ], [ -114.020433, 50.906614 ], [ -114.020454, 50.906619 ], [ -114.020511, 50.906654 ] ] } },
{ "type": "Feature", "properties": { "cls": "separated", "highway": "cycleway", "name": null }, "geometry": { "type": "LineString", "coordinates": [ [ -113.993088, 50.900502 ], [ -113.99308, 50.900503 ], [ -113.992764, 50.900498 ], [ -113.992331, 50.90047 ], [ -113.99232, 50.900469 ] ] } },
{ "type": "Feature", "properties": { "cls": "separated", "highway": "cycleway", "name": null }, "geometry": { "type": "LineString", "coordinates": [ [ -113.992765, 50.900517 ], [ -113.992764, 50.900498 ] ] } },
{ "type": "Feature", "properties": { "cls": "separated", "highway": "cycleway", "name": null }, "geometry": { "type": "LineString", "coordinates": [ [ -113.998949, 50.910621 ], [ -113.999022, 50.910632 ], [ -113.99922, 50.91063 ], [ -113.999423, 50.910593 ], [ -114.000668, 50.91015 ], [ -114.001295, 50.909947 ], [ -114.002184, 50.909742 ], [ -114.002544, 50.909673 ], [ -114.003219, 50.909587 ], [ -114.004301, 50.90954 ], [ -114.004724, 50.909514 ], [ -114.005924, 50.909367 ], [ -114.00659, 50.909326 ], [ -114.007287, 50.909275 ], [ -114.007629, 50.909226 ], [ -114.00788, 50.90914 ], [ -114.008421, 50.908834 ], [ -114.00883, 50.908603 ], [ -114.00889, 50.9085 ], [ -114.008809, 50.908319 ], [ -114.008808, 50.908212 ], [ -114.00886, 50.90803 ], [ -114.00899, 50.90775 ], [ -114.00914, 50.90755 ], [ -114.0091, 50.907335 ], [ -114.00914, 50.9071 ], [ -114.008999, 50.906693 ], [ -114.008759, 50.906273 ], [ -114.008673, 50.906083 ], [ -114.008235, 50.90578 ], [ -114.00789, 50.905584 ], [ -114.007331, 50.905363 ], [ -114.006732, 50.904895 ], [ -114.006427, 50.90461 ], [ -114.006134, 50.90437 ], [ -114.00606, 50.90432 ], [ -114.005899, 50.904227 ], [ -114.005736, 50.904159 ], [ -114.005395, 50.904056 ], [ -114.005158, 50.903906 ], [ -114.005004, 50.903703 ], [ -114.004767, 50.903336 ], [ -114.004588, 50.902887 ] ] } },
{ "type": "Feature", "properties": { "cls": "separated", "highway": "cycleway", "name": null }, "geometry": { "type": "LineString", "coordinates": [ [ -113.997306, 50.909968 ], [ -113.997248, 50.910014 ] ] } },
{ "type": "Feature", "properties": { "cls": "shared", "highway": "cycleway", "name": null }, "geometry": { "type": "LineString", "coordinates": [ [ -114.022753, 50.900517 ], [ -114.02277, 50.90054 ], [ -114.022791, 50.900562 ], [ -114.022807, 50.900577 ], [ -114.022824, 50.90059 ], [ -114.022839, 50.9006 ], [ -114.022857, 50.90061 ], [ -114.022874, 50.900619 ], [ -114.022894, 50.900628 ], [ -114.022926, 50.900639 ], [ -114.022984, 50.900661 ], [ -114.023043, 50.900684 ], [ -114.023088, 50.900701 ], [ -114.023118, 50.900712 ], [ -114.023145, 50.900721 ], [ -114.023165, 50.900728 ], [ -114.023189, 50.900736 ], [ -114.023208, 50.900741 ], [ -114.023229, 50.900748 ], [ -114.02327, 50.90076 ], [ -114.023315, 50.900772 ], [ -114.023365, 50.900784 ], [ -114.023392, 50.900791 ], [ -114.023419, 50.900798 ], [ -114.023452, 50.900804 ], [ -114.023484, 50.90081 ], [ -114.023522, 50.900815 ], [ -114.023584, 50.900824 ], [ -114.023635, 50.900833 ], [ -114.023683, 50.90084 ], [ -114.023717, 50.900844 ], [ -114.023746, 50.900847 ], [ -114.023778, 50.90085 ], [ -114.023818, 50.900853 ], [ -114.023839, 50.900855 ], [ -114.02387, 50.900856 ], [ -114.023895, 50.900856 ], [ -114.023925, 50.900856 ], [ -114.023949, 50.900856 ], [ -114.024009, 50.900854 ], [ -114.02408, 50.900846 ], [ -114.024082, 50.900846 ] ] } },
{ "type": "Feature", "properties": { "cls": "shared", "highway": "cycleway", "name": null }, "geometry": { "type": "LineString", "coordinates": [ [ -114.019234, 50.903768 ], [ -114.019242, 50.903813 ], [ -114.019251, 50.903857 ], [ -114.019262, 50.903896 ], [ -114.01927, 50.903925 ], [ -114.019282, 50.903957 ], [ -114.019292, 50.903984 ], [ -114.019302, 50.904009 ], [ -114.019312, 50.904035 ], [ -114.019324, 50.904064 ], [ -114.019334, 50.904082 ], [ -114.019347, 50.904097 ], [ -114.019366, 50.904113 ], [ -114.019396, 50.90413 ], [ -114.019438, 50.904148 ], [ -114.019485, 50.904165 ], [ -114.019526, 50.904177 ], [ -114.019567, 50.904187 ], [ -114.019623, 50.904197 ], [ -114.01967, 50.904203 ], [ -114.019712, 50.904208 ], [ -114.019761, 50.904213 ], [ -114.019797, 50.904218 ], [ -114.019845, 50.904221 ], [ -114.019901, 50.904223 ], [ -114.019927, 50.904223 ], [ -114.01995, 50.904226 ], [ -114.01997, 50.904231 ], [ -114.01999, 50.904238 ], [ -114.020009, 50.904244 ], [ -114.020039, 50.904256 ], [ -114.020062, 50.904266 ], [ -114.020086, 50.904277 ], [ -114.020127, 50.904299 ], [ -114.020157, 50.904316 ], [ -114.020195, 50.904337 ], [ -114.020235, 50.904357 ], [ -114.020287, 50.904381 ], [ -114.020315, 50.904394 ], [ -114.020344, 50.904405 ], [ -114.020368, 50.904414 ], [ -114.020399, 50.904423 ], [ -114.020439, 50.904432 ], [ -114.020483, 50.904441 ], [ -114.020516, 50.904446 ], [ -114.020549, 50.904452 ], [ -114.020614, 50.90446 ], [ -114.020676, 50.904467 ], [ -114.020728, 50.904472 ], [ -114.020776, 50.904473 ], [ -114.02082, 50.904474 ], [ -114.020855, 50.904472 ], [ -114.020904, 50.904466 ], [ -114.020955, 50.904459 ], [ -114.021017, 50.90445 ], [ -114.021063, 50.904443 ], [ -114.021092, 50.90444 ], [ -114.021122, 50.904437 ], [ -114.021155, 50.904436 ], [ -114.021187, 50.904437 ], [ -114.021213, 50.904441 ], [ -114.02124, 50.904445 ], [ -114.021268, 50.90445 ], [ -114.021295, 50.904457 ], [ -114.021326, 50.904467 ], [ -114.021355, 50.904479 ], [ -114.021379, 50.904491 ], [ -114.021405, 50.904506 ], [ -114.021429, 50.904524 ], [ -114.021452, 50.904542 ], [ -114.021482, 50.90457 ], [ -114.02151, 50.904599 ], [ -114.021543, 50.904636 ], [ -114.021562, 50.904655 ], [ -114.021583, 50.904674 ], [ -114.021606, 50.904692 ], [ -114.021633, 50.904708 ], [ -114.021657, 50.904721 ], [ -114.021684, 50.904733 ], [ -114.021721, 50.904747 ], [ -114.021757, 50.904759 ], [ -114.021812, 50.904777 ], [ -114.021869, 50.904795 ], [ -114.02193, 50.904814 ], [ -114.021987, 50.904831 ], [ -114.022051, 50.904847 ], [ -114.022111, 50.904862 ], [ -114.022179, 50.904877 ], [ -114.022213, 50.904885 ], [ -114.022246, 50.904891 ], [ -114.022277, 50.904894 ], [ -114.0223, 50.904897 ], [ -114.022322, 50.904898 ], [ -114.022361, 50.904899 ], [ -114.022395, 50.904899 ], [ -114.02243, 50.904898 ], [ -114.02247, 50.904895 ], [ -114.022514, 50.90489 ], [ -114.022565, 50.904884 ], [ -114.022621, 50.904877 ], [ -114.022667, 50.904873 ], [ -114.022715, 50.90487 ], [ -114.022757, 50.904868 ], [ -114.02278, 50.904869 ], [ -114.022798, 50.90487 ], [ -114.02282, 50.904874 ], [ -114.022841, 50.904878 ], [ -114.022861, 50.904883 ], [ -114.022883, 50.904889 ], [ -114.022905, 50.904898 ], [ -114.022919, 50.904904 ], [ -114.022934, 50.904911 ], [ -114.022965, 50.904928 ], [ -114.023006, 50.904952 ], [ -114.023027, 50.904986 ], [ -114.023113, 50.905049 ], [ -114.023245, 50.905108 ], [ -114.023479, 50.905175 ], [ -114.023703, 50.905247 ], [ -114.023971, 50.9054 ], [ -114.02414, 50.905498 ], [ -114.02434, 50.905583 ], [ -114.024586, 50.905658 ], [ -114.024707, 50.905716 ], [ -114.024784, 50.905774 ], [ -114.024857, 50.905803 ], [ -114.024957, 50.905821 ], [ -114.025165, 50.905827 ], [ -114.025381, 50.905826 ], [ -114.025575, 50.90585 ], [ -114.025809, 50.905908 ], [ -114.025959, 50.905938 ], [ -114.026204, 50.905921 ], [ -114.026439, 50.905889 ], [ -114.02656, 50.905857 ], [ -114.026696, 50.905789 ], [ -114.026854, 50.905752 ], [ -114.027061, 50.905751 ], [ -114.027204, 50.905742 ], [ -114.027288, 50.905728 ] ] } },
{ "type": "Feature", "properties": { "cls": "shared", "highway": "cycleway", "name": null }, "geometry": { "type": "LineString", "coordinates": [ [ -114.027289, 50.905729 ], [ -114.027191, 50.905937 ], [ -114.027167, 50.906036 ], [ -114.027166, 50.906117 ], [ -114.02718, 50.90616 ], [ -114.0272, 50.906181 ], [ -114.027238, 50.906201 ], [ -114.027367, 50.90622 ], [ -114.027482, 50.906229 ], [ -114.027635, 50.906257 ], [ -114.027778, 50.906307 ], [ -114.027911, 50.906376 ], [ -114.028002, 50.90643 ], [ -114.028133, 50.906479 ], [ -114.028307, 50.906521 ], [ -114.028439, 50.906526 ], [ -114.028575, 50.906514 ], [ -114.028689, 50.906493 ], [ -114.02879, 50.906467 ], [ -114.028976, 50.90641 ], [ -114.029174, 50.906354 ], [ -114.029217, 50.906362 ], [ -114.029252, 50.906395 ], [ -114.029336, 50.906482 ], [ -114.02942, 50.906391 ], [ -114.02953, 50.90618 ] ] } },
{ "type": "Feature", "properties": { "cls": "shared", "highway": "cycleway", "name": null }, "geometry": { "type": "LineString", "coordinates": [ [ -114.032202, 50.906963 ], [ -114.032093, 50.906973 ], [ -114.031971, 50.907015 ], [ -114.031823, 50.907067 ], [ -114.031767, 50.907094 ], [ -114.031711, 50.907087 ], [ -114.03162, 50.907035 ], [ -114.031465, 50.906881 ], [ -114.031451, 50.906833 ], [ -114.031294, 50.906759 ], [ -114.031262, 50.906744 ], [ -114.03111, 50.906725 ], [ -114.030933, 50.906739 ], [ -114.030806, 50.906773 ], [ -114.030589, 50.906799 ], [ -114.030448, 50.906786 ], [ -114.030305, 50.906766 ], [ -114.030186, 50.906735 ], [ -114.030066, 50.906725 ], [ -114.029702, 50.906706 ], [ -114.029503, 50.906677 ], [ -114.029456, 50.906656 ], [ -114.029424, 50.90663 ], [ -114.02936, 50.906546 ], [ -114.029336, 50.906482 ] ] } },
{ "type": "Feature", "properties": { "cls": "separated", "highway": "cycleway", "name": "Bridge 10 Fish Creek Pk" }, "geometry": { "type": "LineString", "coordinates": [ [ -114.028288, 50.909072 ], [ -114.027658, 50.909132 ] ] } },
{ "type": "Feature", "properties": { "cls": "separated", "highway": "cycleway", "name": null }, "geometry": { "type": "LineString", "coordinates": [ [ -114.027658, 50.909132 ], [ -114.027227, 50.90916 ], [ -114.027055, 50.909171 ], [ -114.026994, 50.909181 ], [ -114.026899, 50.909196 ], [ -114.026559, 50.909262 ], [ -114.026354, 50.909302 ], [ -114.026061, 50.909368 ], [ -114.025805, 50.909428 ], [ -114.025465, 50.909514 ], [ -114.025068, 50.909611 ], [ -114.024642, 50.909715 ], [ -114.024463, 50.909758 ], [ -114.023995, 50.909868 ], [ -114.023819, 50.909909 ], [ -114.023633, 50.909951 ] ] } },
{ "type": "Feature", "properties": { "cls": "separated", "highway": "cycleway", "name": null }, "geometry": { "type": "LineString", "coordinates": [ [ -114.023633, 50.909951 ], [ -114.023626, 50.910006 ], [ -114.023614, 50.910037 ], [ -114.0236, 50.910074 ], [ -114.023561, 50.910116 ], [ -114.023485, 50.910184 ], [ -114.023413, 50.910266 ], [ -114.023347, 50.910345 ], [ -114.023285, 50.910401 ], [ -114.023198, 50.910509 ], [ -114.02312, 50.91059 ], [ -114.023037, 50.910706 ] ] } },
{ "type": "Feature", "properties": { "cls": "separated", "highway": "cycleway", "name": null }, "geometry": { "type": "LineString", "coordinates": [ [ -114.038985, 50.911092 ], [ -114.038916, 50.911133 ], [ -114.038799, 50.911195 ], [ -114.038573, 50.911307 ], [ -114.038433, 50.911365 ], [ -114.038282, 50.911412 ], [ -114.038191, 50.911422 ], [ -114.038128, 50.911443 ], [ -114.038081, 50.911496 ], [ -114.038024, 50.911545 ], [ -114.03794, 50.91158 ] ] } },
{ "type": "Feature", "properties": { "cls": "shared", "highway": "cycleway", "name": null }, "geometry": { "type": "LineString", "coordinates": [ [ -114.03794, 50.91158 ], [ -114.037521, 50.911695 ], [ -114.036834, 50.911916 ], [ -114.036712, 50.911933 ], [ -114.036585, 50.911913 ], [ -114.036479, 50.911839 ], [ -114.036253, 50.911589 ] ] } },
{ "type": "Feature", "properties": { "cls": "shared", "highway": "cycleway", "name": null }, "geometry": { "type": "LineString", "coordinates": [ [ -114.014894, 50.905645 ], [ -114.01483, 50.905682 ] ] } },
{ "type": "Feature", "properties": { "cls": "shared", "highway": "cycleway", "name": null }, "geometry": { "type": "LineString", "coordinates": [ [ -114.01483, 50.905682 ], [ -114.014779, 50.905712 ] ] } },
{ "type": "Feature", "properties": { "cls": "shared", "highway": "cycleway", "name": null }, "geometry": { "type": "LineString", "coordinates": [ [ -114.017603, 50.905892 ], [ -114.017456, 50.905896 ], [ -114.017394, 50.905899 ], [ -114.017303, 50.905914 ], [ -114.017229, 50.90594 ], [ -114.017159, 50.90598 ], [ -114.017081, 50.906038 ], [ -114.016992, 50.906088 ], [ -114.016905, 50.906127 ], [ -114.016811, 50.906165 ], [ -114.016739, 50.906193 ], [ -114.016655, 50.906212 ], [ -114.016563, 50.906227 ], [ -114.016503, 50.90623 ], [ -114.016409, 50.906231 ], [ -114.016283, 50.906221 ], [ -114.016201, 50.906205 ], [ -114.016111, 50.906177 ], [ -114.016013, 50.90614 ], [ -114.015918, 50.906101 ], [ -114.015836, 50.90605 ], [ -114.015696, 50.905935 ], [ -114.015533, 50.905821 ], [ -114.015409, 50.905726 ], [ -114.015371, 50.905701 ], [ -114.015317, 50.905677 ], [ -114.015246, 50.905656 ], [ -114.015161, 50.905645 ], [ -114.015105, 50.90564 ], [ -114.015031, 50.905629 ], [ -114.014966, 50.905628 ], [ -114.014894, 50.905645 ] ] } },
{ "type": "Feature", "properties": { "cls": "shared", "highway": "cycleway", "name": "Bridge 11 Fish Creek Pk" }, "geometry": { "type": "LineString", "coordinates": [ [ -114.020421, 50.906944 ], [ -114.020482, 50.90671 ] ] } },
{ "type": "Feature", "properties": { "cls": "shared", "highway": "cycleway", "name": "Bridge 12 Fish Creek Pk" }, "geometry": { "type": "LineString", "coordinates": [ [ -114.015363, 50.907378 ], [ -114.015459, 50.907122 ] ] } },
{ "type": "Feature", "properties": { "cls": "shared", "highway": "cycleway", "name": null }, "geometry": { "type": "LineString", "coordinates": [ [ -114.015156, 50.907998 ], [ -114.015194, 50.907896 ], [ -114.01523, 50.907752 ], [ -114.015283, 50.907571 ], [ -114.015363, 50.907378 ] ] } },
{ "type": "Feature", "properties": { "cls": "shared", "highway": "cycleway", "name": null }, "geometry": { "type": "LineString", "coordinates": [ [ -114.020109, 50.90915 ], [ -114.020151, 50.908833 ], [ -114.020214, 50.908356 ], [ -114.020217, 50.908285 ], [ -114.020236, 50.908151 ], [ -114.020256, 50.908014 ], [ -114.020266, 50.907895 ], [ -114.020291, 50.907747 ], [ -114.020299, 50.90768 ], [ -114.020304, 50.9076 ], [ -114.020297, 50.907545 ], [ -114.020291, 50.907505 ], [ -114.020291, 50.907481 ], [ -114.020317, 50.907455 ], [ -114.020328, 50.907423 ], [ -114.020341, 50.907362 ], [ -114.020356, 50.907284 ], [ -114.020362, 50.907212 ], [ -114.020382, 50.907099 ], [ -114.020399, 50.907027 ], [ -114.020411, 50.906969 ], [ -114.020415, 50.906958 ], [ -114.020421, 50.906944 ] ] } },
{ "type": "Feature", "properties": { "cls": "shared", "highway": "cycleway", "name": null }, "geometry": { "type": "MultiLineString", "coordinates": [ [ [ -114.014623, 50.907984 ], [ -114.014702, 50.907984 ], [ -114.014796, 50.907984 ] ], [ [ -114.014948, 50.907984 ], [ -114.014955, 50.907984 ], [ -114.01502, 50.907987 ], [ -114.015088, 50.907993 ], [ -114.015156, 50.907998 ], [ -114.015143, 50.908047 ], [ -114.015134, 50.908082 ], [ -114.015113, 50.908136 ], [ -114.015097, 50.908179 ], [ -114.015087, 50.908216 ], [ -114.015092, 50.908235 ], [ -114.015104, 50.908252 ], [ -114.015133, 50.908276 ], [ -114.015172, 50.908305 ], [ -114.015219, 50.908343 ], [ -114.015276, 50.908373 ], [ -114.015437, 50.908419 ], [ -114.015593, 50.908466 ], [ -114.015691, 50.908492 ], [ -114.015806, 50.908527 ], [ -114.015927, 50.908556 ], [ -114.016023, 50.908577 ], [ -114.016125, 50.908596 ], [ -114.016238, 50.908614 ], [ -114.016355, 50.908636 ], [ -114.016452, 50.908655 ], [ -114.016546, 50.908677 ], [ -114.016617, 50.9087 ], [ -114.016705, 50.90873 ], [ -114.016793, 50.908762 ], [ -114.016852, 50.908784 ], [ -114.016918, 50.908806 ], [ -114.016968, 50.908821 ], [ -114.01702, 50.908833 ], [ -114.017098, 50.908846 ], [ -114.017178, 50.908856 ], [ -114.017259, 50.908869 ], [ -114.017325, 50.908881 ], [ -114.01738, 50.908892 ], [ -114.017499, 50.908912 ], [ -114.01763, 50.908933 ], [ -114.017685, 50.908941 ], [ -114.017738, 50.908947 ], [ -114.017892, 50.908958 ], [ -114.018154, 50.908973 ], [ -114.018321, 50.908986 ], [ -114.018471, 50.908999 ], [ -114.01863, 50.909016 ], [ -114.01879, 50.909036 ], [ -114.019019, 50.909068 ], [ -114.019266, 50.909099 ], [ -114.019446, 50.909119 ], [ -114.01958, 50.90913 ], [ -114.020109, 50.90915 ], [ -114.020237, 50.909156 ], [ -114.02043, 50.909167 ], [ -114.020598, 50.909174 ], [ -114.020701, 50.909181 ], [ -114.020794, 50.909192 ], [ -114.020879, 50.909206 ], [ -114.020959, 50.909226 ], [ -114.021032, 50.909246 ], [ -114.021101, 50.90927 ], [ -114.021187, 50.909302 ], [ -114.021304, 50.909346 ], [ -114.021355, 50.909365 ], [ -114.021463, 50.909399 ], [ -114.021567, 50.909424 ], [ -114.021663, 50.909441 ], [ -114.021758, 50.909456 ], [ -114.021941, 50.909475 ], [ -114.022183, 50.909501 ], [ -114.02235, 50.909519 ], [ -114.022495, 50.909538 ], [ -114.02263, 50.909552 ], [ -114.022705, 50.909563 ], [ -114.02276, 50.909577 ], [ -114.022814, 50.909596 ], [ -114.022874, 50.909618 ], [ -114.022935, 50.909644 ], [ -114.022946, 50.90965 ], [ -114.023013, 50.909688 ], [ -114.023104, 50.909733 ], [ -114.023153, 50.909759 ], [ -114.02321, 50.90979 ], [ -114.02327, 50.909818 ], [ -114.023336, 50.909843 ], [ -114.023368, 50.909853 ], [ -114.02339, 50.909859 ], [ -114.023406, 50.909864 ], [ -114.023476, 50.909882 ], [ -114.023556, 50.909903 ], [ -114.023601, 50.909921 ], [ -114.023633, 50.909951 ] ] ] } },
{ "type": "Feature", "properties": { "cls": "shared", "highway": "cycleway", "name": null }, "geometry": { "type": "LineString", "coordinates": [ [ -114.016083, 50.90972 ], [ -114.016028, 50.909697 ], [ -114.016008, 50.909693 ], [ -114.015976, 50.909693 ], [ -114.015937, 50.909696 ], [ -114.01587, 50.909704 ], [ -114.015762, 50.909719 ], [ -114.015666, 50.909733 ], [ -114.015598, 50.909741 ], [ -114.015546, 50.909743 ], [ -114.015497, 50.909742 ], [ -114.015467, 50.909739 ], [ -114.015432, 50.909731 ], [ -114.015387, 50.909717 ], [ -114.015339, 50.909695 ], [ -114.0153, 50.90967 ], [ -114.015265, 50.909644 ], [ -114.01524, 50.909615 ], [ -114.015219, 50.909579 ], [ -114.015199, 50.909533 ], [ -114.015186, 50.909494 ], [ -114.015184, 50.90947 ], [ -114.015187, 50.909424 ], [ -114.015196, 50.909381 ], [ -114.015211, 50.909341 ], [ -114.015243, 50.909282 ], [ -114.015278, 50.909232 ], [ -114.015334, 50.909132 ], [ -114.015382, 50.909045 ], [ -114.015407, 50.908987 ], [ -114.015418, 50.908955 ], [ -114.015426, 50.908911 ], [ -114.01543, 50.908858 ], [ -114.015432, 50.908793 ], [ -114.01543, 50.908769 ], [ -114.015425, 50.908735 ], [ -114.015407, 50.908678 ], [ -114.01538, 50.908614 ], [ -114.015354, 50.908545 ], [ -114.015328, 50.908482 ], [ -114.015295, 50.908431 ], [ -114.015281, 50.908405 ], [ -114.015276, 50.90839 ], [ -114.015276, 50.908373 ] ] } },
{ "type": "Feature", "properties": { "cls": "shared", "highway": "cycleway", "name": null }, "geometry": { "type": "LineString", "coordinates": [ [ -114.014623, 50.907984 ], [ -114.014572, 50.907978 ], [ -114.014519, 50.907972 ], [ -114.014453, 50.907954 ], [ -114.01441, 50.907924 ], [ -114.014307, 50.907839 ], [ -114.014166, 50.907729 ], [ -114.014021, 50.907629 ], [ -114.01397, 50.9076 ], [ -114.01393, 50.907586 ], [ -114.013872, 50.907568 ], [ -114.013576, 50.907485 ], [ -114.013334, 50.907429 ], [ -114.013235, 50.907406 ], [ -114.013134, 50.907381 ], [ -114.012988, 50.907367 ], [ -114.012844, 50.907363 ], [ -114.01263, 50.907356 ], [ -114.012464, 50.907352 ], [ -114.01225, 50.907353 ], [ -114.012127, 50.907354 ], [ -114.012049, 50.907356 ], [ -114.011986, 50.907369 ], [ -114.01195, 50.907397 ], [ -114.011923, 50.907457 ], [ -114.011741, 50.907854 ], [ -114.011595, 50.908153 ], [ -114.011541, 50.908252 ], [ -114.01148, 50.908351 ], [ -114.01141, 50.908454 ], [ -114.011366, 50.908518 ], [ -114.011298, 50.908603 ], [ -114.011279, 50.908623 ], [ -114.011222, 50.908687 ], [ -114.011136, 50.908776 ], [ -114.011021, 50.908891 ], [ -114.010953, 50.908956 ], [ -114.010905, 50.909004 ], [ -114.010782, 50.90912 ], [ -114.010595, 50.909299 ], [ -114.010537, 50.909357 ], [ -114.010435, 50.909419 ], [ -114.010329, 50.909486 ], [ -114.010145, 50.909608 ], [ -114.009952, 50.909727 ], [ -114.009773, 50.909838 ], [ -114.00952, 50.909986 ], [ -114.00927, 50.910122 ], [ -114.008861, 50.910353 ], [ -114.008574, 50.910514 ], [ -114.008276, 50.910673 ], [ -114.008157, 50.910732 ], [ -114.008054, 50.910788 ] ] } },
{ "type": "Feature", "properties": { "cls": "separated", "highway": "cycleway", "name": null }, "geometry": { "type": "LineString", "coordinates": [ [ -114.039008, 50.911079 ], [ -114.038985, 50.911092 ] ] } },
{ "type": "Feature", "properties": { "cls": "shared", "highway": "cycleway", "name": null }, "geometry": { "type": "LineString", "coordinates": [ [ -114.016113, 50.90974 ], [ -114.016083, 50.90972 ] ] } },
{ "type": "Feature", "properties": { "cls": "shared", "highway": "cycleway", "name": null }, "geometry": { "type": "LineString", "coordinates": [ [ -114.016276, 50.909814 ], [ -114.016235, 50.909799 ], [ -114.01616, 50.909763 ], [ -114.016113, 50.90974 ] ] } },
{ "type": "Feature", "properties": { "cls": "shared", "highway": "cycleway", "name": null }, "geometry": { "type": "LineString", "coordinates": [ [ -114.015525, 50.909932 ], [ -114.01549, 50.909868 ], [ -114.015418, 50.909759 ], [ -114.015387, 50.909717 ] ] } },
{ "type": "Feature", "properties": { "cls": "shared", "highway": "cycleway", "name": null }, "geometry": { "type": "LineString", "coordinates": [ [ -114.018998, 50.910022 ], [ -114.018868, 50.910012 ], [ -114.018673, 50.90999 ], [ -114.018385, 50.909959 ], [ -114.018056, 50.90992 ], [ -114.017841, 50.909893 ], [ -114.017511, 50.909857 ], [ -114.017055, 50.90981 ], [ -114.016883, 50.909799 ], [ -114.016794, 50.909803 ], [ -114.016637, 50.909816 ], [ -114.016489, 50.909832 ], [ -114.016435, 50.909838 ], [ -114.016364, 50.909838 ], [ -114.016317, 50.909832 ], [ -114.016276, 50.909814 ] ] } },
{ "type": "Feature", "properties": { "cls": "shared", "highway": "cycleway", "name": null }, "geometry": { "type": "LineString", "coordinates": [ [ -114.01556, 50.910006 ], [ -114.015542, 50.909964 ], [ -114.015525, 50.909932 ] ] } },
{ "type": "Feature", "properties": { "cls": "shared", "highway": "cycleway", "name": null }, "geometry": { "type": "LineString", "coordinates": [ [ -114.015624, 50.910184 ], [ -114.015584, 50.910077 ], [ -114.01556, 50.910006 ] ] } },
{ "type": "Feature", "properties": { "cls": "shared", "highway": "cycleway", "name": null }, "geometry": { "type": "LineString", "coordinates": [ [ -114.01921, 50.91004 ], [ -114.019217, 50.910103 ], [ -114.019226, 50.910147 ], [ -114.019241, 50.91018 ], [ -114.019262, 50.910211 ], [ -114.019288, 50.910246 ], [ -114.019319, 50.910284 ], [ -114.019376, 50.910331 ], [ -114.019456, 50.910386 ], [ -114.019522, 50.91043 ], [ -114.019654, 50.910518 ], [ -114.019745, 50.91059 ], [ -114.019811, 50.910632 ], [ -114.019941, 50.910747 ], [ -114.020615, 50.911223 ], [ -114.020711, 50.911287 ], [ -114.020724, 50.911297 ] ] } },
{ "type": "Feature", "properties": { "cls": "shared", "highway": "cycleway", "name": null }, "geometry": { "type": "LineString", "coordinates": [ [ -114.008054, 50.910788 ], [ -114.007942, 50.910814 ], [ -114.007291, 50.911042 ], [ -114.007145, 50.911094 ], [ -114.007052, 50.911134 ], [ -114.006988, 50.911164 ], [ -114.006862, 50.911201 ], [ -114.00678, 50.911202 ], [ -114.006674, 50.911215 ], [ -114.006574, 50.911212 ], [ -114.006524, 50.911211 ], [ -114.006397, 50.91122 ], [ -114.006228, 50.911237 ], [ -114.006005, 50.911264 ], [ -114.005911, 50.911272 ], [ -114.005837, 50.911274 ], [ -114.00575, 50.911274 ], [ -114.005668, 50.911279 ], [ -114.005611, 50.911288 ], [ -114.005544, 50.91131 ], [ -114.005509, 50.911326 ], [ -114.005481, 50.911336 ], [ -114.00545, 50.911341 ], [ -114.005414, 50.91134 ], [ -114.005369, 50.91133 ], [ -114.005286, 50.911322 ] ] } },
{ "type": "Feature", "properties": { "cls": "separated", "highway": "cycleway", "name": null }, "geometry": { "type": "MultiLineString", "coordinates": [ [ [ -114.008054, 50.910788 ], [ -114.008018, 50.910853 ], [ -114.007966, 50.910901 ], [ -114.007852, 50.910972 ], [ -114.007732, 50.911059 ], [ -114.007691, 50.911104 ] ], [ [ -114.007221, 50.911402 ], [ -114.007178, 50.911424 ], [ -114.007127, 50.911491 ], [ -114.007128, 50.911491 ] ] ] } },
{ "type": "Feature", "properties": { "cls": "separated", "highway": "cycleway", "name": null }, "geometry": { "type": "LineString", "coordinates": [ [ -113.997222, 50.90996 ], [ -113.997248, 50.910014 ] ] } },
{ "type": "Feature", "properties": { "cls": "shared", "highway": "cycleway", "name": null }, "geometry": { "type": "LineString", "coordinates": [ [ -113.997248, 50.910014 ], [ -113.997325, 50.910104 ], [ -113.997378, 50.910119 ], [ -113.997433, 50.910119 ], [ -113.99765, 50.910059 ], [ -113.997786, 50.910033 ], [ -113.99783, 50.910033 ], [ -113.997829, 50.910056 ], [ -113.997746, 50.910134 ], [ -113.99774, 50.910153 ], [ -113.99777, 50.910159 ], [ -113.997887, 50.910087 ], [ -113.997923, 50.91009 ], [ -113.997929, 50.910118 ], [ -113.997878, 50.910253 ], [ -113.997879, 50.91031 ], [ -113.997938, 50.910343 ], [ -113.998032, 50.910381 ], [ -113.998128, 50.910401 ], [ -113.998325, 50.910388 ], [ -113.998456, 50.910401 ], [ -113.99871, 50.9105 ], [ -113.998949, 50.910621 ] ] } },
{ "type": "Feature", "properties": { "cls": "shared", "highway": "cycleway", "name": null }, "geometry": { "type": "LineString", "coordinates": [ [ -113.998949, 50.910621 ], [ -113.999086, 50.910765 ] ] } },
{ "type": "Feature", "properties": { "cls": "shared", "highway": "cycleway", "name": "Bridge 14 Fish Creek Pk" }, "geometry": { "type": "MultiLineString", "coordinates": [ [ [ -114.00001, 50.911665 ], [ -113.999856, 50.911515 ] ], [ [ -113.999185, 50.910861 ], [ -113.999086, 50.910765 ] ] ] } },
{ "type": "Feature", "properties": { "cls": "shared", "highway": "cycleway", "name": null }, "geometry": { "type": "LineString", "coordinates": [ [ -114.00072, 50.912367 ], [ -114.000912, 50.912334 ], [ -114.001131, 50.912291 ], [ -114.001364, 50.912248 ], [ -114.001559, 50.91221 ], [ -114.001687, 50.912186 ], [ -114.001807, 50.912162 ], [ -114.001902, 50.912142 ], [ -114.002032, 50.912105 ], [ -114.002074, 50.912093 ], [ -114.002146, 50.912065 ], [ -114.002182, 50.912049 ], [ -114.002341, 50.911975 ], [ -114.002447, 50.911923 ], [ -114.002512, 50.91189 ], [ -114.002562, 50.91187 ], [ -114.002612, 50.911854 ], [ -114.002659, 50.911841 ], [ -114.002709, 50.911832 ], [ -114.002806, 50.911822 ], [ -114.002965, 50.911816 ], [ -114.003083, 50.911815 ], [ -114.003205, 50.91181 ], [ -114.003328, 50.911804 ], [ -114.003462, 50.91179 ], [ -114.003634, 50.911771 ], [ -114.003734, 50.911759 ], [ -114.003865, 50.911746 ], [ -114.003975, 50.911741 ], [ -114.004057, 50.911739 ], [ -114.004108, 50.911743 ], [ -114.004154, 50.911751 ], [ -114.004192, 50.911759 ], [ -114.00426, 50.911756 ], [ -114.004327, 50.911741 ], [ -114.004494, 50.911715 ], [ -114.004603, 50.911689 ], [ -114.004751, 50.911649 ], [ -114.004872, 50.911563 ], [ -114.005022, 50.911429 ], [ -114.005128, 50.911364 ], [ -114.005286, 50.911322 ] ] } },
{ "type": "Feature", "properties": { "cls": "shared", "highway": "cycleway", "name": null }, "geometry": { "type": "LineString", "coordinates": [ [ -114.00001, 50.911665 ], [ -114.000169, 50.911797 ], [ -114.000203, 50.911831 ], [ -114.000251, 50.911877 ], [ -114.000281, 50.911906 ], [ -114.000306, 50.91193 ], [ -114.000472, 50.912094 ], [ -114.000532, 50.912154 ], [ -114.000597, 50.912217 ], [ -114.000672, 50.912301 ], [ -114.00072, 50.912367 ] ] } },
{ "type": "Feature", "properties": { "cls": "shared", "highway": "cycleway", "name": null }, "geometry": { "type": "LineString", "coordinates": [ [ -113.997248, 50.910014 ], [ -113.997204, 50.910054 ] ] } },
{ "type": "Feature", "properties": { "cls": "shared", "highway": "cycleway", "name": null }, "geometry": { "type": "LineString", "coordinates": [ [ -114.00072, 50.912367 ], [ -114.000511, 50.912403 ], [ -114.000261, 50.912448 ], [ -113.999963, 50.912499 ], [ -113.999774, 50.912526 ], [ -113.999565, 50.912553 ], [ -113.999433, 50.912573 ], [ -113.999347, 50.912587 ], [ -113.999298, 50.912597 ], [ -113.999251, 50.912614 ], [ -113.999181, 50.912647 ], [ -113.999099, 50.912687 ], [ -113.999012, 50.912737 ], [ -113.998872, 50.912815 ], [ -113.998818, 50.912846 ], [ -113.998715, 50.912901 ], [ -113.99861, 50.912961 ], [ -113.998545, 50.912999 ], [ -113.998489, 50.913035 ], [ -113.998449, 50.913065 ], [ -113.998419, 50.913096 ], [ -113.998367, 50.913147 ], [ -113.998311, 50.913207 ], [ -113.998262, 50.913266 ], [ -113.998219, 50.913322 ], [ -113.998137, 50.91343 ], [ -113.998074, 50.913529 ], [ -113.998031, 50.913602 ], [ -113.997989, 50.913687 ], [ -113.997954, 50.913761 ], [ -113.997924, 50.913826 ], [ -113.997891, 50.913876 ], [ -113.997852, 50.913929 ], [ -113.997815, 50.913985 ], [ -113.99776, 50.91406 ], [ -113.997714, 50.914127 ], [ -113.997658, 50.914203 ], [ -113.9976, 50.914283 ], [ -113.997538, 50.914367 ], [ -113.99745, 50.914492 ], [ -113.99738, 50.914597 ], [ -113.997322, 50.914689 ], [ -113.997284, 50.914759 ], [ -113.997258, 50.914815 ], [ -113.997236, 50.914876 ], [ -113.997212, 50.914942 ], [ -113.997175, 50.915048 ], [ -113.997148, 50.915127 ], [ -113.997119, 50.915199 ], [ -113.997081, 50.915289 ], [ -113.997039, 50.915375 ], [ -113.997008, 50.915451 ], [ -113.996974, 50.915524 ], [ -113.996931, 50.915618 ], [ -113.996892, 50.915705 ], [ -113.996841, 50.91581 ], [ -113.996809, 50.915879 ], [ -113.996776, 50.915953 ], [ -113.996737, 50.916042 ], [ -113.99671, 50.916123 ], [ -113.99668, 50.91621 ], [ -113.996652, 50.916308 ], [ -113.996623, 50.916407 ], [ -113.99661, 50.916447 ], [ -113.996601, 50.916465 ], [ -113.996581, 50.916486 ], [ -113.996552, 50.916505 ], [ -113.996516, 50.916523 ], [ -113.996442, 50.916548 ], [ -113.996329, 50.916589 ], [ -113.996124, 50.916666 ], [ -113.995898, 50.916753 ], [ -113.995737, 50.916815 ], [ -113.995473, 50.916918 ], [ -113.995318, 50.916985 ], [ -113.995232, 50.917027 ], [ -113.995153, 50.917069 ], [ -113.995091, 50.917105 ], [ -113.995006, 50.917154 ], [ -113.99494, 50.917196 ], [ -113.994877, 50.917236 ], [ -113.994815, 50.917272 ], [ -113.994775, 50.917297 ] ] } },
{ "type": "Feature", "properties": { "cls": "shared", "highway": "cycleway", "name": null }, "geometry": { "type": "LineString", "coordinates": [ [ -114.130524, 50.927735 ], [ -114.13034, 50.927786 ], [ -114.130281, 50.927778 ], [ -114.130344, 50.927639 ], [ -114.130384, 50.927571 ] ] } },
{ "type": "Feature", "properties": { "cls": "separated", "highway": "cycleway", "name": null }, "geometry": { "type": "Point", "coordinates": [ -114.104178, 50.924045 ] } },
{ "type": "Feature", "properties": { "cls": "shared", "highway": "footway", "name": null }, "geometry": { "type": "LineString", "coordinates": [ [ -114.108028, 50.926485 ], [ -114.107862, 50.926549 ], [ -114.107687, 50.926614 ], [ -114.10754, 50.926659 ], [ -114.107363, 50.926698 ], [ -114.107321, 50.926707 ] ] } },
{ "type": "Feature", "properties": { "cls": "shared", "highway": "cycleway", "name": null }, "geometry": { "type": "LineString", "coordinates": [ [ -114.11226, 50.928961 ], [ -114.112184, 50.92902 ], [ -114.112139, 50.929088 ] ] } },
{ "type": "Feature", "properties": { "cls": "separated", "highway": "cycleway", "name": null }, "geometry": { "type": "LineString", "coordinates": [ [ -114.108789, 50.93156 ], [ -114.108815, 50.9316 ], [ -114.108864, 50.931711 ], [ -114.108934, 50.931818 ], [ -114.109067, 50.931867 ], [ -114.109179, 50.931863 ], [ -114.109257, 50.931838 ], [ -114.109357, 50.93177 ], [ -114.109428, 50.931701 ], [ -114.109547, 50.931589 ], [ -114.109642, 50.931488 ], [ -114.109766, 50.931401 ], [ -114.109938, 50.93135 ], [ -114.110027, 50.93135 ], [ -114.110233, 50.931345 ], [ -114.110499, 50.931238 ], [ -114.110612, 50.931107 ], [ -114.110679, 50.930994 ], [ -114.110717, 50.930881 ], [ -114.110725, 50.930725 ], [ -114.110703, 50.930458 ], [ -114.110709, 50.93032 ], [ -114.110743, 50.930191 ], [ -114.110829, 50.930057 ], [ -114.110999, 50.929905 ], [ -114.111067, 50.929845 ], [ -114.111191, 50.929691 ], [ -114.111259, 50.929552 ], [ -114.111305, 50.92947 ], [ -114.111328, 50.929429 ], [ -114.111454, 50.92931 ], [ -114.111677, 50.929194 ], [ -114.111929, 50.929113 ], [ -114.112054, 50.928978 ], [ -114.112077, 50.928941 ], [ -114.11226, 50.928961 ], [ -114.112299, 50.928965 ], [ -114.112656, 50.929048 ], [ -114.11321, 50.929214 ], [ -114.113759, 50.929322 ], [ -114.114213, 50.929434 ] ] } },
{ "type": "Feature", "properties": { "cls": "separated", "highway": "cycleway", "name": null }, "geometry": { "type": "LineString", "coordinates": [ [ -114.105671, 50.930981 ], [ -114.106102, 50.93102 ], [ -114.106235, 50.931052 ], [ -114.106327, 50.931082 ], [ -114.106528, 50.931144 ], [ -114.106583, 50.931158 ], [ -114.10662, 50.931164 ], [ -114.106659, 50.931167 ], [ -114.106698, 50.931167 ], [ -114.106735, 50.931162 ], [ -114.10677, 50.931151 ], [ -114.106805, 50.931131 ], [ -114.106851, 50.9311 ], [ -114.106879, 50.931075 ], [ -114.106913, 50.93104 ], [ -114.106945, 50.931017 ], [ -114.106976, 50.931003 ], [ -114.107015, 50.930987 ], [ -114.107061, 50.930977 ], [ -114.107131, 50.930965 ], [ -114.107221, 50.930952 ], [ -114.107324, 50.930942 ], [ -114.107423, 50.930934 ], [ -114.107526, 50.930927 ], [ -114.107582, 50.930927 ], [ -114.107629, 50.930927 ], [ -114.107765, 50.930914 ], [ -114.10796, 50.930897 ], [ -114.108154, 50.930913 ], [ -114.108305, 50.930937 ], [ -114.108469, 50.931028 ], [ -114.108566, 50.931134 ], [ -114.108604, 50.931196 ] ] } },
{ "type": "Feature", "properties": { "cls": "separated", "highway": "cycleway", "name": "Bridge 4 Fish Creek Pk" }, "geometry": { "type": "LineString", "coordinates": [ [ -114.108604, 50.931196 ], [ -114.108789, 50.93156 ] ] } },
{ "type": "Feature", "properties": { "cls": "separated", "highway": "cycleway", "name": null }, "geometry": { "type": "LineString", "coordinates": [ [ -114.105671, 50.930981 ], [ -114.105497, 50.931147 ], [ -114.105468, 50.931197 ], [ -114.105461, 50.931272 ], [ -114.105454, 50.931334 ], [ -114.105453, 50.931414 ], [ -114.105456, 50.931498 ], [ -114.105463, 50.931548 ], [ -114.10548, 50.931622 ], [ -114.105496, 50.931703 ], [ -114.105508, 50.931782 ], [ -114.105519, 50.931855 ], [ -114.105517, 50.931919 ], [ -114.105509, 50.93197 ], [ -114.105483, 50.932051 ], [ -114.105458, 50.932114 ], [ -114.105413, 50.932207 ], [ -114.105392, 50.93225 ], [ -114.105366, 50.932296 ], [ -114.105338, 50.932328 ], [ -114.105285, 50.932367 ], [ -114.105234, 50.9324 ], [ -114.10515, 50.932464 ], [ -114.10515, 50.932533 ], [ -114.105156, 50.932594 ], [ -114.105182, 50.93265 ], [ -114.105214, 50.932723 ], [ -114.105216, 50.932766 ] ] } },
{ "type": "Feature", "properties": { "cls": "shared", "highway": "cycleway", "name": null }, "geometry": { "type": "LineString", "coordinates": [ [ -114.042597, 50.916446 ], [ -114.042325, 50.91633 ], [ -114.042173, 50.916214 ], [ -114.042106, 50.916115 ], [ -114.042025, 50.916018 ], [ -114.04196, 50.915878 ], [ -114.041901, 50.915703 ], [ -114.041849, 50.915489 ], [ -114.041857, 50.915306 ], [ -114.041945, 50.915134 ], [ -114.041984, 50.915012 ], [ -114.041978, 50.91497 ], [ -114.041795, 50.914711 ] ] } },
{ "type": "Feature", "properties": { "cls": "separated", "highway": "cycleway", "name": null }, "geometry": { "type": "LineString", "coordinates": [ [ -114.051816, 50.9204 ], [ -114.051732, 50.920329 ], [ -114.051658, 50.920273 ], [ -114.051592, 50.920233 ], [ -114.051563, 50.92022 ], [ -114.051528, 50.920209 ], [ -114.051489, 50.920203 ], [ -114.05136, 50.920192 ], [ -114.051219, 50.920189 ], [ -114.051062, 50.920184 ], [ -114.050872, 50.920173 ], [ -114.050706, 50.920156 ], [ -114.050481, 50.920128 ], [ -114.050189, 50.920089 ], [ -114.049961, 50.920052 ], [ -114.049634, 50.919991 ], [ -114.049376, 50.919934 ], [ -114.049353, 50.919929 ], [ -114.0492, 50.919892 ], [ -114.048982, 50.919836 ], [ -114.048792, 50.919783 ], [ -114.048621, 50.919731 ], [ -114.048053, 50.919549 ], [ -114.047835, 50.919478 ], [ -114.047615, 50.919402 ], [ -114.047401, 50.919326 ], [ -114.047104, 50.919218 ], [ -114.046847, 50.919124 ], [ -114.046613, 50.919027 ], [ -114.046438, 50.918947 ], [ -114.046279, 50.918865 ], [ -114.046155, 50.918789 ], [ -114.04603, 50.91871 ], [ -114.045898, 50.918623 ], [ -114.045763, 50.918525 ], [ -114.045616, 50.918404 ], [ -114.045486, 50.918301 ], [ -114.0453, 50.918145 ], [ -114.04517, 50.918032 ], [ -114.045113, 50.91798 ], [ -114.045104, 50.917966 ], [ -114.045096, 50.917946 ], [ -114.045083, 50.917903 ], [ -114.045056, 50.917801 ], [ -114.045037, 50.917715 ], [ -114.045017, 50.917625 ], [ -114.045006, 50.917566 ], [ -114.044982, 50.917492 ], [ -114.044987, 50.917433 ], [ -114.04498, 50.917382 ], [ -114.044977, 50.917301 ], [ -114.044979, 50.917253 ], [ -114.044984, 50.917208 ], [ -114.044991, 50.917148 ], [ -114.044997, 50.917103 ], [ -114.045, 50.917025 ], [ -114.045002, 50.916877 ], [ -114.045001, 50.916754 ], [ -114.044997, 50.91656 ], [ -114.044995, 50.916348 ], [ -114.044988, 50.916212 ], [ -114.044972, 50.916107 ], [ -114.044951, 50.915994 ], [ -114.044934, 50.915909 ], [ -114.044921, 50.915852 ], [ -114.0449, 50.915784 ], [ -114.044866, 50.9157 ], [ -114.044816, 50.915586 ], [ -114.044734, 50.915446 ], [ -114.044687, 50.915377 ], [ -114.044611, 50.915285 ], [ -114.044558, 50.915232 ], [ -114.044474, 50.915161 ], [ -114.044374, 50.915093 ], [ -114.044281, 50.915032 ], [ -114.0441, 50.914929 ], [ -114.043864, 50.914796 ], [ -114.043716, 50.914713 ], [ -114.043617, 50.914658 ], [ -114.043541, 50.914621 ], [ -114.043471, 50.914595 ], [ -114.04338, 50.914569 ], [ -114.043258, 50.914544 ], [ -114.043192, 50.914531 ], [ -114.043121, 50.914522 ], [ -114.043059, 50.91452 ], [ -114.042985, 50.914523 ], [ -114.042835, 50.914532 ], [ -114.042581, 50.91459 ], [ -114.04227, 50.914681 ], [ -114.041916, 50.91472 ], [ -114.041795, 50.914711 ] ] } },
{ "type": "Feature", "properties": { "cls": "shared", "highway": "cycleway", "name": null }, "geometry": { "type": "LineString", "coordinates": [ [ -114.04603, 50.91871 ], [ -114.04526, 50.919294 ], [ -114.045029, 50.919358 ], [ -114.044578, 50.919401 ], [ -114.044359, 50.919405 ], [ -114.043769, 50.919321 ], [ -114.043618, 50.919355 ], [ -114.0432, 50.919527 ], [ -114.042841, 50.919531 ], [ -114.042605, 50.919426 ], [ -114.042315, 50.91927 ], [ -114.042052, 50.919145 ], [ -114.042031, 50.919027 ], [ -114.042052, 50.918895 ], [ -114.042079, 50.918797 ], [ -114.042149, 50.918668 ], [ -114.042336, 50.918489 ], [ -114.043521, 50.918013 ] ] } },
{ "type": "Feature", "properties": { "cls": "separated", "highway": "cycleway", "name": null }, "geometry": { "type": "LineString", "coordinates": [ [ -114.052076, 50.920019 ], [ -114.052053, 50.920063 ], [ -114.052027, 50.920104 ], [ -114.052006, 50.920126 ], [ -114.051983, 50.920141 ], [ -114.051935, 50.920162 ], [ -114.051892, 50.920175 ], [ -114.051845, 50.920184 ], [ -114.051751, 50.920195 ], [ -114.051652, 50.9202 ], [ -114.051528, 50.920209 ] ] } },
{ "type": "Feature", "properties": { "cls": "shared", "highway": "cycleway", "name": null }, "geometry": { "type": "LineString", "coordinates": [ [ -114.0557, 50.92271 ], [ -114.055438, 50.922682 ], [ -114.055295, 50.922659 ], [ -114.055183, 50.922636 ], [ -114.055011, 50.922596 ], [ -114.054822, 50.922549 ], [ -114.054566, 50.922488 ], [ -114.054319, 50.922421 ], [ -114.054054, 50.922348 ], [ -114.053683, 50.922242 ], [ -114.053481, 50.922183 ], [ -114.053257, 50.922105 ], [ -114.053138, 50.92207 ], [ -114.053036, 50.922048 ], [ -114.052852, 50.922011 ], [ -114.052665, 50.921975 ], [ -114.052516, 50.921947 ], [ -114.052402, 50.921918 ], [ -114.05227, 50.92188 ], [ -114.052165, 50.921838 ], [ -114.05207, 50.92179 ], [ -114.051961, 50.921718 ], [ -114.05187, 50.921648 ], [ -114.051799, 50.921597 ], [ -114.051726, 50.921561 ], [ -114.051619, 50.921529 ], [ -114.051224, 50.921423 ], [ -114.051174, 50.92141 ], [ -114.050958, 50.921354 ], [ -114.050846, 50.921332 ], [ -114.050732, 50.921313 ], [ -114.050644, 50.921304 ], [ -114.050526, 50.921306 ], [ -114.0504, 50.921308 ], [ -114.050217, 50.921312 ], [ -114.050036, 50.921313 ], [ -114.04986, 50.92131 ], [ -114.049439, 50.9213 ], [ -114.049164, 50.921292 ], [ -114.048955, 50.921289 ], [ -114.04888, 50.92129 ], [ -114.04878, 50.921295 ], [ -114.048694, 50.921302 ], [ -114.048549, 50.921321 ], [ -114.048467, 50.921332 ], [ -114.048314, 50.921339 ], [ -114.0482, 50.921339 ], [ -114.048113, 50.921331 ], [ -114.048031, 50.921319 ], [ -114.047871, 50.921288 ], [ -114.047801, 50.921267 ], [ -114.047724, 50.921249 ], [ -114.04759, 50.921195 ], [ -114.047471, 50.921145 ], [ -114.04744, 50.921111 ], [ -114.047378, 50.921041 ], [ -114.04735, 50.921 ], [ -114.047307, 50.92094 ], [ -114.047268, 50.920831 ], [ -114.047234, 50.920719 ], [ -114.047228, 50.920701 ], [ -114.04715, 50.92054 ], [ -114.047052, 50.92036 ], [ -114.046979, 50.920277 ], [ -114.046875, 50.920218 ], [ -114.046647, 50.920104 ], [ -114.046435, 50.920024 ], [ -114.046134, 50.919922 ], [ -114.045781, 50.919815 ], [ -114.045367, 50.919701 ], [ -114.04503, 50.919612 ], [ -114.044811, 50.919535 ], [ -114.044685, 50.919469 ], [ -114.044578, 50.919401 ], [ -114.04452, 50.91936 ], [ -114.044459, 50.919302 ], [ -114.044348, 50.919183 ], [ -114.044239, 50.919072 ], [ -114.044106, 50.918923 ], [ -114.043815, 50.918593 ], [ -114.043725, 50.918485 ], [ -114.043682, 50.918416 ], [ -114.043652, 50.918343 ], [ -114.043606, 50.91824 ], [ -114.043521, 50.918013 ], [ -114.043516, 50.917863 ], [ -114.043518, 50.917744 ], [ -114.043517, 50.917614 ], [ -114.043513, 50.91741 ], [ -114.043509, 50.917319 ], [ -114.043477, 50.917184 ], [ -114.043439, 50.917024 ], [ -114.043377, 50.916886 ], [ -114.043274, 50.916772 ], [ -114.043138, 50.916692 ], [ -114.042988, 50.916579 ], [ -114.042734, 50.916494 ], [ -114.042597, 50.916446 ] ] } },
{ "type": "Feature", "properties": { "cls": "shared", "highway": "cycleway", "name": null }, "geometry": { "type": "LineString", "coordinates": [ [ -114.049353, 50.919929 ], [ -114.049116, 50.920064 ], [ -114.048915, 50.920159 ], [ -114.048639, 50.920245 ], [ -114.048227, 50.920323 ], [ -114.048001, 50.920374 ], [ -114.047867, 50.920397 ], [ -114.047733, 50.920404 ], [ -114.047661, 50.920407 ], [ -114.047603, 50.920436 ], [ -114.047488, 50.92051 ], [ -114.047362, 50.920624 ], [ -114.047228, 50.920701 ] ] } },
{ "type": "Feature", "properties": { "cls": "shared", "highway": "cycleway", "name": null }, "geometry": { "type": "LineString", "coordinates": [ [ -114.047661, 50.920407 ], [ -114.04751, 50.920392 ], [ -114.047212, 50.92033 ], [ -114.046979, 50.920277 ] ] } },
{ "type": "Feature", "properties": { "cls": "shared", "highway": "cycleway", "name": null }, "geometry": { "type": "LineString", "coordinates": [ [ -114.054238, 50.921365 ], [ -114.054237, 50.921365 ], [ -114.05408, 50.921362 ], [ -114.054024, 50.921357 ], [ -114.053961, 50.921337 ], [ -114.053689, 50.921217 ], [ -114.053103, 50.920973 ], [ -114.052697, 50.920798 ], [ -114.052282, 50.920615 ], [ -114.051816, 50.9204 ] ] } },
{ "type": "Feature", "properties": { "cls": "separated", "highway": "cycleway", "name": null }, "geometry": { "type": "LineString", "coordinates": [ [ -114.057381, 50.922535 ], [ -114.05732, 50.922523 ], [ -114.057208, 50.922496 ], [ -114.057101, 50.92246 ], [ -114.057025, 50.922428 ], [ -114.056952, 50.922401 ], [ -114.056891, 50.922384 ], [ -114.056834, 50.922371 ], [ -114.056777, 50.922365 ], [ -114.056721, 50.922362 ], [ -114.056686, 50.922362 ], [ -114.056615, 50.922362 ], [ -114.056559, 50.922363 ], [ -114.056461, 50.922377 ], [ -114.056331, 50.9224 ], [ -114.05608, 50.922444 ], [ -114.055887, 50.92248 ], [ -114.055731, 50.922511 ], [ -114.055636, 50.922528 ], [ -114.055551, 50.922539 ], [ -114.055484, 50.922542 ], [ -114.055404, 50.922541 ], [ -114.055282, 50.922539 ], [ -114.055136, 50.922534 ], [ -114.05502, 50.922526 ], [ -114.054914, 50.922513 ], [ -114.0548, 50.92249 ], [ -114.054654, 50.922458 ], [ -114.054511, 50.922419 ], [ -114.054364, 50.922377 ], [ -114.054111, 50.922305 ], [ -114.053683, 50.922174 ], [ -114.053467, 50.922107 ], [ -114.053301, 50.92205 ], [ -114.053217, 50.92202 ], [ -114.053054, 50.921967 ], [ -114.052911, 50.921927 ], [ -114.052793, 50.921891 ], [ -114.052711, 50.921864 ], [ -114.052645, 50.921843 ], [ -114.052603, 50.921823 ], [ -114.052565, 50.921798 ], [ -114.052523, 50.921763 ], [ -114.052467, 50.921703 ], [ -114.05244, 50.921666 ], [ -114.05241, 50.921598 ], [ -114.052353, 50.921462 ], [ -114.052344, 50.921442 ], [ -114.052308, 50.921344 ], [ -114.052247, 50.921215 ], [ -114.052131, 50.920991 ], [ -114.052038, 50.920807 ], [ -114.051942, 50.920615 ], [ -114.051898, 50.920527 ], [ -114.051853, 50.920443 ], [ -114.051816, 50.9204 ] ] } },
{ "type": "Feature", "properties": { "cls": "separated", "highway": "cycleway", "name": null }, "geometry": { "type": "LineString", "coordinates": [ [ -114.077161, 50.927284 ], [ -114.077157, 50.927255 ], [ -114.07714, 50.927212 ], [ -114.077097, 50.927125 ], [ -114.077066, 50.927072 ], [ -114.077018, 50.927008 ], [ -114.076919, 50.926885 ], [ -114.076814, 50.926762 ], [ -114.076717, 50.926641 ], [ -114.076695, 50.926613 ], [ -114.076669, 50.926574 ], [ -114.076658, 50.926552 ], [ -114.076651, 50.926529 ], [ -114.076649, 50.926501 ], [ -114.076656, 50.92647 ], [ -114.076676, 50.926435 ], [ -114.076697, 50.926408 ], [ -114.076724, 50.926388 ], [ -114.076753, 50.926369 ], [ -114.076791, 50.926351 ], [ -114.076826, 50.926339 ], [ -114.076866, 50.926327 ], [ -114.076911, 50.926317 ], [ -114.076968, 50.926308 ], [ -114.077051, 50.926297 ], [ -114.077052, 50.926297 ] ] } },
{ "type": "Feature", "properties": { "cls": "separated", "highway": "cycleway", "name": null }, "geometry": { "type": "LineString", "coordinates": [ [ -114.081106, 50.928472 ], [ -114.081103, 50.928474 ] ] } },
{ "type": "Feature", "properties": { "cls": "separated", "highway": "cycleway", "name": null }, "geometry": { "type": "LineString", "coordinates": [ [ -114.073035, 50.928897 ], [ -114.073098, 50.928869 ], [ -114.073135, 50.928852 ], [ -114.073182, 50.928832 ], [ -114.073225, 50.928802 ], [ -114.073259, 50.928774 ], [ -114.073325, 50.928711 ], [ -114.073379, 50.92867 ], [ -114.073434, 50.928638 ], [ -114.073488, 50.928613 ], [ -114.073558, 50.928586 ], [ -114.07365, 50.928547 ], [ -114.073762, 50.928503 ], [ -114.073866, 50.928451 ], [ -114.073906, 50.928424 ], [ -114.073965, 50.928392 ], [ -114.074007, 50.928374 ], [ -114.07406, 50.928358 ], [ -114.074128, 50.928348 ], [ -114.074233, 50.928341 ], [ -114.074429, 50.928343 ], [ -114.074549, 50.92834 ], [ -114.074605, 50.928334 ], [ -114.074665, 50.928321 ], [ -114.074776, 50.9283 ], [ -114.074864, 50.928278 ], [ -114.074955, 50.928254 ], [ -114.075013, 50.928243 ], [ -114.075077, 50.928232 ], [ -114.075153, 50.928221 ], [ -114.075249, 50.92821 ], [ -114.075409, 50.928194 ], [ -114.075522, 50.928185 ], [ -114.075619, 50.928177 ], [ -114.075676, 50.928168 ], [ -114.075722, 50.928157 ], [ -114.07575, 50.928147 ], [ -114.075806, 50.928125 ], [ -114.07587, 50.928091 ], [ -114.075961, 50.928041 ], [ -114.076051, 50.927988 ], [ -114.07614, 50.927933 ], [ -114.076218, 50.927888 ], [ -114.076303, 50.927828 ], [ -114.076374, 50.927771 ], [ -114.076462, 50.927691 ], [ -114.076583, 50.92759 ], [ -114.076643, 50.927543 ], [ -114.07672, 50.927494 ], [ -114.07678, 50.927454 ], [ -114.076855, 50.927406 ], [ -114.076938, 50.927361 ], [ -114.076998, 50.927333 ], [ -114.077051, 50.927311 ], [ -114.077107, 50.927294 ], [ -114.077161, 50.927284 ], [ -114.077199, 50.927283 ], [ -114.077238, 50.927284 ], [ -114.077284, 50.927293 ], [ -114.077343, 50.927309 ], [ -114.077423, 50.927338 ], [ -114.077569, 50.927405 ], [ -114.077845, 50.927536 ], [ -114.077908, 50.927562 ], [ -114.077965, 50.927583 ], [ -114.078036, 50.927604 ], [ -114.078108, 50.927622 ], [ -114.078221, 50.92765 ], [ -114.078323, 50.927679 ], [ -114.078363, 50.927692 ], [ -114.078399, 50.927712 ], [ -114.078434, 50.927737 ], [ -114.078457, 50.92776 ], [ -114.078499, 50.927808 ], [ -114.078529, 50.927857 ], [ -114.078574, 50.927948 ], [ -114.078591, 50.927999 ], [ -114.0786, 50.928032 ], [ -114.078607, 50.928071 ], [ -114.078611, 50.928116 ], [ -114.078613, 50.928186 ], [ -114.078611, 50.928273 ], [ -114.078606, 50.92838 ], [ -114.078605, 50.928458 ], [ -114.078601, 50.928499 ], [ -114.078595, 50.928527 ], [ -114.078581, 50.928556 ], [ -114.078554, 50.928598 ] ] } },
{ "type": "Feature", "properties": { "cls": "separated", "highway": "cycleway", "name": null }, "geometry": { "type": "LineString", "coordinates": [ [ -114.081103, 50.928474 ], [ -114.081063, 50.928495 ], [ -114.081031, 50.928512 ], [ -114.080979, 50.928532 ], [ -114.080901, 50.928556 ], [ -114.08078, 50.928593 ], [ -114.080684, 50.928617 ], [ -114.080596, 50.928634 ], [ -114.080528, 50.928642 ], [ -114.080442, 50.928648 ], [ -114.080359, 50.92865 ], [ -114.08029, 50.928652 ], [ -114.08005, 50.928654 ], [ -114.079777, 50.928655 ], [ -114.079518, 50.928654 ], [ -114.079449, 50.928652 ], [ -114.079283, 50.928644 ], [ -114.07898, 50.928628 ], [ -114.078808, 50.928619 ], [ -114.078699, 50.928614 ], [ -114.07863, 50.928611 ], [ -114.078598, 50.928606 ], [ -114.078554, 50.928598 ] ] } },
{ "type": "Feature", "properties": { "cls": "shared", "highway": "cycleway", "name": null }, "geometry": { "type": "LineString", "coordinates": [ [ -114.073035, 50.928897 ], [ -114.073125, 50.928954 ], [ -114.073216, 50.929003 ], [ -114.073298, 50.929048 ], [ -114.073353, 50.929078 ], [ -114.073327, 50.929142 ], [ -114.073293, 50.929214 ], [ -114.073258, 50.929265 ], [ -114.073222, 50.929302 ] ] } },
{ "type": "Feature", "properties": { "cls": "shared", "highway": "cycleway", "name": "Bridge 8 Fish Creek Pk" }, "geometry": { "type": "LineString", "coordinates": [ [ -114.073222, 50.929302 ], [ -114.073043, 50.929518 ] ] } },
{ "type": "Feature", "properties": { "cls": "separated", "highway": "cycleway", "name": null }, "geometry": { "type": "LineString", "coordinates": [ [ -114.068552, 50.925461 ], [ -114.068456, 50.925633 ], [ -114.068445, 50.925686 ], [ -114.068438, 50.92573 ], [ -114.068428, 50.92576 ], [ -114.068442, 50.925823 ], [ -114.06846, 50.925898 ], [ -114.068466, 50.925938 ], [ -114.068468, 50.926012 ], [ -114.068464, 50.926099 ], [ -114.068458, 50.92622 ], [ -114.068461, 50.926305 ], [ -114.068466, 50.926369 ], [ -114.068474, 50.926422 ], [ -114.068491, 50.926506 ], [ -114.068508, 50.926583 ], [ -114.068524, 50.926661 ], [ -114.068542, 50.926751 ], [ -114.06856, 50.926872 ], [ -114.068569, 50.926992 ], [ -114.06859, 50.92715 ], [ -114.068612, 50.927295 ], [ -114.068631, 50.92743 ], [ -114.068647, 50.92758 ], [ -114.068669, 50.927739 ] ] } },
{ "type": "Feature", "properties": { "cls": "separated", "highway": "cycleway", "name": null }, "geometry": { "type": "LineString", "coordinates": [ [ -114.061771, 50.924837 ], [ -114.061822, 50.92494 ], [ -114.06186, 50.925076 ], [ -114.061864, 50.925136 ], [ -114.061932, 50.925296 ], [ -114.062062, 50.925388 ], [ -114.062123, 50.925417 ], [ -114.062339, 50.925536 ], [ -114.062377, 50.925565 ], [ -114.062462, 50.925628 ], [ -114.062649, 50.925809 ], [ -114.062804, 50.926004 ], [ -114.062914, 50.926182 ], [ -114.062916, 50.926219 ], [ -114.062972, 50.92641 ], [ -114.063128, 50.926569 ], [ -114.063268, 50.926712 ], [ -114.063427, 50.926825 ], [ -114.063626, 50.926903 ], [ -114.063966, 50.926931 ], [ -114.06439, 50.927034 ], [ -114.064792, 50.927112 ], [ -114.065017, 50.927232 ], [ -114.065168, 50.927391 ], [ -114.065331, 50.927535 ], [ -114.065472, 50.927661 ], [ -114.065565, 50.927778 ], [ -114.065715, 50.927892 ], [ -114.065767, 50.927937 ], [ -114.06593, 50.92808 ], [ -114.066073, 50.928204 ], [ -114.06625, 50.92831 ], [ -114.066506, 50.928393 ], [ -114.066599, 50.928418 ], [ -114.06678, 50.928466 ], [ -114.067014, 50.928543 ], [ -114.067209, 50.928644 ], [ -114.067319, 50.928683 ], [ -114.067454, 50.928703 ], [ -114.067628, 50.928727 ], [ -114.067885, 50.92873 ], [ -114.068137, 50.928711 ], [ -114.068301, 50.92868 ] ] } },
{ "type": "Feature", "properties": { "cls": "separated", "highway": "cycleway", "name": null }, "geometry": { "type": "LineString", "coordinates": [ [ -114.068301, 50.92868 ], [ -114.068285, 50.928606 ], [ -114.068308, 50.928516 ], [ -114.068449, 50.928346 ], [ -114.068549, 50.928214 ], [ -114.068606, 50.928111 ], [ -114.068644, 50.928003 ], [ -114.068673, 50.927939 ], [ -114.068673, 50.927829 ], [ -114.068669, 50.927739 ] ] } },
{ "type": "Feature", "properties": { "cls": "separated", "highway": "cycleway", "name": null }, "geometry": { "type": "LineString", "coordinates": [ [ -114.069139, 50.928996 ], [ -114.069061, 50.928975 ], [ -114.068948, 50.928947 ], [ -114.068826, 50.928917 ], [ -114.068718, 50.928892 ], [ -114.068635, 50.92887 ], [ -114.068554, 50.928845 ], [ -114.068475, 50.928808 ], [ -114.068399, 50.928767 ], [ -114.068333, 50.928724 ], [ -114.068301, 50.92868 ] ] } },
{ "type": "Feature", "properties": { "cls": "shared", "highway": "cycleway", "name": null }, "geometry": { "type": "MultiLineString", "coordinates": [ [ [ -114.070651, 50.928946 ], [ -114.070682, 50.928935 ], [ -114.070788, 50.928906 ], [ -114.07086, 50.928886 ], [ -114.070905, 50.928881 ], [ -114.070951, 50.928879 ], [ -114.071016, 50.928881 ], [ -114.071047, 50.928883 ], [ -114.071081, 50.928882 ], [ -114.071116, 50.928876 ], [ -114.071194, 50.928859 ], [ -114.071295, 50.92884 ], [ -114.071365, 50.928832 ], [ -114.071441, 50.928829 ], [ -114.071586, 50.928817 ], [ -114.07174, 50.928814 ], [ -114.071876, 50.928817 ], [ -114.071997, 50.92882 ], [ -114.072057, 50.928826 ], [ -114.072171, 50.928842 ] ], [ [ -114.072921, 50.928931 ], [ -114.073035, 50.928897 ] ] ] } },
{ "type": "Feature", "properties": { "cls": "separated", "highway": "cycleway", "name": null }, "geometry": { "type": "LineString", "coordinates": [ [ -114.073001, 50.929569 ], [ -114.073179, 50.929668 ], [ -114.073287, 50.929776 ], [ -114.073533, 50.92978 ], [ -114.073769, 50.929783 ], [ -114.074021, 50.929926 ], [ -114.074053, 50.929945 ], [ -114.074188, 50.929935 ], [ -114.074489, 50.929905 ], [ -114.074596, 50.929888 ], [ -114.074784, 50.929793 ], [ -114.074891, 50.929769 ], [ -114.074971, 50.929766 ], [ -114.075111, 50.92978 ], [ -114.075266, 50.929797 ], [ -114.075411, 50.92978 ], [ -114.075578, 50.929753 ], [ -114.075797, 50.929709 ], [ -114.075883, 50.929702 ], [ -114.075991, 50.929695 ], [ -114.076068, 50.929701 ], [ -114.076224, 50.929787 ], [ -114.076269, 50.929983 ], [ -114.076267, 50.930034 ], [ -114.076148, 50.93007 ], [ -114.076084, 50.930304 ], [ -114.076147, 50.930376 ], [ -114.076237, 50.930415 ], [ -114.076299, 50.930428 ], [ -114.07639, 50.93043 ], [ -114.076554, 50.930428 ], [ -114.076776, 50.930394 ], [ -114.076892, 50.930372 ], [ -114.077034, 50.930337 ], [ -114.077176, 50.930284 ], [ -114.077267, 50.930251 ], [ -114.077401, 50.93022 ], [ -114.077586, 50.930178 ], [ -114.077616, 50.930139 ], [ -114.077656, 50.930073 ], [ -114.077758, 50.930043 ], [ -114.077854, 50.930012 ], [ -114.077922, 50.929978 ], [ -114.077989, 50.929943 ], [ -114.078007, 50.92993 ], [ -114.078056, 50.929933 ], [ -114.078174, 50.929943 ], [ -114.078289, 50.929957 ], [ -114.078353, 50.92994 ], [ -114.078463, 50.929818 ], [ -114.078514, 50.929776 ], [ -114.078587, 50.929715 ], [ -114.078667, 50.929637 ], [ -114.078842, 50.929539 ] ] } },
{ "type": "Feature", "properties": { "cls": "shared", "highway": "cycleway", "name": null }, "geometry": { "type": "LineString", "coordinates": [ [ -114.072863, 50.930321 ], [ -114.072891, 50.930072 ], [ -114.072925, 50.929959 ], [ -114.072952, 50.929873 ], [ -114.07296, 50.929663 ], [ -114.072978, 50.929598 ], [ -114.073001, 50.929569 ], [ -114.073043, 50.929518 ] ] } },
{ "type": "Feature", "properties": { "cls": "shared", "highway": "cycleway", "name": null }, "geometry": { "type": "LineString", "coordinates": [ [ -114.078558, 50.931459 ], [ -114.078239, 50.931393 ], [ -114.078023, 50.931351 ], [ -114.077684, 50.931332 ], [ -114.077419, 50.931343 ], [ -114.077157, 50.931362 ], [ -114.076875, 50.931376 ], [ -114.076595, 50.931395 ], [ -114.076223, 50.931407 ], [ -114.076087, 50.931398 ], [ -114.075938, 50.931372 ], [ -114.07589, 50.931364 ], [ -114.075744, 50.93133 ], [ -114.075639, 50.931307 ], [ -114.075469, 50.931245 ], [ -114.07515, 50.931123 ], [ -114.074889, 50.930992 ], [ -114.074597, 50.930859 ], [ -114.074307, 50.930758 ], [ -114.07405, 50.930669 ], [ -114.073712, 50.930548 ], [ -114.073524, 50.930482 ], [ -114.073393, 50.930445 ], [ -114.073275, 50.930406 ], [ -114.073136, 50.93037 ], [ -114.072999, 50.930342 ], [ -114.072863, 50.930321 ] ] } },
{ "type": "Feature", "properties": { "cls": "separated", "highway": "cycleway", "name": null }, "geometry": { "type": "LineString", "coordinates": [ [ -114.07181, 50.931226 ], [ -114.071982, 50.931233 ], [ -114.0721, 50.931223 ], [ -114.072227, 50.931146 ], [ -114.07235, 50.931006 ], [ -114.072496, 50.930852 ], [ -114.072725, 50.930662 ], [ -114.072836, 50.930537 ], [ -114.072868, 50.930411 ], [ -114.072863, 50.930321 ] ] } },
{ "type": "Feature", "properties": { "cls": "separated", "highway": "cycleway", "name": null }, "geometry": { "type": "LineString", "coordinates": [ [ -114.058893, 50.921425 ], [ -114.058793, 50.92152 ], [ -114.058636, 50.921638 ], [ -114.058531, 50.921693 ], [ -114.058437, 50.921736 ], [ -114.058333, 50.92175 ], [ -114.058223, 50.921752 ], [ -114.058028, 50.921753 ], [ -114.057963, 50.921758 ], [ -114.05793, 50.921771 ], [ -114.057888, 50.921788 ], [ -114.057845, 50.921856 ], [ -114.057804, 50.922052 ], [ -114.057764, 50.922191 ], [ -114.057678, 50.922297 ], [ -114.057381, 50.922535 ] ] } },
{ "type": "Feature", "properties": { "cls": "separated", "highway": "cycleway", "name": null }, "geometry": { "type": "LineString", "coordinates": [ [ -114.059952, 50.923367 ], [ -114.05991, 50.923279 ], [ -114.05986, 50.923196 ], [ -114.059774, 50.923122 ], [ -114.059523, 50.923005 ], [ -114.059223, 50.922909 ], [ -114.058896, 50.922834 ], [ -114.0587, 50.92279 ], [ -114.058479, 50.92274 ], [ -114.058085, 50.922666 ], [ -114.057381, 50.922535 ] ] } },
{ "type": "Feature", "properties": { "cls": "separated", "highway": "cycleway", "name": null }, "geometry": { "type": "LineString", "coordinates": [ [ -114.057381, 50.922535 ], [ -114.057203, 50.922693 ], [ -114.057078, 50.922824 ], [ -114.056917, 50.922948 ], [ -114.056714, 50.923171 ], [ -114.056655, 50.923214 ], [ -114.056574, 50.923258 ], [ -114.056438, 50.923317 ], [ -114.05632, 50.923376 ], [ -114.056165, 50.92346 ], [ -114.056047, 50.923535 ], [ -114.055917, 50.923636 ], [ -114.055794, 50.92373 ], [ -114.055737, 50.923769 ], [ -114.055684, 50.923797 ], [ -114.05563, 50.923816 ], [ -114.055487, 50.92386 ], [ -114.055322, 50.923906 ], [ -114.055208, 50.923947 ], [ -114.055128, 50.923979 ], [ -114.055041, 50.924027 ], [ -114.054982, 50.924067 ] ] } },
{ "type": "Feature", "properties": { "cls": "separated", "highway": "cycleway", "name": null }, "geometry": { "type": "LineString", "coordinates": [ [ -114.059952, 50.923367 ], [ -114.059985, 50.923532 ], [ -114.060015, 50.923669 ], [ -114.060032, 50.923781 ], [ -114.060121, 50.923901 ], [ -114.060283, 50.924028 ], [ -114.060648, 50.924281 ], [ -114.060798, 50.924371 ], [ -114.060985, 50.924459 ], [ -114.061235, 50.92459 ], [ -114.061535, 50.924715 ], [ -114.061662, 50.924769 ], [ -114.061771, 50.924837 ] ] } },
{ "type": "Feature", "properties": { "cls": "separated", "highway": "cycleway", "name": null }, "geometry": { "type": "LineString", "coordinates": [ [ -114.054982, 50.924067 ], [ -114.054936, 50.924073 ], [ -114.054884, 50.924074 ], [ -114.054816, 50.924068 ], [ -114.054776, 50.924059 ], [ -114.05472, 50.924035 ], [ -114.054668, 50.924015 ], [ -114.054633, 50.924001 ], [ -114.054604, 50.923992 ], [ -114.054557, 50.923987 ], [ -114.054476, 50.923981 ], [ -114.054349, 50.923983 ], [ -114.054251, 50.923987 ], [ -114.054174, 50.923995 ], [ -114.054105, 50.924011 ], [ -114.054067, 50.924027 ], [ -114.054005, 50.924054 ], [ -114.053903, 50.924091 ], [ -114.053718, 50.924167 ], [ -114.053607, 50.924187 ], [ -114.053565, 50.924201 ], [ -114.053498, 50.924225 ], [ -114.053426, 50.924246 ], [ -114.053362, 50.924267 ], [ -114.053281, 50.924313 ], [ -114.053217, 50.924371 ], [ -114.053133, 50.924451 ], [ -114.053057, 50.924525 ], [ -114.053015, 50.924563 ], [ -114.052953, 50.924598 ], [ -114.052919, 50.924621 ], [ -114.052863, 50.924677 ], [ -114.052794, 50.924737 ], [ -114.052728, 50.924799 ], [ -114.052676, 50.924847 ], [ -114.052613, 50.924896 ], [ -114.052566, 50.924946 ], [ -114.052513, 50.924983 ], [ -114.052443, 50.92503 ], [ -114.052403, 50.925052 ], [ -114.052297, 50.925113 ], [ -114.052184, 50.925188 ], [ -114.052112, 50.925244 ], [ -114.05203, 50.925298 ], [ -114.051945, 50.92535 ], [ -114.051769, 50.925407 ], [ -114.051509, 50.925453 ], [ -114.051201, 50.925512 ], [ -114.050792, 50.925617 ], [ -114.050429, 50.92579 ], [ -114.050084, 50.926099 ], [ -114.049957, 50.926208 ], [ -114.049875, 50.926473 ] ] } },
{ "type": "Feature", "properties": { "cls": "separated", "highway": "cycleway", "name": "Bridge 9 Fish Creek Park" }, "geometry": { "type": "LineString", "coordinates": [ [ -114.049829, 50.926674 ], [ -114.049875, 50.926473 ] ] } },
{ "type": "Feature", "properties": { "cls": "separated", "highway": "cycleway", "name": null }, "geometry": { "type": "LineString", "coordinates": [ [ -114.04783, 50.929315 ], [ -114.047844, 50.929304 ], [ -114.047873, 50.929291 ], [ -114.047916, 50.929274 ], [ -114.047962, 50.929261 ], [ -114.048026, 50.929246 ], [ -114.048098, 50.929231 ], [ -114.04821, 50.929212 ], [ -114.048283, 50.929195 ], [ -114.048333, 50.929179 ], [ -114.04838, 50.929155 ], [ -114.048425, 50.929123 ], [ -114.048455, 50.929089 ], [ -114.048502, 50.92901 ], [ -114.048515, 50.928966 ], [ -114.04854, 50.9289 ], [ -114.048604, 50.928708 ], [ -114.048623, 50.928669 ], [ -114.048638, 50.928633 ], [ -114.048652, 50.928587 ], [ -114.048694, 50.928475 ], [ -114.04874, 50.928391 ], [ -114.048784, 50.928338 ], [ -114.048844, 50.928286 ], [ -114.048922, 50.928233 ], [ -114.049046, 50.928164 ], [ -114.049182, 50.928085 ], [ -114.049279, 50.928007 ], [ -114.049432, 50.927893 ], [ -114.049619, 50.927765 ], [ -114.049734, 50.927652 ], [ -114.049809, 50.927566 ], [ -114.049877, 50.927499 ], [ -114.049939, 50.927418 ], [ -114.049967, 50.927368 ], [ -114.049988, 50.927325 ], [ -114.04999, 50.927296 ], [ -114.049989, 50.927259 ], [ -114.049983, 50.927223 ], [ -114.049959, 50.92717 ], [ -114.049928, 50.927117 ], [ -114.049888, 50.927061 ], [ -114.049827, 50.926995 ], [ -114.049805, 50.926965 ], [ -114.049786, 50.926921 ], [ -114.049783, 50.926878 ], [ -114.049794, 50.926812 ], [ -114.049829, 50.926674 ] ] } },
{ "type": "Feature", "properties": { "cls": "separated", "highway": "cycleway", "name": null }, "geometry": { "type": "LineString", "coordinates": [ [ -114.041795, 50.914711 ], [ -114.041597, 50.914662 ], [ -114.041317, 50.914523 ], [ -114.040826, 50.914307 ], [ -114.040375, 50.913946 ], [ -114.040068, 50.913711 ], [ -114.039943, 50.913595 ], [ -114.039858, 50.913414 ], [ -114.039766, 50.913317 ], [ -114.039401, 50.913044 ], [ -114.039133, 50.912838 ], [ -114.038906, 50.912633 ], [ -114.038826, 50.912554 ], [ -114.038654, 50.912374 ], [ -114.038505, 50.912169 ], [ -114.038294, 50.911977 ], [ -114.038052, 50.911684 ], [ -114.03794, 50.91158 ], [ -114.037811, 50.911468 ], [ -114.037512, 50.911333 ], [ -114.037375, 50.911233 ], [ -114.037272, 50.911085 ], [ -114.036914, 50.910642 ], [ -114.03679, 50.910548 ], [ -114.036636, 50.91045 ], [ -114.036437, 50.910345 ], [ -114.036241, 50.910242 ], [ -114.035965, 50.910132 ], [ -114.035695, 50.910038 ], [ -114.035481, 50.909973 ], [ -114.035196, 50.909908 ], [ -114.034956, 50.90986 ], [ -114.03486, 50.909841 ], [ -114.034537, 50.909792 ], [ -114.033124, 50.909597 ], [ -114.032471, 50.909514 ], [ -114.031578, 50.909408 ], [ -114.030516, 50.909269 ], [ -114.029744, 50.909162 ], [ -114.029348, 50.909103 ], [ -114.028967, 50.909052 ], [ -114.028878, 50.909043 ], [ -114.028692, 50.909038 ], [ -114.028445, 50.909051 ], [ -114.028366, 50.909062 ], [ -114.028288, 50.909072 ] ] } },
{ "type": "Feature", "properties": { "cls": "separated", "highway": "cycleway", "name": null }, "geometry": { "type": "LineString", "coordinates": [ [ -114.023037, 50.910706 ], [ -114.022985, 50.910758 ], [ -114.022915, 50.910826 ], [ -114.022886, 50.910867 ], [ -114.022889, 50.910913 ], [ -114.022913, 50.911006 ], [ -114.022978, 50.911199 ], [ -114.023013, 50.911306 ], [ -114.023063, 50.911439 ], [ -114.023114, 50.911532 ], [ -114.023116, 50.911539 ], [ -114.02314, 50.911598 ], [ -114.023161, 50.911654 ], [ -114.02318, 50.911732 ], [ -114.023192, 50.911793 ], [ -114.023201, 50.911878 ], [ -114.023206, 50.911936 ], [ -114.023215, 50.911975 ], [ -114.023265, 50.912081 ], [ -114.023308, 50.912179 ], [ -114.023353, 50.912367 ], [ -114.023387, 50.912451 ], [ -114.02344, 50.912549 ], [ -114.023466, 50.912609 ], [ -114.023497, 50.912641 ], [ -114.023642, 50.912736 ], [ -114.023779, 50.912821 ], [ -114.023977, 50.912933 ], [ -114.024149, 50.91302 ], [ -114.024257, 50.913071 ], [ -114.024367, 50.913137 ], [ -114.024442, 50.913198 ], [ -114.024495, 50.913234 ], [ -114.024535, 50.913257 ], [ -114.02458, 50.913272 ], [ -114.024642, 50.91329 ], [ -114.024723, 50.913305 ], [ -114.02476, 50.913314 ], [ -114.024786, 50.913326 ], [ -114.024776, 50.913337 ], [ -114.024754, 50.913343 ], [ -114.024687, 50.913357 ], [ -114.024625, 50.91337 ], [ -114.024514, 50.91339 ], [ -114.024463, 50.9134 ], [ -114.024452, 50.913401 ] ] } },
{ "type": "Feature", "properties": { "cls": "shared", "highway": "cycleway", "name": null }, "geometry": { "type": "LineString", "coordinates": [ [ -114.009114, 50.914456 ], [ -114.009143, 50.914404 ], [ -114.009185, 50.914331 ], [ -114.009229, 50.91419 ], [ -114.009255, 50.914009 ], [ -114.009213, 50.913701 ], [ -114.009163, 50.913512 ], [ -114.009097, 50.913428 ], [ -114.009012, 50.913388 ], [ -114.008909, 50.913368 ], [ -114.008321, 50.913349 ], [ -114.008161, 50.913343 ], [ -114.008083, 50.91332 ], [ -114.008074, 50.913311 ] ] } },
{ "type": "Feature", "properties": { "cls": "shared", "highway": "cycleway", "name": null }, "geometry": { "type": "LineString", "coordinates": [ [ -114.016317, 50.909832 ], [ -114.016275, 50.909882 ], [ -114.016201, 50.909951 ], [ -114.016084, 50.910034 ], [ -114.015963, 50.910131 ], [ -114.015888, 50.910188 ] ] } },
{ "type": "Feature", "properties": { "cls": "separated", "highway": "cycleway", "name": null }, "geometry": { "type": "LineString", "coordinates": [ [ -114.012488, 50.914825 ], [ -114.012572, 50.914819 ], [ -114.01261, 50.914823 ], [ -114.01263, 50.914832 ], [ -114.012658, 50.914841 ], [ -114.012699, 50.914838 ], [ -114.012729, 50.914835 ], [ -114.012776, 50.914838 ], [ -114.012807, 50.914853 ], [ -114.01284, 50.914861 ], [ -114.012884, 50.914859 ], [ -114.012929, 50.91485 ], [ -114.012974, 50.914853 ], [ -114.013031, 50.914856 ], [ -114.013076, 50.914857 ], [ -114.013134, 50.91486 ], [ -114.013186, 50.914861 ], [ -114.013214, 50.914859 ], [ -114.013261, 50.91486 ], [ -114.013307, 50.914858 ], [ -114.01334, 50.914847 ], [ -114.013373, 50.914839 ], [ -114.0134, 50.914838 ], [ -114.013426, 50.914841 ], [ -114.013449, 50.914853 ], [ -114.013467, 50.914854 ], [ -114.013507, 50.914852 ], [ -114.013536, 50.914842 ], [ -114.013558, 50.91484 ], [ -114.01359, 50.914847 ], [ -114.01362, 50.914853 ], [ -114.013648, 50.914846 ], [ -114.01369, 50.914838 ], [ -114.013715, 50.914838 ], [ -114.013755, 50.914843 ], [ -114.013778, 50.914853 ], [ -114.013807, 50.914864 ], [ -114.013834, 50.914872 ], [ -114.013862, 50.914875 ], [ -114.0139, 50.914872 ], [ -114.013914, 50.914863 ], [ -114.013932, 50.914852 ], [ -114.013937, 50.914839 ], [ -114.013935, 50.914823 ], [ -114.013928, 50.914809 ], [ -114.013912, 50.914799 ], [ -114.013893, 50.91479 ], [ -114.013865, 50.914777 ], [ -114.013842, 50.914766 ], [ -114.013826, 50.914751 ], [ -114.013821, 50.914731 ], [ -114.013814, 50.914707 ], [ -114.013807, 50.914674 ], [ -114.013806, 50.914657 ], [ -114.013772, 50.914615 ], [ -114.013764, 50.914593 ], [ -114.01374, 50.91457 ], [ -114.013713, 50.914563 ], [ -114.013661, 50.914561 ], [ -114.013609, 50.914561 ], [ -114.013563, 50.914558 ], [ -114.013507, 50.914568 ], [ -114.013467, 50.914579 ], [ -114.013437, 50.914585 ], [ -114.01341, 50.914587 ], [ -114.013379, 50.914586 ], [ -114.013336, 50.914574 ], [ -114.01332, 50.914569 ], [ -114.013285, 50.914568 ], [ -114.013255, 50.914569 ], [ -114.013205, 50.91457 ], [ -114.013165, 50.914568 ], [ -114.013107, 50.914565 ], [ -114.013041, 50.914543 ], [ -114.013007, 50.914524 ], [ -114.01296, 50.914514 ], [ -114.012926, 50.914516 ], [ -114.012868, 50.914514 ], [ -114.012764, 50.914508 ], [ -114.012675, 50.914504 ], [ -114.012567, 50.914498 ], [ -114.012445, 50.914491 ], [ -114.012391, 50.9145 ], [ -114.01238, 50.914514 ], [ -114.012351, 50.914529 ], [ -114.01231, 50.914538 ], [ -114.012278, 50.914538 ], [ -114.012235, 50.914531 ], [ -114.012191, 50.914514 ], [ -114.012154, 50.914497 ], [ -114.012109, 50.914478 ], [ -114.012085, 50.914469 ], [ -114.012056, 50.91447 ], [ -114.012036, 50.914476 ], [ -114.01201, 50.914485 ], [ -114.011997, 50.914503 ], [ -114.011994, 50.914527 ], [ -114.012006, 50.914549 ], [ -114.012033, 50.914572 ], [ -114.012054, 50.914584 ], [ -114.012087, 50.914585 ], [ -114.012112, 50.914585 ], [ -114.012152, 50.9146 ], [ -114.012182, 50.914618 ], [ -114.012206, 50.91464 ], [ -114.012219, 50.914666 ], [ -114.012237, 50.9147 ], [ -114.012262, 50.914717 ], [ -114.012304, 50.914743 ], [ -114.012363, 50.914775 ], [ -114.012408, 50.914799 ], [ -114.012439, 50.914812 ], [ -114.012488, 50.914825 ] ] } },
{ "type": "Feature", "properties": { "cls": "separated", "highway": "cycleway", "name": null }, "geometry": { "type": "LineString", "coordinates": [ [ -114.007091, 50.930466 ], [ -114.008336, 50.930532 ], [ -114.008393, 50.930537 ] ] } },
{ "type": "Feature", "properties": { "cls": "shared", "highway": "cycleway", "name": null }, "geometry": { "type": "LineString", "coordinates": [ [ -114.007571, 50.93351 ], [ -114.007511, 50.93347 ], [ -114.007461, 50.933434 ], [ -114.007437, 50.933419 ], [ -114.007416, 50.933405 ], [ -114.007389, 50.933393 ], [ -114.00736, 50.933383 ], [ -114.007323, 50.933378 ], [ -114.007279, 50.933375 ], [ -114.007235, 50.933377 ], [ -114.007176, 50.933384 ], [ -114.007094, 50.933399 ], [ -114.007032, 50.933415 ], [ -114.006951, 50.933439 ], [ -114.006839, 50.933475 ], [ -114.006752, 50.933498 ] ] } },
{ "type": "Feature", "properties": { "cls": "shared", "highway": "cycleway", "name": null }, "geometry": { "type": "LineString", "coordinates": [ [ -114.009406, 50.937222 ], [ -114.009508, 50.937362 ], [ -114.009581, 50.937457 ], [ -114.009634, 50.937531 ], [ -114.009686, 50.937589 ], [ -114.009741, 50.93764 ], [ -114.009792, 50.93768 ], [ -114.009873, 50.93774 ], [ -114.009941, 50.937782 ], [ -114.010047, 50.937842 ], [ -114.010177, 50.937912 ], [ -114.010346, 50.937995 ], [ -114.010422, 50.938029 ], [ -114.010498, 50.938059 ], [ -114.010584, 50.938087 ], [ -114.010695, 50.938119 ], [ -114.010818, 50.93815 ], [ -114.010939, 50.938181 ], [ -114.011011, 50.938206 ], [ -114.011061, 50.938228 ], [ -114.01112, 50.938264 ], [ -114.011195, 50.938304 ], [ -114.011275, 50.938352 ], [ -114.011328, 50.938391 ], [ -114.011359, 50.938431 ], [ -114.011371, 50.938454 ], [ -114.011377, 50.938469 ], [ -114.011385, 50.938478 ] ] } },
{ "type": "Feature", "properties": { "cls": "separated", "highway": "cycleway", "name": null }, "geometry": { "type": "LineString", "coordinates": [ [ -114.011385, 50.938478 ], [ -114.011398, 50.938482 ], [ -114.011416, 50.938484 ], [ -114.011437, 50.938485 ], [ -114.011455, 50.93848 ], [ -114.011507, 50.938459 ] ] } },
{ "type": "Feature", "properties": { "cls": "shared", "highway": "cycleway", "name": null }, "geometry": { "type": "LineString", "coordinates": [ [ -114.012723, 50.940883 ], [ -114.012841, 50.940864 ], [ -114.012911, 50.940781 ], [ -114.012916, 50.940634 ], [ -114.012859, 50.940438 ], [ -114.012744, 50.940283 ], [ -114.012358, 50.939698 ], [ -114.011935, 50.939231 ], [ -114.011828, 50.939074 ], [ -114.011661, 50.938826 ], [ -114.011385, 50.938478 ] ] } },
{ "type": "Feature", "properties": { "cls": "shared", "highway": "cycleway", "name": null }, "geometry": { "type": "LineString", "coordinates": [ [ -113.997379, 50.917197 ], [ -113.997366, 50.917179 ], [ -113.997325, 50.917142 ], [ -113.997286, 50.917122 ], [ -113.997237, 50.917101 ], [ -113.997179, 50.917076 ], [ -113.997142, 50.917057 ], [ -113.997107, 50.917033 ], [ -113.997067, 50.917002 ], [ -113.997012, 50.91696 ], [ -113.996601, 50.916465 ] ] } },
{ "type": "Feature", "properties": { "cls": "shared", "highway": "cycleway", "name": null }, "geometry": { "type": "LineString", "coordinates": [ [ -113.997012, 50.91696 ], [ -113.996871, 50.917048 ], [ -113.996694, 50.917128 ], [ -113.996498, 50.917185 ], [ -113.996353, 50.917198 ], [ -113.99618, 50.91721 ], [ -113.99583, 50.917221 ], [ -113.995577, 50.917218 ], [ -113.995368, 50.917213 ], [ -113.995185, 50.91722 ], [ -113.995002, 50.917248 ], [ -113.994709, 50.917329 ] ] } },
{ "type": "Feature", "properties": { "cls": "shared", "highway": "cycleway", "name": null }, "geometry": { "type": "LineString", "coordinates": [ [ -113.997417, 50.917253 ], [ -113.997392, 50.917216 ], [ -113.997379, 50.917197 ] ] } },
{ "type": "Feature", "properties": { "cls": "shared", "highway": "cycleway", "name": null }, "geometry": { "type": "LineString", "coordinates": [ [ -113.998038, 50.917657 ], [ -113.997967, 50.917624 ], [ -113.997901, 50.9176 ], [ -113.997805, 50.917562 ], [ -113.997719, 50.917522 ], [ -113.997654, 50.917486 ], [ -113.997587, 50.917442 ], [ -113.99753, 50.917396 ], [ -113.997488, 50.917352 ], [ -113.997443, 50.917289 ], [ -113.997417, 50.917253 ] ] } },
{ "type": "Feature", "properties": { "cls": "shared", "highway": "cycleway", "name": null }, "geometry": { "type": "LineString", "coordinates": [ [ -113.994775, 50.917297 ], [ -113.994709, 50.917329 ], [ -113.994667, 50.917349 ], [ -113.994472, 50.91744 ], [ -113.994382, 50.917487 ], [ -113.994261, 50.917561 ], [ -113.994141, 50.917631 ], [ -113.993998, 50.917718 ], [ -113.993832, 50.917824 ], [ -113.99371, 50.91791 ], [ -113.993625, 50.917961 ], [ -113.993536, 50.918011 ], [ -113.993499, 50.918038 ], [ -113.99346, 50.918076 ], [ -113.993427, 50.918126 ], [ -113.993376, 50.918221 ], [ -113.993355, 50.918266 ], [ -113.993335, 50.91831 ], [ -113.993263, 50.918449 ], [ -113.993194, 50.918575 ], [ -113.993147, 50.918666 ], [ -113.993078, 50.91883 ], [ -113.993044, 50.918912 ], [ -113.993026, 50.918959 ], [ -113.993014, 50.919015 ], [ -113.99301, 50.919034 ], [ -113.993, 50.919088 ], [ -113.992991, 50.919159 ], [ -113.992987, 50.919229 ], [ -113.992987, 50.91926 ], [ -113.992987, 50.919295 ], [ -113.992992, 50.919337 ], [ -113.993004, 50.919388 ], [ -113.993021, 50.919441 ], [ -113.993048, 50.9195 ], [ -113.993089, 50.919578 ], [ -113.99313, 50.919646 ], [ -113.993178, 50.919718 ], [ -113.993211, 50.919759 ], [ -113.993253, 50.919798 ], [ -113.993297, 50.919828 ], [ -113.99335, 50.919856 ], [ -113.993405, 50.919878 ], [ -113.993453, 50.919892 ], [ -113.993511, 50.9199 ] ] } },
{ "type": "Feature", "properties": { "cls": "shared", "highway": "cycleway", "name": "paved path" }, "geometry": { "type": "LineString", "coordinates": [ [ -113.993637, 50.919224 ], [ -113.993621, 50.919249 ], [ -113.993609, 50.919278 ], [ -113.993598, 50.919319 ], [ -113.993592, 50.919369 ], [ -113.99359, 50.919446 ], [ -113.993585, 50.919519 ], [ -113.993582, 50.919572 ], [ -113.993574, 50.919623 ], [ -113.993558, 50.919703 ], [ -113.993539, 50.919795 ], [ -113.993516, 50.919877 ], [ -113.993511, 50.9199 ] ] } },
{ "type": "Feature", "properties": { "cls": "shared", "highway": "cycleway", "name": null }, "geometry": { "type": "LineString", "coordinates": [ [ -113.993511, 50.9199 ], [ -113.993488, 50.920002 ], [ -113.993462, 50.920082 ], [ -113.993432, 50.920181 ], [ -113.99338, 50.920346 ], [ -113.993351, 50.920454 ], [ -113.993309, 50.920605 ], [ -113.993287, 50.920703 ], [ -113.993262, 50.920828 ], [ -113.99322, 50.921029 ], [ -113.99319, 50.921171 ], [ -113.993163, 50.921338 ], [ -113.993149, 50.921483 ], [ -113.993143, 50.9216 ], [ -113.993149, 50.921678 ], [ -113.993158, 50.92177 ], [ -113.993169, 50.921834 ], [ -113.993186, 50.921888 ], [ -113.993203, 50.921932 ], [ -113.993232, 50.921983 ], [ -113.993282, 50.922063 ], [ -113.993355, 50.922154 ], [ -113.993439, 50.922267 ], [ -113.993515, 50.922359 ], [ -113.993582, 50.922426 ], [ -113.993655, 50.922489 ], [ -113.993734, 50.922552 ], [ -113.993786, 50.922586 ], [ -113.99383, 50.922607 ], [ -113.99387, 50.92262 ], [ -113.993921, 50.922633 ], [ -113.993979, 50.922638 ], [ -113.994071, 50.922642 ], [ -113.994214, 50.922635 ], [ -113.994508, 50.922623 ], [ -113.994666, 50.922618 ], [ -113.994932, 50.922616 ], [ -113.995108, 50.922618 ], [ -113.995244, 50.922623 ], [ -113.995344, 50.922627 ], [ -113.995831, 50.92264 ], [ -113.996036, 50.922638 ], [ -113.99637, 50.922637 ], [ -113.996612, 50.922636 ], [ -113.996851, 50.922641 ], [ -113.997096, 50.922645 ], [ -113.997273, 50.922655 ], [ -113.997503, 50.922671 ], [ -113.99768, 50.922689 ], [ -113.997853, 50.922711 ], [ -113.998019, 50.922733 ], [ -113.998177, 50.92275 ], [ -113.998295, 50.922758 ], [ -113.998405, 50.922758 ], [ -113.998518, 50.922749 ], [ -113.998612, 50.922737 ], [ -113.998665, 50.922731 ], [ -113.998758, 50.922729 ], [ -113.998797, 50.922732 ], [ -113.998857, 50.92274 ], [ -113.998905, 50.92275 ], [ -113.99898, 50.92277 ], [ -113.999163, 50.92282 ], [ -113.999273, 50.922858 ], [ -113.99935, 50.922892 ], [ -113.999385, 50.922912 ], [ -113.999409, 50.922929 ], [ -113.999434, 50.922953 ], [ -113.999459, 50.922982 ], [ -113.999487, 50.92302 ], [ -113.999519, 50.923079 ], [ -113.999578, 50.923189 ], [ -113.999656, 50.923328 ], [ -113.999722, 50.923439 ], [ -113.999811, 50.923586 ], [ -113.999915, 50.92378 ], [ -114.000022, 50.923972 ], [ -114.000089, 50.924084 ], [ -114.000131, 50.924171 ], [ -114.000163, 50.924276 ], [ -114.000181, 50.924465 ], [ -114.000204, 50.924697 ], [ -114.000213, 50.924779 ], [ -114.000254, 50.925152 ], [ -114.000276, 50.925393 ], [ -114.000287, 50.925492 ], [ -114.000303, 50.925545 ], [ -114.000332, 50.925592 ], [ -114.000359, 50.925628 ], [ -114.000429, 50.9257 ], [ -114.000541, 50.925806 ], [ -114.000665, 50.925914 ], [ -114.000747, 50.925979 ], [ -114.000807, 50.926021 ], [ -114.000888, 50.926067 ], [ -114.001007, 50.926131 ], [ -114.001113, 50.926187 ], [ -114.001218, 50.926235 ], [ -114.001299, 50.92627 ], [ -114.001391, 50.926302 ], [ -114.001524, 50.926346 ], [ -114.001657, 50.926391 ], [ -114.001805, 50.926442 ], [ -114.001977, 50.926498 ], [ -114.002116, 50.926541 ], [ -114.002301, 50.926596 ], [ -114.0025, 50.926653 ], [ -114.002689, 50.926707 ], [ -114.002833, 50.926746 ], [ -114.002921, 50.926765 ], [ -114.003012, 50.926783 ], [ -114.003119, 50.926801 ], [ -114.003245, 50.926817 ], [ -114.003424, 50.926838 ], [ -114.003579, 50.926856 ], [ -114.003742, 50.926876 ], [ -114.003989, 50.926902 ], [ -114.00423, 50.926931 ], [ -114.004395, 50.926948 ], [ -114.004642, 50.926979 ], [ -114.005057, 50.927033 ], [ -114.005252, 50.927062 ], [ -114.005358, 50.92708 ], [ -114.005409, 50.927093 ], [ -114.005467, 50.92711 ], [ -114.005514, 50.927127 ], [ -114.005559, 50.927146 ], [ -114.005633, 50.927186 ], [ -114.005706, 50.927229 ], [ -114.005769, 50.927278 ], [ -114.005811, 50.927309 ], [ -114.005839, 50.92734 ], [ -114.005872, 50.927386 ], [ -114.005907, 50.927475 ], [ -114.005932, 50.927562 ], [ -114.00596, 50.92768 ], [ -114.005975, 50.92782 ], [ -114.005985, 50.927936 ], [ -114.005984, 50.928074 ], [ -114.005983, 50.928221 ], [ -114.005994, 50.928348 ], [ -114.006005, 50.928438 ], [ -114.006025, 50.928499 ], [ -114.006049, 50.928556 ], [ -114.006079, 50.928608 ], [ -114.006123, 50.928667 ], [ -114.006182, 50.92874 ], [ -114.006244, 50.928816 ], [ -114.00633, 50.928926 ], [ -114.006456, 50.929084 ], [ -114.006607, 50.929272 ], [ -114.006699, 50.929382 ], [ -114.006808, 50.929509 ], [ -114.006859, 50.929564 ], [ -114.00688, 50.929588 ], [ -114.006896, 50.929615 ], [ -114.006912, 50.929648 ], [ -114.00693, 50.929699 ], [ -114.006946, 50.929754 ], [ -114.006954, 50.929795 ], [ -114.006968, 50.929877 ], [ -114.006981, 50.929967 ], [ -114.006993, 50.930049 ], [ -114.007008, 50.930116 ], [ -114.007025, 50.930173 ], [ -114.00705, 50.930275 ], [ -114.007063, 50.930339 ], [ -114.007071, 50.930387 ], [ -114.007091, 50.930466 ], [ -114.007098, 50.930566 ], [ -114.007109, 50.930659 ], [ -114.007117, 50.930751 ], [ -114.007119, 50.930821 ], [ -114.007115, 50.930889 ], [ -114.007109, 50.930966 ], [ -114.007092, 50.931073 ], [ -114.007077, 50.931182 ], [ -114.007055, 50.931297 ], [ -114.007032, 50.931392 ], [ -114.007007, 50.931503 ], [ -114.006988, 50.931566 ], [ -114.006952, 50.931638 ], [ -114.006911, 50.931698 ], [ -114.006857, 50.931763 ], [ -114.00681, 50.931809 ], [ -114.006751, 50.931854 ], [ -114.006682, 50.93191 ], [ -114.006606, 50.931966 ], [ -114.006561, 50.932 ], [ -114.006516, 50.932039 ], [ -114.006489, 50.932068 ], [ -114.006458, 50.932115 ], [ -114.006439, 50.932153 ], [ -114.006416, 50.932211 ], [ -114.006397, 50.932267 ], [ -114.006385, 50.932324 ], [ -114.006376, 50.932385 ], [ -114.006374, 50.932461 ], [ -114.006382, 50.932519 ], [ -114.006394, 50.932576 ], [ -114.006416, 50.932642 ], [ -114.006444, 50.932714 ], [ -114.00648, 50.932802 ], [ -114.006532, 50.932921 ], [ -114.006584, 50.933037 ], [ -114.006651, 50.933188 ], [ -114.00671, 50.933351 ], [ -114.006746, 50.933476 ], [ -114.006752, 50.933498 ], [ -114.006768, 50.93361 ], [ -114.006791, 50.933739 ], [ -114.006797, 50.93379 ], [ -114.006807, 50.933875 ], [ -114.006828, 50.933925 ], [ -114.006872, 50.93398 ], [ -114.006921, 50.934036 ], [ -114.006975, 50.934084 ], [ -114.007048, 50.934152 ], [ -114.007118, 50.934218 ], [ -114.007281, 50.934381 ], [ -114.007382, 50.934485 ], [ -114.007481, 50.934593 ], [ -114.007571, 50.934685 ], [ -114.007642, 50.934754 ], [ -114.007788, 50.93488 ], [ -114.007866, 50.934951 ], [ -114.007992, 50.935064 ], [ -114.008137, 50.935197 ], [ -114.008202, 50.935264 ], [ -114.008225, 50.935292 ], [ -114.008257, 50.935338 ], [ -114.008287, 50.935391 ], [ -114.008333, 50.935492 ], [ -114.008412, 50.935674 ], [ -114.008456, 50.935777 ], [ -114.00853, 50.935924 ], [ -114.008607, 50.936063 ], [ -114.008678, 50.936177 ], [ -114.008755, 50.9363 ], [ -114.008822, 50.936402 ], [ -114.00891, 50.936542 ], [ -114.009018, 50.936704 ], [ -114.009104, 50.936825 ], [ -114.009186, 50.936926 ], [ -114.009261, 50.937034 ], [ -114.009338, 50.93714 ], [ -114.009382, 50.937192 ], [ -114.009406, 50.937222 ] ] } },
{ "type": "Feature", "properties": { "cls": "shared", "highway": "cycleway", "name": "Bow River Pathway" }, "geometry": { "type": "LineString", "coordinates": [ [ -114.011766, 50.940461 ], [ -114.011824, 50.940438 ], [ -114.011909, 50.940448 ], [ -114.012286, 50.940563 ], [ -114.01236, 50.940595 ], [ -114.012417, 50.940627 ], [ -114.012468, 50.940671 ] ] } },
{ "type": "Feature", "properties": { "cls": "separated", "highway": "cycleway", "name": "Bow River Pathway" }, "geometry": { "type": "LineString", "coordinates": [ [ -114.012468, 50.940671 ], [ -114.012531, 50.940761 ], [ -114.012634, 50.940863 ], [ -114.012723, 50.940883 ] ] } },
{ "type": "Feature", "properties": { "cls": "shared", "highway": "cycleway", "name": "Sue Higgins Pedestrian Bridge" }, "geometry": { "type": "LineString", "coordinates": [ [ -114.011555, 50.940583 ], [ -114.011639, 50.940532 ], [ -114.011766, 50.940461 ] ] } },
{ "type": "Feature", "properties": { "cls": "shared", "highway": "cycleway", "name": "Bow River Pathway" }, "geometry": { "type": "LineString", "coordinates": [ [ -114.012723, 50.940883 ], [ -114.01271, 50.940912 ], [ -114.012789, 50.941069 ], [ -114.012921, 50.94129 ], [ -114.013059, 50.941414 ], [ -114.013105, 50.941452 ] ] } },
{ "type": "Feature", "properties": { "cls": "separated", "highway": "cycleway", "name": "Bridge 7 Fish Creek Pk" }, "geometry": { "type": "LineString", "coordinates": [ [ -114.097173, 50.934133 ], [ -114.097768, 50.93382 ] ] } },
{ "type": "Feature", "properties": { "cls": "separated", "highway": "cycleway", "name": null }, "geometry": { "type": "LineString", "coordinates": [ [ -114.103783, 50.934203 ], [ -114.103652, 50.93427 ], [ -114.103555, 50.934323 ], [ -114.10344, 50.934406 ], [ -114.103332, 50.934473 ], [ -114.103251, 50.93451 ], [ -114.103192, 50.93454 ], [ -114.103001, 50.934589 ], [ -114.102867, 50.934617 ], [ -114.102756, 50.934632 ], [ -114.1027, 50.934637 ], [ -114.102634, 50.934634 ], [ -114.102526, 50.934629 ], [ -114.102376, 50.934624 ], [ -114.10228, 50.934625 ], [ -114.102206, 50.934625 ], [ -114.102141, 50.934619 ], [ -114.102026, 50.934604 ], [ -114.101928, 50.934592 ], [ -114.101843, 50.934588 ], [ -114.101771, 50.934582 ], [ -114.101703, 50.934568 ], [ -114.101594, 50.934537 ], [ -114.101488, 50.934508 ], [ -114.101423, 50.934496 ], [ -114.101359, 50.934491 ], [ -114.101272, 50.934492 ], [ -114.101121, 50.934499 ], [ -114.101013, 50.934498 ], [ -114.100929, 50.934491 ], [ -114.100868, 50.934483 ], [ -114.100757, 50.934468 ], [ -114.100609, 50.934447 ], [ -114.1005, 50.934429 ], [ -114.100336, 50.934395 ], [ -114.099858, 50.934352 ], [ -114.099613, 50.934308 ], [ -114.099494, 50.934247 ], [ -114.099357, 50.934185 ], [ -114.098992, 50.934001 ], [ -114.098779, 50.933845 ], [ -114.098587, 50.933764 ], [ -114.098255, 50.933649 ], [ -114.098129, 50.933646 ], [ -114.098079, 50.933657 ], [ -114.097983, 50.933698 ], [ -114.0978, 50.933803 ], [ -114.097768, 50.93382 ] ] } },
{ "type": "Feature", "properties": { "cls": "separated", "highway": "cycleway", "name": null }, "geometry": { "type": "LineString", "coordinates": [ [ -114.095619, 50.934128 ], [ -114.095734, 50.934116 ], [ -114.095906, 50.934133 ], [ -114.096109, 50.934176 ], [ -114.096179, 50.934189 ], [ -114.09646, 50.9342 ], [ -114.096644, 50.934203 ], [ -114.096829, 50.934199 ], [ -114.096959, 50.934194 ], [ -114.097059, 50.934179 ], [ -114.097141, 50.934148 ], [ -114.097173, 50.934133 ] ] } },
{ "type": "Feature", "properties": { "cls": "separated", "highway": "cycleway", "name": null }, "geometry": { "type": "LineString", "coordinates": [ [ -114.083603, 50.932231 ], [ -114.083585, 50.932174 ], [ -114.083574, 50.932128 ], [ -114.083579, 50.932083 ], [ -114.083531, 50.932062 ], [ -114.083506, 50.932034 ], [ -114.083499, 50.932016 ], [ -114.083502, 50.931997 ] ] } },
{ "type": "Feature", "properties": { "cls": "separated", "highway": "cycleway", "name": null }, "geometry": { "type": "LineString", "coordinates": [ [ -114.078558, 50.931459 ], [ -114.078611, 50.931489 ], [ -114.078678, 50.931519 ], [ -114.078774, 50.931556 ], [ -114.078892, 50.931594 ], [ -114.079026, 50.931638 ], [ -114.079121, 50.931676 ], [ -114.079221, 50.931723 ], [ -114.079332, 50.931779 ], [ -114.079399, 50.93182 ], [ -114.079468, 50.931867 ], [ -114.07958, 50.931947 ], [ -114.079725, 50.932051 ], [ -114.079909, 50.932179 ], [ -114.079955, 50.932207 ], [ -114.080009, 50.932232 ], [ -114.080067, 50.932254 ], [ -114.080124, 50.932277 ], [ -114.080257, 50.932327 ], [ -114.080373, 50.932364 ], [ -114.08064, 50.932476 ], [ -114.080759, 50.932529 ], [ -114.080828, 50.932556 ], [ -114.080959, 50.932613 ], [ -114.081029, 50.932638 ], [ -114.081096, 50.932656 ], [ -114.081164, 50.932669 ], [ -114.081265, 50.932682 ], [ -114.081346, 50.932684 ], [ -114.081512, 50.932684 ], [ -114.081641, 50.93268 ], [ -114.081744, 50.932669 ], [ -114.081847, 50.932654 ], [ -114.081894, 50.932642 ], [ -114.081932, 50.932633 ], [ -114.082062, 50.932599 ], [ -114.082131, 50.932583 ], [ -114.082187, 50.932576 ], [ -114.082332, 50.932561 ], [ -114.082446, 50.932546 ], [ -114.082515, 50.932529 ], [ -114.082573, 50.932508 ], [ -114.082623, 50.932492 ], [ -114.082662, 50.932484 ], [ -114.082716, 50.932477 ], [ -114.082787, 50.932477 ], [ -114.082939, 50.932477 ], [ -114.083006, 50.932473 ], [ -114.08308, 50.932464 ], [ -114.083142, 50.932449 ], [ -114.083216, 50.932425 ], [ -114.083327, 50.932379 ], [ -114.08341, 50.932332 ], [ -114.083485, 50.932285 ], [ -114.083534, 50.932259 ], [ -114.083603, 50.932231 ] ] } },
{ "type": "Feature", "properties": { "cls": "separated", "highway": "cycleway", "name": null }, "geometry": { "type": "LineString", "coordinates": [ [ -114.083603, 50.932231 ], [ -114.083626, 50.932283 ], [ -114.08366, 50.932331 ], [ -114.083725, 50.932393 ], [ -114.083846, 50.932497 ], [ -114.083964, 50.932603 ], [ -114.08414, 50.932773 ], [ -114.084293, 50.932918 ], [ -114.084448, 50.933065 ], [ -114.084579, 50.933175 ], [ -114.084684, 50.933248 ], [ -114.084807, 50.933332 ], [ -114.085004, 50.933478 ], [ -114.08514, 50.93358 ], [ -114.085195, 50.933619 ], [ -114.08524, 50.933636 ], [ -114.085266, 50.933642 ] ] } },
{ "type": "Feature", "properties": { "cls": "separated", "highway": "cycleway", "name": null }, "geometry": { "type": "LineString", "coordinates": [ [ -114.08615, 50.933533 ], [ -114.086119, 50.933603 ], [ -114.086117, 50.93364 ], [ -114.086135, 50.933676 ], [ -114.086181, 50.933714 ], [ -114.086347, 50.933811 ], [ -114.086435, 50.933906 ], [ -114.08654, 50.934 ], [ -114.086648, 50.934076 ], [ -114.086721, 50.934112 ], [ -114.086777, 50.93415 ], [ -114.086869, 50.934217 ], [ -114.086915, 50.93425 ], [ -114.08692, 50.93429 ], [ -114.086978, 50.934354 ], [ -114.087026, 50.934393 ], [ -114.087081, 50.934426 ], [ -114.087157, 50.934457 ], [ -114.087236, 50.934478 ], [ -114.087328, 50.934497 ], [ -114.087386, 50.934512 ], [ -114.087427, 50.934527 ], [ -114.087448, 50.934535 ], [ -114.087467, 50.934547 ], [ -114.087479, 50.934563 ], [ -114.087485, 50.934592 ], [ -114.087495, 50.934682 ] ] } },
{ "type": "Feature", "properties": { "cls": "separated", "highway": "cycleway", "name": null }, "geometry": { "type": "LineString", "coordinates": [ [ -114.085581, 50.934654 ], [ -114.08586, 50.934663 ], [ -114.086255, 50.934672 ], [ -114.086516, 50.934682 ], [ -114.086744, 50.934682 ], [ -114.086915, 50.934688 ], [ -114.087072, 50.934693 ], [ -114.087191, 50.934693 ], [ -114.087261, 50.934691 ], [ -114.087413, 50.934687 ], [ -114.087495, 50.934682 ], [ -114.087602, 50.934676 ], [ -114.087725, 50.934666 ], [ -114.087841, 50.934672 ], [ -114.087977, 50.934657 ], [ -114.088202, 50.934632 ], [ -114.088576, 50.934589 ], [ -114.088851, 50.93455 ], [ -114.089158, 50.934515 ], [ -114.08941, 50.934484 ], [ -114.089585, 50.934461 ], [ -114.089929, 50.934409 ], [ -114.090104, 50.934387 ], [ -114.09028, 50.93437 ], [ -114.090473, 50.934351 ], [ -114.090531, 50.934345 ], [ -114.090684, 50.934347 ], [ -114.090766, 50.93434 ], [ -114.090845, 50.93434 ], [ -114.090903, 50.934337 ], [ -114.090974, 50.934328 ], [ -114.091037, 50.934311 ], [ -114.09112, 50.934283 ], [ -114.091198, 50.934261 ], [ -114.091295, 50.934238 ], [ -114.091393, 50.934222 ], [ -114.091544, 50.934204 ], [ -114.091648, 50.93419 ], [ -114.091692, 50.934167 ], [ -114.091808, 50.93402 ], [ -114.091888, 50.933974 ], [ -114.091954, 50.933938 ], [ -114.092101, 50.933925 ], [ -114.092256, 50.933909 ], [ -114.09257, 50.933879 ], [ -114.092758, 50.93385 ], [ -114.092971, 50.933817 ], [ -114.093174, 50.93381 ], [ -114.093336, 50.93385 ], [ -114.093752, 50.934038 ], [ -114.093978, 50.934113 ], [ -114.094068, 50.934142 ], [ -114.094127, 50.934153 ], [ -114.094195, 50.93417 ], [ -114.094278, 50.934195 ], [ -114.094377, 50.93423 ], [ -114.094542, 50.934292 ], [ -114.094601, 50.934315 ], [ -114.094653, 50.934331 ], [ -114.094695, 50.934339 ], [ -114.094752, 50.934341 ], [ -114.0948, 50.934341 ], [ -114.094859, 50.934339 ], [ -114.094963, 50.934321 ], [ -114.095061, 50.934293 ], [ -114.095184, 50.934254 ], [ -114.095307, 50.934212 ], [ -114.095619, 50.934128 ] ] } },
{ "type": "Feature", "properties": { "cls": "separated", "highway": "cycleway", "name": null }, "geometry": { "type": "LineString", "coordinates": [ [ -114.085266, 50.933642 ], [ -114.08529, 50.933644 ], [ -114.085347, 50.933645 ], [ -114.085445, 50.933644 ], [ -114.085625, 50.933642 ], [ -114.085884, 50.933645 ], [ -114.085962, 50.933655 ], [ -114.086033, 50.933663 ], [ -114.086135, 50.933676 ], [ -114.086157, 50.93374 ], [ -114.086163, 50.933792 ], [ -114.08617, 50.933857 ], [ -114.086171, 50.933946 ], [ -114.086195, 50.934135 ], [ -114.086212, 50.934216 ], [ -114.086193, 50.934339 ], [ -114.086148, 50.934393 ], [ -114.086114, 50.93443 ], [ -114.086062, 50.934479 ], [ -114.085969, 50.934527 ], [ -114.085581, 50.934654 ] ] } },
{ "type": "Feature", "properties": { "cls": "separated", "highway": "cycleway", "name": null }, "geometry": { "type": "LineString", "coordinates": [ [ -114.08368, 50.934592 ], [ -114.083771, 50.934592 ], [ -114.083871, 50.934596 ], [ -114.085581, 50.934654 ] ] } },
{ "type": "Feature", "properties": { "cls": "separated", "highway": "cycleway", "name": null }, "geometry": { "type": "LineString", "coordinates": [ [ -114.114213, 50.929434 ], [ -114.11431, 50.92946 ], [ -114.114429, 50.929487 ], [ -114.114585, 50.929454 ], [ -114.114662, 50.929441 ], [ -114.115204, 50.929307 ], [ -114.115219, 50.929303 ], [ -114.115829, 50.929137 ], [ -114.115905, 50.929093 ], [ -114.115923, 50.929068 ], [ -114.115965, 50.928875 ], [ -114.115992, 50.9288 ], [ -114.116074, 50.928668 ], [ -114.116211, 50.928539 ], [ -114.116285, 50.928496 ], [ -114.116467, 50.928415 ], [ -114.11656, 50.928354 ], [ -114.116675, 50.928276 ], [ -114.116771, 50.928232 ], [ -114.116866, 50.928183 ], [ -114.117087, 50.928094 ], [ -114.117312, 50.92796 ], [ -114.117403, 50.927917 ], [ -114.117481, 50.927892 ], [ -114.118014, 50.927857 ], [ -114.118237, 50.927853 ], [ -114.118488, 50.927863 ], [ -114.118801, 50.927827 ], [ -114.119059, 50.927768 ], [ -114.119184, 50.927754 ], [ -114.119356, 50.927755 ], [ -114.119563, 50.927784 ], [ -114.119783, 50.927791 ], [ -114.120033, 50.92777 ], [ -114.120539, 50.927695 ], [ -114.120689, 50.927656 ], [ -114.120807, 50.927613 ], [ -114.121018, 50.927519 ], [ -114.121515, 50.927395 ], [ -114.121689, 50.927402 ], [ -114.121997, 50.927429 ], [ -114.122053, 50.927439 ], [ -114.122235, 50.927471 ], [ -114.122316, 50.927501 ], [ -114.122375, 50.927534 ], [ -114.122445, 50.9276 ], [ -114.122474, 50.927662 ], [ -114.122474, 50.9277 ], [ -114.122447, 50.927779 ], [ -114.122409, 50.927842 ], [ -114.122292, 50.928004 ], [ -114.122225, 50.928149 ], [ -114.122214, 50.928198 ], [ -114.122212, 50.928271 ], [ -114.122228, 50.928386 ], [ -114.122203, 50.928521 ], [ -114.122225, 50.92867 ], [ -114.122199, 50.928749 ], [ -114.122197, 50.92879 ], [ -114.122215, 50.928887 ], [ -114.122252, 50.92896 ] ] } },
{ "type": "Feature", "properties": { "cls": "separated", "highway": "cycleway", "name": null }, "geometry": { "type": "LineString", "coordinates": [ [ -114.123732, 50.929426 ], [ -114.123921, 50.929477 ], [ -114.124152, 50.929505 ], [ -114.124288, 50.929511 ], [ -114.124388, 50.929498 ], [ -114.124509, 50.929454 ], [ -114.124646, 50.929387 ], [ -114.124786, 50.929284 ], [ -114.124874, 50.929177 ], [ -114.125005, 50.928973 ], [ -114.125062, 50.928933 ], [ -114.125217, 50.928888 ], [ -114.125264, 50.928866 ], [ -114.125304, 50.92884 ], [ -114.125393, 50.928756 ], [ -114.125512, 50.928659 ], [ -114.125544, 50.928645 ], [ -114.125621, 50.92863 ], [ -114.12589, 50.928619 ], [ -114.126363, 50.928627 ], [ -114.126417, 50.928625 ], [ -114.126483, 50.928609 ], [ -114.126564, 50.928562 ], [ -114.126658, 50.928458 ], [ -114.126886, 50.928152 ], [ -114.127353, 50.927487 ], [ -114.127528, 50.927202 ], [ -114.127588, 50.927147 ], [ -114.127804, 50.927063 ], [ -114.128099, 50.926894 ], [ -114.128148, 50.926875 ], [ -114.128258, 50.926856 ], [ -114.128419, 50.926858 ], [ -114.128481, 50.926876 ], [ -114.128618, 50.926937 ], [ -114.128662, 50.926941 ], [ -114.128756, 50.926936 ], [ -114.129157, 50.926884 ], [ -114.129376, 50.926878 ], [ -114.129408, 50.926885 ], [ -114.129457, 50.926919 ], [ -114.129543, 50.927038 ], [ -114.129634, 50.927128 ], [ -114.129785, 50.927209 ], [ -114.130076, 50.927325 ], [ -114.130179, 50.927375 ], [ -114.130313, 50.927484 ], [ -114.130384, 50.927571 ], [ -114.130479, 50.927689 ], [ -114.130521, 50.927733 ], [ -114.130524, 50.927735 ], [ -114.130563, 50.927776 ], [ -114.130632, 50.927829 ], [ -114.130696, 50.927868 ], [ -114.13083, 50.927926 ], [ -114.130913, 50.927966 ], [ -114.130963, 50.927999 ], [ -114.13128, 50.928341 ], [ -114.131451, 50.928497 ], [ -114.131696, 50.928641 ], [ -114.131867, 50.928725 ], [ -114.131952, 50.928753 ], [ -114.132162, 50.928748 ], [ -114.132244, 50.928762 ], [ -114.132305, 50.92879 ], [ -114.132431, 50.928848 ], [ -114.132752, 50.928959 ], [ -114.132817, 50.929012 ], [ -114.132885, 50.929167 ], [ -114.132918, 50.929291 ], [ -114.132925, 50.929375 ], [ -114.132888, 50.929493 ], [ -114.132879, 50.92957 ], [ -114.132892, 50.929636 ], [ -114.13291, 50.929727 ], [ -114.13298, 50.929852 ], [ -114.133149, 50.929997 ], [ -114.133259, 50.930154 ], [ -114.13332, 50.930277 ], [ -114.1334, 50.930531 ], [ -114.133438, 50.930582 ], [ -114.13353, 50.930636 ], [ -114.133666, 50.930682 ], [ -114.133869, 50.930727 ], [ -114.134033, 50.930749 ], [ -114.13413, 50.930776 ], [ -114.134169, 50.930798 ], [ -114.134331, 50.930936 ], [ -114.134478, 50.931095 ] ] } },
{ "type": "Feature", "properties": { "cls": "separated", "highway": "cycleway", "name": null }, "geometry": { "type": "LineString", "coordinates": [ [ -114.122252, 50.92896 ], [ -114.122283, 50.92911 ], [ -114.12239, 50.929377 ], [ -114.122469, 50.929447 ], [ -114.122589, 50.929486 ], [ -114.122707, 50.929531 ], [ -114.122795, 50.92954 ], [ -114.123085, 50.929521 ], [ -114.123313, 50.929509 ], [ -114.123495, 50.92945 ], [ -114.123685, 50.929431 ], [ -114.123732, 50.929426 ] ] } },
{ "type": "Feature", "properties": { "cls": "separated", "highway": "cycleway", "name": null }, "geometry": { "type": "LineString", "coordinates": [ [ -114.137305, 50.928753 ], [ -114.137207, 50.928805 ], [ -114.137178, 50.92883 ], [ -114.137158, 50.928863 ], [ -114.137155, 50.928896 ], [ -114.137147, 50.928935 ], [ -114.137137, 50.929015 ], [ -114.137135, 50.929154 ], [ -114.137126, 50.929262 ], [ -114.137092, 50.929384 ], [ -114.137072, 50.929446 ], [ -114.137049, 50.929481 ], [ -114.13703, 50.929507 ], [ -114.137004, 50.929518 ], [ -114.136958, 50.929539 ], [ -114.136915, 50.929553 ], [ -114.136838, 50.929563 ], [ -114.136736, 50.929568 ], [ -114.136503, 50.92958 ], [ -114.136234, 50.929598 ], [ -114.135914, 50.929626 ], [ -114.135678, 50.929656 ], [ -114.135601, 50.929663 ], [ -114.135499, 50.929673 ], [ -114.135322, 50.929686 ], [ -114.135181, 50.929703 ], [ -114.134956, 50.929741 ], [ -114.134788, 50.929782 ], [ -114.134628, 50.929834 ], [ -114.134379, 50.929927 ], [ -114.134235, 50.92999 ], [ -114.134162, 50.930031 ], [ -114.134099, 50.930077 ], [ -114.134067, 50.930113 ], [ -114.134046, 50.93015 ], [ -114.134037, 50.930195 ], [ -114.134039, 50.930238 ], [ -114.134061, 50.930322 ], [ -114.134117, 50.93044 ], [ -114.13418, 50.930538 ], [ -114.134292, 50.930683 ], [ -114.13436, 50.930777 ], [ -114.134442, 50.930884 ], [ -114.134466, 50.930924 ], [ -114.134475, 50.930951 ], [ -114.134483, 50.930997 ], [ -114.134485, 50.931043 ], [ -114.134478, 50.931095 ] ] } },
{ "type": "Feature", "properties": { "cls": "shared", "highway": "path", "name": null }, "geometry": { "type": "LineString", "coordinates": [ [ -114.11533, 50.929688 ], [ -114.115433, 50.929894 ], [ -114.115361, 50.929942 ] ] } },
{ "type": "Feature", "properties": { "cls": "shared", "highway": "path", "name": null }, "geometry": { "type": "MultiLineString", "coordinates": [ [ [ -114.117833, 50.930545 ], [ -114.11783, 50.930526 ], [ -114.117815, 50.930448 ], [ -114.117819, 50.930359 ], [ -114.117833, 50.930275 ] ], [ [ -114.117834, 50.929898 ], [ -114.117831, 50.929888 ], [ -114.117773, 50.929782 ], [ -114.117733, 50.92972 ], [ -114.117712, 50.929667 ], [ -114.117695, 50.929603 ], [ -114.117686, 50.929552 ], [ -114.117672, 50.929534 ], [ -114.117643, 50.929512 ], [ -114.117561, 50.929468 ], [ -114.117516, 50.929454 ], [ -114.117484, 50.92945 ], [ -114.117449, 50.92945 ], [ -114.117417, 50.929456 ], [ -114.117394, 50.929467 ], [ -114.11737, 50.929489 ], [ -114.117292, 50.9296 ], [ -114.117227, 50.929697 ], [ -114.117165, 50.929774 ], [ -114.11714, 50.929799 ], [ -114.117101, 50.929839 ], [ -114.117015, 50.929902 ], [ -114.116894, 50.929983 ], [ -114.116728, 50.930082 ], [ -114.116637, 50.930128 ], [ -114.116514, 50.93017 ], [ -114.116411, 50.930192 ], [ -114.116303, 50.930205 ], [ -114.116127, 50.930227 ], [ -114.115985, 50.930244 ], [ -114.115909, 50.930256 ], [ -114.115867, 50.930269 ], [ -114.115844, 50.930284 ], [ -114.115752, 50.930362 ], [ -114.115685, 50.930423 ], [ -114.115653, 50.93046 ], [ -114.115633, 50.930494 ], [ -114.115629, 50.930522 ], [ -114.115631, 50.930551 ], [ -114.115648, 50.930592 ], [ -114.115657, 50.930629 ], [ -114.115652, 50.930659 ], [ -114.115635, 50.930694 ], [ -114.115613, 50.930732 ], [ -114.11555, 50.930841 ] ] ] } },
{ "type": "Feature", "properties": { "cls": "separated", "highway": "cycleway", "name": null }, "geometry": { "type": "LineString", "coordinates": [ [ -114.117832, 50.932667 ], [ -114.117799, 50.932646 ], [ -114.117683, 50.932594 ], [ -114.117487, 50.932495 ], [ -114.117235, 50.93238 ], [ -114.117145, 50.932329 ], [ -114.117013, 50.932239 ], [ -114.116915, 50.932164 ], [ -114.116829, 50.932071 ], [ -114.11677, 50.931981 ], [ -114.116702, 50.931852 ], [ -114.116624, 50.931736 ], [ -114.116524, 50.931587 ], [ -114.116407, 50.931435 ], [ -114.116291, 50.931287 ], [ -114.116238, 50.931234 ], [ -114.116113, 50.931122 ], [ -114.115984, 50.931032 ], [ -114.115848, 50.930925 ], [ -114.115725, 50.930811 ], [ -114.115663, 50.930759 ], [ -114.115613, 50.930732 ], [ -114.115551, 50.930697 ], [ -114.115533, 50.930668 ], [ -114.115534, 50.930632 ], [ -114.115515, 50.930518 ], [ -114.115515, 50.930487 ], [ -114.115526, 50.930454 ], [ -114.115553, 50.930411 ], [ -114.115626, 50.930333 ], [ -114.115689, 50.930263 ], [ -114.115866, 50.930079 ], [ -114.115937, 50.930027 ], [ -114.116032, 50.929964 ], [ -114.116062, 50.92993 ], [ -114.116083, 50.9299 ], [ -114.116101, 50.929848 ], [ -114.116152, 50.92967 ], [ -114.116178, 50.929528 ], [ -114.116175, 50.929471 ], [ -114.116149, 50.92939 ], [ -114.116047, 50.929308 ], [ -114.11596, 50.929275 ], [ -114.115845, 50.929226 ], [ -114.115829, 50.929137 ] ] } },
{ "type": "Feature", "properties": { "cls": "separated", "highway": "cycleway", "name": null }, "geometry": { "type": "LineString", "coordinates": [ [ -114.134478, 50.931095 ], [ -114.134468, 50.931225 ], [ -114.1345, 50.931301 ], [ -114.13461, 50.931379 ], [ -114.134902, 50.93152 ], [ -114.1356, 50.93176 ], [ -114.135853, 50.931833 ], [ -114.136014, 50.931911 ], [ -114.136123, 50.931959 ], [ -114.136339, 50.932006 ], [ -114.136675, 50.932032 ], [ -114.136862, 50.93207 ], [ -114.136946, 50.932102 ], [ -114.137029, 50.932133 ], [ -114.137128, 50.932184 ], [ -114.137239, 50.93226 ], [ -114.137784, 50.932672 ], [ -114.137844, 50.932717 ], [ -114.137936, 50.932769 ], [ -114.138056, 50.932814 ], [ -114.138406, 50.932895 ], [ -114.13856, 50.932923 ], [ -114.13876, 50.93295 ], [ -114.138854, 50.932971 ], [ -114.138886, 50.932984 ] ] } },
{ "type": "Feature", "properties": { "cls": "separated", "highway": "cycleway", "name": "Bridge 5 Fish Creek Pk" }, "geometry": { "type": "LineString", "coordinates": [ [ -114.105216, 50.932766 ], [ -114.105355, 50.933172 ] ] } },
{ "type": "Feature", "properties": { "cls": "separated", "highway": "cycleway", "name": null }, "geometry": { "type": "LineString", "coordinates": [ [ -114.105355, 50.933172 ], [ -114.105418, 50.933336 ], [ -114.105446, 50.93342 ], [ -114.105449, 50.933481 ], [ -114.105383, 50.933588 ], [ -114.105348, 50.933625 ], [ -114.105307, 50.933667 ], [ -114.105245, 50.933711 ], [ -114.105174, 50.933753 ], [ -114.105096, 50.933789 ], [ -114.105044, 50.933806 ], [ -114.104952, 50.933812 ], [ -114.104865, 50.933816 ], [ -114.104754, 50.933813 ], [ -114.104646, 50.933825 ], [ -114.104545, 50.933843 ], [ -114.104452, 50.933866 ], [ -114.104376, 50.933899 ] ] } },
{ "type": "Feature", "properties": { "cls": "separated", "highway": "cycleway", "name": "Bridge 6 Fish Creek Pk" }, "geometry": { "type": "LineString", "coordinates": [ [ -114.104376, 50.933899 ], [ -114.103783, 50.934203 ] ] } },
{ "type": "Feature", "properties": { "cls": "separated", "highway": "cycleway", "name": null }, "geometry": { "type": "LineString", "coordinates": [ [ -114.107982, 50.935927 ], [ -114.107974, 50.935903 ], [ -114.107957, 50.935849 ], [ -114.107925, 50.935774 ], [ -114.107881, 50.935692 ], [ -114.10781, 50.935538 ], [ -114.107735, 50.935435 ] ] } },
{ "type": "Feature", "properties": { "cls": "separated", "highway": "cycleway", "name": null }, "geometry": { "type": "LineString", "coordinates": [ [ -114.095619, 50.934128 ], [ -114.095818, 50.934204 ], [ -114.095924, 50.934236 ], [ -114.096026, 50.934274 ], [ -114.096082, 50.934289 ], [ -114.096202, 50.934332 ], [ -114.096386, 50.934391 ], [ -114.096624, 50.934468 ], [ -114.096818, 50.934538 ], [ -114.096928, 50.934576 ], [ -114.097033, 50.934608 ], [ -114.09722, 50.934663 ], [ -114.097439, 50.934741 ], [ -114.097656, 50.934816 ], [ -114.097802, 50.934865 ], [ -114.098137, 50.934983 ], [ -114.098255, 50.935024 ], [ -114.098346, 50.93505 ], [ -114.098454, 50.935076 ], [ -114.098557, 50.935097 ], [ -114.098717, 50.935129 ], [ -114.098843, 50.935154 ], [ -114.098908, 50.935164 ], [ -114.098966, 50.935172 ], [ -114.099006, 50.935177 ], [ -114.099087, 50.935174 ], [ -114.099155, 50.935171 ], [ -114.099211, 50.935166 ], [ -114.099265, 50.935165 ], [ -114.099325, 50.935164 ], [ -114.099354, 50.935166 ], [ -114.099384, 50.93517 ], [ -114.099445, 50.935184 ], [ -114.099506, 50.935208 ], [ -114.099631, 50.935254 ], [ -114.099688, 50.935283 ], [ -114.099742, 50.935316 ], [ -114.099787, 50.935347 ], [ -114.099872, 50.935402 ], [ -114.10004, 50.935526 ], [ -114.100236, 50.935659 ], [ -114.100347, 50.935735 ], [ -114.100419, 50.935797 ], [ -114.100472, 50.935844 ], [ -114.100514, 50.935879 ], [ -114.100593, 50.935943 ], [ -114.100661, 50.935988 ], [ -114.100717, 50.93603 ], [ -114.100777, 50.936083 ], [ -114.100812, 50.936111 ], [ -114.100828, 50.936124 ], [ -114.10084, 50.936125 ] ] } },
{ "type": "Feature", "properties": { "cls": "separated", "highway": "cycleway", "name": null }, "geometry": { "type": "LineString", "coordinates": [ [ -114.083461, 50.935074 ], [ -114.083467, 50.935048 ], [ -114.083515, 50.934952 ], [ -114.083599, 50.93481 ], [ -114.083674, 50.934705 ], [ -114.083771, 50.934592 ] ] } }
]
}
