{
"type": "FeatureCollection",
"name": "093-amsterdam-amsterdamse-bos",
"crs": { "type": "name", "properties": { "name": "urn:ogc:def:crs:OGC:1.3:CRS84" } },
"xy_coordinate_resolution": 1e-06,
"features": [
{ "type": "Feature", "properties": { "cls": "separated", "highway": "cycleway", "name": "Legmeerdijk" }, "geometry": { "type": "LineString", "coordinates": [ [ 4.824336, 52.290374 ], [ 4.824334, 52.290372 ], [ 4.824332, 52.290369 ] ] } },
{ "type": "Feature", "properties": { "cls": "separated", "highway": "cycleway", "name": "Zwarte Pad" }, "geometry": { "type": "LineString", "coordinates": [ [ 4.83167, 52.295206 ], [ 4.832224, 52.294637 ], [ 4.832265, 52.294588 ], [ 4.832298, 52.294538 ], [ 4.832321, 52.294455 ], [ 4.832395, 52.293943 ], [ 4.832443, 52.293855 ], [ 4.832494, 52.293761 ], [ 4.832646, 52.293591 ] ] } },
{ "type": "Feature", "properties": { "cls": "separated", "highway": "cycleway", "name": null }, "geometry": { "type": "LineString", "coordinates": [ [ 4.822012, 52.29276 ], [ 4.821962, 52.29274 ] ] } },
{ "type": "Feature", "properties": { "cls": "separated", "highway": "cycleway", "name": "Kleine Noorddijk" }, "geometry": { "type": "LineString", "coordinates": [ [ 4.822988, 52.293053 ], [ 4.82283, 52.292995 ], [ 4.822217, 52.292522 ], [ 4.822204, 52.292511 ] ] } },
{ "type": "Feature", "properties": { "cls": "separated", "highway": "cycleway", "name": "Kleine Noorddijk" }, "geometry": { "type": "LineString", "coordinates": [ [ 4.825861, 52.29408 ], [ 4.824999, 52.293771 ], [ 4.824678, 52.293656 ], [ 4.824335, 52.293533 ], [ 4.823666, 52.293301 ], [ 4.822988, 52.293053 ] ] } },
{ "type": "Feature", "properties": { "cls": "separated", "highway": "cycleway", "name": null }, "geometry": { "type": "LineString", "coordinates": [ [ 4.825781, 52.295986 ], [ 4.825013, 52.295716 ], [ 4.824297, 52.295467 ], [ 4.824217, 52.295482 ], [ 4.823669, 52.296042 ] ] } },
{ "type": "Feature", "properties": { "cls": "separated", "highway": "cycleway", "name": null }, "geometry": { "type": "LineString", "coordinates": [ [ 4.822502, 52.296768 ], [ 4.822701, 52.296658 ], [ 4.823476, 52.296255 ], [ 4.823669, 52.296042 ] ] } },
{ "type": "Feature", "properties": { "cls": "separated", "highway": "cycleway", "name": null }, "geometry": { "type": "LineString", "coordinates": [ [ 4.822292, 52.296884 ], [ 4.822366, 52.296848 ], [ 4.822434, 52.29681 ], [ 4.822502, 52.296768 ] ] } },
{ "type": "Feature", "properties": { "cls": "separated", "highway": "cycleway", "name": null }, "geometry": { "type": "LineString", "coordinates": [ [ 4.821918, 52.297089 ], [ 4.82223, 52.296918 ], [ 4.822292, 52.296884 ] ] } },
{ "type": "Feature", "properties": { "cls": "separated", "highway": "cycleway", "name": "Bosrandweg" }, "geometry": { "type": "LineString", "coordinates": [ [ 4.819717, 52.294841 ], [ 4.819671, 52.294904 ], [ 4.819401, 52.295222 ], [ 4.819119, 52.29552 ], [ 4.818539, 52.296146 ], [ 4.817933, 52.296765 ], [ 4.817766, 52.296934 ], [ 4.817725, 52.296989 ], [ 4.817676, 52.297099 ] ] } },
{ "type": "Feature", "properties": { "cls": "separated", "highway": "cycleway", "name": null }, "geometry": { "type": "LineString", "coordinates": [ [ 4.815717, 52.29911 ], [ 4.816451, 52.29947 ], [ 4.816904, 52.299709 ], [ 4.81711, 52.2998 ] ] } },
{ "type": "Feature", "properties": { "cls": "separated", "highway": "cycleway", "name": null }, "geometry": { "type": "LineString", "coordinates": [ [ 4.81711, 52.2998 ], [ 4.817454, 52.299857 ] ] } },
{ "type": "Feature", "properties": { "cls": "separated", "highway": "cycleway", "name": null }, "geometry": { "type": "LineString", "coordinates": [ [ 4.817454, 52.299857 ], [ 4.817719, 52.299914 ], [ 4.817816, 52.299893 ], [ 4.81813, 52.29993 ], [ 4.819497, 52.30039 ] ] } },
{ "type": "Feature", "properties": { "cls": "separated", "highway": "cycleway", "name": "Bosrandweg" }, "geometry": { "type": "LineString", "coordinates": [ [ 4.813986, 52.300847 ], [ 4.813954, 52.300882 ], [ 4.812542, 52.302378 ], [ 4.81171, 52.303258 ], [ 4.811579, 52.30342 ], [ 4.811545, 52.303486 ], [ 4.811522, 52.303551 ], [ 4.811496, 52.303722 ], [ 4.811465, 52.303925 ] ] } },
{ "type": "Feature", "properties": { "cls": "separated", "highway": "cycleway", "name": null }, "geometry": { "type": "LineString", "coordinates": [ [ 4.8211, 52.301009 ], [ 4.821054, 52.301057 ], [ 4.820849, 52.301257 ], [ 4.820738, 52.301358 ], [ 4.820682, 52.301414 ], [ 4.820613, 52.301466 ], [ 4.820229, 52.301735 ], [ 4.819889, 52.302052 ], [ 4.818452, 52.303524 ], [ 4.818246, 52.303752 ], [ 4.818068, 52.303884 ], [ 4.817968, 52.303929 ], [ 4.817902, 52.303956 ], [ 4.817845, 52.303981 ], [ 4.817695, 52.304021 ], [ 4.817558, 52.304039 ], [ 4.817454, 52.304042 ], [ 4.817261, 52.304038 ], [ 4.817, 52.304012 ], [ 4.816735, 52.303987 ], [ 4.816319, 52.304005 ], [ 4.816122, 52.304039 ], [ 4.815952, 52.304094 ], [ 4.815737, 52.304201 ] ] } },
{ "type": "Feature", "properties": { "cls": "separated", "highway": "cycleway", "name": "Kleine Noorddijk" }, "geometry": { "type": "LineString", "coordinates": [ [ 4.830974, 52.295867 ], [ 4.830908, 52.295843 ], [ 4.829332, 52.295288 ], [ 4.827165, 52.29454 ], [ 4.826513, 52.294317 ], [ 4.825861, 52.29408 ] ] } },
{ "type": "Feature", "properties": { "cls": "separated", "highway": "cycleway", "name": null }, "geometry": { "type": "LineString", "coordinates": [ [ 4.831423, 52.295406 ], [ 4.83167, 52.295206 ] ] } },
{ "type": "Feature", "properties": { "cls": "separated", "highway": "cycleway", "name": null }, "geometry": { "type": "LineString", "coordinates": [ [ 4.830974, 52.295867 ], [ 4.831216, 52.2956 ], [ 4.831423, 52.295406 ] ] } },
{ "type": "Feature", "properties": { "cls": "separated", "highway": "cycleway", "name": "Kleine Noorddijk" }, "geometry": { "type": "LineString", "coordinates": [ [ 4.83105, 52.295894 ], [ 4.830974, 52.295867 ] ] } },
{ "type": "Feature", "properties": { "cls": "separated", "highway": "cycleway", "name": null }, "geometry": { "type": "LineString", "coordinates": [ [ 4.825966, 52.296041 ], [ 4.825781, 52.295986 ] ] } },
{ "type": "Feature", "properties": { "cls": "separated", "highway": "cycleway", "name": "Kleine Noorddijk" }, "geometry": { "type": "LineString", "coordinates": [ [ 4.831397, 52.29602 ], [ 4.83105, 52.295894 ] ] } },
{ "type": "Feature", "properties": { "cls": "separated", "highway": "cycleway", "name": null }, "geometry": { "type": "LineString", "coordinates": [ [ 4.826084, 52.296099 ], [ 4.825966, 52.296041 ] ] } },
{ "type": "Feature", "properties": { "cls": "separated", "highway": "cycleway", "name": null }, "geometry": { "type": "LineString", "coordinates": [ [ 4.826084, 52.296099 ], [ 4.827857, 52.296724 ], [ 4.828126, 52.296814 ] ] } },
{ "type": "Feature", "properties": { "cls": "separated", "highway": "cycleway", "name": null }, "geometry": { "type": "LineString", "coordinates": [ [ 4.828126, 52.296814 ], [ 4.828459, 52.296911 ] ] } },
{ "type": "Feature", "properties": { "cls": "separated", "highway": "cycleway", "name": null }, "geometry": { "type": "LineString", "coordinates": [ [ 4.828459, 52.296911 ], [ 4.828624, 52.29697 ] ] } },
{ "type": "Feature", "properties": { "cls": "separated", "highway": "cycleway", "name": null }, "geometry": { "type": "LineString", "coordinates": [ [ 4.817933, 52.296765 ], [ 4.818764, 52.297044 ], [ 4.819365, 52.29725 ], [ 4.819812, 52.297401 ], [ 4.819932, 52.297444 ], [ 4.820064, 52.297486 ], [ 4.820194, 52.297515 ], [ 4.82031, 52.297533 ], [ 4.820423, 52.29753 ], [ 4.820531, 52.297518 ], [ 4.820609, 52.297501 ], [ 4.820811, 52.297455 ], [ 4.821534, 52.297259 ], [ 4.821768, 52.297168 ], [ 4.821918, 52.297089 ] ] } },
{ "type": "Feature", "properties": { "cls": "separated", "highway": "cycleway", "name": null }, "geometry": { "type": "LineString", "coordinates": [ [ 4.823004, 52.29908 ], [ 4.823218, 52.298894 ], [ 4.82398, 52.298292 ], [ 4.824073, 52.298214 ], [ 4.824339, 52.29794 ], [ 4.82547, 52.296725 ], [ 4.826084, 52.296099 ] ] } },
{ "type": "Feature", "properties": { "cls": "separated", "highway": "cycleway", "name": null }, "geometry": { "type": "LineString", "coordinates": [ [ 4.823004, 52.29908 ], [ 4.822169, 52.299908 ] ] } },
{ "type": "Feature", "properties": { "cls": "separated", "highway": "cycleway", "name": null }, "geometry": { "type": "LineString", "coordinates": [ [ 4.822169, 52.299908 ], [ 4.822102, 52.299987 ], [ 4.822044, 52.300052 ] ] } },
{ "type": "Feature", "properties": { "cls": "separated", "highway": "cycleway", "name": "Hoedbrug" }, "geometry": { "type": "LineString", "coordinates": [ [ 4.822044, 52.300052 ], [ 4.821792, 52.300309 ] ] } },
{ "type": "Feature", "properties": { "cls": "separated", "highway": "cycleway", "name": null }, "geometry": { "type": "LineString", "coordinates": [ [ 4.819497, 52.30039 ], [ 4.820207, 52.300657 ], [ 4.820452, 52.300802 ] ] } },
{ "type": "Feature", "properties": { "cls": "separated", "highway": "cycleway", "name": null }, "geometry": { "type": "LineString", "coordinates": [ [ 4.821792, 52.300309 ], [ 4.821386, 52.30072 ], [ 4.8211, 52.301009 ] ] } },
{ "type": "Feature", "properties": { "cls": "separated", "highway": "cycleway", "name": null }, "geometry": { "type": "LineString", "coordinates": [ [ 4.820452, 52.300802 ], [ 4.820681, 52.300882 ] ] } },
{ "type": "Feature", "properties": { "cls": "separated", "highway": "cycleway", "name": null }, "geometry": { "type": "LineString", "coordinates": [ [ 4.820681, 52.300882 ], [ 4.8211, 52.301009 ] ] } },
{ "type": "Feature", "properties": { "cls": "separated", "highway": "cycleway", "name": null }, "geometry": { "type": "LineString", "coordinates": [ [ 4.8211, 52.301009 ], [ 4.821517, 52.301163 ], [ 4.822787, 52.301653 ], [ 4.82294, 52.301681 ], [ 4.823043, 52.301639 ], [ 4.823387, 52.301341 ], [ 4.823525, 52.301314 ], [ 4.824385, 52.301612 ] ] } },
{ "type": "Feature", "properties": { "cls": "separated", "highway": "cycleway", "name": null }, "geometry": { "type": "LineString", "coordinates": [ [ 4.826536, 52.302073 ], [ 4.826127, 52.302189 ] ] } },
{ "type": "Feature", "properties": { "cls": "separated", "highway": "cycleway", "name": null }, "geometry": { "type": "LineString", "coordinates": [ [ 4.826127, 52.302189 ], [ 4.825709, 52.302319 ] ] } },
{ "type": "Feature", "properties": { "cls": "separated", "highway": "cycleway", "name": null }, "geometry": { "type": "LineString", "coordinates": [ [ 4.825863, 52.302774 ], [ 4.825737, 52.302378 ], [ 4.825709, 52.302319 ] ] } },
{ "type": "Feature", "properties": { "cls": "separated", "highway": "cycleway", "name": null }, "geometry": { "type": "LineString", "coordinates": [ [ 4.825828, 52.303031 ], [ 4.825863, 52.302774 ] ] } },
{ "type": "Feature", "properties": { "cls": "separated", "highway": "cycleway", "name": null }, "geometry": { "type": "LineString", "coordinates": [ [ 4.825444, 52.303811 ], [ 4.825828, 52.303031 ] ] } },
{ "type": "Feature", "properties": { "cls": "separated", "highway": "cycleway", "name": null }, "geometry": { "type": "LineString", "coordinates": [ [ 4.833751, 52.304053 ], [ 4.833773, 52.303976 ] ] } },
{ "type": "Feature", "properties": { "cls": "separated", "highway": "cycleway", "name": null }, "geometry": { "type": "LineString", "coordinates": [ [ 4.832238, 52.30412 ], [ 4.832596, 52.304019 ], [ 4.832735, 52.30399 ], [ 4.832885, 52.303965 ], [ 4.833131, 52.303942 ], [ 4.833396, 52.303944 ], [ 4.833773, 52.303976 ] ] } },
{ "type": "Feature", "properties": { "cls": "separated", "highway": "cycleway", "name": null }, "geometry": { "type": "LineString", "coordinates": [ [ 4.829848, 52.304735 ], [ 4.830234, 52.304877 ], [ 4.830342, 52.304902 ], [ 4.830484, 52.304913 ], [ 4.830603, 52.304917 ], [ 4.830713, 52.304906 ], [ 4.830903, 52.304867 ], [ 4.831039, 52.304808 ], [ 4.831219, 52.304714 ], [ 4.831607, 52.304442 ], [ 4.83178, 52.304347 ], [ 4.831934, 52.304242 ], [ 4.832238, 52.30412 ] ] } },
{ "type": "Feature", "properties": { "cls": "separated", "highway": "cycleway", "name": null }, "geometry": { "type": "LineString", "coordinates": [ [ 4.82976, 52.304798 ], [ 4.829848, 52.304735 ] ] } },
{ "type": "Feature", "properties": { "cls": "separated", "highway": "cycleway", "name": null }, "geometry": { "type": "LineString", "coordinates": [ [ 4.829607, 52.30493 ], [ 4.82976, 52.304798 ] ] } },
{ "type": "Feature", "properties": { "cls": "separated", "highway": "cycleway", "name": null }, "geometry": { "type": "LineString", "coordinates": [ [ 4.825709, 52.302319 ], [ 4.825694, 52.3023 ], [ 4.825644, 52.302226 ], [ 4.82545, 52.302055 ], [ 4.82531, 52.301979 ], [ 4.824385, 52.301612 ] ] } },
{ "type": "Feature", "properties": { "cls": "separated", "highway": "cycleway", "name": null }, "geometry": { "type": "LineString", "coordinates": [ [ 4.825444, 52.303811 ], [ 4.825173, 52.30429 ], [ 4.824774, 52.305069 ], [ 4.824327, 52.305291 ], [ 4.824141, 52.305502 ], [ 4.82394, 52.305759 ], [ 4.823663, 52.306022 ], [ 4.823446, 52.306116 ], [ 4.823248, 52.306142 ], [ 4.822459, 52.30619 ], [ 4.821952, 52.306284 ], [ 4.821789, 52.306347 ], [ 4.821496, 52.306514 ], [ 4.821457, 52.306687 ], [ 4.82133, 52.306931 ], [ 4.821239, 52.306991 ], [ 4.821257, 52.307087 ], [ 4.821309, 52.307365 ], [ 4.821348, 52.30747 ], [ 4.821343, 52.307602 ], [ 4.821341, 52.307628 ] ] } },
{ "type": "Feature", "properties": { "cls": "separated", "highway": "cycleway", "name": "Nieuwe Meerlaan" }, "geometry": { "type": "LineString", "coordinates": [ [ 4.820053, 52.30755 ], [ 4.82023, 52.307571 ], [ 4.820418, 52.30758 ] ] } },
{ "type": "Feature", "properties": { "cls": "separated", "highway": "cycleway", "name": "Burgemeester A. Colijnweg" }, "geometry": { "type": "LineString", "coordinates": [ [ 4.820418, 52.30758 ], [ 4.821341, 52.307628 ] ] } },
{ "type": "Feature", "properties": { "cls": "separated", "highway": "cycleway", "name": "Burgemeester A. Colijnweg" }, "geometry": { "type": "LineString", "coordinates": [ [ 4.821341, 52.307628 ], [ 4.821393, 52.307631 ], [ 4.821457, 52.307636 ] ] } },
{ "type": "Feature", "properties": { "cls": "separated", "highway": "cycleway", "name": "Burgemeester A. Colijnweg" }, "geometry": { "type": "LineString", "coordinates": [ [ 4.821457, 52.307636 ], [ 4.821862, 52.307662 ] ] } },
{ "type": "Feature", "properties": { "cls": "separated", "highway": "cycleway", "name": "Burgemeester A. Colijnweg" }, "geometry": { "type": "LineString", "coordinates": [ [ 4.821862, 52.307662 ], [ 4.821901, 52.307664 ], [ 4.821951, 52.307668 ] ] } },
{ "type": "Feature", "properties": { "cls": "separated", "highway": "cycleway", "name": null }, "geometry": { "type": "LineString", "coordinates": [ [ 4.821341, 52.307628 ], [ 4.821331, 52.307688 ], [ 4.82132, 52.30775 ], [ 4.821314, 52.307795 ], [ 4.821282, 52.307822 ], [ 4.821243, 52.307844 ], [ 4.821012, 52.307939 ], [ 4.820933, 52.307978 ], [ 4.820899, 52.30801 ], [ 4.820898, 52.308039 ], [ 4.820924, 52.308077 ], [ 4.821175, 52.308324 ], [ 4.82152, 52.308706 ], [ 4.821634, 52.30884 ] ] } },
{ "type": "Feature", "properties": { "cls": "separated", "highway": "cycleway", "name": null }, "geometry": { "type": "LineString", "coordinates": [ [ 4.821634, 52.30884 ], [ 4.821734, 52.308954 ] ] } },
{ "type": "Feature", "properties": { "cls": "separated", "highway": "cycleway", "name": null }, "geometry": { "type": "LineString", "coordinates": [ [ 4.821734, 52.308954 ], [ 4.821843, 52.309082 ] ] } },
{ "type": "Feature", "properties": { "cls": "separated", "highway": "cycleway", "name": null }, "geometry": { "type": "LineString", "coordinates": [ [ 4.811405, 52.304272 ], [ 4.811401, 52.304206 ], [ 4.811417, 52.304141 ], [ 4.81147, 52.304074 ], [ 4.811481, 52.304041 ], [ 4.811478, 52.304009 ], [ 4.811461, 52.303966 ], [ 4.811465, 52.303925 ] ] } },
{ "type": "Feature", "properties": { "cls": "separated", "highway": "cycleway", "name": "Meester Jac. Takkade" }, "geometry": { "type": "LineString", "coordinates": [ [ 4.811167, 52.304257 ], [ 4.811196, 52.304259 ], [ 4.811405, 52.304272 ] ] } },
{ "type": "Feature", "properties": { "cls": "separated", "highway": "cycleway", "name": "Nieuwe Meerlaan" }, "geometry": { "type": "LineString", "coordinates": [ [ 4.811405, 52.304272 ], [ 4.811485, 52.304283 ], [ 4.811522, 52.304296 ], [ 4.811545, 52.304318 ], [ 4.811595, 52.304386 ], [ 4.811613, 52.304414 ], [ 4.811653, 52.304438 ], [ 4.811769, 52.304481 ], [ 4.811992, 52.304569 ], [ 4.812212, 52.304657 ], [ 4.812369, 52.304719 ], [ 4.812536, 52.304772 ], [ 4.812723, 52.304834 ], [ 4.812908, 52.304894 ], [ 4.813275, 52.305047 ], [ 4.813429, 52.305099 ], [ 4.813592, 52.305181 ], [ 4.813798, 52.305256 ], [ 4.814031, 52.305344 ] ] } },
{ "type": "Feature", "properties": { "cls": "separated", "highway": "cycleway", "name": "Bosrandweg" }, "geometry": { "type": "LineString", "coordinates": [ [ 4.811405, 52.304272 ], [ 4.811405, 52.30437 ], [ 4.81143, 52.304432 ], [ 4.811432, 52.30447 ], [ 4.811422, 52.304505 ], [ 4.811412, 52.304531 ], [ 4.8114, 52.304549 ], [ 4.811383, 52.304581 ], [ 4.811373, 52.304598 ], [ 4.811363, 52.304614 ], [ 4.81134, 52.304639 ], [ 4.811316, 52.304648 ], [ 4.81127, 52.304652 ], [ 4.811211, 52.304659 ], [ 4.81117, 52.304678 ], [ 4.811124, 52.304705 ], [ 4.811031, 52.304762 ], [ 4.810972, 52.304816 ], [ 4.8107, 52.305156 ], [ 4.810496, 52.305376 ], [ 4.810279, 52.305578 ] ] } },
{ "type": "Feature", "properties": { "cls": "separated", "highway": "cycleway", "name": null }, "geometry": { "type": "LineString", "coordinates": [ [ 4.814031, 52.305344 ], [ 4.814147, 52.305387 ] ] } },
{ "type": "Feature", "properties": { "cls": "separated", "highway": "cycleway", "name": "Nieuwe Meerlaan" }, "geometry": { "type": "LineString", "coordinates": [ [ 4.814147, 52.305387 ], [ 4.814308, 52.305445 ], [ 4.815565, 52.3059 ], [ 4.81626, 52.306158 ], [ 4.816602, 52.306284 ], [ 4.816969, 52.30642 ], [ 4.817175, 52.306495 ], [ 4.817638, 52.306665 ], [ 4.817695, 52.306685 ], [ 4.818026, 52.306819 ], [ 4.818361, 52.306953 ], [ 4.818398, 52.306968 ], [ 4.819012, 52.307192 ], [ 4.819621, 52.307422 ], [ 4.81996, 52.307531 ], [ 4.820053, 52.30755 ] ] } },
{ "type": "Feature", "properties": { "cls": "separated", "highway": "cycleway", "name": null }, "geometry": { "type": "LineString", "coordinates": [ [ 4.833253, 52.30569 ], [ 4.833308, 52.305587 ], [ 4.833331, 52.305524 ], [ 4.833355, 52.305435 ], [ 4.833377, 52.305335 ], [ 4.833486, 52.304995 ], [ 4.833751, 52.304053 ] ] } },
{ "type": "Feature", "properties": { "cls": "separated", "highway": "cycleway", "name": null }, "geometry": { "type": "LineString", "coordinates": [ [ 4.829419, 52.305125 ], [ 4.829607, 52.30493 ] ] } },
{ "type": "Feature", "properties": { "cls": "separated", "highway": "cycleway", "name": null }, "geometry": { "type": "LineString", "coordinates": [ [ 4.829413, 52.30534 ], [ 4.829384, 52.305239 ], [ 4.829419, 52.305125 ] ] } },
{ "type": "Feature", "properties": { "cls": "separated", "highway": "cycleway", "name": null }, "geometry": { "type": "LineString", "coordinates": [ [ 4.833355, 52.305435 ], [ 4.833535, 52.305533 ], [ 4.83361, 52.30556 ], [ 4.833745, 52.305585 ] ] } },
{ "type": "Feature", "properties": { "cls": "separated", "highway": "cycleway", "name": "Burgemeester A. Colijnweg" }, "geometry": { "type": "LineString", "coordinates": [ [ 4.830935, 52.306223 ], [ 4.831491, 52.306096 ] ] } },
{ "type": "Feature", "properties": { "cls": "separated", "highway": "cycleway", "name": null }, "geometry": { "type": "LineString", "coordinates": [ [ 4.829413, 52.30534 ], [ 4.829301, 52.305393 ], [ 4.829155, 52.305485 ], [ 4.828118, 52.306146 ], [ 4.827772, 52.306304 ], [ 4.824812, 52.307056 ], [ 4.824403, 52.307169 ], [ 4.823599, 52.30731 ], [ 4.823019, 52.307378 ], [ 4.822649, 52.307414 ], [ 4.822354, 52.307466 ], [ 4.822091, 52.30756 ], [ 4.822005, 52.307624 ], [ 4.821951, 52.307668 ] ] } },
{ "type": "Feature", "properties": { "cls": "separated", "highway": "cycleway", "name": "Burgemeester A. Colijnweg" }, "geometry": { "type": "LineString", "coordinates": [ [ 4.821951, 52.307668 ], [ 4.822026, 52.307675 ], [ 4.822897, 52.307729 ], [ 4.822998, 52.307766 ], [ 4.823339, 52.307892 ], [ 4.823456, 52.30793 ], [ 4.82361, 52.307951 ], [ 4.823794, 52.307971 ], [ 4.823936, 52.307976 ], [ 4.824086, 52.307961 ], [ 4.824365, 52.307913 ], [ 4.825251, 52.307683 ], [ 4.825666, 52.307564 ], [ 4.826168, 52.307426 ], [ 4.828412, 52.306827 ], [ 4.830249, 52.306391 ], [ 4.830863, 52.306238 ], [ 4.830935, 52.306223 ] ] } },
{ "type": "Feature", "properties": { "cls": "separated", "highway": "cycleway", "name": null }, "geometry": { "type": "LineString", "coordinates": [ [ 4.827256, 52.309895 ], [ 4.827254, 52.309795 ], [ 4.827253, 52.309704 ], [ 4.827303, 52.309516 ], [ 4.827502, 52.309202 ], [ 4.827542, 52.30917 ], [ 4.827759, 52.309015 ], [ 4.827968, 52.308907 ], [ 4.828182, 52.30884 ], [ 4.828368, 52.308807 ], [ 4.82959, 52.308578 ], [ 4.830834, 52.308378 ], [ 4.831508, 52.308352 ], [ 4.832034, 52.308293 ], [ 4.832096, 52.308284 ], [ 4.832203, 52.308247 ], [ 4.832628, 52.308143 ], [ 4.833102, 52.307985 ], [ 4.833616, 52.307748 ], [ 4.834037, 52.307516 ], [ 4.83425, 52.307417 ], [ 4.834458, 52.307338 ], [ 4.834748, 52.307251 ], [ 4.835856, 52.306994 ] ] } },
{ "type": "Feature", "properties": { "cls": "separated", "highway": "cycleway", "name": null }, "geometry": { "type": "LineString", "coordinates": [ [ 4.82717, 52.310147 ], [ 4.827256, 52.309895 ] ] } },
{ "type": "Feature", "properties": { "cls": "separated", "highway": "cycleway", "name": null }, "geometry": { "type": "LineString", "coordinates": [ [ 4.82717, 52.310147 ], [ 4.827092, 52.310346 ], [ 4.827082, 52.31037 ], [ 4.826999, 52.310502 ], [ 4.826812, 52.311035 ], [ 4.826736, 52.31114 ], [ 4.826603, 52.311242 ], [ 4.826375, 52.311331 ], [ 4.825807, 52.311438 ], [ 4.825259, 52.311549 ], [ 4.825034, 52.311618 ], [ 4.824605, 52.311774 ], [ 4.824098, 52.311946 ], [ 4.823787, 52.312023 ] ] } },
{ "type": "Feature", "properties": { "cls": "separated", "highway": "cycleway", "name": null }, "geometry": { "type": "LineString", "coordinates": [ [ 4.843393, 52.296822 ], [ 4.843497, 52.296811 ] ] } },
{ "type": "Feature", "properties": { "cls": "separated", "highway": "cycleway", "name": null }, "geometry": { "type": "LineString", "coordinates": [ [ 4.840376, 52.292578 ], [ 4.840457, 52.292682 ], [ 4.8406, 52.29289 ], [ 4.841398, 52.294078 ], [ 4.841594, 52.29439 ] ] } },
{ "type": "Feature", "properties": { "cls": "separated", "highway": "cycleway", "name": null }, "geometry": { "type": "LineString", "coordinates": [ [ 4.841594, 52.29439 ], [ 4.841753, 52.294612 ] ] } },
{ "type": "Feature", "properties": { "cls": "separated", "highway": "cycleway", "name": null }, "geometry": { "type": "LineString", "coordinates": [ [ 4.843227, 52.296843 ], [ 4.843284, 52.296836 ], [ 4.843393, 52.296822 ] ] } },
{ "type": "Feature", "properties": { "cls": "separated", "highway": "cycleway", "name": null }, "geometry": { "type": "LineString", "coordinates": [ [ 4.834332, 52.302065 ], [ 4.8346, 52.302164 ] ] } },
{ "type": "Feature", "properties": { "cls": "separated", "highway": "cycleway", "name": null }, "geometry": { "type": "LineString", "coordinates": [ [ 4.834183, 52.302585 ], [ 4.834332, 52.302065 ] ] } },
{ "type": "Feature", "properties": { "cls": "separated", "highway": "cycleway", "name": null }, "geometry": { "type": "LineString", "coordinates": [ [ 4.8346, 52.302164 ], [ 4.836407, 52.302788 ], [ 4.836556, 52.302817 ], [ 4.836718, 52.302819 ], [ 4.837528, 52.302798 ], [ 4.837775, 52.302815 ], [ 4.837923, 52.302862 ], [ 4.838022, 52.302907 ], [ 4.838103, 52.302958 ], [ 4.838159, 52.30301 ], [ 4.838376, 52.303296 ] ] } },
{ "type": "Feature", "properties": { "cls": "separated", "highway": "cycleway", "name": null }, "geometry": { "type": "LineString", "coordinates": [ [ 4.841753, 52.294612 ], [ 4.842383, 52.29557 ], [ 4.842653, 52.295973 ], [ 4.843227, 52.296843 ], [ 4.843428, 52.297144 ], [ 4.843728, 52.2976 ], [ 4.844102, 52.298154 ], [ 4.844312, 52.298458 ], [ 4.844528, 52.298731 ], [ 4.844608, 52.298824 ], [ 4.844834, 52.299057 ], [ 4.845095, 52.299283 ], [ 4.845443, 52.299577 ], [ 4.845529, 52.299668 ], [ 4.845572, 52.299739 ], [ 4.845613, 52.299897 ] ] } },
{ "type": "Feature", "properties": { "cls": "separated", "highway": "cycleway", "name": null }, "geometry": { "type": "LineString", "coordinates": [ [ 4.845613, 52.299897 ], [ 4.845715, 52.299888 ] ] } },
{ "type": "Feature", "properties": { "cls": "separated", "highway": "cycleway", "name": "Cor Heijpad" }, "geometry": { "type": "LineString", "coordinates": [ [ 4.845613, 52.299897 ], [ 4.845629, 52.299972 ] ] } },
{ "type": "Feature", "properties": { "cls": "separated", "highway": "cycleway", "name": "Cor Heijpad" }, "geometry": { "type": "LineString", "coordinates": [ [ 4.845629, 52.299972 ], [ 4.845723, 52.300319 ], [ 4.845792, 52.300395 ], [ 4.845829, 52.300505 ], [ 4.845848, 52.300613 ], [ 4.845835, 52.300671 ], [ 4.845814, 52.300718 ], [ 4.845644, 52.300897 ] ] } },
{ "type": "Feature", "properties": { "cls": "separated", "highway": "cycleway", "name": null }, "geometry": { "type": "LineString", "coordinates": [ [ 4.845644, 52.300897 ], [ 4.845647, 52.300899 ] ] } },
{ "type": "Feature", "properties": { "cls": "separated", "highway": "cycleway", "name": "Cor Heijpad" }, "geometry": { "type": "LineString", "coordinates": [ [ 4.845644, 52.300897 ], [ 4.845486, 52.301033 ], [ 4.845415, 52.301098 ], [ 4.845377, 52.301132 ], [ 4.845315, 52.301172 ] ] } },
{ "type": "Feature", "properties": { "cls": "separated", "highway": "cycleway", "name": "Kleine Noorddijk" }, "geometry": { "type": "LineString", "coordinates": [ [ 4.83169, 52.298093 ], [ 4.83172, 52.298036 ], [ 4.831737, 52.297945 ], [ 4.831984, 52.297071 ], [ 4.832109, 52.296623 ], [ 4.832106, 52.296573 ], [ 4.832092, 52.296539 ], [ 4.832053, 52.296476 ], [ 4.832001, 52.296422 ], [ 4.831934, 52.296353 ], [ 4.831799, 52.296231 ], [ 4.831638, 52.296132 ], [ 4.831397, 52.29602 ] ] } },
{ "type": "Feature", "properties": { "cls": "separated", "highway": "cycleway", "name": null }, "geometry": { "type": "LineString", "coordinates": [ [ 4.828624, 52.29697 ], [ 4.828941, 52.297111 ], [ 4.829451, 52.297289 ], [ 4.829709, 52.297387 ], [ 4.830385, 52.297632 ] ] } },
{ "type": "Feature", "properties": { "cls": "separated", "highway": "cycleway", "name": null }, "geometry": { "type": "LineString", "coordinates": [ [ 4.830385, 52.297632 ], [ 4.830673, 52.297734 ], [ 4.830832, 52.297791 ], [ 4.831635, 52.298081 ], [ 4.83169, 52.298093 ] ] } },
{ "type": "Feature", "properties": { "cls": "separated", "highway": "cycleway", "name": null }, "geometry": { "type": "LineString", "coordinates": [ [ 4.829011, 52.297049 ], [ 4.828941, 52.297111 ], [ 4.828842, 52.29721 ], [ 4.828395, 52.297643 ], [ 4.827112, 52.299033 ], [ 4.82708, 52.299063 ], [ 4.826847, 52.299306 ], [ 4.826808, 52.299399 ], [ 4.826817, 52.29945 ], [ 4.826887, 52.299561 ], [ 4.827104, 52.299767 ], [ 4.827196, 52.299949 ], [ 4.827257, 52.300184 ], [ 4.827436, 52.300425 ], [ 4.826613, 52.301759 ], [ 4.826758, 52.301971 ], [ 4.826794, 52.302027 ] ] } },
{ "type": "Feature", "properties": { "cls": "separated", "highway": "cycleway", "name": null }, "geometry": { "type": "LineString", "coordinates": [ [ 4.830878, 52.301029 ], [ 4.830799, 52.301022 ], [ 4.830659, 52.301021 ], [ 4.8305, 52.301047 ], [ 4.829269, 52.30139 ], [ 4.828595, 52.301586 ] ] } },
{ "type": "Feature", "properties": { "cls": "separated", "highway": "cycleway", "name": "Kleine Noorddijk" }, "geometry": { "type": "LineString", "coordinates": [ [ 4.829848, 52.304735 ], [ 4.829895, 52.304684 ], [ 4.829919, 52.304586 ], [ 4.829924, 52.304483 ], [ 4.829952, 52.304297 ], [ 4.830105, 52.303752 ], [ 4.830295, 52.303096 ], [ 4.830465, 52.302438 ], [ 4.830646, 52.301824 ], [ 4.830819, 52.301246 ], [ 4.830878, 52.301029 ], [ 4.831228, 52.299751 ], [ 4.831559, 52.298579 ], [ 4.83169, 52.298093 ] ] } },
{ "type": "Feature", "properties": { "cls": "separated", "highway": "cycleway", "name": null }, "geometry": { "type": "LineString", "coordinates": [ [ 4.830878, 52.301029 ], [ 4.83142, 52.301093 ], [ 4.834332, 52.302065 ] ] } },
{ "type": "Feature", "properties": { "cls": "separated", "highway": "cycleway", "name": null }, "geometry": { "type": "LineString", "coordinates": [ [ 4.828595, 52.301586 ], [ 4.828424, 52.301637 ] ] } },
{ "type": "Feature", "properties": { "cls": "separated", "highway": "cycleway", "name": null }, "geometry": { "type": "LineString", "coordinates": [ [ 4.828424, 52.301637 ], [ 4.828232, 52.301693 ], [ 4.827735, 52.301838 ], [ 4.826962, 52.302047 ] ] } },
{ "type": "Feature", "properties": { "cls": "separated", "highway": "cycleway", "name": null }, "geometry": { "type": "LineString", "coordinates": [ [ 4.826962, 52.302047 ], [ 4.826794, 52.302027 ], [ 4.826672, 52.302035 ], [ 4.826536, 52.302073 ] ] } },
{ "type": "Feature", "properties": { "cls": "separated", "highway": "cycleway", "name": "Cor Heijpad" }, "geometry": { "type": "LineString", "coordinates": [ [ 4.845315, 52.301172 ], [ 4.845293, 52.301209 ], [ 4.845253, 52.301246 ], [ 4.845163, 52.301321 ], [ 4.84508, 52.301393 ], [ 4.844935, 52.301522 ], [ 4.844868, 52.301586 ] ] } },
{ "type": "Feature", "properties": { "cls": "separated", "highway": "cycleway", "name": null }, "geometry": { "type": "LineString", "coordinates": [ [ 4.84379, 52.30279 ], [ 4.843743, 52.302609 ], [ 4.843702, 52.302477 ], [ 4.843639, 52.302237 ] ] } },
{ "type": "Feature", "properties": { "cls": "separated", "highway": "cycleway", "name": null }, "geometry": { "type": "LineString", "coordinates": [ [ 4.843617, 52.302836 ], [ 4.843652, 52.302956 ] ] } },
{ "type": "Feature", "properties": { "cls": "separated", "highway": "cycleway", "name": "Doorweg" }, "geometry": { "type": "LineString", "coordinates": [ [ 4.841746, 52.303325 ], [ 4.842475, 52.303137 ], [ 4.843617, 52.302836 ], [ 4.84379, 52.30279 ], [ 4.844407, 52.30281 ] ] } },
{ "type": "Feature", "properties": { "cls": "separated", "highway": "cycleway", "name": null }, "geometry": { "type": "LineString", "coordinates": [ [ 4.833773, 52.303976 ], [ 4.834183, 52.302585 ] ] } },
{ "type": "Feature", "properties": { "cls": "separated", "highway": "cycleway", "name": null }, "geometry": { "type": "LineString", "coordinates": [ [ 4.838376, 52.303296 ], [ 4.838477, 52.303412 ], [ 4.838928, 52.304003 ], [ 4.839138, 52.30422 ] ] } },
{ "type": "Feature", "properties": { "cls": "separated", "highway": "cycleway", "name": null }, "geometry": { "type": "LineString", "coordinates": [ [ 4.839288, 52.304621 ], [ 4.839298, 52.304659 ], [ 4.839275, 52.30467 ], [ 4.838945, 52.304675 ], [ 4.83837, 52.304744 ], [ 4.838318, 52.304766 ], [ 4.838294, 52.304799 ], [ 4.838295, 52.304817 ], [ 4.838318, 52.30483 ], [ 4.838361, 52.304837 ], [ 4.838478, 52.304849 ] ] } },
{ "type": "Feature", "properties": { "cls": "separated", "highway": "cycleway", "name": "Burgemeester A. Colijnweg" }, "geometry": { "type": "LineString", "coordinates": [ [ 4.831491, 52.306096 ], [ 4.831869, 52.306018 ], [ 4.833253, 52.30569 ], [ 4.833745, 52.305585 ], [ 4.836158, 52.30506 ], [ 4.838471, 52.304484 ], [ 4.838662, 52.304435 ], [ 4.838761, 52.304395 ], [ 4.838944, 52.304322 ] ] } },
{ "type": "Feature", "properties": { "cls": "separated", "highway": "cycleway", "name": null }, "geometry": { "type": "LineString", "coordinates": [ [ 4.836251, 52.3069 ], [ 4.836494, 52.306844 ], [ 4.838603, 52.306369 ], [ 4.839246, 52.306224 ], [ 4.840274, 52.305978 ], [ 4.840352, 52.305952 ] ] } },
{ "type": "Feature", "properties": { "cls": "separated", "highway": "service", "name": null }, "geometry": { "type": "LineString", "coordinates": [ [ 4.841198, 52.307152 ], [ 4.841133, 52.307196 ], [ 4.84102, 52.30721 ], [ 4.840914, 52.30717 ], [ 4.840733, 52.306967 ], [ 4.840439, 52.306501 ], [ 4.840421, 52.306428 ], [ 4.840436, 52.306328 ], [ 4.840528, 52.306153 ] ] } },
{ "type": "Feature", "properties": { "cls": "separated", "highway": "cycleway", "name": null }, "geometry": { "type": "LineString", "coordinates": [ [ 4.835856, 52.306994 ], [ 4.836251, 52.3069 ] ] } },
{ "type": "Feature", "properties": { "cls": "separated", "highway": "cycleway", "name": null }, "geometry": { "type": "LineString", "coordinates": [ [ 4.815532, 52.307866 ], [ 4.815708, 52.307741 ], [ 4.815799, 52.307713 ], [ 4.816094, 52.307685 ], [ 4.817402, 52.307781 ], [ 4.818312, 52.307849 ], [ 4.818757, 52.307856 ], [ 4.819127, 52.307755 ], [ 4.819431, 52.307576 ], [ 4.819503, 52.30753 ], [ 4.819554, 52.307478 ], [ 4.819621, 52.307422 ] ] } },
{ "type": "Feature", "properties": { "cls": "separated", "highway": "cycleway", "name": null }, "geometry": { "type": "LineString", "coordinates": [ [ 4.815994, 52.310647 ], [ 4.815986, 52.310629 ], [ 4.815962, 52.310604 ], [ 4.815902, 52.310576 ], [ 4.815447, 52.310465 ], [ 4.815412, 52.310386 ], [ 4.815465, 52.310159 ], [ 4.815448, 52.310018 ], [ 4.815582, 52.30946 ], [ 4.815711, 52.308852 ], [ 4.815771, 52.308705 ], [ 4.815962, 52.30834 ], [ 4.815919, 52.30822 ], [ 4.815532, 52.307866 ], [ 4.815117, 52.30754 ], [ 4.814727, 52.307254 ], [ 4.814595, 52.307167 ], [ 4.814046, 52.306821 ], [ 4.813529, 52.306465 ], [ 4.813455, 52.306412 ], [ 4.813345, 52.306308 ], [ 4.813298, 52.306164 ], [ 4.813391, 52.305978 ], [ 4.81359, 52.305738 ], [ 4.813713, 52.305672 ] ] } },
{ "type": "Feature", "properties": { "cls": "painted", "highway": "unclassified", "name": "Schipholweg" }, "geometry": { "type": "LineString", "coordinates": [ [ 4.81682, 52.310997 ], [ 4.817295, 52.310742 ], [ 4.817766, 52.310508 ], [ 4.818325, 52.310245 ], [ 4.818608, 52.310117 ], [ 4.81896, 52.309963 ] ] } },
{ "type": "Feature", "properties": { "cls": "separated", "highway": "cycleway", "name": null }, "geometry": { "type": "LineString", "coordinates": [ [ 4.815994, 52.310647 ], [ 4.815991, 52.310692 ] ] } },
{ "type": "Feature", "properties": { "cls": "separated", "highway": "cycleway", "name": null }, "geometry": { "type": "LineString", "coordinates": [ [ 4.815991, 52.310692 ], [ 4.815808, 52.311099 ], [ 4.815796, 52.31113 ], [ 4.815804, 52.311162 ], [ 4.815824, 52.311186 ], [ 4.815883, 52.311225 ] ] } },
{ "type": "Feature", "properties": { "cls": "separated", "highway": "cycleway", "name": null }, "geometry": { "type": "LineString", "coordinates": [ [ 4.815815, 52.31148 ], [ 4.815854, 52.311458 ], [ 4.816128, 52.311305 ], [ 4.816194, 52.311273 ], [ 4.816291, 52.311242 ], [ 4.816385, 52.311213 ], [ 4.81682, 52.310997 ] ] } },
{ "type": "Feature", "properties": { "cls": "separated", "highway": "cycleway", "name": null }, "geometry": { "type": "LineString", "coordinates": [ [ 4.8217, 52.309137 ], [ 4.821843, 52.309082 ] ] } },
{ "type": "Feature", "properties": { "cls": "painted", "highway": "unclassified", "name": "Schipholweg" }, "geometry": { "type": "LineString", "coordinates": [ [ 4.821598, 52.309164 ], [ 4.8217, 52.309137 ] ] } },
{ "type": "Feature", "properties": { "cls": "painted", "highway": "unclassified", "name": "Schipholweg" }, "geometry": { "type": "LineString", "coordinates": [ [ 4.81896, 52.309963 ], [ 4.819167, 52.30991 ], [ 4.819337, 52.309889 ], [ 4.819466, 52.309887 ], [ 4.819651, 52.309899 ], [ 4.819838, 52.309891 ], [ 4.820033, 52.309853 ], [ 4.8202, 52.309793 ], [ 4.820309, 52.309743 ], [ 4.820635, 52.309583 ], [ 4.820993, 52.309414 ], [ 4.821485, 52.309202 ], [ 4.821598, 52.309164 ] ] } },
{ "type": "Feature", "properties": { "cls": "separated", "highway": "cycleway", "name": "Nieuwe Meerlaan" }, "geometry": { "type": "LineString", "coordinates": [ [ 4.822748, 52.310423 ], [ 4.822317, 52.309896 ], [ 4.822132, 52.309798 ], [ 4.821891, 52.30954 ], [ 4.821675, 52.30928 ], [ 4.821598, 52.309164 ] ] } },
{ "type": "Feature", "properties": { "cls": "separated", "highway": "cycleway", "name": null }, "geometry": { "type": "LineString", "coordinates": [ [ 4.827044, 52.310339 ], [ 4.826401, 52.310279 ], [ 4.825856, 52.310256 ], [ 4.824722, 52.310193 ], [ 4.824167, 52.310167 ], [ 4.823713, 52.310181 ], [ 4.823438, 52.310218 ], [ 4.82301, 52.310318 ], [ 4.822933, 52.310349 ] ] } },
{ "type": "Feature", "properties": { "cls": "separated", "highway": "cycleway", "name": null }, "geometry": { "type": "LineString", "coordinates": [ [ 4.822933, 52.310349 ], [ 4.822811, 52.310401 ] ] } },
{ "type": "Feature", "properties": { "cls": "separated", "highway": "cycleway", "name": null }, "geometry": { "type": "LineString", "coordinates": [ [ 4.822811, 52.310401 ], [ 4.822748, 52.310423 ] ] } },
{ "type": "Feature", "properties": { "cls": "separated", "highway": "cycleway", "name": null }, "geometry": { "type": "LineString", "coordinates": [ [ 4.822748, 52.310423 ], [ 4.822026, 52.310627 ], [ 4.821744, 52.31065 ], [ 4.821453, 52.310679 ], [ 4.82139, 52.310702 ], [ 4.821351, 52.310766 ], [ 4.821436, 52.311006 ] ] } },
{ "type": "Feature", "properties": { "cls": "separated", "highway": "cycleway", "name": null }, "geometry": { "type": "LineString", "coordinates": [ [ 4.822933, 52.310349 ], [ 4.823114, 52.310569 ], [ 4.823257, 52.31064 ], [ 4.823559, 52.310756 ], [ 4.823728, 52.310816 ], [ 4.823897, 52.310972 ], [ 4.824, 52.311171 ], [ 4.824059, 52.311379 ], [ 4.824015, 52.311614 ], [ 4.823946, 52.311801 ], [ 4.823889, 52.311944 ], [ 4.823861, 52.31198 ], [ 4.823787, 52.312023 ] ] } },
{ "type": "Feature", "properties": { "cls": "separated", "highway": "cycleway", "name": null }, "geometry": { "type": "LineString", "coordinates": [ [ 4.817289, 52.312371 ], [ 4.817362, 52.312498 ], [ 4.817489, 52.31269 ], [ 4.817598, 52.312781 ], [ 4.817924, 52.312949 ], [ 4.81826, 52.312991 ], [ 4.818623, 52.312996 ], [ 4.818831, 52.312993 ], [ 4.819056, 52.313002 ], [ 4.819228, 52.313022 ], [ 4.819434, 52.313054 ], [ 4.819648, 52.313125 ], [ 4.819898, 52.313324 ], [ 4.820203, 52.313532 ], [ 4.820529, 52.313717 ], [ 4.820912, 52.313839 ], [ 4.821049, 52.313862 ] ] } },
{ "type": "Feature", "properties": { "cls": "separated", "highway": "cycleway", "name": null }, "geometry": { "type": "LineString", "coordinates": [ [ 4.815883, 52.311225 ], [ 4.815951, 52.31127 ] ] } },
{ "type": "Feature", "properties": { "cls": "separated", "highway": "cycleway", "name": null }, "geometry": { "type": "LineString", "coordinates": [ [ 4.815951, 52.31127 ], [ 4.816086, 52.311361 ] ] } },
{ "type": "Feature", "properties": { "cls": "separated", "highway": "cycleway", "name": null }, "geometry": { "type": "LineString", "coordinates": [ [ 4.816921, 52.311335 ], [ 4.817, 52.31132 ] ] } },
{ "type": "Feature", "properties": { "cls": "separated", "highway": "cycleway", "name": null }, "geometry": { "type": "LineString", "coordinates": [ [ 4.816086, 52.311361 ], [ 4.816152, 52.311405 ] ] } },
{ "type": "Feature", "properties": { "cls": "separated", "highway": "cycleway", "name": null }, "geometry": { "type": "LineString", "coordinates": [ [ 4.816152, 52.311405 ], [ 4.816207, 52.311438 ], [ 4.816244, 52.311449 ], [ 4.816292, 52.311451 ], [ 4.816336, 52.311447 ], [ 4.816921, 52.311335 ] ] } },
{ "type": "Feature", "properties": { "cls": "separated", "highway": "cycleway", "name": null }, "geometry": { "type": "LineString", "coordinates": [ [ 4.815663, 52.311565 ], [ 4.815815, 52.31148 ] ] } },
{ "type": "Feature", "properties": { "cls": "separated", "highway": "cycleway", "name": null }, "geometry": { "type": "LineString", "coordinates": [ [ 4.817259, 52.312235 ], [ 4.817289, 52.312371 ] ] } },
{ "type": "Feature", "properties": { "cls": "separated", "highway": "cycleway", "name": null }, "geometry": { "type": "LineString", "coordinates": [ [ 4.817289, 52.312371 ], [ 4.817282, 52.312578 ], [ 4.817181, 52.312703 ], [ 4.817082, 52.312926 ], [ 4.817055, 52.313037 ], [ 4.817021, 52.31328 ], [ 4.816986, 52.313516 ], [ 4.816932, 52.313838 ], [ 4.816942, 52.31407 ], [ 4.816952, 52.314248 ], [ 4.816963, 52.314596 ], [ 4.816971, 52.314725 ], [ 4.817051, 52.315042 ], [ 4.817096, 52.31531 ] ] } },
{ "type": "Feature", "properties": { "cls": "separated", "highway": "cycleway", "name": null }, "geometry": { "type": "LineString", "coordinates": [ [ 4.821245, 52.314429 ], [ 4.821312, 52.3144 ] ] } },
{ "type": "Feature", "properties": { "cls": "separated", "highway": "cycleway", "name": null }, "geometry": { "type": "LineString", "coordinates": [ [ 4.823787, 52.312023 ], [ 4.823641, 52.312055 ], [ 4.823455, 52.312075 ], [ 4.823095, 52.312111 ], [ 4.822762, 52.312146 ], [ 4.822416, 52.312184 ], [ 4.822209, 52.312225 ], [ 4.821991, 52.312295 ], [ 4.821831, 52.312364 ], [ 4.821684, 52.312452 ], [ 4.821516, 52.312631 ], [ 4.821489, 52.312712 ], [ 4.821491, 52.312923 ], [ 4.82147, 52.313235 ], [ 4.821316, 52.313417 ], [ 4.821049, 52.313862 ], [ 4.82107, 52.314011 ], [ 4.821148, 52.314222 ], [ 4.821312, 52.3144 ], [ 4.821678, 52.314653 ], [ 4.821932, 52.314889 ], [ 4.822191, 52.314978 ], [ 4.822327, 52.315007 ], [ 4.822447, 52.315004 ], [ 4.822736, 52.314993 ], [ 4.822977, 52.314952 ], [ 4.823047, 52.31496 ], [ 4.823324, 52.315045 ], [ 4.823497, 52.315124 ], [ 4.823533, 52.315154 ], [ 4.823617, 52.315226 ], [ 4.823808, 52.315362 ], [ 4.823965, 52.31545 ], [ 4.824194, 52.31551 ], [ 4.824494, 52.315551 ], [ 4.824644, 52.3156 ], [ 4.824707, 52.315621 ], [ 4.82483, 52.31566 ], [ 4.824934, 52.315711 ], [ 4.825125, 52.315844 ], [ 4.825324, 52.316026 ], [ 4.825565, 52.316299 ], [ 4.825797, 52.316687 ], [ 4.825976, 52.317523 ] ] } },
{ "type": "Feature", "properties": { "cls": "separated", "highway": "cycleway", "name": null }, "geometry": { "type": "LineString", "coordinates": [ [ 4.819517, 52.317284 ], [ 4.819431, 52.317007 ], [ 4.819385, 52.316823 ], [ 4.819378, 52.31679 ], [ 4.81937, 52.316705 ], [ 4.819408, 52.316525 ], [ 4.819489, 52.31634 ], [ 4.819526, 52.316262 ], [ 4.819585, 52.31619 ], [ 4.819689, 52.316099 ], [ 4.819844, 52.315969 ], [ 4.820118, 52.315821 ], [ 4.820603, 52.315581 ], [ 4.820823, 52.315443 ], [ 4.820953, 52.315301 ], [ 4.821016, 52.315131 ], [ 4.821019, 52.315069 ], [ 4.821048, 52.314832 ], [ 4.82106, 52.314676 ], [ 4.821106, 52.314538 ], [ 4.821245, 52.314429 ] ] } },
{ "type": "Feature", "properties": { "cls": "separated", "highway": "cycleway", "name": null }, "geometry": { "type": "LineString", "coordinates": [ [ 4.822245, 52.316657 ], [ 4.822663, 52.316404 ], [ 4.82281, 52.316315 ], [ 4.823074, 52.316188 ], [ 4.823383, 52.316087 ], [ 4.82354, 52.316038 ], [ 4.823925, 52.315954 ], [ 4.824166, 52.315888 ], [ 4.824418, 52.315796 ], [ 4.824707, 52.315621 ] ] } },
{ "type": "Feature", "properties": { "cls": "separated", "highway": "cycleway", "name": null }, "geometry": { "type": "LineString", "coordinates": [ [ 4.8203, 52.317699 ], [ 4.820827, 52.317622 ], [ 4.820915, 52.317621 ], [ 4.821135, 52.317555 ], [ 4.821354, 52.317482 ], [ 4.821554, 52.317375 ], [ 4.82173, 52.317242 ], [ 4.8219, 52.31702 ], [ 4.822245, 52.316657 ] ] } },
{ "type": "Feature", "properties": { "cls": "separated", "highway": "cycleway", "name": null }, "geometry": { "type": "LineString", "coordinates": [ [ 4.81958, 52.317806 ], [ 4.819596, 52.317744 ], [ 4.819604, 52.317707 ], [ 4.819599, 52.317653 ], [ 4.819517, 52.317284 ] ] } },
{ "type": "Feature", "properties": { "cls": "separated", "highway": "cycleway", "name": null }, "geometry": { "type": "LineString", "coordinates": [ [ 4.820102, 52.317723 ], [ 4.8203, 52.317699 ] ] } },
{ "type": "Feature", "properties": { "cls": "separated", "highway": "cycleway", "name": null }, "geometry": { "type": "LineString", "coordinates": [ [ 4.824247, 52.318901 ], [ 4.824224, 52.318851 ], [ 4.824225, 52.318699 ], [ 4.824275, 52.318521 ], [ 4.824447, 52.318201 ], [ 4.82461, 52.318044 ], [ 4.82473, 52.317945 ], [ 4.824935, 52.317823 ], [ 4.825159, 52.317718 ], [ 4.825621, 52.317587 ], [ 4.825976, 52.317523 ] ] } },
{ "type": "Feature", "properties": { "cls": "separated", "highway": "cycleway", "name": null }, "geometry": { "type": "LineString", "coordinates": [ [ 4.820827, 52.317622 ], [ 4.820875, 52.317654 ], [ 4.820956, 52.318045 ], [ 4.820998, 52.318127 ], [ 4.821254, 52.318278 ], [ 4.821411, 52.318415 ], [ 4.821462, 52.318548 ], [ 4.821447, 52.3187 ], [ 4.821398, 52.318846 ], [ 4.821436, 52.318963 ], [ 4.821566, 52.319158 ], [ 4.821703, 52.319297 ], [ 4.821852, 52.319392 ], [ 4.822064, 52.319476 ], [ 4.822215, 52.319513 ], [ 4.822504, 52.319538 ], [ 4.822702, 52.31956 ], [ 4.822858, 52.319604 ], [ 4.822876, 52.319621 ] ] } },
{ "type": "Feature", "properties": { "cls": "separated", "highway": "cycleway", "name": null }, "geometry": { "type": "LineString", "coordinates": [ [ 4.822876, 52.319621 ], [ 4.822943, 52.319518 ], [ 4.823139, 52.319344 ], [ 4.823305, 52.319255 ], [ 4.823421, 52.3192 ], [ 4.823631, 52.319108 ], [ 4.823823, 52.319041 ], [ 4.824055, 52.318963 ], [ 4.824247, 52.318901 ] ] } },
{ "type": "Feature", "properties": { "cls": "separated", "highway": "cycleway", "name": null }, "geometry": { "type": "LineString", "coordinates": [ [ 4.828255, 52.317931 ], [ 4.828412, 52.317812 ], [ 4.82846, 52.317705 ], [ 4.828505, 52.317455 ], [ 4.828575, 52.317315 ], [ 4.828709, 52.317194 ], [ 4.828802, 52.317133 ], [ 4.82899, 52.317057 ], [ 4.829128, 52.317 ], [ 4.829182, 52.316972 ], [ 4.829264, 52.316908 ], [ 4.829326, 52.316775 ], [ 4.829354, 52.316648 ], [ 4.829426, 52.316524 ], [ 4.829484, 52.316458 ], [ 4.82956, 52.316364 ], [ 4.829597, 52.316293 ], [ 4.829616, 52.316138 ], [ 4.829619, 52.315707 ], [ 4.829624, 52.315541 ], [ 4.829626, 52.31541 ], [ 4.829643, 52.315253 ], [ 4.829671, 52.315157 ], [ 4.829725, 52.314991 ], [ 4.829801, 52.314825 ], [ 4.829847, 52.314731 ], [ 4.829898, 52.314616 ], [ 4.829919, 52.314541 ], [ 4.829896, 52.314481 ], [ 4.829864, 52.314435 ], [ 4.82973, 52.314285 ], [ 4.829702, 52.314153 ], [ 4.829702, 52.313981 ], [ 4.829693, 52.312607 ], [ 4.829674, 52.312443 ], [ 4.829601, 52.312306 ], [ 4.829505, 52.312169 ], [ 4.829303, 52.311991 ], [ 4.829075, 52.311822 ], [ 4.828465, 52.311377 ], [ 4.828395, 52.311307 ], [ 4.828225, 52.311108 ], [ 4.828073, 52.310851 ], [ 4.827956, 52.310673 ], [ 4.827789, 52.310553 ], [ 4.827612, 52.31046 ], [ 4.827385, 52.310398 ], [ 4.827188, 52.31036 ], [ 4.827092, 52.310346 ], [ 4.827044, 52.310339 ] ] } },
{ "type": "Feature", "properties": { "cls": "separated", "highway": "cycleway", "name": null }, "geometry": { "type": "LineString", "coordinates": [ [ 4.825976, 52.317523 ], [ 4.826006, 52.317513 ], [ 4.826395, 52.317495 ], [ 4.82681, 52.317504 ], [ 4.827381, 52.317601 ], [ 4.827829, 52.317735 ], [ 4.828012, 52.317814 ], [ 4.828255, 52.317931 ] ] } },
{ "type": "Feature", "properties": { "cls": "separated", "highway": "cycleway", "name": null }, "geometry": { "type": "LineString", "coordinates": [ [ 4.828255, 52.317931 ], [ 4.828321, 52.318012 ], [ 4.828396, 52.31809 ], [ 4.828591, 52.318279 ], [ 4.82873, 52.318367 ], [ 4.829176, 52.318507 ], [ 4.829354, 52.318604 ], [ 4.829494, 52.31865 ] ] } },
{ "type": "Feature", "properties": { "cls": "separated", "highway": "cycleway", "name": null }, "geometry": { "type": "LineString", "coordinates": [ [ 4.829494, 52.31865 ], [ 4.829842, 52.318722 ] ] } },
{ "type": "Feature", "properties": { "cls": "separated", "highway": "cycleway", "name": null }, "geometry": { "type": "LineString", "coordinates": [ [ 4.829842, 52.318722 ], [ 4.829942, 52.318743 ], [ 4.829964, 52.318747 ], [ 4.830137, 52.318751 ], [ 4.830351, 52.318744 ], [ 4.830391, 52.318747 ], [ 4.830465, 52.318759 ], [ 4.830695, 52.318846 ], [ 4.831039, 52.318986 ] ] } },
{ "type": "Feature", "properties": { "cls": "shared", "highway": "cycleway", "name": null }, "geometry": { "type": "LineString", "coordinates": [ [ 4.831193, 52.318704 ], [ 4.831137, 52.31883 ], [ 4.831039, 52.318986 ] ] } },
{ "type": "Feature", "properties": { "cls": "separated", "highway": "cycleway", "name": null }, "geometry": { "type": "LineString", "coordinates": [ [ 4.831039, 52.318986 ], [ 4.831647, 52.319195 ], [ 4.83245, 52.319485 ], [ 4.83397, 52.320049 ], [ 4.834109, 52.32011 ], [ 4.834239, 52.320176 ], [ 4.834287, 52.320217 ], [ 4.834308, 52.320275 ], [ 4.834288, 52.320321 ], [ 4.834247, 52.320364 ], [ 4.834217, 52.320388 ] ] } },
{ "type": "Feature", "properties": { "cls": "separated", "highway": "cycleway", "name": "De Duizendmeterweg" }, "geometry": { "type": "LineString", "coordinates": [ [ 4.825241, 52.321167 ], [ 4.825421, 52.321155 ], [ 4.82562, 52.321169 ], [ 4.82574, 52.321195 ], [ 4.825877, 52.321258 ], [ 4.826006, 52.321363 ], [ 4.82607, 52.321495 ], [ 4.826082, 52.321524 ], [ 4.826273, 52.321922 ], [ 4.826467, 52.322149 ], [ 4.826589, 52.322262 ], [ 4.826595, 52.322267 ], [ 4.826626, 52.322292 ], [ 4.826642, 52.322304 ], [ 4.826717, 52.322364 ], [ 4.826876, 52.322468 ], [ 4.82706, 52.322573 ], [ 4.827118, 52.322605 ] ] } },
{ "type": "Feature", "properties": { "cls": "separated", "highway": "cycleway", "name": null }, "geometry": { "type": "LineString", "coordinates": [ [ 4.832781, 52.32249 ], [ 4.832806, 52.322474 ], [ 4.833195, 52.322245 ], [ 4.833532, 52.322031 ], [ 4.83479, 52.321252 ] ] } },
{ "type": "Feature", "properties": { "cls": "separated", "highway": "cycleway", "name": null }, "geometry": { "type": "LineString", "coordinates": [ [ 4.827118, 52.322605 ], [ 4.827194, 52.32263 ], [ 4.827307, 52.322648 ], [ 4.827397, 52.322658 ], [ 4.827489, 52.322681 ], [ 4.827813, 52.322814 ], [ 4.827985, 52.322876 ] ] } },
{ "type": "Feature", "properties": { "cls": "separated", "highway": "cycleway", "name": null }, "geometry": { "type": "LineString", "coordinates": [ [ 4.817096, 52.31531 ], [ 4.817077, 52.31541 ] ] } },
{ "type": "Feature", "properties": { "cls": "separated", "highway": "cycleway", "name": "Schipholdijk" }, "geometry": { "type": "LineString", "coordinates": [ [ 4.817819, 52.318136 ], [ 4.817816, 52.318091 ], [ 4.817812, 52.318009 ], [ 4.817781, 52.317892 ], [ 4.817707, 52.317784 ], [ 4.817649, 52.317597 ], [ 4.817298, 52.316416 ], [ 4.817117, 52.315677 ], [ 4.817077, 52.31541 ] ] } },
{ "type": "Feature", "properties": { "cls": "separated", "highway": "cycleway", "name": null }, "geometry": { "type": "LineString", "coordinates": [ [ 4.817819, 52.318136 ], [ 4.817878, 52.318135 ], [ 4.817973, 52.318125 ], [ 4.81855, 52.318081 ], [ 4.818898, 52.318026 ], [ 4.819137, 52.317958 ], [ 4.819322, 52.317897 ], [ 4.81958, 52.317806 ], [ 4.819713, 52.317773 ], [ 4.819847, 52.317751 ], [ 4.820102, 52.317723 ] ] } },
{ "type": "Feature", "properties": { "cls": "separated", "highway": "cycleway", "name": "Schipholdijk" }, "geometry": { "type": "LineString", "coordinates": [ [ 4.818282, 52.319569 ], [ 4.81795, 52.318526 ], [ 4.817857, 52.318274 ], [ 4.817819, 52.318136 ] ] } },
{ "type": "Feature", "properties": { "cls": "separated", "highway": "cycleway", "name": null }, "geometry": { "type": "LineString", "coordinates": [ [ 4.825711, 52.319998 ], [ 4.825679, 52.319974 ], [ 4.825619, 52.319955 ], [ 4.825282, 52.319865 ], [ 4.825099, 52.319796 ], [ 4.824773, 52.319638 ], [ 4.82455, 52.319449 ], [ 4.824422, 52.319312 ], [ 4.824373, 52.31921 ], [ 4.82432, 52.319075 ], [ 4.824264, 52.318939 ], [ 4.824247, 52.318901 ] ] } },
{ "type": "Feature", "properties": { "cls": "separated", "highway": "cycleway", "name": null }, "geometry": { "type": "LineString", "coordinates": [ [ 4.822876, 52.319621 ], [ 4.822822, 52.319732 ] ] } },
{ "type": "Feature", "properties": { "cls": "separated", "highway": "cycleway", "name": null }, "geometry": { "type": "LineString", "coordinates": [ [ 4.822822, 52.319732 ], [ 4.822814, 52.319748 ], [ 4.822791, 52.319818 ] ] } },
{ "type": "Feature", "properties": { "cls": "separated", "highway": "cycleway", "name": null }, "geometry": { "type": "LineString", "coordinates": [ [ 4.822791, 52.319818 ], [ 4.822762, 52.319975 ] ] } },
{ "type": "Feature", "properties": { "cls": "separated", "highway": "cycleway", "name": null }, "geometry": { "type": "LineString", "coordinates": [ [ 4.825684, 52.320065 ], [ 4.825711, 52.319998 ] ] } },
{ "type": "Feature", "properties": { "cls": "separated", "highway": "cycleway", "name": null }, "geometry": { "type": "LineString", "coordinates": [ [ 4.825622, 52.32016 ], [ 4.825684, 52.320065 ] ] } },
{ "type": "Feature", "properties": { "cls": "separated", "highway": "cycleway", "name": null }, "geometry": { "type": "LineString", "coordinates": [ [ 4.825559, 52.320251 ], [ 4.825622, 52.32016 ] ] } },
{ "type": "Feature", "properties": { "cls": "separated", "highway": "cycleway", "name": null }, "geometry": { "type": "LineString", "coordinates": [ [ 4.818334, 52.31959 ], [ 4.818472, 52.319682 ], [ 4.818682, 52.319903 ], [ 4.818828, 52.320088 ], [ 4.818945, 52.320205 ], [ 4.819026, 52.320287 ], [ 4.819298, 52.320517 ], [ 4.819911, 52.320999 ], [ 4.820098, 52.321137 ], [ 4.820382, 52.321409 ], [ 4.820652, 52.321697 ], [ 4.820759, 52.321804 ], [ 4.820785, 52.321842 ] ] } },
{ "type": "Feature", "properties": { "cls": "separated", "highway": "cycleway", "name": null }, "geometry": { "type": "LineString", "coordinates": [ [ 4.822762, 52.319975 ], [ 4.822703, 52.320121 ], [ 4.822663, 52.320183 ], [ 4.822553, 52.320307 ], [ 4.822371, 52.320558 ], [ 4.822329, 52.320732 ], [ 4.822366, 52.320905 ], [ 4.822384, 52.321043 ], [ 4.822391, 52.32124 ], [ 4.822336, 52.321394 ] ] } },
{ "type": "Feature", "properties": { "cls": "separated", "highway": "cycleway", "name": null }, "geometry": { "type": "LineString", "coordinates": [ [ 4.825241, 52.321167 ], [ 4.825166, 52.321146 ], [ 4.82505, 52.321078 ], [ 4.825023, 52.32104 ], [ 4.825096, 52.320934 ], [ 4.825559, 52.320251 ] ] } },
{ "type": "Feature", "properties": { "cls": "separated", "highway": "cycleway", "name": null }, "geometry": { "type": "LineString", "coordinates": [ [ 4.822336, 52.321394 ], [ 4.822314, 52.321549 ] ] } },
{ "type": "Feature", "properties": { "cls": "separated", "highway": "cycleway", "name": null }, "geometry": { "type": "LineString", "coordinates": [ [ 4.822314, 52.321549 ], [ 4.822312, 52.321603 ], [ 4.822274, 52.321698 ], [ 4.822191, 52.321793 ] ] } },
{ "type": "Feature", "properties": { "cls": "separated", "highway": "cycleway", "name": null }, "geometry": { "type": "LineString", "coordinates": [ [ 4.821627, 52.321743 ], [ 4.821753, 52.321756 ] ] } },
{ "type": "Feature", "properties": { "cls": "separated", "highway": "cycleway", "name": null }, "geometry": { "type": "LineString", "coordinates": [ [ 4.82087, 52.321804 ], [ 4.821098, 52.321756 ], [ 4.82127, 52.321736 ], [ 4.821478, 52.321732 ], [ 4.821627, 52.321743 ] ] } },
{ "type": "Feature", "properties": { "cls": "separated", "highway": "cycleway", "name": null }, "geometry": { "type": "LineString", "coordinates": [ [ 4.821753, 52.321756 ], [ 4.82211, 52.321781 ], [ 4.822191, 52.321793 ] ] } },
{ "type": "Feature", "properties": { "cls": "separated", "highway": "cycleway", "name": null }, "geometry": { "type": "LineString", "coordinates": [ [ 4.824459, 52.322724 ], [ 4.824287, 52.322693 ], [ 4.824061, 52.322627 ], [ 4.823795, 52.322508 ], [ 4.823007, 52.322085 ], [ 4.822676, 52.321946 ], [ 4.822423, 52.321862 ], [ 4.822191, 52.321793 ] ] } },
{ "type": "Feature", "properties": { "cls": "separated", "highway": "cycleway", "name": null }, "geometry": { "type": "LineString", "coordinates": [ [ 4.820732, 52.322637 ], [ 4.820499, 52.322442 ] ] } },
{ "type": "Feature", "properties": { "cls": "separated", "highway": "cycleway", "name": null }, "geometry": { "type": "LineString", "coordinates": [ [ 4.820815, 52.32271 ], [ 4.820765, 52.322666 ], [ 4.820732, 52.322637 ] ] } },
{ "type": "Feature", "properties": { "cls": "separated", "highway": "cycleway", "name": null }, "geometry": { "type": "LineString", "coordinates": [ [ 4.824459, 52.322724 ], [ 4.824651, 52.322739 ], [ 4.824696, 52.322739 ], [ 4.825002, 52.322739 ], [ 4.825121, 52.32274 ], [ 4.825464, 52.322703 ], [ 4.825511, 52.322698 ], [ 4.825692, 52.322674 ], [ 4.825908, 52.322633 ], [ 4.826169, 52.322585 ], [ 4.826363, 52.322549 ], [ 4.82645, 52.322536 ], [ 4.826562, 52.322531 ], [ 4.82664, 52.322537 ], [ 4.826824, 52.322556 ], [ 4.827118, 52.322605 ] ] } },
{ "type": "Feature", "properties": { "cls": "separated", "highway": "cycleway", "name": null }, "geometry": { "type": "LineString", "coordinates": [ [ 4.821564, 52.323386 ], [ 4.821451, 52.323323 ], [ 4.821287, 52.323302 ], [ 4.821138, 52.323228 ], [ 4.821065, 52.323134 ], [ 4.821027, 52.322993 ], [ 4.821009, 52.322895 ], [ 4.820961, 52.322789 ], [ 4.820913, 52.322752 ], [ 4.82087, 52.322745 ], [ 4.820815, 52.32271 ] ] } },
{ "type": "Feature", "properties": { "cls": "separated", "highway": "cycleway", "name": null }, "geometry": { "type": "LineString", "coordinates": [ [ 4.818282, 52.319569 ], [ 4.818334, 52.31959 ] ] } },
{ "type": "Feature", "properties": { "cls": "separated", "highway": "cycleway", "name": "Schipholdijk" }, "geometry": { "type": "LineString", "coordinates": [ [ 4.818692, 52.320987 ], [ 4.818646, 52.320822 ], [ 4.818404, 52.319927 ], [ 4.818282, 52.319569 ] ] } },
{ "type": "Feature", "properties": { "cls": "separated", "highway": "cycleway", "name": null }, "geometry": { "type": "LineString", "coordinates": [ [ 4.819098, 52.32568 ], [ 4.819077, 52.325633 ], [ 4.819069, 52.325583 ], [ 4.819066, 52.325401 ], [ 4.819074, 52.325379 ], [ 4.819217, 52.324985 ], [ 4.819333, 52.324549 ], [ 4.81943, 52.324231 ], [ 4.819495, 52.323992 ], [ 4.819548, 52.323827 ], [ 4.819526, 52.323535 ], [ 4.81922, 52.322634 ], [ 4.819032, 52.321999 ], [ 4.818714, 52.32108 ], [ 4.818692, 52.320987 ] ] } },
{ "type": "Feature", "properties": { "cls": "separated", "highway": "cycleway", "name": null }, "geometry": { "type": "LineString", "coordinates": [ [ 4.819098, 52.32568 ], [ 4.819008, 52.325689 ], [ 4.818713, 52.32569 ] ] } },
{ "type": "Feature", "properties": { "cls": "separated", "highway": "cycleway", "name": null }, "geometry": { "type": "LineString", "coordinates": [ [ 4.820005, 52.326019 ], [ 4.819747, 52.326005 ], [ 4.819595, 52.325985 ], [ 4.819426, 52.325941 ], [ 4.819271, 52.32586 ], [ 4.819187, 52.32579 ], [ 4.819098, 52.32568 ] ] } },
{ "type": "Feature", "properties": { "cls": "separated", "highway": "cycleway", "name": "Bleekerskade" }, "geometry": { "type": "LineString", "coordinates": [ [ 4.841198, 52.307152 ], [ 4.841294, 52.307309 ], [ 4.841309, 52.30738 ], [ 4.841326, 52.307532 ], [ 4.841291, 52.307962 ], [ 4.841219, 52.308386 ], [ 4.841118, 52.309341 ], [ 4.84097, 52.310321 ], [ 4.840727, 52.310928 ], [ 4.840516, 52.311368 ], [ 4.840503, 52.311429 ], [ 4.840465, 52.311508 ] ] } },
{ "type": "Feature", "properties": { "cls": "separated", "highway": "cycleway", "name": null }, "geometry": { "type": "LineString", "coordinates": [ [ 4.84119, 52.309341 ], [ 4.841118, 52.309341 ] ] } },
{ "type": "Feature", "properties": { "cls": "separated", "highway": "cycleway", "name": null }, "geometry": { "type": "LineString", "coordinates": [ [ 4.841216, 52.309342 ], [ 4.84119, 52.309341 ] ] } },
{ "type": "Feature", "properties": { "cls": "separated", "highway": "cycleway", "name": null }, "geometry": { "type": "LineString", "coordinates": [ [ 4.838075, 52.311525 ], [ 4.837754, 52.31153 ] ] } },
{ "type": "Feature", "properties": { "cls": "separated", "highway": "cycleway", "name": null }, "geometry": { "type": "LineString", "coordinates": [ [ 4.838382, 52.311524 ], [ 4.838075, 52.311525 ] ] } },
{ "type": "Feature", "properties": { "cls": "separated", "highway": "cycleway", "name": "verlengde Oude Karselaan" }, "geometry": { "type": "LineString", "coordinates": [ [ 4.840739, 52.311499 ], [ 4.84068, 52.311501 ], [ 4.840465, 52.311508 ], [ 4.838382, 52.311524 ] ] } },
{ "type": "Feature", "properties": { "cls": "separated", "highway": "cycleway", "name": "Bleekerskade" }, "geometry": { "type": "LineString", "coordinates": [ [ 4.840438, 52.312367 ], [ 4.840448, 52.311673 ], [ 4.840446, 52.311609 ], [ 4.840465, 52.311508 ] ] } },
{ "type": "Feature", "properties": { "cls": "separated", "highway": "cycleway", "name": null }, "geometry": { "type": "LineString", "coordinates": [ [ 4.837791, 52.313077 ], [ 4.837755, 52.311604 ], [ 4.837753, 52.31155 ], [ 4.837754, 52.31153 ] ] } },
{ "type": "Feature", "properties": { "cls": "separated", "highway": "cycleway", "name": null }, "geometry": { "type": "LineString", "coordinates": [ [ 4.837813, 52.313765 ], [ 4.837804, 52.313677 ], [ 4.837822, 52.313325 ] ] } },
{ "type": "Feature", "properties": { "cls": "separated", "highway": "cycleway", "name": null }, "geometry": { "type": "LineString", "coordinates": [ [ 4.848344, 52.317044 ], [ 4.848347, 52.317076 ] ] } },
{ "type": "Feature", "properties": { "cls": "separated", "highway": "cycleway", "name": null }, "geometry": { "type": "LineString", "coordinates": [ [ 4.848347, 52.317076 ], [ 4.848353, 52.317097 ] ] } },
{ "type": "Feature", "properties": { "cls": "separated", "highway": "cycleway", "name": "Bleekerskade" }, "geometry": { "type": "LineString", "coordinates": [ [ 4.847616, 52.317135 ], [ 4.847087, 52.317114 ] ] } },
{ "type": "Feature", "properties": { "cls": "separated", "highway": "cycleway", "name": null }, "geometry": { "type": "LineString", "coordinates": [ [ 4.848353, 52.317097 ], [ 4.848225, 52.31711 ], [ 4.847902, 52.31713 ] ] } },
{ "type": "Feature", "properties": { "cls": "separated", "highway": "cycleway", "name": null }, "geometry": { "type": "LineString", "coordinates": [ [ 4.847902, 52.31713 ], [ 4.847616, 52.317135 ] ] } },
{ "type": "Feature", "properties": { "cls": "separated", "highway": "cycleway", "name": "Bleekerskade" }, "geometry": { "type": "LineString", "coordinates": [ [ 4.847087, 52.317114 ], [ 4.847031, 52.317118 ], [ 4.846957, 52.317106 ], [ 4.846879, 52.317102 ], [ 4.846432, 52.317144 ], [ 4.845866, 52.317187 ], [ 4.845665, 52.317193 ], [ 4.843954, 52.317167 ], [ 4.842133, 52.317158 ], [ 4.841339, 52.317165 ], [ 4.84088, 52.317166 ], [ 4.840248, 52.317167 ], [ 4.840137, 52.31716 ], [ 4.840033, 52.317127 ], [ 4.839968, 52.317095 ], [ 4.839918, 52.317019 ], [ 4.839902, 52.316885 ], [ 4.839893, 52.316366 ], [ 4.840097, 52.316071 ], [ 4.840341, 52.315789 ], [ 4.840348, 52.315704 ], [ 4.840391, 52.315203 ], [ 4.840442, 52.314433 ], [ 4.840445, 52.313662 ], [ 4.840439, 52.312559 ], [ 4.840438, 52.312367 ] ] } },
{ "type": "Feature", "properties": { "cls": "separated", "highway": "cycleway", "name": null }, "geometry": { "type": "LineString", "coordinates": [ [ 4.838801, 52.318423 ], [ 4.838693, 52.318203 ], [ 4.838619, 52.317942 ], [ 4.838492, 52.317501 ], [ 4.838445, 52.317331 ], [ 4.838378, 52.317088 ], [ 4.838337, 52.316956 ], [ 4.83829, 52.316866 ], [ 4.838248, 52.316807 ], [ 4.838178, 52.316742 ], [ 4.83807, 52.316651 ], [ 4.838005, 52.316587 ], [ 4.837943, 52.316532 ], [ 4.837902, 52.31647 ], [ 4.837885, 52.316405 ], [ 4.8379, 52.316342 ], [ 4.837937, 52.316279 ], [ 4.837992, 52.316215 ], [ 4.838189, 52.316043 ], [ 4.838325, 52.315902 ], [ 4.838387, 52.315786 ], [ 4.838389, 52.31568 ], [ 4.838362, 52.315563 ], [ 4.838335, 52.315413 ], [ 4.8383, 52.314857 ], [ 4.838307, 52.314565 ], [ 4.838276, 52.314369 ], [ 4.838237, 52.314271 ], [ 4.837997, 52.314044 ], [ 4.83786, 52.313862 ], [ 4.837813, 52.313765 ] ] } },
{ "type": "Feature", "properties": { "cls": "separated", "highway": "cycleway", "name": null }, "geometry": { "type": "LineString", "coordinates": [ [ 4.837813, 52.313765 ], [ 4.837731, 52.313766 ], [ 4.837037, 52.313769 ], [ 4.836417, 52.313792 ], [ 4.836283, 52.31381 ], [ 4.836124, 52.313885 ], [ 4.835689, 52.314103 ], [ 4.835528, 52.314162 ], [ 4.835379, 52.314215 ], [ 4.835066, 52.314359 ], [ 4.834651, 52.314504 ], [ 4.833379, 52.31491 ], [ 4.83318, 52.314968 ], [ 4.833011, 52.315049 ], [ 4.832753, 52.315199 ], [ 4.832537, 52.315362 ], [ 4.832269, 52.315596 ], [ 4.832014, 52.315944 ], [ 4.831775, 52.316326 ], [ 4.831527, 52.316893 ], [ 4.831421, 52.31723 ], [ 4.831394, 52.31742 ], [ 4.831393, 52.318079 ], [ 4.831379, 52.318234 ], [ 4.831364, 52.31831 ], [ 4.831337, 52.318396 ], [ 4.831297, 52.318507 ], [ 4.831193, 52.318704 ] ] } },
{ "type": "Feature", "properties": { "cls": "separated", "highway": "cycleway", "name": null }, "geometry": { "type": "LineString", "coordinates": [ [ 4.841477, 52.318887 ], [ 4.841495, 52.318806 ], [ 4.841523, 52.318711 ], [ 4.841603, 52.318574 ], [ 4.841685, 52.318487 ], [ 4.84195, 52.318306 ], [ 4.84222, 52.318129 ], [ 4.842227, 52.3181 ], [ 4.842211, 52.31808 ], [ 4.842189, 52.31806 ], [ 4.842162, 52.318035 ], [ 4.84214, 52.318014 ], [ 4.842142, 52.317982 ], [ 4.84233, 52.317849 ], [ 4.842378, 52.317822 ], [ 4.842517, 52.317744 ] ] } },
{ "type": "Feature", "properties": { "cls": "separated", "highway": "cycleway", "name": null }, "geometry": { "type": "LineString", "coordinates": [ [ 4.839502, 52.318719 ], [ 4.839107, 52.318562 ], [ 4.838932, 52.318491 ], [ 4.838862, 52.318462 ], [ 4.838824, 52.318438 ], [ 4.838801, 52.318423 ] ] } },
{ "type": "Feature", "properties": { "cls": "separated", "highway": "cycleway", "name": null }, "geometry": { "type": "LineString", "coordinates": [ [ 4.840477, 52.318901 ], [ 4.840315, 52.318896 ], [ 4.840206, 52.318888 ], [ 4.840099, 52.318875 ], [ 4.839984, 52.318855 ], [ 4.839872, 52.318832 ], [ 4.839779, 52.31881 ], [ 4.839673, 52.318781 ], [ 4.839502, 52.318719 ] ] } },
{ "type": "Feature", "properties": { "cls": "separated", "highway": "cycleway", "name": null }, "geometry": { "type": "LineString", "coordinates": [ [ 4.840784, 52.318899 ], [ 4.840477, 52.318901 ] ] } },
{ "type": "Feature", "properties": { "cls": "separated", "highway": "cycleway", "name": null }, "geometry": { "type": "LineString", "coordinates": [ [ 4.841477, 52.318887 ], [ 4.841335, 52.3189 ], [ 4.841271, 52.318902 ], [ 4.840784, 52.318899 ] ] } },
{ "type": "Feature", "properties": { "cls": "separated", "highway": "cycleway", "name": null }, "geometry": { "type": "LineString", "coordinates": [ [ 4.843601, 52.31987 ], [ 4.842929, 52.319859 ], [ 4.842698, 52.319837 ], [ 4.842514, 52.319805 ], [ 4.842334, 52.31975 ], [ 4.842145, 52.319679 ], [ 4.841966, 52.319598 ], [ 4.841798, 52.319498 ], [ 4.84167, 52.319369 ], [ 4.841573, 52.319259 ], [ 4.841534, 52.319168 ], [ 4.84148, 52.318917 ], [ 4.841477, 52.318887 ] ] } },
{ "type": "Feature", "properties": { "cls": "separated", "highway": "cycleway", "name": null }, "geometry": { "type": "LineString", "coordinates": [ [ 4.842707, 52.323766 ], [ 4.842414, 52.323782 ], [ 4.84205, 52.323879 ], [ 4.841887, 52.323926 ], [ 4.841548, 52.323973 ], [ 4.841214, 52.323958 ], [ 4.840823, 52.323921 ], [ 4.840374, 52.323859 ], [ 4.839698, 52.323725 ], [ 4.839138, 52.323558 ], [ 4.838693, 52.323398 ], [ 4.838324, 52.323235 ], [ 4.837983, 52.323052 ], [ 4.837689, 52.322879 ], [ 4.836493, 52.322169 ], [ 4.835502, 52.321574 ], [ 4.835127, 52.321366 ], [ 4.834995, 52.32131 ], [ 4.83479, 52.321252 ], [ 4.83439, 52.321016 ], [ 4.834152, 52.320867 ], [ 4.834106, 52.320841 ], [ 4.83404, 52.320786 ], [ 4.834006, 52.320716 ], [ 4.833992, 52.320643 ], [ 4.834002, 52.320565 ], [ 4.834065, 52.32048 ], [ 4.834106, 52.320449 ], [ 4.834217, 52.320388 ] ] } },
{ "type": "Feature", "properties": { "cls": "separated", "highway": "cycleway", "name": null }, "geometry": { "type": "LineString", "coordinates": [ [ 4.847031, 52.317118 ], [ 4.847026, 52.317414 ], [ 4.846987, 52.318314 ] ] } },
{ "type": "Feature", "properties": { "cls": "separated", "highway": "cycleway", "name": null }, "geometry": { "type": "LineString", "coordinates": [ [ 4.846974, 52.318621 ], [ 4.847035, 52.31862 ], [ 4.847552, 52.318632 ] ] } },
{ "type": "Feature", "properties": { "cls": "separated", "highway": "cycleway", "name": null }, "geometry": { "type": "LineString", "coordinates": [ [ 4.847552, 52.318632 ], [ 4.847726, 52.318636 ] ] } },
{ "type": "Feature", "properties": { "cls": "separated", "highway": "cycleway", "name": null }, "geometry": { "type": "LineString", "coordinates": [ [ 4.845877, 52.32017 ], [ 4.845834, 52.320127 ], [ 4.845682, 52.32001 ], [ 4.845591, 52.319964 ], [ 4.845463, 52.319916 ], [ 4.84542, 52.3199 ], [ 4.845372, 52.319888 ], [ 4.845273, 52.319872 ], [ 4.844902, 52.31987 ], [ 4.844091, 52.31987 ], [ 4.843601, 52.31987 ] ] } },
{ "type": "Feature", "properties": { "cls": "separated", "highway": "cycleway", "name": null }, "geometry": { "type": "LineString", "coordinates": [ [ 4.848605, 52.323977 ], [ 4.84856, 52.323864 ], [ 4.848398, 52.323491 ], [ 4.848234, 52.323096 ], [ 4.848213, 52.322998 ], [ 4.848206, 52.32288 ], [ 4.848219, 52.322739 ], [ 4.848273, 52.322435 ], [ 4.848281, 52.322338 ], [ 4.848288, 52.322221 ], [ 4.848252, 52.32191 ], [ 4.848243, 52.321833 ], [ 4.848233, 52.321791 ], [ 4.848221, 52.321725 ], [ 4.848185, 52.321675 ] ] } },
{ "type": "Feature", "properties": { "cls": "separated", "highway": "cycleway", "name": null }, "geometry": { "type": "LineString", "coordinates": [ [ 4.854452, 52.327765 ], [ 4.854379, 52.327705 ], [ 4.854238, 52.327586 ], [ 4.854077, 52.327477 ], [ 4.853884, 52.327369 ], [ 4.853665, 52.327288 ], [ 4.853524, 52.327246 ], [ 4.853326, 52.327203 ], [ 4.85305, 52.327177 ], [ 4.852762, 52.327185 ], [ 4.852504, 52.327221 ], [ 4.852464, 52.327236 ], [ 4.852223, 52.327325 ], [ 4.851644, 52.327675 ], [ 4.851509, 52.32775 ], [ 4.851381, 52.327776 ], [ 4.851197, 52.327768 ], [ 4.849619, 52.32753 ], [ 4.848238, 52.327333 ], [ 4.844524, 52.326787 ], [ 4.84331, 52.326602 ], [ 4.843111, 52.326572 ] ] } },
{ "type": "Feature", "properties": { "cls": "separated", "highway": "cycleway", "name": null }, "geometry": { "type": "LineString", "coordinates": [ [ 4.844321, 52.328068 ], [ 4.844363, 52.32813 ], [ 4.844402, 52.328163 ], [ 4.844436, 52.328185 ], [ 4.844668, 52.328305 ], [ 4.844937, 52.328426 ], [ 4.845167, 52.328502 ], [ 4.845652, 52.32859 ], [ 4.846238, 52.328675 ], [ 4.846994, 52.3288 ], [ 4.847477, 52.328972 ], [ 4.848045, 52.32916 ], [ 4.848629, 52.329277 ], [ 4.849114, 52.329321 ], [ 4.849332, 52.329323 ], [ 4.849493, 52.329311 ], [ 4.849634, 52.329294 ], [ 4.850226, 52.329252 ], [ 4.850273, 52.329249 ], [ 4.850792, 52.329184 ], [ 4.850953, 52.329216 ], [ 4.851116, 52.329291 ], [ 4.851438, 52.329467 ], [ 4.851531, 52.329542 ], [ 4.851602, 52.329597 ] ] } },
{ "type": "Feature", "properties": { "cls": "separated", "highway": "cycleway", "name": null }, "geometry": { "type": "LineString", "coordinates": [ [ 4.849332, 52.329323 ], [ 4.849318, 52.329289 ], [ 4.849289, 52.329219 ], [ 4.84927, 52.329085 ], [ 4.849239, 52.329026 ], [ 4.849184, 52.328994 ], [ 4.849042, 52.328932 ], [ 4.848971, 52.32892 ], [ 4.848855, 52.328924 ], [ 4.848751, 52.328923 ], [ 4.848626, 52.328911 ], [ 4.848281, 52.32884 ], [ 4.847735, 52.328721 ], [ 4.847686, 52.328687 ], [ 4.847597, 52.328642 ], [ 4.847356, 52.328446 ], [ 4.847286, 52.328378 ] ] } },
{ "type": "Feature", "properties": { "cls": "separated", "highway": "cycleway", "name": "Koenenkade" }, "geometry": { "type": "LineString", "coordinates": [ [ 4.844169, 52.328766 ], [ 4.84424, 52.328773 ], [ 4.844844, 52.329049 ], [ 4.845693, 52.329361 ], [ 4.846125, 52.329495 ], [ 4.846569, 52.329607 ], [ 4.846811, 52.329656 ], [ 4.847062, 52.329686 ], [ 4.847459, 52.329689 ], [ 4.84806, 52.329679 ], [ 4.848831, 52.329653 ], [ 4.849538, 52.329624 ], [ 4.850711, 52.329594 ], [ 4.851039, 52.329587 ], [ 4.851396, 52.329569 ], [ 4.851531, 52.329542 ] ] } },
{ "type": "Feature", "properties": { "cls": "separated", "highway": "cycleway", "name": null }, "geometry": { "type": "LineString", "coordinates": [ [ 4.844857, 52.329727 ], [ 4.844953, 52.329743 ] ] } },
{ "type": "Feature", "properties": { "cls": "separated", "highway": "cycleway", "name": null }, "geometry": { "type": "LineString", "coordinates": [ [ 4.830816, 52.323118 ], [ 4.830873, 52.323103 ], [ 4.830958, 52.323084 ], [ 4.831086, 52.323063 ], [ 4.831435, 52.322997 ], [ 4.831721, 52.322929 ], [ 4.831835, 52.322898 ], [ 4.831978, 52.322859 ], [ 4.832205, 52.322764 ], [ 4.832407, 52.322668 ], [ 4.832696, 52.32253 ], [ 4.832781, 52.32249 ] ] } },
{ "type": "Feature", "properties": { "cls": "separated", "highway": "cycleway", "name": null }, "geometry": { "type": "LineString", "coordinates": [ [ 4.827985, 52.322876 ], [ 4.828166, 52.322942 ], [ 4.828556, 52.32305 ], [ 4.828694, 52.323077 ], [ 4.828972, 52.323131 ], [ 4.829266, 52.323164 ], [ 4.829377, 52.323166 ], [ 4.829536, 52.32317 ], [ 4.829759, 52.323164 ], [ 4.829928, 52.32316 ], [ 4.830001, 52.32318 ], [ 4.830064, 52.323214 ], [ 4.830107, 52.323223 ] ] } },
{ "type": "Feature", "properties": { "cls": "separated", "highway": "cycleway", "name": null }, "geometry": { "type": "LineString", "coordinates": [ [ 4.830222, 52.32321 ], [ 4.830816, 52.323118 ] ] } },
{ "type": "Feature", "properties": { "cls": "separated", "highway": "cycleway", "name": null }, "geometry": { "type": "LineString", "coordinates": [ [ 4.830107, 52.323223 ], [ 4.830222, 52.32321 ] ] } },
{ "type": "Feature", "properties": { "cls": "separated", "highway": "cycleway", "name": null }, "geometry": { "type": "LineString", "coordinates": [ [ 4.836473, 52.324442 ], [ 4.836499, 52.324311 ], [ 4.836457, 52.324178 ], [ 4.836251, 52.324056 ], [ 4.835822, 52.323962 ], [ 4.835776, 52.323949 ], [ 4.835684, 52.323869 ], [ 4.835511, 52.323817 ], [ 4.83507, 52.323681 ], [ 4.834886, 52.323607 ], [ 4.834572, 52.323481 ], [ 4.834218, 52.323311 ], [ 4.833867, 52.323133 ], [ 4.833842, 52.323119 ], [ 4.833503, 52.322931 ], [ 4.833139, 52.322703 ], [ 4.833, 52.32262 ], [ 4.832781, 52.32249 ] ] } },
{ "type": "Feature", "properties": { "cls": "separated", "highway": "cycleway", "name": null }, "geometry": { "type": "LineString", "coordinates": [ [ 4.842958, 52.326548 ], [ 4.839867, 52.326078 ], [ 4.837251, 52.325686 ], [ 4.836644, 52.325591 ], [ 4.836183, 52.32552 ], [ 4.835678, 52.325444 ], [ 4.835599, 52.325432 ], [ 4.835435, 52.325407 ], [ 4.829589, 52.32452 ], [ 4.824851, 52.323795 ], [ 4.824363, 52.32372 ], [ 4.823945, 52.323631 ], [ 4.823516, 52.323557 ], [ 4.82266, 52.32342 ], [ 4.822223, 52.323351 ], [ 4.822038, 52.32333 ], [ 4.821962, 52.323321 ], [ 4.821897, 52.323334 ], [ 4.821855, 52.323358 ], [ 4.821765, 52.323451 ], [ 4.821772, 52.323543 ], [ 4.821552, 52.32415 ], [ 4.821527, 52.324333 ], [ 4.821567, 52.324492 ], [ 4.821543, 52.324535 ], [ 4.82151, 52.324559 ] ] } },
{ "type": "Feature", "properties": { "cls": "separated", "highway": "cycleway", "name": "Koenenkade" }, "geometry": { "type": "LineString", "coordinates": [ [ 4.820249, 52.326006 ], [ 4.821438, 52.326009 ], [ 4.822976, 52.326019 ], [ 4.824712, 52.326024 ], [ 4.82497, 52.326024 ], [ 4.825212, 52.326045 ], [ 4.825649, 52.326157 ], [ 4.825815, 52.326189 ], [ 4.828, 52.326412 ], [ 4.830921, 52.326695 ], [ 4.831762, 52.326793 ], [ 4.832013, 52.326811 ], [ 4.832998, 52.326914 ], [ 4.834791, 52.327094 ], [ 4.835205, 52.327192 ], [ 4.8354, 52.327231 ], [ 4.8356, 52.327255 ], [ 4.836043, 52.327296 ], [ 4.836753, 52.327368 ], [ 4.838398, 52.327528 ], [ 4.839113, 52.327595 ], [ 4.839528, 52.327644 ] ] } },
{ "type": "Feature", "properties": { "cls": "separated", "highway": "cycleway", "name": null }, "geometry": { "type": "LineString", "coordinates": [ [ 4.843165, 52.323773 ], [ 4.842707, 52.323766 ] ] } },
{ "type": "Feature", "properties": { "cls": "separated", "highway": "cycleway", "name": null }, "geometry": { "type": "LineString", "coordinates": [ [ 4.844621, 52.324002 ], [ 4.844196, 52.323924 ], [ 4.843818, 52.323815 ], [ 4.843603, 52.323788 ], [ 4.843412, 52.323777 ], [ 4.843165, 52.323773 ] ] } },
{ "type": "Feature", "properties": { "cls": "separated", "highway": "cycleway", "name": null }, "geometry": { "type": "LineString", "coordinates": [ [ 4.840823, 52.323921 ], [ 4.84054, 52.324082 ], [ 4.840443, 52.324114 ], [ 4.839871, 52.324198 ], [ 4.839524, 52.324219 ], [ 4.839143, 52.324226 ], [ 4.838548, 52.32419 ], [ 4.837885, 52.324129 ], [ 4.837127, 52.324045 ], [ 4.83699, 52.324033 ], [ 4.836882, 52.324039 ], [ 4.836799, 52.324056 ], [ 4.836641, 52.324102 ], [ 4.83649, 52.324152 ], [ 4.836457, 52.324178 ] ] } },
{ "type": "Feature", "properties": { "cls": "separated", "highway": "cycleway", "name": null }, "geometry": { "type": "LineString", "coordinates": [ [ 4.836384, 52.324766 ], [ 4.836473, 52.324442 ] ] } },
{ "type": "Feature", "properties": { "cls": "separated", "highway": "cycleway", "name": null }, "geometry": { "type": "LineString", "coordinates": [ [ 4.836285, 52.325199 ], [ 4.836311, 52.325081 ], [ 4.836323, 52.324986 ], [ 4.83633, 52.324962 ], [ 4.836374, 52.324802 ], [ 4.836384, 52.324766 ] ] } },
{ "type": "Feature", "properties": { "cls": "separated", "highway": "cycleway", "name": null }, "geometry": { "type": "LineString", "coordinates": [ [ 4.836164, 52.32546 ], [ 4.836184, 52.325412 ], [ 4.83625, 52.325272 ], [ 4.836285, 52.325199 ] ] } },
{ "type": "Feature", "properties": { "cls": "separated", "highway": "cycleway", "name": null }, "geometry": { "type": "LineString", "coordinates": [ [ 4.835599, 52.325432 ], [ 4.835657, 52.325414 ], [ 4.835729, 52.325413 ], [ 4.835948, 52.325435 ], [ 4.836164, 52.32546 ] ] } },
{ "type": "Feature", "properties": { "cls": "separated", "highway": "cycleway", "name": null }, "geometry": { "type": "LineString", "coordinates": [ [ 4.836164, 52.32546 ], [ 4.836213, 52.32547 ], [ 4.836377, 52.325502 ], [ 4.836585, 52.325551 ], [ 4.836644, 52.325591 ] ] } },
{ "type": "Feature", "properties": { "cls": "separated", "highway": "cycleway", "name": null }, "geometry": { "type": "LineString", "coordinates": [ [ 4.843111, 52.326572 ], [ 4.842958, 52.326548 ] ] } },
{ "type": "Feature", "properties": { "cls": "separated", "highway": "cycleway", "name": null }, "geometry": { "type": "LineString", "coordinates": [ [ 4.839528, 52.327644 ], [ 4.839577, 52.327652 ] ] } },
{ "type": "Feature", "properties": { "cls": "separated", "highway": "cycleway", "name": null }, "geometry": { "type": "LineString", "coordinates": [ [ 4.839577, 52.327652 ], [ 4.840386, 52.327715 ], [ 4.840985, 52.327768 ], [ 4.841705, 52.327796 ], [ 4.841937, 52.327791 ], [ 4.842084, 52.327772 ], [ 4.842212, 52.327732 ], [ 4.84231, 52.327724 ], [ 4.842354, 52.327728 ], [ 4.842698, 52.327776 ] ] } },
{ "type": "Feature", "properties": { "cls": "separated", "highway": "cycleway", "name": "De Dubbele Klapbrug" }, "geometry": { "type": "LineString", "coordinates": [ [ 4.842698, 52.327776 ], [ 4.843122, 52.327838 ] ] } },
{ "type": "Feature", "properties": { "cls": "separated", "highway": "cycleway", "name": null }, "geometry": { "type": "LineString", "coordinates": [ [ 4.843122, 52.327838 ], [ 4.843764, 52.327948 ], [ 4.844157, 52.327996 ], [ 4.844273, 52.328022 ], [ 4.844321, 52.328068 ] ] } },
{ "type": "Feature", "properties": { "cls": "separated", "highway": "cycleway", "name": "Koenenkade" }, "geometry": { "type": "LineString", "coordinates": [ [ 4.839528, 52.327644 ], [ 4.839532, 52.327757 ], [ 4.839488, 52.328107 ], [ 4.839459, 52.328419 ], [ 4.839418, 52.328768 ], [ 4.839402, 52.329041 ], [ 4.839402, 52.329132 ], [ 4.839458, 52.329208 ], [ 4.839646, 52.329307 ], [ 4.840314, 52.329597 ], [ 4.840439, 52.329639 ], [ 4.840585, 52.329675 ], [ 4.842379, 52.329995 ], [ 4.842387, 52.329999 ], [ 4.842721, 52.330054 ], [ 4.842743, 52.330054 ] ] } },
{ "type": "Feature", "properties": { "cls": "separated", "highway": "cycleway", "name": "Koenenkade" }, "geometry": { "type": "LineString", "coordinates": [ [ 4.84385, 52.32961 ], [ 4.843898, 52.329399 ], [ 4.843966, 52.329145 ], [ 4.844029, 52.328909 ], [ 4.844087, 52.328811 ], [ 4.844127, 52.328779 ], [ 4.844169, 52.328766 ] ] } },
{ "type": "Feature", "properties": { "cls": "separated", "highway": "cycleway", "name": "Koenenkade" }, "geometry": { "type": "LineString", "coordinates": [ [ 4.843675, 52.329731 ], [ 4.843739, 52.329699 ], [ 4.84385, 52.32961 ] ] } },
{ "type": "Feature", "properties": { "cls": "separated", "highway": "cycleway", "name": null }, "geometry": { "type": "LineString", "coordinates": [ [ 4.84385, 52.32961 ], [ 4.84387, 52.329672 ], [ 4.843947, 52.329764 ] ] } },
{ "type": "Feature", "properties": { "cls": "separated", "highway": "cycleway", "name": null }, "geometry": { "type": "LineString", "coordinates": [ [ 4.843675, 52.329731 ], [ 4.843808, 52.329738 ], [ 4.843947, 52.329764 ] ] } },
{ "type": "Feature", "properties": { "cls": "separated", "highway": "cycleway", "name": null }, "geometry": { "type": "LineString", "coordinates": [ [ 4.844359, 52.329767 ], [ 4.844673, 52.329714 ], [ 4.844733, 52.329715 ], [ 4.844857, 52.329727 ] ] } },
{ "type": "Feature", "properties": { "cls": "separated", "highway": "cycleway", "name": "Koenenkade" }, "geometry": { "type": "LineString", "coordinates": [ [ 4.843329, 52.329808 ], [ 4.843349, 52.329802 ], [ 4.843675, 52.329731 ] ] } },
{ "type": "Feature", "properties": { "cls": "separated", "highway": "cycleway", "name": "Boeierspad" }, "geometry": { "type": "LineString", "coordinates": [ [ 4.844953, 52.329743 ], [ 4.845217, 52.329788 ] ] } },
{ "type": "Feature", "properties": { "cls": "separated", "highway": "cycleway", "name": "Boeierspad" }, "geometry": { "type": "LineString", "coordinates": [ [ 4.845217, 52.329788 ], [ 4.845278, 52.329853 ], [ 4.845325, 52.329918 ], [ 4.845348, 52.329968 ], [ 4.845352, 52.330048 ], [ 4.845304, 52.330523 ] ] } },
{ "type": "Feature", "properties": { "cls": "separated", "highway": "cycleway", "name": null }, "geometry": { "type": "LineString", "coordinates": [ [ 4.845304, 52.330523 ], [ 4.845299, 52.330718 ] ] } },
{ "type": "Feature", "properties": { "cls": "separated", "highway": "cycleway", "name": null }, "geometry": { "type": "LineString", "coordinates": [ [ 4.847438, 52.332036 ], [ 4.847678, 52.331828 ], [ 4.847785, 52.331735 ], [ 4.847859, 52.331694 ], [ 4.849565, 52.331052 ], [ 4.849902, 52.330922 ], [ 4.850066, 52.330854 ], [ 4.850179, 52.330793 ], [ 4.850395, 52.330616 ], [ 4.850874, 52.330183 ] ] } },
{ "type": "Feature", "properties": { "cls": "separated", "highway": "cycleway", "name": "Boeierspad" }, "geometry": { "type": "LineString", "coordinates": [ [ 4.845299, 52.330718 ], [ 4.845277, 52.330792 ], [ 4.845214, 52.330862 ], [ 4.845209, 52.330872 ], [ 4.845097, 52.330997 ], [ 4.845039, 52.331112 ], [ 4.845027, 52.331163 ], [ 4.845038, 52.331213 ], [ 4.845066, 52.331297 ], [ 4.845087, 52.331322 ], [ 4.845131, 52.331377 ], [ 4.845237, 52.33144 ], [ 4.845353, 52.331493 ], [ 4.845804, 52.331565 ], [ 4.845932, 52.331624 ], [ 4.846323, 52.331839 ], [ 4.847151, 52.332275 ] ] } },
{ "type": "Feature", "properties": { "cls": "separated", "highway": "cycleway", "name": "Wetlandbrug" }, "geometry": { "type": "LineString", "coordinates": [ [ 4.847303, 52.332153 ], [ 4.847438, 52.332036 ] ] } },
{ "type": "Feature", "properties": { "cls": "separated", "highway": "cycleway", "name": "Wetlandbrug" }, "geometry": { "type": "LineString", "coordinates": [ [ 4.847151, 52.332275 ], [ 4.847303, 52.332153 ] ] } },
{ "type": "Feature", "properties": { "cls": "separated", "highway": "cycleway", "name": null }, "geometry": { "type": "LineString", "coordinates": [ [ 4.855114, 52.316581 ], [ 4.85504, 52.316554 ], [ 4.854899, 52.316538 ], [ 4.854795, 52.316543 ], [ 4.853467, 52.316582 ], [ 4.852682, 52.316597 ], [ 4.852297, 52.316601 ], [ 4.851912, 52.316612 ], [ 4.851618, 52.316648 ] ] } },
{ "type": "Feature", "properties": { "cls": "separated", "highway": "cycleway", "name": null }, "geometry": { "type": "LineString", "coordinates": [ [ 4.851618, 52.316648 ], [ 4.849415, 52.316964 ], [ 4.849387, 52.316968 ], [ 4.848886, 52.317034 ], [ 4.848353, 52.317097 ] ] } },
{ "type": "Feature", "properties": { "cls": "separated", "highway": "cycleway", "name": null }, "geometry": { "type": "LineString", "coordinates": [ [ 4.847726, 52.318636 ], [ 4.849655, 52.318649 ], [ 4.850059, 52.318652 ], [ 4.850344, 52.318654 ], [ 4.850552, 52.318668 ], [ 4.850834, 52.318746 ], [ 4.851117, 52.318822 ] ] } },
{ "type": "Feature", "properties": { "cls": "separated", "highway": "cycleway", "name": null }, "geometry": { "type": "LineString", "coordinates": [ [ 4.851999, 52.321596 ], [ 4.851998, 52.321536 ], [ 4.851994, 52.321376 ], [ 4.852031, 52.320487 ], [ 4.852037, 52.320336 ], [ 4.852039, 52.320296 ], [ 4.851999, 52.320226 ], [ 4.851924, 52.320174 ], [ 4.851893, 52.320159 ], [ 4.851869, 52.320147 ], [ 4.851747, 52.320124 ], [ 4.851364, 52.320127 ], [ 4.851251, 52.320103 ], [ 4.851165, 52.32006 ], [ 4.851102, 52.319993 ], [ 4.851071, 52.319917 ], [ 4.851085, 52.319588 ], [ 4.851117, 52.318822 ], [ 4.851557, 52.318819 ], [ 4.852534, 52.318833 ], [ 4.853468, 52.318845 ], [ 4.854011, 52.318852 ], [ 4.855119, 52.318857 ], [ 4.855567, 52.318867 ], [ 4.855914, 52.318875 ] ] } },
{ "type": "Feature", "properties": { "cls": "separated", "highway": "cycleway", "name": null }, "geometry": { "type": "LineString", "coordinates": [ [ 4.853637, 52.322434 ], [ 4.853596, 52.322498 ], [ 4.853604, 52.322549 ], [ 4.853643, 52.322623 ], [ 4.853691, 52.32268 ], [ 4.853785, 52.322788 ], [ 4.853825, 52.322839 ], [ 4.853853, 52.322887 ], [ 4.853872, 52.322939 ], [ 4.853885, 52.323003 ], [ 4.853893, 52.323223 ], [ 4.853897, 52.323285 ], [ 4.85392, 52.323704 ], [ 4.853996, 52.324578 ], [ 4.854097, 52.32488 ], [ 4.854102, 52.324983 ], [ 4.854086, 52.325066 ], [ 4.854035, 52.325143 ], [ 4.853942, 52.32521 ], [ 4.853804, 52.325276 ], [ 4.85376, 52.325307 ] ] } },
{ "type": "Feature", "properties": { "cls": "separated", "highway": "cycleway", "name": null }, "geometry": { "type": "LineString", "coordinates": [ [ 4.85376, 52.325307 ], [ 4.853726, 52.325348 ], [ 4.853719, 52.325368 ], [ 4.853714, 52.325393 ], [ 4.853716, 52.325416 ] ] } },
{ "type": "Feature", "properties": { "cls": "separated", "highway": "cycleway", "name": null }, "geometry": { "type": "LineString", "coordinates": [ [ 4.854204, 52.326001 ], [ 4.85408, 52.325855 ], [ 4.853868, 52.325604 ], [ 4.853742, 52.325473 ], [ 4.853716, 52.325416 ] ] } },
{ "type": "Feature", "properties": { "cls": "separated", "highway": "cycleway", "name": "Spoorlijnpad" }, "geometry": { "type": "LineString", "coordinates": [ [ 4.855537, 52.316469 ], [ 4.855535, 52.316498 ] ] } },
{ "type": "Feature", "properties": { "cls": "separated", "highway": "cycleway", "name": "Spoorlijnpad" }, "geometry": { "type": "LineString", "coordinates": [ [ 4.855535, 52.316498 ], [ 4.855525, 52.316521 ], [ 4.855491, 52.316529 ], [ 4.855353, 52.316537 ], [ 4.85517, 52.31656 ], [ 4.855114, 52.316581 ] ] } },
{ "type": "Feature", "properties": { "cls": "separated", "highway": "cycleway", "name": "Jan Tooroplaan" }, "geometry": { "type": "LineString", "coordinates": [ [ 4.855114, 52.316581 ], [ 4.855217, 52.316668 ], [ 4.855285, 52.316737 ], [ 4.855356, 52.316863 ], [ 4.855425, 52.317023 ], [ 4.855545, 52.31737 ], [ 4.855628, 52.317604 ], [ 4.85572, 52.317917 ], [ 4.855806, 52.318239 ] ] } },
{ "type": "Feature", "properties": { "cls": "separated", "highway": "cycleway", "name": "Jan Tooroplaan" }, "geometry": { "type": "LineString", "coordinates": [ [ 4.855806, 52.318239 ], [ 4.855915, 52.318632 ], [ 4.855914, 52.318875 ], [ 4.85597, 52.319691 ], [ 4.855968, 52.32016 ], [ 4.855967, 52.320191 ] ] } },
{ "type": "Feature", "properties": { "cls": "painted", "highway": "unclassified", "name": "Nieuwe Kalfjeslaan" }, "geometry": { "type": "LineString", "coordinates": [ [ 4.85442, 52.321447 ], [ 4.854693, 52.321455 ], [ 4.854753, 52.321457 ], [ 4.855415, 52.321478 ] ] } },
{ "type": "Feature", "properties": { "cls": "separated", "highway": "cycleway", "name": null }, "geometry": { "type": "LineString", "coordinates": [ [ 4.855236, 52.327308 ], [ 4.85514, 52.327185 ], [ 4.85477, 52.326714 ], [ 4.854204, 52.326001 ] ] } },
{ "type": "Feature", "properties": { "cls": "separated", "highway": "cycleway", "name": null }, "geometry": { "type": "LineString", "coordinates": [ [ 4.855243, 52.327663 ], [ 4.85533, 52.327623 ], [ 4.855432, 52.327553 ], [ 4.855236, 52.327308 ] ] } },
{ "type": "Feature", "properties": { "cls": "separated", "highway": "cycleway", "name": null }, "geometry": { "type": "LineString", "coordinates": [ [ 4.856076, 52.327589 ], [ 4.856543, 52.327591 ], [ 4.856563, 52.327592 ], [ 4.856732, 52.327594 ] ] } },
{ "type": "Feature", "properties": { "cls": "separated", "highway": "cycleway", "name": null }, "geometry": { "type": "LineString", "coordinates": [ [ 4.856732, 52.327594 ], [ 4.856734, 52.327594 ] ] } },
{ "type": "Feature", "properties": { "cls": "separated", "highway": "cycleway", "name": null }, "geometry": { "type": "LineString", "coordinates": [ [ 4.855243, 52.327663 ], [ 4.855483, 52.327627 ], [ 4.855807, 52.327605 ], [ 4.856076, 52.327589 ] ] } },
{ "type": "Feature", "properties": { "cls": "separated", "highway": "cycleway", "name": null }, "geometry": { "type": "LineString", "coordinates": [ [ 4.854452, 52.327765 ], [ 4.854629, 52.327737 ], [ 4.854742, 52.327718 ], [ 4.854823, 52.327705 ], [ 4.855042, 52.327684 ], [ 4.855243, 52.327663 ] ] } },
{ "type": "Feature", "properties": { "cls": "separated", "highway": "cycleway", "name": null }, "geometry": { "type": "LineString", "coordinates": [ [ 4.855723, 52.327968 ], [ 4.855635, 52.327843 ], [ 4.855608, 52.327804 ], [ 4.855483, 52.327627 ], [ 4.855432, 52.327553 ] ] } },
{ "type": "Feature", "properties": { "cls": "separated", "highway": "cycleway", "name": null }, "geometry": { "type": "LineString", "coordinates": [ [ 4.854542, 52.327982 ], [ 4.854524, 52.327881 ], [ 4.854452, 52.327765 ] ] } },
{ "type": "Feature", "properties": { "cls": "separated", "highway": "cycleway", "name": null }, "geometry": { "type": "LineString", "coordinates": [ [ 4.856726, 52.327943 ], [ 4.856543, 52.327939 ], [ 4.856107, 52.327948 ], [ 4.855723, 52.327968 ], [ 4.855128, 52.327991 ], [ 4.85502, 52.327992 ], [ 4.854741, 52.327989 ], [ 4.85463, 52.327985 ], [ 4.854542, 52.327982 ] ] } },
{ "type": "Feature", "properties": { "cls": "separated", "highway": "cycleway", "name": "Sportas" }, "geometry": { "type": "LineString", "coordinates": [ [ 4.856105, 52.330283 ], [ 4.856117, 52.330233 ], [ 4.856132, 52.330037 ], [ 4.85616, 52.329651 ], [ 4.856191, 52.329422 ], [ 4.856203, 52.329218 ], [ 4.856203, 52.329092 ], [ 4.856192, 52.32896 ], [ 4.85615, 52.328787 ], [ 4.856136, 52.328743 ], [ 4.856076, 52.328592 ], [ 4.855937, 52.328298 ], [ 4.855867, 52.328164 ], [ 4.855723, 52.327968 ] ] } },
{ "type": "Feature", "properties": { "cls": "separated", "highway": "cycleway", "name": "Koenenkade" }, "geometry": { "type": "LineString", "coordinates": [ [ 4.854496, 52.329893 ], [ 4.854559, 52.329913 ], [ 4.85475, 52.329975 ], [ 4.854963, 52.330042 ], [ 4.855163, 52.330096 ], [ 4.855387, 52.330152 ], [ 4.855609, 52.330198 ], [ 4.855695, 52.330216 ], [ 4.855851, 52.33024 ], [ 4.856105, 52.330283 ] ] } },
{ "type": "Feature", "properties": { "cls": "separated", "highway": "cycleway", "name": "Koenenkade" }, "geometry": { "type": "LineString", "coordinates": [ [ 4.856105, 52.330283 ], [ 4.856184, 52.330293 ], [ 4.856339, 52.330305 ] ] } },
{ "type": "Feature", "properties": { "cls": "separated", "highway": "cycleway", "name": null }, "geometry": { "type": "LineString", "coordinates": [ [ 4.854316, 52.329636 ], [ 4.854263, 52.329398 ], [ 4.85423, 52.3291 ], [ 4.854239, 52.329059 ], [ 4.854262, 52.328955 ], [ 4.854276, 52.328883 ], [ 4.854438, 52.328494 ], [ 4.854504, 52.328325 ], [ 4.854535, 52.328129 ], [ 4.854539, 52.328038 ], [ 4.854542, 52.327982 ] ] } },
{ "type": "Feature", "properties": { "cls": "separated", "highway": "cycleway", "name": null }, "geometry": { "type": "LineString", "coordinates": [ [ 4.851445, 52.329021 ], [ 4.851704, 52.329061 ] ] } },
{ "type": "Feature", "properties": { "cls": "separated", "highway": "cycleway", "name": null }, "geometry": { "type": "LineString", "coordinates": [ [ 4.850792, 52.329184 ], [ 4.851145, 52.329083 ], [ 4.851445, 52.329021 ] ] } },
{ "type": "Feature", "properties": { "cls": "separated", "highway": "cycleway", "name": null }, "geometry": { "type": "LineString", "coordinates": [ [ 4.849493, 52.329311 ], [ 4.849538, 52.329624 ] ] } },
{ "type": "Feature", "properties": { "cls": "separated", "highway": "cycleway", "name": null }, "geometry": { "type": "LineString", "coordinates": [ [ 4.851602, 52.329597 ], [ 4.851569, 52.329615 ], [ 4.851444, 52.329681 ], [ 4.851298, 52.329776 ] ] } },
{ "type": "Feature", "properties": { "cls": "separated", "highway": "cycleway", "name": "Bosbaan" }, "geometry": { "type": "LineString", "coordinates": [ [ 4.854316, 52.329636 ], [ 4.854303, 52.329698 ], [ 4.854254, 52.329749 ], [ 4.854196, 52.329768 ], [ 4.854106, 52.329768 ] ] } },
{ "type": "Feature", "properties": { "cls": "separated", "highway": "cycleway", "name": "Koenenkade" }, "geometry": { "type": "LineString", "coordinates": [ [ 4.854106, 52.329768 ], [ 4.853883, 52.329732 ], [ 4.853521, 52.329737 ], [ 4.853109, 52.329842 ], [ 4.852749, 52.329875 ], [ 4.852259, 52.329849 ], [ 4.851963, 52.329778 ], [ 4.851779, 52.329703 ], [ 4.851602, 52.329597 ] ] } },
{ "type": "Feature", "properties": { "cls": "separated", "highway": "cycleway", "name": null }, "geometry": { "type": "LineString", "coordinates": [ [ 4.854316, 52.329636 ], [ 4.854391, 52.329858 ] ] } },
{ "type": "Feature", "properties": { "cls": "separated", "highway": "cycleway", "name": "Koenenkade" }, "geometry": { "type": "LineString", "coordinates": [ [ 4.854391, 52.329858 ], [ 4.854106, 52.329768 ] ] } },
{ "type": "Feature", "properties": { "cls": "separated", "highway": "cycleway", "name": null }, "geometry": { "type": "LineString", "coordinates": [ [ 4.851298, 52.329776 ], [ 4.851016, 52.330052 ] ] } },
{ "type": "Feature", "properties": { "cls": "separated", "highway": "cycleway", "name": null }, "geometry": { "type": "LineString", "coordinates": [ [ 4.856037, 52.330436 ], [ 4.856097, 52.330304 ], [ 4.856105, 52.330283 ] ] } },
{ "type": "Feature", "properties": { "cls": "separated", "highway": "cycleway", "name": null }, "geometry": { "type": "LineString", "coordinates": [ [ 4.855935, 52.330712 ], [ 4.855968, 52.33062 ], [ 4.856037, 52.330436 ] ] } },
{ "type": "Feature", "properties": { "cls": "separated", "highway": "cycleway", "name": null }, "geometry": { "type": "LineString", "coordinates": [ [ 4.855841, 52.330987 ], [ 4.855935, 52.330712 ] ] } },
{ "type": "Feature", "properties": { "cls": "shared", "highway": "footway", "name": null }, "geometry": { "type": "LineString", "coordinates": [ [ 4.855804, 52.331083 ], [ 4.855763, 52.331084 ], [ 4.855546, 52.33108 ], [ 4.855519, 52.33108 ], [ 4.854758, 52.331063 ], [ 4.85412, 52.331048 ], [ 4.854008, 52.331045 ], [ 4.853988, 52.331011 ], [ 4.853983, 52.330964 ], [ 4.853749, 52.330883 ] ] } },
{ "type": "Feature", "properties": { "cls": "separated", "highway": "cycleway", "name": null }, "geometry": { "type": "LineString", "coordinates": [ [ 4.855534, 52.331818 ], [ 4.855771, 52.33117 ], [ 4.855804, 52.331083 ], [ 4.855841, 52.330987 ] ] } },
{ "type": "Feature", "properties": { "cls": "separated", "highway": "cycleway", "name": null }, "geometry": { "type": "LineString", "coordinates": [ [ 4.82087, 52.321804 ], [ 4.820785, 52.321842 ], [ 4.820722, 52.321883 ], [ 4.820628, 52.32194 ], [ 4.820526, 52.322038 ], [ 4.82047, 52.322143 ], [ 4.820466, 52.322269 ], [ 4.820499, 52.322442 ], [ 4.820498, 52.32252 ], [ 4.820485, 52.322654 ], [ 4.820371, 52.322811 ], [ 4.820299, 52.322903 ], [ 4.820251, 52.322955 ], [ 4.820135, 52.323054 ], [ 4.819964, 52.323209 ], [ 4.819879, 52.323406 ], [ 4.819834, 52.323615 ], [ 4.81984, 52.323696 ], [ 4.819834, 52.32386 ], [ 4.819861, 52.323929 ], [ 4.819898, 52.32405 ], [ 4.819946, 52.324152 ], [ 4.820064, 52.324276 ], [ 4.820169, 52.324357 ], [ 4.820415, 52.324475 ], [ 4.820682, 52.324541 ], [ 4.820869, 52.324564 ], [ 4.821178, 52.324575 ], [ 4.821393, 52.324556 ], [ 4.82151, 52.324559 ] ] } },
{ "type": "Feature", "properties": { "cls": "separated", "highway": "cycleway", "name": null }, "geometry": { "type": "LineString", "coordinates": [ [ 4.821765, 52.323451 ], [ 4.821564, 52.323386 ] ] } },
{ "type": "Feature", "properties": { "cls": "separated", "highway": "cycleway", "name": null }, "geometry": { "type": "LineString", "coordinates": [ [ 4.82151, 52.324559 ], [ 4.821223, 52.324695 ], [ 4.820885, 52.324871 ], [ 4.820696, 52.324994 ], [ 4.820531, 52.325124 ], [ 4.820307, 52.325363 ], [ 4.820193, 52.325541 ], [ 4.820103, 52.325782 ], [ 4.820051, 52.326017 ] ] } },
{ "type": "Feature", "properties": { "cls": "separated", "highway": "cycleway", "name": "Koenenkade" }, "geometry": { "type": "LineString", "coordinates": [ [ 4.820051, 52.326017 ], [ 4.820204, 52.326008 ], [ 4.820249, 52.326006 ] ] } },
{ "type": "Feature", "properties": { "cls": "separated", "highway": "cycleway", "name": null }, "geometry": { "type": "LineString", "coordinates": [ [ 4.820051, 52.326017 ], [ 4.820005, 52.326019 ] ] } },
{ "type": "Feature", "properties": { "cls": "separated", "highway": "cycleway", "name": null }, "geometry": { "type": "LineString", "coordinates": [ [ 4.820051, 52.326017 ], [ 4.820042, 52.326134 ], [ 4.820082, 52.326268 ], [ 4.820174, 52.326455 ], [ 4.82022, 52.32653 ], [ 4.820392, 52.326698 ], [ 4.820524, 52.326847 ], [ 4.82067, 52.327335 ], [ 4.820959, 52.328274 ], [ 4.821241, 52.329222 ], [ 4.821254, 52.329266 ], [ 4.821285, 52.329311 ] ] } },
{ "type": "Feature", "properties": { "cls": "separated", "highway": "cycleway", "name": null }, "geometry": { "type": "LineString", "coordinates": [ [ 4.823201, 52.329755 ], [ 4.821496, 52.329383 ], [ 4.821371, 52.329351 ], [ 4.821331, 52.329338 ], [ 4.821285, 52.329311 ] ] } },
{ "type": "Feature", "properties": { "cls": "separated", "highway": "cycleway", "name": null }, "geometry": { "type": "LineString", "coordinates": [ [ 4.843947, 52.329764 ], [ 4.844052, 52.329788 ], [ 4.84418, 52.329782 ], [ 4.844234, 52.329778 ] ] } },
{ "type": "Feature", "properties": { "cls": "separated", "highway": "cycleway", "name": null }, "geometry": { "type": "LineString", "coordinates": [ [ 4.844234, 52.329778 ], [ 4.844359, 52.329767 ] ] } },
{ "type": "Feature", "properties": { "cls": "separated", "highway": "cycleway", "name": "Koenenkade" }, "geometry": { "type": "LineString", "coordinates": [ [ 4.84315, 52.329848 ], [ 4.843329, 52.329808 ] ] } },
{ "type": "Feature", "properties": { "cls": "separated", "highway": "cycleway", "name": "Koenenkade" }, "geometry": { "type": "LineString", "coordinates": [ [ 4.842894, 52.330053 ], [ 4.842954, 52.330042 ], [ 4.843003, 52.329993 ], [ 4.843044, 52.329896 ], [ 4.843076, 52.329871 ], [ 4.84315, 52.329848 ] ] } },
{ "type": "Feature", "properties": { "cls": "separated", "highway": "cycleway", "name": "Koenenkade" }, "geometry": { "type": "LineString", "coordinates": [ [ 4.842743, 52.330054 ], [ 4.842894, 52.330053 ] ] } },
{ "type": "Feature", "properties": { "cls": "separated", "highway": "cycleway", "name": null }, "geometry": { "type": "LineString", "coordinates": [ [ 4.843978, 52.330229 ], [ 4.844068, 52.330192 ], [ 4.844177, 52.33009 ], [ 4.84421, 52.330044 ], [ 4.844224, 52.329979 ], [ 4.844222, 52.329918 ], [ 4.844205, 52.329852 ], [ 4.844195, 52.329815 ], [ 4.84418, 52.329782 ] ] } },
{ "type": "Feature", "properties": { "cls": "separated", "highway": "cycleway", "name": "Koenenkade" }, "geometry": { "type": "LineString", "coordinates": [ [ 4.854496, 52.329893 ], [ 4.85443, 52.329871 ], [ 4.854391, 52.329858 ] ] } },
{ "type": "Feature", "properties": { "cls": "separated", "highway": "cycleway", "name": null }, "geometry": { "type": "LineString", "coordinates": [ [ 4.851016, 52.330052 ], [ 4.850977, 52.33009 ], [ 4.850874, 52.330183 ] ] } },
{ "type": "Feature", "properties": { "cls": "shared", "highway": "footway", "name": null }, "geometry": { "type": "LineString", "coordinates": [ [ 4.85397, 52.331044 ], [ 4.854008, 52.331045 ] ] } },
{ "type": "Feature", "properties": { "cls": "separated", "highway": "cycleway", "name": "Ballenbrug" }, "geometry": { "type": "LineString", "coordinates": [ [ 4.853621, 52.331971 ], [ 4.853728, 52.33197 ] ] } },
{ "type": "Feature", "properties": { "cls": "separated", "highway": "cycleway", "name": null }, "geometry": { "type": "LineString", "coordinates": [ [ 4.853728, 52.33197 ], [ 4.853778, 52.331971 ] ] } },
{ "type": "Feature", "properties": { "cls": "separated", "highway": "cycleway", "name": null }, "geometry": { "type": "LineString", "coordinates": [ [ 4.847151, 52.332275 ], [ 4.847168, 52.332284 ], [ 4.847396, 52.332418 ], [ 4.847571, 52.332483 ], [ 4.847787, 52.332514 ], [ 4.847842, 52.33252 ], [ 4.84793, 52.332519 ], [ 4.848052, 52.332515 ], [ 4.848172, 52.332509 ], [ 4.848294, 52.332498 ], [ 4.848542, 52.332464 ], [ 4.848953, 52.332379 ], [ 4.849631, 52.332248 ], [ 4.849993, 52.332199 ], [ 4.850113, 52.332191 ], [ 4.850751, 52.332185 ], [ 4.85115, 52.332178 ], [ 4.851288, 52.332176 ], [ 4.852001, 52.332154 ], [ 4.852132, 52.332144 ], [ 4.852308, 52.332127 ], [ 4.852452, 52.332106 ], [ 4.852726, 52.33205 ], [ 4.852943, 52.332003 ], [ 4.853016, 52.331991 ], [ 4.853074, 52.331983 ], [ 4.853206, 52.331977 ], [ 4.853621, 52.331971 ] ] } }
]
}
