{
"type": "FeatureCollection",
"name": "096-lee-s-summit-fleming-park",
"crs": { "type": "name", "properties": { "name": "urn:ogc:def:crs:OGC:1.3:CRS84" } },
"xy_coordinate_resolution": 1e-06,
"features": [
{ "type": "Feature", "properties": { "cls": "shared", "highway": "path", "name": "Prickly Pear Loop" }, "geometry": { "type": "LineString", "coordinates": [ [ -94.333591, 38.945953 ], [ -94.333557, 38.945901 ], [ -94.333503, 38.945851 ], [ -94.333431, 38.945805 ], [ -94.333377, 38.945763 ], [ -94.333341, 38.945747 ], [ -94.333146, 38.945724 ] ] } },
{ "type": "Feature", "properties": { "cls": "shared", "highway": "path", "name": "Prickly Pear Loop" }, "geometry": { "type": "MultiLineString", "coordinates": [ [ [ -94.333591, 38.945953 ], [ -94.333675, 38.945966 ], [ -94.333737, 38.945971 ], [ -94.333789, 38.945972 ], [ -94.333855, 38.945986 ], [ -94.333899, 38.946017 ], [ -94.333829, 38.94607 ], [ -94.333804, 38.946132 ], [ -94.333819, 38.946185 ], [ -94.333848, 38.946269 ], [ -94.333877, 38.946322 ], [ -94.333948, 38.946389 ], [ -94.334007, 38.946446 ], [ -94.33406, 38.94649 ], [ -94.334124, 38.946546 ], [ -94.334164, 38.946601 ], [ -94.334211, 38.946683 ], [ -94.334273, 38.94675 ], [ -94.334353, 38.946819 ], [ -94.334447, 38.946889 ], [ -94.334572, 38.946928 ], [ -94.334705, 38.946931 ], [ -94.334806, 38.946891 ], [ -94.334847, 38.946852 ], [ -94.334851, 38.946804 ], [ -94.334806, 38.946795 ], [ -94.334731, 38.946785 ], [ -94.334686, 38.946758 ], [ -94.334592, 38.946721 ], [ -94.334499, 38.946651 ], [ -94.334454, 38.946595 ], [ -94.334399, 38.946537 ], [ -94.334377, 38.946468 ], [ -94.334425, 38.946451 ], [ -94.334462, 38.946474 ], [ -94.334537, 38.946522 ], [ -94.334595, 38.946534 ], [ -94.334621, 38.946463 ], [ -94.334602, 38.946392 ], [ -94.334602, 38.946322 ], [ -94.334647, 38.946275 ], [ -94.33469, 38.946238 ], [ -94.334715, 38.94621 ], [ -94.334774, 38.946172 ], [ -94.334817, 38.946107 ], [ -94.334895, 38.946066 ], [ -94.334984, 38.946034 ], [ -94.335166, 38.946028 ], [ -94.335275, 38.946081 ], [ -94.335371, 38.946092 ], [ -94.335434, 38.946132 ], [ -94.335492, 38.946203 ], [ -94.335497, 38.946271 ], [ -94.335555, 38.946351 ], [ -94.33557, 38.946398 ], [ -94.335628, 38.946456 ], [ -94.335687, 38.946518 ], [ -94.335753, 38.946599 ], [ -94.335718, 38.946651 ], [ -94.335714, 38.946717 ], [ -94.335735, 38.946794 ], [ -94.335802, 38.946858 ], [ -94.335881, 38.946958 ], [ -94.335968, 38.947058 ], [ -94.33605, 38.947139 ] ], [ [ -94.336044, 38.947457 ], [ -94.335944, 38.947528 ], [ -94.335812, 38.947544 ], [ -94.335619, 38.947576 ], [ -94.335482, 38.947624 ], [ -94.335359, 38.947713 ], [ -94.335311, 38.947803 ], [ -94.335303, 38.947895 ], [ -94.33537, 38.947951 ], [ -94.335488, 38.948045 ], [ -94.335571, 38.948114 ], [ -94.335611, 38.948218 ], [ -94.335609, 38.94836 ], [ -94.335611, 38.948467 ], [ -94.335651, 38.948563 ], [ -94.335727, 38.948696 ], [ -94.335732, 38.948811 ], [ -94.335737, 38.948955 ], [ -94.335737, 38.949086 ], [ -94.335708, 38.949205 ], [ -94.335656, 38.949323 ], [ -94.335554, 38.94942 ], [ -94.33544, 38.949419 ], [ -94.335273, 38.949417 ], [ -94.335131, 38.949395 ], [ -94.335059, 38.949367 ], [ -94.334959, 38.949321 ], [ -94.334799, 38.94932 ], [ -94.334608, 38.949384 ], [ -94.33445, 38.949455 ], [ -94.334361, 38.949514 ], [ -94.3343, 38.949591 ], [ -94.3343, 38.949643 ], [ -94.33438, 38.94977 ], [ -94.334479, 38.949925 ], [ -94.334562, 38.95006 ], [ -94.334597, 38.950112 ], [ -94.334343, 38.950058 ], [ -94.334133, 38.950016 ], [ -94.333924, 38.949983 ], [ -94.333779, 38.949969 ], [ -94.333656, 38.949935 ], [ -94.333508, 38.949872 ], [ -94.333393, 38.949827 ], [ -94.333313, 38.949754 ], [ -94.33324, 38.949685 ], [ -94.333165, 38.94963 ], [ -94.333079, 38.949601 ], [ -94.332985, 38.949568 ], [ -94.332776, 38.949541 ], [ -94.332604, 38.949522 ], [ -94.332478, 38.949476 ], [ -94.332323, 38.949411 ], [ -94.332202, 38.949334 ], [ -94.332095, 38.949251 ], [ -94.331912, 38.949167 ], [ -94.331781, 38.949122 ], [ -94.331625, 38.949103 ], [ -94.331451, 38.94909 ], [ -94.331279, 38.949057 ], [ -94.331135, 38.949044 ], [ -94.330992, 38.949036 ], [ -94.330872, 38.949044 ], [ -94.330692, 38.94908 ], [ -94.330421, 38.949032 ], [ -94.330233, 38.949049 ], [ -94.330096, 38.949074 ], [ -94.329909, 38.949086 ], [ -94.329772, 38.949149 ], [ -94.32959, 38.949193 ], [ -94.329418, 38.949167 ], [ -94.329265, 38.949126 ], [ -94.329203, 38.94908 ], [ -94.329144, 38.949028 ], [ -94.329152, 38.948951 ], [ -94.329225, 38.94889 ], [ -94.329356, 38.948828 ], [ -94.32948, 38.948821 ], [ -94.329633, 38.948802 ], [ -94.329791, 38.948786 ], [ -94.329989, 38.948769 ], [ -94.330142, 38.948773 ], [ -94.330343, 38.948782 ], [ -94.330477, 38.94878 ], [ -94.330606, 38.948771 ], [ -94.330738, 38.948746 ], [ -94.330869, 38.948694 ], [ -94.330979, 38.948652 ], [ -94.331143, 38.948633 ], [ -94.331261, 38.948604 ], [ -94.331419, 38.948569 ], [ -94.331585, 38.948519 ], [ -94.331768, 38.948475 ], [ -94.331966, 38.948433 ], [ -94.33213, 38.948373 ], [ -94.332288, 38.948312 ], [ -94.332406, 38.94825 ], [ -94.33251, 38.94816 ], [ -94.332591, 38.94807 ], [ -94.332698, 38.947962 ], [ -94.332851, 38.947797 ], [ -94.332983, 38.947666 ], [ -94.33317, 38.947515 ], [ -94.333264, 38.947442 ], [ -94.333331, 38.94739 ], [ -94.33342, 38.947348 ], [ -94.333546, 38.947363 ], [ -94.333634, 38.947407 ], [ -94.333723, 38.947463 ], [ -94.333785, 38.947532 ], [ -94.33379, 38.94764 ], [ -94.333809, 38.947737 ], [ -94.333849, 38.947818 ], [ -94.333962, 38.947897 ], [ -94.334072, 38.947972 ], [ -94.334131, 38.948026 ], [ -94.334281, 38.948085 ], [ -94.334399, 38.948087 ], [ -94.334554, 38.948101 ], [ -94.334675, 38.948099 ], [ -94.334817, 38.948091 ], [ -94.33489, 38.948097 ], [ -94.334941, 38.948143 ], [ -94.334978, 38.948185 ], [ -94.335064, 38.948168 ], [ -94.335048, 38.94807 ], [ -94.335037, 38.947955 ], [ -94.334997, 38.947843 ], [ -94.334935, 38.947757 ], [ -94.334828, 38.947689 ], [ -94.334739, 38.947626 ], [ -94.334713, 38.947568 ], [ -94.334734, 38.947467 ], [ -94.334817, 38.947449 ], [ -94.334986, 38.947399 ], [ -94.335115, 38.947388 ], [ -94.335308, 38.947386 ], [ -94.335437, 38.947371 ], [ -94.335541, 38.947313 ], [ -94.335525, 38.947263 ], [ -94.33545, 38.947244 ], [ -94.33537, 38.947232 ], [ -94.335254, 38.947215 ], [ -94.335161, 38.947196 ], [ -94.335059, 38.947163 ], [ -94.334973, 38.947142 ], [ -94.334847, 38.947111 ], [ -94.33468, 38.947102 ], [ -94.334541, 38.94709 ], [ -94.33442, 38.947034 ], [ -94.334321, 38.946998 ], [ -94.334235, 38.946936 ], [ -94.334114, 38.946858 ], [ -94.333994, 38.946785 ], [ -94.333905, 38.946743 ], [ -94.333803, 38.946665 ], [ -94.333719, 38.946619 ], [ -94.333623, 38.946555 ], [ -94.333491, 38.946433 ], [ -94.333473, 38.946326 ], [ -94.33348, 38.946211 ], [ -94.33349, 38.946099 ], [ -94.333508, 38.946027 ], [ -94.333554, 38.945965 ], [ -94.333591, 38.945953 ] ] ] } },
{ "type": "Feature", "properties": { "cls": "shared", "highway": "path", "name": "Bobcat West" }, "geometry": { "type": "LineString", "coordinates": [ [ -94.334597, 38.950112 ], [ -94.334758, 38.950139 ], [ -94.334924, 38.950181 ], [ -94.335174, 38.950246 ], [ -94.335335, 38.950371 ], [ -94.33541, 38.950555 ], [ -94.335461, 38.950655 ], [ -94.335544, 38.950788 ], [ -94.335654, 38.950868 ], [ -94.335802, 38.950953 ], [ -94.335882, 38.95103 ], [ -94.335938, 38.951097 ], [ -94.335936, 38.951166 ], [ -94.335847, 38.951203 ], [ -94.335745, 38.951201 ], [ -94.335614, 38.951162 ], [ -94.335445, 38.951168 ], [ -94.3353, 38.951174 ], [ -94.335088, 38.95116 ], [ -94.33482, 38.951057 ], [ -94.334511, 38.951096 ], [ -94.334705, 38.951239 ], [ -94.334859, 38.951394 ], [ -94.335013, 38.951464 ], [ -94.335169, 38.951543 ], [ -94.335265, 38.951618 ], [ -94.335431, 38.951691 ], [ -94.335547, 38.9518 ], [ -94.335662, 38.951949 ], [ -94.335611, 38.952097 ], [ -94.335483, 38.952109 ], [ -94.335328, 38.95203 ], [ -94.335218, 38.952019 ], [ -94.335212, 38.952115 ], [ -94.335336, 38.952293 ], [ -94.335279, 38.952359 ], [ -94.335103, 38.952349 ], [ -94.335043, 38.952407 ], [ -94.334986, 38.952463 ], [ -94.334882, 38.952549 ], [ -94.334825, 38.952622 ], [ -94.334799, 38.95272 ], [ -94.334812, 38.952828 ], [ -94.334761, 38.952933 ], [ -94.334755, 38.953026 ], [ -94.334729, 38.95311 ], [ -94.334654, 38.953139 ], [ -94.334573, 38.953114 ], [ -94.334519, 38.953078 ], [ -94.334423, 38.953016 ], [ -94.334329, 38.95296 ], [ -94.334187, 38.95296 ], [ -94.333817, 38.952962 ], [ -94.333479, 38.953056 ], [ -94.333205, 38.953168 ], [ -94.332905, 38.95326 ], [ -94.33267, 38.953326 ], [ -94.332634, 38.953373 ], [ -94.332625, 38.953408 ], [ -94.332671, 38.953448 ] ] } },
{ "type": "Feature", "properties": { "cls": "shared", "highway": "path", "name": null }, "geometry": { "type": "LineString", "coordinates": [ [ -94.333693, 38.952306 ], [ -94.333978, 38.952301 ], [ -94.334133, 38.952326 ], [ -94.334461, 38.952396 ], [ -94.334675, 38.952459 ], [ -94.334882, 38.952549 ] ] } },
{ "type": "Feature", "properties": { "cls": "shared", "highway": "path", "name": "Bobcat West" }, "geometry": { "type": "LineString", "coordinates": [ [ -94.332671, 38.953448 ], [ -94.332898, 38.953411 ], [ -94.333162, 38.953398 ], [ -94.333382, 38.953352 ], [ -94.333554, 38.953264 ], [ -94.333763, 38.953181 ], [ -94.333945, 38.953114 ], [ -94.334131, 38.953166 ], [ -94.334187, 38.953256 ], [ -94.33416, 38.953369 ], [ -94.334123, 38.95346 ], [ -94.333991, 38.953556 ], [ -94.33386, 38.953602 ], [ -94.333771, 38.953571 ], [ -94.333696, 38.953569 ], [ -94.333573, 38.953604 ], [ -94.333428, 38.953652 ], [ -94.333337, 38.953692 ], [ -94.333202, 38.9537 ], [ -94.333068, 38.953738 ], [ -94.332908, 38.953836 ], [ -94.332752, 38.953952 ], [ -94.332621, 38.954005 ], [ -94.332524, 38.954128 ], [ -94.332489, 38.954219 ], [ -94.332536, 38.954261 ], [ -94.332589, 38.954263 ], [ -94.332752, 38.954249 ], [ -94.332904, 38.95422 ], [ -94.332944, 38.95425 ], [ -94.332924, 38.954328 ], [ -94.332867, 38.954391 ], [ -94.332797, 38.954484 ], [ -94.332753, 38.95453 ], [ -94.332715, 38.954572 ], [ -94.33269, 38.954644 ], [ -94.332722, 38.954703 ], [ -94.332808, 38.954812 ], [ -94.332897, 38.954874 ], [ -94.333004, 38.954943 ], [ -94.333152, 38.954968 ], [ -94.333232, 38.954924 ], [ -94.333235, 38.954854 ], [ -94.333291, 38.954795 ], [ -94.333385, 38.954774 ], [ -94.333508, 38.954839 ], [ -94.333621, 38.954891 ], [ -94.333723, 38.954931 ], [ -94.333873, 38.95496 ], [ -94.333975, 38.955008 ], [ -94.333983, 38.95515 ], [ -94.334005, 38.955248 ], [ -94.334101, 38.955327 ], [ -94.334149, 38.955402 ], [ -94.33416, 38.955509 ], [ -94.334166, 38.955598 ], [ -94.334198, 38.955708 ] ] } },
{ "type": "Feature", "properties": { "cls": "shared", "highway": "path", "name": "Hoot Owl Loop" }, "geometry": { "type": "LineString", "coordinates": [ [ -94.334367, 38.95492 ], [ -94.334263, 38.954811 ], [ -94.334204, 38.954766 ], [ -94.33412, 38.954715 ], [ -94.334039, 38.954657 ], [ -94.333971, 38.95463 ], [ -94.333862, 38.954616 ], [ -94.333762, 38.954612 ], [ -94.333703, 38.954613 ], [ -94.333614, 38.954592 ], [ -94.333575, 38.954571 ], [ -94.333527, 38.954554 ], [ -94.333455, 38.954537 ], [ -94.33339, 38.954515 ], [ -94.333329, 38.95448 ], [ -94.333296, 38.954425 ], [ -94.333283, 38.954377 ], [ -94.333304, 38.954325 ], [ -94.333337, 38.954279 ], [ -94.333385, 38.954243 ], [ -94.333494, 38.954191 ], [ -94.333553, 38.954142 ], [ -94.333633, 38.954092 ], [ -94.333727, 38.95406 ], [ -94.333801, 38.954041 ], [ -94.333897, 38.953994 ], [ -94.333976, 38.953952 ], [ -94.334047, 38.95393 ], [ -94.334195, 38.953927 ], [ -94.334282, 38.953909 ], [ -94.334363, 38.953887 ], [ -94.334423, 38.953841 ], [ -94.334451, 38.953743 ], [ -94.334454, 38.953687 ], [ -94.33447, 38.953584 ], [ -94.334498, 38.953501 ], [ -94.334499, 38.95344 ], [ -94.334501, 38.953402 ], [ -94.33454, 38.953361 ], [ -94.334597, 38.95336 ], [ -94.334639, 38.953379 ], [ -94.334688, 38.953423 ], [ -94.334742, 38.953467 ], [ -94.334808, 38.953504 ], [ -94.334883, 38.953544 ], [ -94.334954, 38.953575 ], [ -94.335017, 38.9536 ], [ -94.335051, 38.95363 ], [ -94.335087, 38.953667 ], [ -94.335099, 38.953708 ], [ -94.33511, 38.953779 ], [ -94.335127, 38.953838 ], [ -94.335149, 38.953901 ], [ -94.335159, 38.953952 ], [ -94.335169, 38.954009 ], [ -94.335197, 38.954069 ], [ -94.335234, 38.954149 ], [ -94.335279, 38.954213 ], [ -94.335327, 38.954288 ], [ -94.335371, 38.954352 ], [ -94.335394, 38.954414 ], [ -94.335427, 38.954487 ], [ -94.335461, 38.954523 ], [ -94.335536, 38.954555 ], [ -94.33565, 38.954586 ], [ -94.335767, 38.954602 ], [ -94.335871, 38.954631 ], [ -94.335944, 38.954673 ], [ -94.335992, 38.954745 ], [ -94.336032, 38.954797 ], [ -94.336093, 38.954842 ], [ -94.336215, 38.954877 ], [ -94.336378, 38.954898 ], [ -94.336567, 38.954906 ], [ -94.336672, 38.954933 ], [ -94.336758, 38.955 ], [ -94.336825, 38.955068 ], [ -94.3369, 38.955171 ], [ -94.336955, 38.955269 ], [ -94.337038, 38.955354 ], [ -94.337119, 38.955439 ], [ -94.337151, 38.955495 ], [ -94.337158, 38.955586 ], [ -94.337158, 38.955717 ], [ -94.337139, 38.955835 ], [ -94.33712, 38.955899 ] ] } },
{ "type": "Feature", "properties": { "cls": "shared", "highway": "path", "name": "Hoot Owl Loop" }, "geometry": { "type": "LineString", "coordinates": [ [ -94.334367, 38.95492 ], [ -94.334466, 38.954989 ], [ -94.334592, 38.955166 ], [ -94.334646, 38.9553 ], [ -94.334702, 38.955463 ], [ -94.334597, 38.955559 ], [ -94.334431, 38.955644 ], [ -94.33427, 38.955703 ], [ -94.334198, 38.955708 ] ] } },
{ "type": "Feature", "properties": { "cls": "shared", "highway": "path", "name": "Bobcat West" }, "geometry": { "type": "LineString", "coordinates": [ [ -94.334198, 38.955708 ], [ -94.334056, 38.955719 ], [ -94.333945, 38.95575 ], [ -94.333887, 38.955853 ], [ -94.333862, 38.955934 ], [ -94.333862, 38.956047 ], [ -94.333846, 38.956134 ], [ -94.333836, 38.956251 ], [ -94.333795, 38.95636 ], [ -94.333734, 38.956464 ], [ -94.333685, 38.956556 ], [ -94.333712, 38.956662 ], [ -94.333782, 38.956762 ], [ -94.333833, 38.956854 ], [ -94.333817, 38.956923 ], [ -94.333742, 38.956927 ], [ -94.333656, 38.956883 ], [ -94.333527, 38.9568 ], [ -94.333414, 38.956764 ], [ -94.333304, 38.956706 ], [ -94.333235, 38.956622 ], [ -94.333208, 38.956489 ], [ -94.333176, 38.956299 ], [ -94.333178, 38.956189 ], [ -94.333178, 38.956068 ], [ -94.333216, 38.955944 ], [ -94.333248, 38.955857 ], [ -94.333237, 38.955765 ], [ -94.33317, 38.955696 ], [ -94.333071, 38.955621 ], [ -94.332956, 38.955548 ], [ -94.332899, 38.955463 ], [ -94.332827, 38.955387 ], [ -94.332763, 38.955258 ], [ -94.332663, 38.955148 ], [ -94.332505, 38.95505 ], [ -94.332379, 38.954974 ], [ -94.33221, 38.954872 ], [ -94.332114, 38.954778 ], [ -94.332084, 38.954637 ], [ -94.33206, 38.954514 ], [ -94.332028, 38.95444 ], [ -94.331984, 38.954426 ], [ -94.33195, 38.954464 ], [ -94.331931, 38.954561 ], [ -94.33192, 38.954668 ], [ -94.331902, 38.954772 ], [ -94.331918, 38.954908 ], [ -94.331977, 38.954987 ], [ -94.332036, 38.955071 ], [ -94.332119, 38.955146 ], [ -94.332162, 38.955221 ], [ -94.33213, 38.95526 ], [ -94.332063, 38.955252 ], [ -94.332001, 38.955191 ], [ -94.33195, 38.955129 ], [ -94.331896, 38.955089 ], [ -94.331832, 38.955056 ], [ -94.331759, 38.955041 ], [ -94.331675, 38.955058 ] ] } },
{ "type": "Feature", "properties": { "cls": "shared", "highway": "path", "name": "Colbern Connection" }, "geometry": { "type": "LineString", "coordinates": [ [ -94.318877, 38.949013 ], [ -94.318711, 38.948913 ], [ -94.318598, 38.948875 ], [ -94.318424, 38.948855 ], [ -94.318268, 38.948823 ], [ -94.318086, 38.948807 ], [ -94.317954, 38.948802 ], [ -94.317791, 38.948786 ], [ -94.317686, 38.948759 ], [ -94.317638, 38.94874 ], [ -94.317619, 38.948702 ], [ -94.317603, 38.948667 ], [ -94.317598, 38.948629 ], [ -94.317571, 38.948615 ], [ -94.317469, 38.948587 ], [ -94.317378, 38.948542 ], [ -94.317289, 38.948465 ], [ -94.317254, 38.948389 ], [ -94.317281, 38.948306 ], [ -94.317364, 38.948264 ], [ -94.317501, 38.948252 ], [ -94.3176, 38.948256 ], [ -94.317702, 38.948239 ], [ -94.317783, 38.94822 ], [ -94.317828, 38.948193 ], [ -94.317909, 38.948137 ], [ -94.317968, 38.948093 ], [ -94.318024, 38.948026 ], [ -94.318051, 38.947923 ], [ -94.318037, 38.947858 ], [ -94.317971, 38.947733 ], [ -94.317975, 38.94766 ], [ -94.317937, 38.947557 ], [ -94.317931, 38.947376 ], [ -94.317918, 38.947199 ], [ -94.31775, 38.946963 ], [ -94.317684, 38.946785 ], [ -94.3176, 38.946675 ], [ -94.31745, 38.946295 ], [ -94.317411, 38.946034 ] ] } },
{ "type": "Feature", "properties": { "cls": "shared", "highway": "path", "name": "Colbern Connection" }, "geometry": { "type": "LineString", "coordinates": [ [ -94.317079, 38.950802 ], [ -94.317433, 38.950622 ], [ -94.317598, 38.950499 ], [ -94.317661, 38.950451 ], [ -94.318091, 38.949999 ], [ -94.318448, 38.94976 ], [ -94.3187, 38.949526 ], [ -94.318791, 38.949372 ], [ -94.31885, 38.949209 ], [ -94.318877, 38.949013 ] ] } },
{ "type": "Feature", "properties": { "cls": "shared", "highway": "path", "name": "Eleanor" }, "geometry": { "type": "LineString", "coordinates": [ [ -94.317433, 38.950622 ], [ -94.317366, 38.950896 ], [ -94.317337, 38.951023 ], [ -94.317332, 38.951149 ], [ -94.317317, 38.951247 ], [ -94.317252, 38.951305 ], [ -94.317147, 38.951378 ], [ -94.317087, 38.95142 ], [ -94.31703, 38.951518 ], [ -94.316497, 38.951788 ], [ -94.316285, 38.952025 ], [ -94.316218, 38.952069 ], [ -94.316102, 38.952143 ], [ -94.316015, 38.952219 ], [ -94.316043, 38.952292 ], [ -94.316084, 38.952312 ], [ -94.316185, 38.952314 ], [ -94.316357, 38.952247 ], [ -94.317154, 38.952203 ], [ -94.317397, 38.952284 ], [ -94.317456, 38.95234 ], [ -94.317471, 38.952452 ], [ -94.317319, 38.952566 ], [ -94.317219, 38.952685 ], [ -94.317162, 38.952781 ], [ -94.317201, 38.952895 ], [ -94.317255, 38.953172 ], [ -94.317157, 38.95348 ], [ -94.317162, 38.953863 ], [ -94.317149, 38.953982 ], [ -94.317195, 38.954112 ], [ -94.317239, 38.954146 ], [ -94.317373, 38.954168 ], [ -94.317494, 38.954078 ], [ -94.317626, 38.95393 ], [ -94.31766, 38.953703 ], [ -94.318005, 38.953232 ], [ -94.318216, 38.952989 ], [ -94.318157, 38.952841 ], [ -94.318134, 38.952721 ], [ -94.317925, 38.952386 ], [ -94.317904, 38.952251 ], [ -94.317971, 38.951977 ], [ -94.318175, 38.95183 ], [ -94.318335, 38.951776 ], [ -94.318394, 38.951722 ], [ -94.318438, 38.951578 ], [ -94.318572, 38.951502 ], [ -94.318701, 38.951245 ], [ -94.318745, 38.951249 ], [ -94.318812, 38.951012 ], [ -94.318866, 38.950878 ], [ -94.319083, 38.950778 ], [ -94.319139, 38.950662 ], [ -94.319273, 38.950521 ], [ -94.319462, 38.950439 ], [ -94.319632, 38.950323 ], [ -94.319694, 38.950253 ], [ -94.319714, 38.950158 ], [ -94.319614, 38.950054 ], [ -94.319624, 38.94994 ], [ -94.319727, 38.949721 ], [ -94.319861, 38.949663 ], [ -94.319972, 38.949677 ], [ -94.32006, 38.949768 ], [ -94.320042, 38.949936 ], [ -94.320021, 38.95002 ], [ -94.320057, 38.950104 ], [ -94.320132, 38.950146 ], [ -94.320382, 38.950188 ], [ -94.320519, 38.950223 ], [ -94.32058, 38.950271 ], [ -94.320593, 38.950335 ], [ -94.320549, 38.950521 ], [ -94.320459, 38.950618 ], [ -94.320431, 38.950634 ], [ -94.320289, 38.950638 ], [ -94.32006, 38.950551 ], [ -94.319944, 38.950523 ], [ -94.31982, 38.950525 ], [ -94.319758, 38.95058 ], [ -94.319714, 38.950688 ], [ -94.319743, 38.950784 ], [ -94.319732, 38.9509 ], [ -94.319655, 38.951025 ], [ -94.319637, 38.951223 ], [ -94.319433, 38.951891 ], [ -94.319379, 38.952105 ], [ -94.319418, 38.952272 ], [ -94.319325, 38.9526 ], [ -94.319374, 38.952759 ], [ -94.319495, 38.952885 ], [ -94.31949, 38.953038 ], [ -94.319562, 38.953104 ], [ -94.319853, 38.953236 ], [ -94.319985, 38.953232 ], [ -94.320186, 38.95308 ], [ -94.320323, 38.953009 ], [ -94.320423, 38.952915 ], [ -94.320542, 38.952885 ], [ -94.320818, 38.952887 ], [ -94.321042, 38.952799 ], [ -94.321212, 38.952669 ] ] } },
{ "type": "Feature", "properties": { "cls": "shared", "highway": "path", "name": "Larry Mattonen Memorial Trail" }, "geometry": { "type": "MultiLineString", "coordinates": [ [ [ -94.315283, 38.955889 ], [ -94.315385, 38.955884 ], [ -94.315428, 38.95588 ], [ -94.315471, 38.955879 ] ], [ [ -94.315471, 38.955879 ], [ -94.315389, 38.95638 ], [ -94.315336, 38.95663 ], [ -94.315144, 38.957022 ], [ -94.315225, 38.957187 ], [ -94.315115, 38.957381 ], [ -94.315137, 38.957429 ], [ -94.315153, 38.957463 ], [ -94.315288, 38.957489 ], [ -94.315585, 38.957261 ], [ -94.315643, 38.957131 ], [ -94.315744, 38.957067 ], [ -94.315859, 38.957071 ], [ -94.315917, 38.957131 ], [ -94.315941, 38.957336 ], [ -94.316248, 38.957523 ], [ -94.316488, 38.957825 ], [ -94.316555, 38.957945 ], [ -94.31669, 38.958027 ], [ -94.31692, 38.95806 ], [ -94.317074, 38.957989 ], [ -94.317228, 38.957851 ], [ -94.317256, 38.95759 ], [ -94.317271, 38.95731 ], [ -94.317319, 38.957157 ], [ -94.317472, 38.957004 ], [ -94.31752, 38.956709 ], [ -94.317684, 38.956619 ], [ -94.317919, 38.956612 ], [ -94.318068, 38.956664 ], [ -94.318188, 38.956791 ], [ -94.318452, 38.957302 ], [ -94.318538, 38.957706 ], [ -94.318519, 38.957829 ], [ -94.31863, 38.95803 ], [ -94.318678, 38.958195 ], [ -94.319153, 38.958411 ], [ -94.319532, 38.958576 ], [ -94.319681, 38.958576 ], [ -94.319753, 38.958546 ], [ -94.319849, 38.958411 ], [ -94.319945, 38.958352 ], [ -94.319897, 38.95809 ], [ -94.319988, 38.95784 ], [ -94.319921, 38.957646 ], [ -94.319815, 38.957493 ], [ -94.319638, 38.957426 ], [ -94.319575, 38.957231 ], [ -94.319691, 38.957045 ], [ -94.319662, 38.956705 ], [ -94.319729, 38.95647 ], [ -94.319451, 38.956261 ], [ -94.319436, 38.956167 ], [ -94.319445, 38.955986 ], [ -94.319398, 38.955772 ], [ -94.319326, 38.95566 ], [ -94.319339, 38.95558 ], [ -94.319355, 38.95548 ], [ -94.319474, 38.95541 ], [ -94.319787, 38.955342 ], [ -94.319974, 38.955073 ], [ -94.32007, 38.954995 ], [ -94.320108, 38.954834 ], [ -94.32007, 38.954756 ], [ -94.319868, 38.954581 ], [ -94.319859, 38.954431 ], [ -94.319964, 38.954297 ], [ -94.320166, 38.954256 ], [ -94.320459, 38.95423 ], [ -94.320545, 38.954185 ], [ -94.320569, 38.954095 ], [ -94.320516, 38.953371 ], [ -94.320603, 38.953237 ], [ -94.320761, 38.953136 ], [ -94.320862, 38.953117 ], [ -94.321193, 38.95321 ], [ -94.321525, 38.953225 ], [ -94.321957, 38.953165 ], [ -94.322432, 38.953098 ], [ -94.322807, 38.953083 ], [ -94.323157, 38.953143 ], [ -94.323551, 38.953139 ], [ -94.323877, 38.953289 ], [ -94.324007, 38.953278 ], [ -94.324122, 38.953195 ], [ -94.324165, 38.953106 ], [ -94.324132, 38.95296 ], [ -94.324031, 38.952643 ], [ -94.323997, 38.952333 ], [ -94.32381, 38.952098 ], [ -94.323652, 38.952034 ], [ -94.323445, 38.952012 ], [ -94.323205, 38.952042 ], [ -94.323027, 38.951974 ], [ -94.322922, 38.951866 ], [ -94.322768, 38.951541 ], [ -94.322715, 38.951295 ], [ -94.322543, 38.951183 ], [ -94.32236, 38.951201 ], [ -94.322269, 38.951276 ], [ -94.322245, 38.951463 ], [ -94.322144, 38.951549 ], [ -94.321981, 38.951597 ], [ -94.321779, 38.951605 ], [ -94.321573, 38.951709 ], [ -94.321323, 38.951739 ], [ -94.32079, 38.952161 ], [ -94.320713, 38.952296 ], [ -94.320497, 38.952337 ], [ -94.320243, 38.95231 ], [ -94.320051, 38.952228 ], [ -94.31995, 38.952113 ], [ -94.320094, 38.951773 ], [ -94.320099, 38.951467 ], [ -94.320339, 38.951108 ], [ -94.320396, 38.950929 ], [ -94.320742, 38.950414 ], [ -94.320757, 38.950272 ], [ -94.320713, 38.950122 ], [ -94.320392, 38.95001 ], [ -94.320281, 38.949768 ], [ -94.320075, 38.949551 ], [ -94.319942, 38.949489 ], [ -94.319805, 38.94948 ], [ -94.319559, 38.949677 ], [ -94.319492, 38.949985 ], [ -94.319299, 38.950101 ], [ -94.318943, 38.950329 ], [ -94.318624, 38.950775 ], [ -94.318466, 38.951112 ], [ -94.318332, 38.951433 ], [ -94.318159, 38.951538 ], [ -94.31802, 38.951556 ], [ -94.317736, 38.951709 ], [ -94.317357, 38.951799 ], [ -94.31717, 38.951806 ], [ -94.317093, 38.951758 ], [ -94.317059, 38.95168 ], [ -94.317165, 38.951489 ], [ -94.317147, 38.951378 ], [ -94.317136, 38.951314 ], [ -94.317055, 38.951157 ], [ -94.317117, 38.950888 ], [ -94.317079, 38.950802 ], [ -94.316973, 38.950791 ], [ -94.31669, 38.950884 ], [ -94.316426, 38.95106 ], [ -94.316157, 38.951433 ], [ -94.31585, 38.951806 ], [ -94.315533, 38.95231 ], [ -94.315177, 38.952721 ], [ -94.314889, 38.952971 ], [ -94.314668, 38.953195 ], [ -94.314582, 38.953546 ], [ -94.314654, 38.954013 ], [ -94.314976, 38.954203 ], [ -94.315081, 38.95442 ], [ -94.315254, 38.954853 ], [ -94.315283, 38.955387 ], [ -94.315432, 38.95576 ], [ -94.315471, 38.955879 ] ] ] } },
{ "type": "Feature", "properties": { "cls": "shared", "highway": "path", "name": "Eleanor" }, "geometry": { "type": "LineString", "coordinates": [ [ -94.319779, 38.95417 ], [ -94.319694, 38.954246 ], [ -94.319492, 38.954359 ], [ -94.319397, 38.954469 ], [ -94.319402, 38.954559 ], [ -94.319554, 38.954609 ], [ -94.319603, 38.954685 ], [ -94.319619, 38.954836 ], [ -94.319557, 38.955044 ], [ -94.319459, 38.955225 ], [ -94.319376, 38.955401 ], [ -94.319355, 38.95548 ] ] } },
{ "type": "Feature", "properties": { "cls": "shared", "highway": "path", "name": "Slim Jim" }, "geometry": { "type": "LineString", "coordinates": [ [ -94.314608, 38.957853 ], [ -94.31451, 38.957799 ], [ -94.314588, 38.957928 ], [ -94.314679, 38.958082 ], [ -94.314807, 38.958395 ], [ -94.314961, 38.958532 ], [ -94.315573, 38.958623 ], [ -94.317637, 38.959139 ], [ -94.317993, 38.959286 ], [ -94.31811, 38.959387 ], [ -94.318092, 38.959419 ], [ -94.318344, 38.959536 ], [ -94.318418, 38.95966 ], [ -94.318382, 38.959815 ], [ -94.318105, 38.959938 ], [ -94.317684, 38.960332 ], [ -94.317137, 38.960478 ], [ -94.316798, 38.960694 ], [ -94.316775, 38.960777 ], [ -94.317366, 38.960712 ], [ -94.318066, 38.960736 ], [ -94.318163, 38.960639 ], [ -94.318375, 38.960597 ], [ -94.318701, 38.960603 ], [ -94.318741, 38.960696 ], [ -94.31867, 38.961266 ], [ -94.318749, 38.961393 ], [ -94.318736, 38.961466 ], [ -94.318871, 38.961433 ], [ -94.319085, 38.9615 ], [ -94.31922, 38.961377 ], [ -94.319279, 38.961187 ], [ -94.319684, 38.96109 ], [ -94.319836, 38.960942 ], [ -94.320037, 38.96064 ], [ -94.320124, 38.96051 ], [ -94.320114, 38.960126 ], [ -94.320027, 38.960062 ], [ -94.319546, 38.960025 ], [ -94.319342, 38.959848 ], [ -94.319029, 38.959773 ], [ -94.318871, 38.959625 ], [ -94.318568, 38.959518 ], [ -94.318451, 38.959346 ], [ -94.318301, 38.959217 ], [ -94.317702, 38.958993 ], [ -94.317679, 38.958926 ], [ -94.317868, 38.958817 ], [ -94.318436, 38.958744 ], [ -94.318846, 38.958934 ], [ -94.318978, 38.958949 ], [ -94.319116, 38.959054 ], [ -94.319149, 38.959189 ], [ -94.319301, 38.959229 ], [ -94.319528, 38.959427 ], [ -94.319803, 38.9595 ], [ -94.320167, 38.959351 ], [ -94.320911, 38.959573 ], [ -94.321021, 38.959488 ], [ -94.321092, 38.959334 ], [ -94.32178, 38.959456 ], [ -94.322116, 38.959312 ], [ -94.322314, 38.958953 ], [ -94.322459, 38.958829 ], [ -94.322546, 38.95866 ], [ -94.322541, 38.958454 ], [ -94.322462, 38.958241 ], [ -94.322444, 38.957854 ], [ -94.322182, 38.957672 ], [ -94.322004, 38.957607 ], [ -94.321874, 38.957466 ], [ -94.32155, 38.957324 ], [ -94.321543, 38.957244 ], [ -94.321604, 38.957143 ], [ -94.321899, 38.95705 ], [ -94.322121, 38.956884 ], [ -94.322551, 38.956866 ], [ -94.32263, 38.956709 ], [ -94.32264, 38.956688 ], [ -94.322735, 38.956634 ], [ -94.322806, 38.956468 ], [ -94.323274, 38.956266 ], [ -94.323435, 38.955882 ], [ -94.323695, 38.955603 ], [ -94.323837, 38.955226 ], [ -94.323669, 38.95508 ], [ -94.322859, 38.954913 ], [ -94.322566, 38.954711 ], [ -94.321915, 38.954759 ], [ -94.321889, 38.954699 ], [ -94.321935, 38.954513 ], [ -94.322197, 38.954222 ], [ -94.322783, 38.954363 ], [ -94.323389, 38.954189 ], [ -94.323634, 38.953961 ], [ -94.324352, 38.954123 ], [ -94.324586, 38.954107 ], [ -94.324787, 38.95399 ], [ -94.324902, 38.953885 ], [ -94.325017, 38.953567 ], [ -94.324752, 38.952505 ], [ -94.324535, 38.952265 ], [ -94.324512, 38.952147 ], [ -94.324359, 38.951949 ], [ -94.323644, 38.951451 ], [ -94.323577, 38.951176 ], [ -94.323269, 38.950869 ], [ -94.32275, 38.95059 ], [ -94.322309, 38.950667 ], [ -94.321996, 38.95101 ], [ -94.321915, 38.951043 ], [ -94.321874, 38.951115 ], [ -94.321978, 38.951208 ], [ -94.321981, 38.951251 ], [ -94.321859, 38.951239 ], [ -94.32168, 38.951129 ], [ -94.321553, 38.951119 ], [ -94.320781, 38.951566 ], [ -94.320598, 38.951546 ], [ -94.320537, 38.951396 ], [ -94.320682, 38.951245 ], [ -94.320718, 38.951115 ], [ -94.320898, 38.95102 ], [ -94.320982, 38.950814 ], [ -94.321604, 38.950517 ], [ -94.321685, 38.950303 ], [ -94.321647, 38.950136 ], [ -94.321535, 38.950031 ], [ -94.321245, 38.949998 ], [ -94.320855, 38.949748 ], [ -94.320664, 38.949538 ], [ -94.320603, 38.949411 ], [ -94.32043, 38.949279 ], [ -94.320361, 38.949081 ], [ -94.320124, 38.948865 ], [ -94.319992, 38.948809 ], [ -94.319818, 38.948851 ], [ -94.31933, 38.949362 ], [ -94.319223, 38.9496 ], [ -94.319016, 38.949782 ], [ -94.318591, 38.949984 ], [ -94.318476, 38.95014 ], [ -94.318303, 38.950214 ], [ -94.318199, 38.95036 ], [ -94.318168, 38.950742 ], [ -94.318028, 38.951004 ], [ -94.317949, 38.951234 ], [ -94.317689, 38.951348 ], [ -94.317562, 38.951249 ], [ -94.317544, 38.950996 ], [ -94.31771, 38.950544 ], [ -94.317598, 38.950499 ] ] } },
{ "type": "Feature", "properties": { "cls": "shared", "highway": "path", "name": "Hoot Owl Loop" }, "geometry": { "type": "LineString", "coordinates": [ [ -94.336896, 38.956147 ], [ -94.336809, 38.956128 ], [ -94.336732, 38.956103 ], [ -94.336711, 38.956076 ], [ -94.336704, 38.956022 ], [ -94.336712, 38.955943 ], [ -94.336724, 38.955841 ], [ -94.336724, 38.955748 ], [ -94.336684, 38.955688 ], [ -94.336613, 38.955659 ], [ -94.336506, 38.955625 ], [ -94.336418, 38.955587 ], [ -94.336276, 38.955566 ], [ -94.336081, 38.955567 ], [ -94.335967, 38.955562 ], [ -94.335847, 38.955536 ], [ -94.335736, 38.955503 ], [ -94.335705, 38.955475 ], [ -94.335694, 38.955433 ], [ -94.33567, 38.955383 ], [ -94.33563, 38.955346 ], [ -94.335533, 38.95532 ], [ -94.335386, 38.955343 ], [ -94.335288, 38.95537 ], [ -94.335161, 38.955431 ], [ -94.335084, 38.9555 ], [ -94.335041, 38.955556 ], [ -94.334998, 38.955651 ], [ -94.334965, 38.955719 ], [ -94.334904, 38.95577 ], [ -94.334811, 38.955812 ], [ -94.334713, 38.955869 ], [ -94.334658, 38.955928 ], [ -94.334652, 38.955969 ], [ -94.334654, 38.955996 ], [ -94.334676, 38.956033 ], [ -94.334733, 38.956033 ], [ -94.334768, 38.956063 ], [ -94.334764, 38.956135 ], [ -94.334719, 38.956219 ], [ -94.334707, 38.956271 ], [ -94.334687, 38.956345 ], [ -94.334676, 38.956388 ], [ -94.33464, 38.956421 ], [ -94.334561, 38.956429 ], [ -94.334466, 38.95642 ], [ -94.334387, 38.956405 ], [ -94.33432, 38.956397 ], [ -94.334242, 38.956384 ], [ -94.334194, 38.956355 ], [ -94.334157, 38.956309 ], [ -94.334141, 38.956243 ], [ -94.334156, 38.956176 ], [ -94.334195, 38.956116 ], [ -94.33425, 38.956066 ], [ -94.334302, 38.956027 ], [ -94.334305, 38.955978 ], [ -94.334298, 38.955917 ], [ -94.334279, 38.955867 ], [ -94.334262, 38.955816 ], [ -94.334219, 38.955755 ], [ -94.334198, 38.955708 ] ] } },
{ "type": "Feature", "properties": { "cls": "shared", "highway": "path", "name": "Hoot Owl Loop" }, "geometry": { "type": "LineString", "coordinates": [ [ -94.33712, 38.955899 ], [ -94.337085, 38.955986 ], [ -94.33705, 38.956071 ], [ -94.336964, 38.956125 ], [ -94.336896, 38.956147 ] ] } },
{ "type": "Feature", "properties": { "cls": "shared", "highway": "path", "name": "Eight Track" }, "geometry": { "type": "MultiLineString", "coordinates": [ [ [ -94.336896, 38.956147 ], [ -94.337077, 38.956289 ], [ -94.337064, 38.956476 ], [ -94.336848, 38.956527 ], [ -94.336629, 38.956426 ], [ -94.336432, 38.956298 ], [ -94.336308, 38.956315 ], [ -94.336207, 38.956413 ], [ -94.336211, 38.956571 ], [ -94.336332, 38.956843 ], [ -94.336399, 38.956962 ], [ -94.336423, 38.957089 ], [ -94.336433, 38.957219 ], [ -94.33649, 38.957316 ], [ -94.336576, 38.957417 ], [ -94.336691, 38.957562 ], [ -94.336821, 38.957629 ], [ -94.337056, 38.957685 ], [ -94.337286, 38.957771 ], [ -94.337429, 38.957838 ], [ -94.337578, 38.957931 ], [ -94.337736, 38.957953 ], [ -94.337923, 38.957935 ], [ -94.338033, 38.957935 ], [ -94.33821, 38.957983 ], [ -94.338349, 38.958047 ], [ -94.338546, 38.958106 ], [ -94.338709, 38.958147 ], [ -94.338814, 38.958207 ], [ -94.338934, 38.95833 ], [ -94.339083, 38.95843 ], [ -94.339265, 38.958568 ], [ -94.339418, 38.958669 ], [ -94.339509, 38.958773 ], [ -94.3396, 38.958743 ], [ -94.339686, 38.958672 ], [ -94.339787, 38.958646 ], [ -94.339926, 38.958691 ], [ -94.340089, 38.958855 ], [ -94.340247, 38.959038 ], [ -94.340309, 38.959209 ], [ -94.340362, 38.959354 ], [ -94.340448, 38.9596 ], [ -94.340587, 38.959794 ], [ -94.340769, 38.959984 ], [ -94.341004, 38.960133 ], [ -94.341167, 38.960278 ], [ -94.341277, 38.960264 ], [ -94.341268, 38.960159 ], [ -94.3412, 38.96007 ], [ -94.341129, 38.960006 ], [ -94.341181, 38.959954 ], [ -94.34132, 38.960055 ], [ -94.341454, 38.960185 ], [ -94.341608, 38.960368 ], [ -94.341742, 38.96055 ], [ -94.341828, 38.960636 ], [ -94.342039, 38.960748 ], [ -94.34214, 38.960774 ], [ -94.342221, 38.960804 ], [ -94.342283, 38.960718 ], [ -94.34235, 38.960487 ], [ -94.342461, 38.960275 ], [ -94.34259, 38.96017 ], [ -94.342806, 38.960107 ], [ -94.343146, 38.960029 ], [ -94.3434, 38.959999 ], [ -94.34362, 38.960032 ], [ -94.343548, 38.960096 ], [ -94.343341, 38.96019 ], [ -94.343194, 38.960286 ], [ -94.343045, 38.960468 ], [ -94.342935, 38.960692 ], [ -94.342978, 38.960849 ], [ -94.343103, 38.960934 ], [ -94.343251, 38.960979 ], [ -94.343362, 38.960942 ], [ -94.343529, 38.960741 ], [ -94.343716, 38.960547 ], [ -94.344052, 38.960414 ], [ -94.344186, 38.960353 ], [ -94.344368, 38.960278 ], [ -94.344473, 38.960327 ], [ -94.344651, 38.960357 ], [ -94.34479, 38.960346 ], [ -94.344919, 38.960301 ], [ -94.34501, 38.960189 ], [ -94.345048, 38.960137 ], [ -94.34513, 38.960159 ], [ -94.345226, 38.960189 ], [ -94.345288, 38.960271 ], [ -94.345345, 38.960312 ], [ -94.345412, 38.960297 ], [ -94.345566, 38.960208 ], [ -94.34569, 38.960092 ], [ -94.345815, 38.959943 ], [ -94.34593, 38.959865 ], [ -94.346023, 38.959794 ], [ -94.346064, 38.959571 ], [ -94.346088, 38.959354 ], [ -94.346055, 38.95925 ], [ -94.346019, 38.959231 ], [ -94.345963, 38.959213 ], [ -94.345839, 38.959291 ], [ -94.345682, 38.959451 ], [ -94.345579, 38.959589 ], [ -94.345454, 38.959754 ], [ -94.345259, 38.959868 ], [ -94.34507, 38.959941 ], [ -94.344818, 38.959951 ], [ -94.344703, 38.959913 ], [ -94.344631, 38.959769 ], [ -94.344668, 38.959594 ], [ -94.344752, 38.959541 ], [ -94.344833, 38.959563 ], [ -94.344967, 38.959615 ], [ -94.345115, 38.959552 ], [ -94.345288, 38.959422 ], [ -94.345403, 38.959265 ], [ -94.345532, 38.959108 ], [ -94.345571, 38.958974 ], [ -94.345504, 38.958863 ], [ -94.345374, 38.958825 ], [ -94.345293, 38.958848 ], [ -94.345168, 38.958807 ], [ -94.345063, 38.958792 ], [ -94.344953, 38.958788 ], [ -94.344871, 38.958836 ], [ -94.344823, 38.958974 ], [ -94.344837, 38.959049 ], [ -94.344766, 38.959108 ], [ -94.344708, 38.95906 ], [ -94.34466, 38.958956 ], [ -94.344607, 38.958881 ], [ -94.344516, 38.958885 ], [ -94.34444, 38.958948 ], [ -94.344435, 38.959015 ], [ -94.344411, 38.959086 ], [ -94.344296, 38.959116 ], [ -94.344219, 38.959228 ], [ -94.344234, 38.959366 ], [ -94.344248, 38.959518 ], [ -94.344194, 38.959602 ], [ -94.34409, 38.959637 ], [ -94.344034, 38.959569 ], [ -94.344007, 38.95948 ], [ -94.343903, 38.959284 ], [ -94.343874, 38.959161 ], [ -94.343817, 38.958959 ], [ -94.34374, 38.958881 ], [ -94.343625, 38.958803 ], [ -94.343529, 38.958769 ], [ -94.343395, 38.958766 ], [ -94.343318, 38.958773 ], [ -94.343338, 38.958863 ], [ -94.34341, 38.958971 ], [ -94.343505, 38.959116 ], [ -94.343539, 38.95928 ], [ -94.343505, 38.959421 ], [ -94.3434, 38.959503 ], [ -94.343194, 38.9596 ], [ -94.342964, 38.95969 ], [ -94.342791, 38.959723 ], [ -94.342609, 38.959809 ], [ -94.342466, 38.95985 ], [ -94.342288, 38.959887 ], [ -94.342116, 38.959895 ], [ -94.341982, 38.95979 ], [ -94.341929, 38.959667 ], [ -94.341919, 38.959552 ], [ -94.341967, 38.959503 ], [ -94.342063, 38.959511 ], [ -94.342154, 38.959563 ], [ -94.34235, 38.95949 ], [ -94.342522, 38.959357 ], [ -94.3426, 38.959202 ], [ -94.34259, 38.959079 ], [ -94.342518, 38.958974 ], [ -94.34237, 38.958903 ], [ -94.342245, 38.958881 ], [ -94.34201, 38.958915 ], [ -94.341847, 38.958993 ], [ -94.341684, 38.959097 ], [ -94.341488, 38.959097 ], [ -94.34134, 38.958974 ], [ -94.341234, 38.958885 ], [ -94.34111, 38.958855 ], [ -94.340913, 38.958881 ], [ -94.34075, 38.958859 ], [ -94.340602, 38.958814 ], [ -94.340496, 38.958728 ], [ -94.340463, 38.958687 ] ], [ [ -94.34035, 38.958503 ], [ -94.340285, 38.958378 ], [ -94.340175, 38.95824 ], [ -94.339974, 38.958069 ], [ -94.339758, 38.957909 ], [ -94.339629, 38.957801 ], [ -94.339509, 38.957667 ], [ -94.339356, 38.95757 ], [ -94.339111, 38.957517 ], [ -94.3389, 38.957473 ], [ -94.338694, 38.957413 ], [ -94.338613, 38.957335 ], [ -94.338603, 38.957253 ], [ -94.338661, 38.957171 ], [ -94.338805, 38.957119 ], [ -94.339039, 38.957074 ], [ -94.339178, 38.956992 ], [ -94.33936, 38.95685 ], [ -94.339356, 38.956687 ], [ -94.33936, 38.956474 ], [ -94.339394, 38.956344 ], [ -94.339346, 38.956209 ], [ -94.339255, 38.956161 ], [ -94.339054, 38.95615 ], [ -94.338824, 38.95615 ], [ -94.33868, 38.95606 ], [ -94.338541, 38.955911 ], [ -94.338479, 38.955721 ], [ -94.338378, 38.955583 ], [ -94.338258, 38.955434 ], [ -94.338215, 38.955267 ], [ -94.338191, 38.955032 ], [ -94.338129, 38.954827 ], [ -94.338004, 38.954712 ], [ -94.337808, 38.954633 ], [ -94.337592, 38.954559 ], [ -94.337425, 38.95454 ], [ -94.337286, 38.954525 ], [ -94.337257, 38.954399 ], [ -94.337185, 38.954227 ], [ -94.337013, 38.954134 ], [ -94.33683, 38.954101 ], [ -94.336672, 38.95416 ], [ -94.336629, 38.954346 ], [ -94.336677, 38.954469 ], [ -94.336744, 38.954529 ], [ -94.336931, 38.954566 ], [ -94.337108, 38.9547 ], [ -94.337238, 38.954894 ], [ -94.337362, 38.95501 ], [ -94.337482, 38.955088 ], [ -94.337592, 38.955163 ], [ -94.33776, 38.955241 ], [ -94.337915, 38.95537 ], [ -94.337863, 38.955547 ], [ -94.337777, 38.95566 ], [ -94.337659, 38.955734 ], [ -94.337667, 38.95589 ], [ -94.337576, 38.955983 ], [ -94.337422, 38.956024 ], [ -94.337171, 38.955919 ], [ -94.33712, 38.955899 ] ] ] } },
{ "type": "Feature", "properties": { "cls": "shared", "highway": "path", "name": "Bobcat East" }, "geometry": { "type": "LineString", "coordinates": [ [ -94.331602, 38.95495 ], [ -94.331529, 38.955023 ], [ -94.331497, 38.955154 ], [ -94.331473, 38.955273 ], [ -94.331462, 38.955404 ], [ -94.331516, 38.955447 ], [ -94.33151, 38.955482 ], [ -94.331432, 38.955492 ], [ -94.331344, 38.955531 ], [ -94.331159, 38.955565 ], [ -94.330944, 38.955646 ], [ -94.330746, 38.955732 ], [ -94.330542, 38.955823 ], [ -94.330357, 38.955917 ], [ -94.330223, 38.956024 ], [ -94.330056, 38.956153 ], [ -94.329877, 38.956253 ], [ -94.329737, 38.956349 ], [ -94.32952, 38.956418 ], [ -94.329404, 38.956535 ], [ -94.329279, 38.956693 ], [ -94.329193, 38.956831 ], [ -94.329123, 38.956969 ], [ -94.329024, 38.957102 ], [ -94.328951, 38.957215 ], [ -94.328892, 38.957319 ], [ -94.328857, 38.957432 ], [ -94.328868, 38.957519 ], [ -94.328839, 38.957619 ], [ -94.328777, 38.957728 ], [ -94.32871, 38.95779 ], [ -94.328699, 38.95789 ], [ -94.32864, 38.957988 ], [ -94.328616, 38.958076 ], [ -94.32856, 38.958132 ], [ -94.328495, 38.958195 ], [ -94.328498, 38.958301 ], [ -94.328503, 38.958414 ], [ -94.328533, 38.958508 ], [ -94.328589, 38.958572 ], [ -94.328654, 38.958564 ], [ -94.328662, 38.958483 ], [ -94.328712, 38.958441 ], [ -94.32879, 38.958522 ], [ -94.328833, 38.958604 ], [ -94.328847, 38.958742 ], [ -94.32877, 38.958824 ], [ -94.32867, 38.958869 ], [ -94.328611, 38.958825 ], [ -94.3286, 38.958766 ], [ -94.328538, 38.958775 ], [ -94.328485, 38.958825 ], [ -94.328436, 38.958896 ], [ -94.328409, 38.958994 ], [ -94.328407, 38.959113 ], [ -94.328471, 38.959229 ], [ -94.328573, 38.959294 ], [ -94.328707, 38.959373 ], [ -94.328908, 38.959421 ], [ -94.329128, 38.959451 ], [ -94.329359, 38.959457 ], [ -94.329608, 38.959438 ], [ -94.329718, 38.959388 ], [ -94.329828, 38.959296 ], [ -94.32989, 38.959267 ], [ -94.330005, 38.959223 ], [ -94.33019, 38.959188 ], [ -94.330335, 38.959148 ], [ -94.330469, 38.959133 ], [ -94.330531, 38.959079 ], [ -94.330606, 38.959004 ], [ -94.330687, 38.958923 ], [ -94.330815, 38.958887 ], [ -94.330955, 38.958881 ], [ -94.331086, 38.958871 ], [ -94.331167, 38.958889 ], [ -94.331196, 38.958938 ], [ -94.331188, 38.95901 ], [ -94.331097, 38.959104 ], [ -94.330968, 38.959177 ], [ -94.330877, 38.959263 ], [ -94.330794, 38.959365 ], [ -94.330746, 38.959474 ], [ -94.33067, 38.959576 ], [ -94.330504, 38.959734 ], [ -94.330373, 38.959832 ], [ -94.33026, 38.959907 ], [ -94.33015, 38.960003 ], [ -94.330019, 38.960085 ], [ -94.329928, 38.960162 ], [ -94.329847, 38.960245 ], [ -94.329839, 38.96032 ], [ -94.329882, 38.960366 ], [ -94.330032, 38.960458 ], [ -94.330137, 38.960518 ], [ -94.330271, 38.960596 ], [ -94.330397, 38.960627 ], [ -94.33052, 38.960604 ], [ -94.330593, 38.960583 ], [ -94.330711, 38.96056 ], [ -94.330853, 38.960556 ], [ -94.330901, 38.960589 ], [ -94.330856, 38.960633 ], [ -94.330767, 38.960679 ], [ -94.330649, 38.960704 ], [ -94.330569, 38.960723 ], [ -94.330526, 38.960775 ], [ -94.330579, 38.960804 ], [ -94.330708, 38.960787 ], [ -94.330888, 38.960723 ], [ -94.331014, 38.960671 ], [ -94.331084, 38.960656 ], [ -94.331151, 38.960625 ], [ -94.331261, 38.960585 ], [ -94.331397, 38.960529 ], [ -94.33158, 38.960502 ], [ -94.331776, 38.960474 ], [ -94.331945, 38.960404 ], [ -94.332103, 38.960324 ], [ -94.332244, 38.960303 ], [ -94.332365, 38.960266 ], [ -94.332436, 38.960274 ], [ -94.33252, 38.960315 ], [ -94.33257, 38.960359 ], [ -94.33256, 38.960417 ], [ -94.332428, 38.960512 ], [ -94.332244, 38.96059 ], [ -94.33206, 38.96084 ], [ -94.331786, 38.961177 ], [ -94.331561, 38.961334 ], [ -94.331524, 38.961428 ], [ -94.331483, 38.96149 ], [ -94.33142, 38.961531 ], [ -94.331408, 38.961567 ], [ -94.331431, 38.961607 ], [ -94.3315, 38.96164 ], [ -94.331609, 38.961749 ], [ -94.331709, 38.961899 ], [ -94.331793, 38.961987 ], [ -94.331853, 38.96203 ], [ -94.331941, 38.962044 ], [ -94.332025, 38.962038 ] ] } },
{ "type": "Feature", "properties": { "cls": "shared", "highway": "path", "name": "Lower Rock Ledges Loop" }, "geometry": { "type": "LineString", "coordinates": [ [ -94.333251, 38.960845 ], [ -94.332966, 38.960722 ], [ -94.332893, 38.960679 ], [ -94.332757, 38.960677 ], [ -94.332677, 38.960698 ], [ -94.3326, 38.960771 ], [ -94.332528, 38.960888 ], [ -94.332275, 38.961064 ], [ -94.33224, 38.961152 ], [ -94.332186, 38.961267 ], [ -94.332084, 38.961371 ], [ -94.331977, 38.96148 ], [ -94.331902, 38.961582 ], [ -94.331869, 38.961657 ], [ -94.331883, 38.961757 ], [ -94.331926, 38.961866 ], [ -94.332025, 38.962038 ] ] } },
{ "type": "Feature", "properties": { "cls": "shared", "highway": "path", "name": "Informal Connector" }, "geometry": { "type": "LineString", "coordinates": [ [ -94.331263, 38.962072 ], [ -94.331172, 38.961995 ], [ -94.3311, 38.961832 ], [ -94.331086, 38.961653 ], [ -94.33111, 38.961467 ], [ -94.331121, 38.961357 ], [ -94.331212, 38.96129 ], [ -94.331312, 38.961194 ], [ -94.331344, 38.961129 ], [ -94.331411, 38.961106 ], [ -94.331464, 38.961052 ], [ -94.33143, 38.961 ], [ -94.331336, 38.960992 ], [ -94.331261, 38.960969 ], [ -94.331161, 38.960967 ], [ -94.331011, 38.961019 ], [ -94.330928, 38.961031 ], [ -94.330853, 38.961019 ], [ -94.330834, 38.960977 ], [ -94.330823, 38.960917 ], [ -94.33081, 38.960869 ], [ -94.330708, 38.960787 ] ] } },
{ "type": "Feature", "properties": { "cls": "shared", "highway": "path", "name": "Upper Rock Ledges Loop" }, "geometry": { "type": "LineString", "coordinates": [ [ -94.332084, 38.962176 ], [ -94.332095, 38.962085 ], [ -94.332124, 38.96198 ], [ -94.332131, 38.961952 ], [ -94.332156, 38.961843 ], [ -94.332155, 38.961753 ], [ -94.332189, 38.961665 ], [ -94.332379, 38.961538 ], [ -94.332449, 38.961507 ], [ -94.3325, 38.961442 ], [ -94.332559, 38.961388 ], [ -94.332634, 38.961321 ], [ -94.332717, 38.961263 ], [ -94.332784, 38.961205 ], [ -94.332851, 38.961157 ], [ -94.332881, 38.961129 ], [ -94.332929, 38.961038 ], [ -94.332985, 38.960996 ] ] } },
{ "type": "Feature", "properties": { "cls": "shared", "highway": "path", "name": "Upper Rock Ledges Loop" }, "geometry": { "type": "LineString", "coordinates": [ [ -94.332945, 38.962184 ], [ -94.333015, 38.962133 ], [ -94.333093, 38.962091 ], [ -94.333172, 38.962054 ], [ -94.333223, 38.962066 ], [ -94.333253, 38.962098 ], [ -94.333237, 38.962191 ], [ -94.333256, 38.962249 ], [ -94.333307, 38.962293 ], [ -94.333433, 38.962354 ], [ -94.333581, 38.962385 ], [ -94.333687, 38.962432 ], [ -94.333729, 38.962433 ], [ -94.333766, 38.962416 ], [ -94.333808, 38.96238 ], [ -94.333791, 38.962319 ], [ -94.333782, 38.962272 ], [ -94.333809, 38.962212 ], [ -94.333911, 38.962178 ], [ -94.334063, 38.962181 ], [ -94.334181, 38.962181 ], [ -94.334302, 38.962183 ], [ -94.334369, 38.962189 ], [ -94.33442, 38.962151 ], [ -94.334487, 38.962126 ], [ -94.334584, 38.962124 ], [ -94.33471, 38.962133 ], [ -94.334811, 38.962171 ], [ -94.334917, 38.962149 ], [ -94.335077, 38.962126 ], [ -94.335199, 38.962087 ], [ -94.335281, 38.96206 ], [ -94.335367, 38.962022 ], [ -94.335555, 38.961907 ], [ -94.335638, 38.961816 ], [ -94.335702, 38.961743 ], [ -94.335767, 38.96167 ], [ -94.335869, 38.961557 ], [ -94.335925, 38.96148 ] ] } },
{ "type": "Feature", "properties": { "cls": "shared", "highway": "path", "name": "Connector" }, "geometry": { "type": "LineString", "coordinates": [ [ -94.332048, 38.96209 ], [ -94.332084, 38.962176 ] ] } },
{ "type": "Feature", "properties": { "cls": "shared", "highway": "path", "name": "Upper Rock Ledges Loop" }, "geometry": { "type": "LineString", "coordinates": [ [ -94.332084, 38.962176 ], [ -94.332092, 38.962262 ], [ -94.332099, 38.962336 ], [ -94.33213, 38.962373 ], [ -94.332219, 38.962378 ], [ -94.332276, 38.962359 ], [ -94.332349, 38.962314 ], [ -94.332465, 38.962214 ], [ -94.332527, 38.962178 ], [ -94.332645, 38.962141 ], [ -94.332752, 38.962137 ], [ -94.332848, 38.962158 ], [ -94.332945, 38.962184 ] ] } },
{ "type": "Feature", "properties": { "cls": "shared", "highway": "path", "name": "Upper Rock Ledges Loop" }, "geometry": { "type": "LineString", "coordinates": [ [ -94.339538, 38.963138 ], [ -94.339487, 38.963092 ], [ -94.339396, 38.963054 ], [ -94.339305, 38.962963 ], [ -94.339213, 38.962863 ], [ -94.339106, 38.9628 ], [ -94.33898, 38.962744 ], [ -94.338878, 38.962635 ], [ -94.338792, 38.962523 ], [ -94.338661, 38.962462 ], [ -94.338481, 38.962425 ], [ -94.338315, 38.962385 ], [ -94.338167, 38.962333 ], [ -94.337929, 38.962335 ], [ -94.337768, 38.962316 ], [ -94.33755, 38.962231 ], [ -94.337371, 38.96212 ], [ -94.337159, 38.962026 ], [ -94.337011, 38.96193 ], [ -94.336861, 38.961899 ], [ -94.336732, 38.961828 ], [ -94.336622, 38.961774 ], [ -94.336475, 38.961722 ], [ -94.336381, 38.96167 ], [ -94.336284, 38.961549 ], [ -94.33622, 38.961503 ], [ -94.336142, 38.961459 ], [ -94.335925, 38.96148 ] ] } },
{ "type": "Feature", "properties": { "cls": "shared", "highway": "path", "name": "Lower Rock Ledges Loop" }, "geometry": { "type": "LineString", "coordinates": [ [ -94.34039, 38.96337 ], [ -94.34044, 38.963398 ], [ -94.340522, 38.963522 ], [ -94.340568, 38.963718 ], [ -94.34064, 38.963718 ], [ -94.340697, 38.96357 ], [ -94.340707, 38.963382 ], [ -94.340715, 38.963242 ], [ -94.340702, 38.963086 ], [ -94.340856, 38.963004 ], [ -94.341012, 38.962928 ], [ -94.341082, 38.962811 ], [ -94.341252, 38.962743 ], [ -94.341331, 38.962659 ], [ -94.341311, 38.962596 ], [ -94.341144, 38.962668 ], [ -94.34106, 38.96278 ], [ -94.340968, 38.962872 ], [ -94.340836, 38.962958 ], [ -94.340664, 38.962975 ], [ -94.340654, 38.962956 ], [ -94.340549, 38.962917 ], [ -94.340453, 38.962852 ], [ -94.340423, 38.962802 ], [ -94.340487, 38.962787 ], [ -94.340587, 38.962821 ], [ -94.340707, 38.962831 ], [ -94.340783, 38.962835 ], [ -94.340866, 38.962785 ], [ -94.340946, 38.962731 ], [ -94.341051, 38.962637 ], [ -94.341195, 38.96255 ], [ -94.34137, 38.962437 ], [ -94.341437, 38.962387 ], [ -94.341536, 38.962375 ], [ -94.341719, 38.962262 ], [ -94.341818, 38.962189 ], [ -94.34192, 38.962095 ], [ -94.341984, 38.96198 ], [ -94.34196, 38.961953 ], [ -94.34189, 38.961962 ], [ -94.341745, 38.962001 ], [ -94.341657, 38.962064 ], [ -94.341552, 38.962158 ], [ -94.341512, 38.962193 ], [ -94.341391, 38.962231 ], [ -94.341313, 38.962329 ], [ -94.341195, 38.96237 ], [ -94.341045, 38.962414 ], [ -94.340933, 38.962471 ], [ -94.340844, 38.962523 ], [ -94.340785, 38.962571 ], [ -94.340678, 38.962587 ], [ -94.340549, 38.962591 ], [ -94.340466, 38.962554 ], [ -94.340388, 38.96251 ], [ -94.340308, 38.962425 ], [ -94.340251, 38.96232 ], [ -94.34023, 38.962191 ], [ -94.340163, 38.962045 ], [ -94.340047, 38.961932 ], [ -94.339948, 38.961839 ], [ -94.339836, 38.961764 ], [ -94.339613, 38.961713 ], [ -94.339348, 38.961674 ], [ -94.339144, 38.961678 ], [ -94.339012, 38.96164 ], [ -94.338889, 38.961555 ], [ -94.338811, 38.961484 ], [ -94.338843, 38.961311 ], [ -94.338795, 38.961221 ], [ -94.338728, 38.961086 ], [ -94.338663, 38.960971 ], [ -94.338578, 38.960906 ], [ -94.338441, 38.960883 ], [ -94.338253, 38.96089 ], [ -94.338186, 38.960915 ], [ -94.338154, 38.960953 ], [ -94.338175, 38.961019 ], [ -94.338178, 38.961109 ], [ -94.33814, 38.961196 ], [ -94.33806, 38.961313 ], [ -94.337947, 38.961374 ], [ -94.33784, 38.961426 ], [ -94.337666, 38.961488 ], [ -94.337505, 38.96157 ], [ -94.337438, 38.961608 ], [ -94.337451, 38.961651 ], [ -94.337526, 38.961705 ], [ -94.337666, 38.961738 ], [ -94.337802, 38.961753 ], [ -94.337923, 38.96178 ], [ -94.338004, 38.961807 ], [ -94.338138, 38.961776 ], [ -94.338267, 38.961726 ], [ -94.338379, 38.961674 ], [ -94.33854, 38.961684 ], [ -94.338755, 38.961691 ], [ -94.338875, 38.961761 ], [ -94.33902, 38.961797 ], [ -94.33917, 38.961874 ], [ -94.339318, 38.961972 ], [ -94.339447, 38.962078 ], [ -94.339541, 38.962224 ], [ -94.33964, 38.96235 ], [ -94.339667, 38.962511 ], [ -94.339787, 38.962646 ], [ -94.339829, 38.962696 ], [ -94.339847, 38.962768 ], [ -94.339868, 38.962971 ], [ -94.339886, 38.963068 ], [ -94.339858, 38.963089 ], [ -94.339824, 38.963074 ], [ -94.339743, 38.963014 ], [ -94.339659, 38.962938 ], [ -94.339599, 38.962939 ], [ -94.339585, 38.962979 ], [ -94.339594, 38.963017 ], [ -94.339592, 38.963071 ], [ -94.339538, 38.963138 ] ] } },
{ "type": "Feature", "properties": { "cls": "shared", "highway": "path", "name": "Connector" }, "geometry": { "type": "LineString", "coordinates": [ [ -94.33213, 38.962373 ], [ -94.332021, 38.96262 ] ] } },
{ "type": "Feature", "properties": { "cls": "shared", "highway": "path", "name": "Connector" }, "geometry": { "type": "LineString", "coordinates": [ [ -94.332021, 38.96262 ], [ -94.331997, 38.962626 ] ] } },
{ "type": "Feature", "properties": { "cls": "shared", "highway": "path", "name": "Connector" }, "geometry": { "type": "LineString", "coordinates": [ [ -94.332021, 38.96262 ], [ -94.332002, 38.962816 ], [ -94.331907, 38.962893 ] ] } },
{ "type": "Feature", "properties": { "cls": "shared", "highway": "path", "name": "Connector" }, "geometry": { "type": "LineString", "coordinates": [ [ -94.331907, 38.962893 ], [ -94.331841, 38.962929 ], [ -94.331829, 38.963042 ], [ -94.331769, 38.963083 ] ] } },
{ "type": "Feature", "properties": { "cls": "shared", "highway": "path", "name": "Lower Rock Ledges Loop" }, "geometry": { "type": "LineString", "coordinates": [ [ -94.332025, 38.962038 ], [ -94.332048, 38.96209 ], [ -94.332006, 38.962165 ], [ -94.331946, 38.962186 ], [ -94.331869, 38.962174 ], [ -94.331762, 38.962143 ], [ -94.331722, 38.962091 ], [ -94.331649, 38.962005 ], [ -94.331572, 38.961911 ], [ -94.331502, 38.961841 ], [ -94.331456, 38.961805 ], [ -94.331411, 38.961778 ], [ -94.331376, 38.961743 ], [ -94.331339, 38.961726 ], [ -94.331301, 38.961699 ], [ -94.331269, 38.961695 ], [ -94.331242, 38.96173 ], [ -94.331282, 38.96181 ], [ -94.331281, 38.961864 ], [ -94.331266, 38.961949 ], [ -94.331263, 38.962072 ], [ -94.331304, 38.96217 ], [ -94.331392, 38.962297 ], [ -94.331507, 38.962418 ], [ -94.331572, 38.962504 ], [ -94.331663, 38.96261 ], [ -94.331746, 38.96271 ], [ -94.3318, 38.96279 ], [ -94.331856, 38.962861 ], [ -94.331907, 38.962893 ], [ -94.33198, 38.962914 ], [ -94.332075, 38.962904 ], [ -94.332198, 38.962868 ], [ -94.332304, 38.962796 ], [ -94.332364, 38.962751 ], [ -94.33247, 38.962607 ], [ -94.332516, 38.962542 ], [ -94.332558, 38.962525 ], [ -94.332607, 38.962538 ], [ -94.332649, 38.962598 ], [ -94.332699, 38.962756 ], [ -94.332762, 38.962886 ], [ -94.332824, 38.96296 ], [ -94.332904, 38.963022 ], [ -94.332895, 38.963096 ], [ -94.332812, 38.963177 ], [ -94.332722, 38.963236 ], [ -94.332604, 38.963313 ], [ -94.332492, 38.963421 ], [ -94.332435, 38.963543 ], [ -94.332411, 38.963661 ], [ -94.332417, 38.963766 ], [ -94.332446, 38.963851 ], [ -94.332572, 38.963918 ], [ -94.33276, 38.963964 ], [ -94.332851, 38.964001 ], [ -94.332937, 38.964064 ], [ -94.332945, 38.964193 ], [ -94.332897, 38.964297 ], [ -94.332811, 38.964381 ], [ -94.332736, 38.964512 ], [ -94.332701, 38.964602 ], [ -94.332693, 38.964725 ], [ -94.332685, 38.964856 ], [ -94.332653, 38.964996 ], [ -94.332631, 38.965269 ], [ -94.332575, 38.965446 ], [ -94.332535, 38.965563 ], [ -94.332572, 38.965684 ], [ -94.332535, 38.965791 ], [ -94.332489, 38.96593 ], [ -94.332505, 38.966037 ], [ -94.332505, 38.966191 ], [ -94.332497, 38.966322 ], [ -94.332468, 38.966464 ], [ -94.332438, 38.966579 ], [ -94.332452, 38.966756 ], [ -94.332489, 38.966927 ], [ -94.332513, 38.967142 ], [ -94.332535, 38.967357 ], [ -94.332575, 38.967522 ], [ -94.332612, 38.967703 ], [ -94.332634, 38.967845 ], [ -94.332615, 38.967985 ], [ -94.332672, 38.968156 ], [ -94.332752, 38.968277 ], [ -94.332859, 38.968387 ], [ -94.332975, 38.968491 ], [ -94.333125, 38.968581 ], [ -94.333315, 38.968675 ], [ -94.333482, 38.968783 ], [ -94.333535, 38.968846 ], [ -94.333621, 38.969025 ], [ -94.333658, 38.96924 ], [ -94.333658, 38.969417 ], [ -94.333651, 38.969599 ], [ -94.333696, 38.96977 ], [ -94.333777, 38.969918 ], [ -94.333873, 38.969978 ], [ -94.334015, 38.970062 ], [ -94.334061, 38.970131 ], [ -94.33427, 38.970133 ], [ -94.334414, 38.970119 ], [ -94.334627, 38.970022 ], [ -94.334844, 38.969966 ], [ -94.335177, 38.969857 ], [ -94.335308, 38.969786 ], [ -94.335388, 38.969738 ], [ -94.335595, 38.969703 ], [ -94.335775, 38.969634 ], [ -94.335909, 38.96959 ], [ -94.336065, 38.969501 ], [ -94.336204, 38.969403 ], [ -94.336354, 38.969282 ], [ -94.336478, 38.969181 ], [ -94.336593, 38.969061 ], [ -94.336738, 38.968906 ], [ -94.336805, 38.968762 ], [ -94.336925, 38.968539 ], [ -94.337027, 38.968345 ], [ -94.337191, 38.968164 ], [ -94.337282, 38.968005 ], [ -94.337339, 38.967859 ], [ -94.337387, 38.967753 ], [ -94.337397, 38.967642 ], [ -94.337336, 38.967547 ], [ -94.337261, 38.967449 ], [ -94.337191, 38.967359 ], [ -94.337092, 38.967248 ], [ -94.336944, 38.967167 ], [ -94.336818, 38.967067 ], [ -94.336695, 38.966961 ], [ -94.33663, 38.966896 ], [ -94.336587, 38.966833 ], [ -94.336577, 38.966756 ], [ -94.33659, 38.96671 ], [ -94.336679, 38.966704 ], [ -94.336767, 38.966758 ], [ -94.336848, 38.9668 ], [ -94.33696, 38.966808 ], [ -94.337052, 38.966785 ], [ -94.337129, 38.966712 ], [ -94.337186, 38.966614 ], [ -94.337221, 38.96651 ], [ -94.337221, 38.966408 ], [ -94.337247, 38.966366 ], [ -94.337277, 38.966333 ], [ -94.337341, 38.966364 ], [ -94.337368, 38.966458 ], [ -94.337403, 38.966591 ], [ -94.337457, 38.966729 ], [ -94.337577, 38.966815 ], [ -94.33768, 38.966919 ], [ -94.337864, 38.966983 ], [ -94.33806, 38.96694 ], [ -94.338149, 38.966858 ], [ -94.338232, 38.966754 ], [ -94.338355, 38.966667 ], [ -94.338473, 38.966604 ], [ -94.338567, 38.966558 ], [ -94.338656, 38.966521 ], [ -94.338739, 38.966464 ], [ -94.338881, 38.96641 ], [ -94.339031, 38.96632 ], [ -94.339203, 38.966245 ], [ -94.339334, 38.966139 ], [ -94.339431, 38.966047 ], [ -94.339586, 38.965964 ], [ -94.339683, 38.965809 ], [ -94.339715, 38.965718 ], [ -94.339747, 38.965649 ], [ -94.339798, 38.96554 ], [ -94.339903, 38.965438 ], [ -94.340026, 38.965363 ], [ -94.340136, 38.965221 ], [ -94.340222, 38.965155 ], [ -94.340294, 38.965023 ], [ -94.340334, 38.964865 ], [ -94.340369, 38.9647 ], [ -94.340383, 38.964566 ], [ -94.340394, 38.964356 ], [ -94.340383, 38.964197 ], [ -94.340377, 38.964043 ], [ -94.340372, 38.963935 ], [ -94.340394, 38.963697 ], [ -94.340369, 38.963592 ], [ -94.340337, 38.963515 ], [ -94.340355, 38.963419 ], [ -94.34039, 38.96337 ] ] } },
{ "type": "Feature", "properties": { "cls": "shared", "highway": "path", "name": "Upper Rock Ledges Loop" }, "geometry": { "type": "LineString", "coordinates": [ [ -94.332945, 38.962184 ], [ -94.332958, 38.962309 ], [ -94.332934, 38.962404 ], [ -94.332942, 38.962506 ], [ -94.332975, 38.962573 ], [ -94.333087, 38.962625 ], [ -94.333243, 38.962692 ], [ -94.333406, 38.96269 ], [ -94.333516, 38.962731 ], [ -94.333672, 38.962804 ], [ -94.333715, 38.962923 ], [ -94.33368, 38.963065 ], [ -94.333578, 38.963146 ], [ -94.333436, 38.963223 ], [ -94.333291, 38.96328 ], [ -94.33316, 38.963342 ], [ -94.332959, 38.963434 ], [ -94.332822, 38.963522 ], [ -94.3328, 38.963592 ], [ -94.332808, 38.963651 ], [ -94.332843, 38.963674 ], [ -94.332961, 38.963672 ], [ -94.333085, 38.963668 ], [ -94.333192, 38.963634 ], [ -94.333342, 38.963607 ], [ -94.333479, 38.963647 ], [ -94.333581, 38.963709 ], [ -94.33353, 38.963788 ], [ -94.333455, 38.963916 ], [ -94.333463, 38.964116 ], [ -94.333431, 38.964227 ], [ -94.333463, 38.964393 ], [ -94.333318, 38.964512 ], [ -94.333202, 38.964614 ], [ -94.333149, 38.964708 ], [ -94.33313, 38.964802 ], [ -94.333079, 38.964911 ], [ -94.333031, 38.965023 ], [ -94.333031, 38.965161 ], [ -94.333023, 38.965294 ], [ -94.332993, 38.965411 ], [ -94.332985, 38.965563 ], [ -94.332913, 38.965828 ], [ -94.332857, 38.965955 ], [ -94.332848, 38.966093 ], [ -94.332867, 38.96626 ], [ -94.332894, 38.966481 ], [ -94.332915, 38.966687 ], [ -94.332921, 38.966871 ], [ -94.332932, 38.967042 ], [ -94.332929, 38.967271 ], [ -94.332956, 38.967459 ], [ -94.332985, 38.967632 ], [ -94.33302, 38.967774 ], [ -94.333119, 38.967924 ], [ -94.3332, 38.967982 ], [ -94.333315, 38.968066 ], [ -94.333388, 38.968174 ], [ -94.333471, 38.968226 ], [ -94.333594, 38.968289 ], [ -94.333736, 38.968327 ], [ -94.333793, 38.968395 ], [ -94.333857, 38.968516 ], [ -94.333862, 38.96865 ], [ -94.333881, 38.96876 ], [ -94.333932, 38.968858 ], [ -94.334029, 38.968988 ], [ -94.33409, 38.969119 ], [ -94.334104, 38.969246 ], [ -94.334114, 38.96939 ], [ -94.334117, 38.969534 ], [ -94.334114, 38.969661 ], [ -94.334112, 38.969745 ], [ -94.334139, 38.969832 ], [ -94.334192, 38.969859 ], [ -94.334305, 38.969838 ], [ -94.334582, 38.969775 ] ] } },
{ "type": "Feature", "properties": { "cls": "shared", "highway": "path", "name": "Upper Rock Ledges Loop" }, "geometry": { "type": "LineString", "coordinates": [ [ -94.334582, 38.969775 ], [ -94.334648, 38.969736 ], [ -94.334677, 38.969724 ], [ -94.334799, 38.969674 ], [ -94.334949, 38.96964 ], [ -94.335163, 38.96962 ], [ -94.335281, 38.969561 ], [ -94.335346, 38.969561 ], [ -94.335507, 38.969503 ], [ -94.335667, 38.969428 ], [ -94.335823, 38.96934 ], [ -94.335979, 38.969248 ], [ -94.336075, 38.969106 ], [ -94.336161, 38.968973 ], [ -94.336263, 38.968856 ], [ -94.336343, 38.968752 ], [ -94.336398, 38.968709 ], [ -94.336483, 38.968643 ], [ -94.336553, 38.968548 ], [ -94.336579, 38.968427 ], [ -94.33666, 38.968347 ], [ -94.336751, 38.968231 ], [ -94.33681, 38.968122 ], [ -94.336837, 38.968005 ], [ -94.336907, 38.967876 ], [ -94.337014, 38.967801 ], [ -94.337052, 38.967672 ], [ -94.337035, 38.967547 ], [ -94.336934, 38.967471 ], [ -94.336864, 38.967346 ], [ -94.336724, 38.967234 ], [ -94.336596, 38.967146 ], [ -94.336515, 38.967 ], [ -94.336392, 38.966896 ], [ -94.336284, 38.966788 ], [ -94.336097, 38.966675 ], [ -94.335909, 38.966554 ], [ -94.335877, 38.966479 ], [ -94.335791, 38.966354 ], [ -94.335694, 38.966291 ], [ -94.335555, 38.966245 ], [ -94.335458, 38.966137 ], [ -94.335351, 38.966058 ], [ -94.33533, 38.965958 ], [ -94.335399, 38.96587 ], [ -94.335474, 38.965882 ], [ -94.33563, 38.965937 ], [ -94.335828, 38.966007 ], [ -94.336113, 38.966124 ], [ -94.336258, 38.966283 ], [ -94.33636, 38.966329 ], [ -94.336558, 38.966458 ], [ -94.336719, 38.966575 ], [ -94.336837, 38.9666 ], [ -94.336917, 38.966575 ], [ -94.336998, 38.966516 ], [ -94.336992, 38.966433 ], [ -94.336976, 38.96632 ], [ -94.33703, 38.966195 ], [ -94.337003, 38.966104 ], [ -94.336901, 38.965949 ], [ -94.336816, 38.965828 ], [ -94.336697, 38.965716 ], [ -94.336596, 38.965574 ], [ -94.336531, 38.965453 ], [ -94.33644, 38.965336 ], [ -94.336418, 38.965219 ], [ -94.336461, 38.965123 ], [ -94.336515, 38.965123 ], [ -94.336563, 38.965192 ], [ -94.336606, 38.965307 ], [ -94.336726, 38.965432 ], [ -94.336853, 38.96549 ], [ -94.337035, 38.96552 ], [ -94.337228, 38.965557 ], [ -94.337352, 38.965674 ], [ -94.337481, 38.965828 ], [ -94.337534, 38.96597 ], [ -94.337583, 38.966174 ], [ -94.337626, 38.966425 ], [ -94.337674, 38.966596 ], [ -94.337727, 38.9667 ], [ -94.337813, 38.96675 ], [ -94.337888, 38.966754 ], [ -94.338001, 38.966683 ], [ -94.338103, 38.966558 ], [ -94.3382, 38.966466 ], [ -94.33836, 38.966366 ], [ -94.338511, 38.966283 ], [ -94.338763, 38.966178 ], [ -94.338924, 38.966112 ], [ -94.339047, 38.966008 ], [ -94.33916, 38.965937 ], [ -94.339331, 38.96592 ], [ -94.33946, 38.965866 ], [ -94.339524, 38.965736 ], [ -94.339546, 38.965582 ], [ -94.339508, 38.965474 ], [ -94.339401, 38.965419 ], [ -94.339305, 38.965394 ], [ -94.339224, 38.965348 ], [ -94.339058, 38.965236 ], [ -94.338945, 38.96514 ], [ -94.33879, 38.965036 ], [ -94.338639, 38.964936 ], [ -94.33858, 38.96481 ], [ -94.338618, 38.964731 ], [ -94.338741, 38.964723 ], [ -94.338875, 38.964794 ], [ -94.339018, 38.964827 ], [ -94.339195, 38.964896 ], [ -94.339362, 38.965 ], [ -94.339482, 38.96509 ], [ -94.339669, 38.965169 ], [ -94.339825, 38.965183 ], [ -94.339943, 38.96509 ], [ -94.340024, 38.964932 ], [ -94.339991, 38.964706 ], [ -94.340034, 38.964544 ], [ -94.34012, 38.964364 ], [ -94.340104, 38.964227 ], [ -94.340029, 38.964072 ], [ -94.33997, 38.963935 ], [ -94.339884, 38.963826 ], [ -94.339852, 38.963709 ], [ -94.339793, 38.963555 ], [ -94.339675, 38.96343 ], [ -94.339616, 38.963276 ], [ -94.339538, 38.963138 ] ] } },
{ "type": "Feature", "properties": { "cls": "shared", "highway": "path", "name": "Connector" }, "geometry": { "type": "LineString", "coordinates": [ [ -94.334582, 38.969775 ], [ -94.33456, 38.969869 ], [ -94.334423, 38.969971 ], [ -94.334361, 38.970004 ], [ -94.334264, 38.970031 ], [ -94.334162, 38.970043 ], [ -94.334063, 38.970041 ], [ -94.334015, 38.970062 ] ] } },
{ "type": "Feature", "properties": { "cls": "shared", "highway": "path", "name": "Eleanor" }, "geometry": { "type": "LineString", "coordinates": [ [ -94.321212, 38.952669 ], [ -94.321398, 38.952635 ], [ -94.321637, 38.952542 ], [ -94.321699, 38.95258 ], [ -94.321823, 38.952664 ], [ -94.321895, 38.952745 ], [ -94.321965, 38.952805 ], [ -94.322143, 38.952857 ], [ -94.322308, 38.952835 ], [ -94.322725, 38.952612 ], [ -94.323086, 38.952516 ], [ -94.323391, 38.952578 ], [ -94.32347, 38.952654 ], [ -94.323406, 38.952713 ], [ -94.323316, 38.952825 ], [ -94.323174, 38.952933 ], [ -94.322795, 38.952937 ], [ -94.322578, 38.952985 ], [ -94.322413, 38.952969 ], [ -94.322029, 38.953057 ], [ -94.321859, 38.953069 ], [ -94.321596, 38.952995 ], [ -94.321338, 38.952965 ], [ -94.320694, 38.95305 ], [ -94.320452, 38.95321 ], [ -94.320307, 38.953252 ], [ -94.320181, 38.95335 ], [ -94.320191, 38.953545 ], [ -94.320359, 38.953667 ], [ -94.320268, 38.953924 ], [ -94.320266, 38.954024 ], [ -94.320152, 38.95409 ], [ -94.319987, 38.954132 ], [ -94.3199, 38.954128 ], [ -94.319779, 38.95417 ] ] } },
{ "type": "Feature", "properties": { "cls": "shared", "highway": "path", "name": "Tcha-To-Ga Nature Trail" }, "geometry": { "type": "LineString", "coordinates": [ [ -94.31803, 38.962658 ], [ -94.318192, 38.962587 ], [ -94.318339, 38.962488 ], [ -94.318541, 38.962254 ], [ -94.318792, 38.962089 ], [ -94.319205, 38.961992 ], [ -94.319468, 38.961927 ], [ -94.319681, 38.961796 ], [ -94.319961, 38.961581 ], [ -94.32028, 38.961471 ], [ -94.320468, 38.961271 ], [ -94.320521, 38.961148 ], [ -94.320656, 38.961053 ], [ -94.320771, 38.960943 ], [ -94.320885, 38.960838 ], [ -94.321155, 38.960798 ], [ -94.321341, 38.960807 ], [ -94.321542, 38.960884 ], [ -94.321617, 38.960934 ], [ -94.321691, 38.960984 ], [ -94.32182, 38.961044 ], [ -94.321997, 38.961057 ], [ -94.322135, 38.961075 ], [ -94.322656, 38.96113 ], [ -94.322761, 38.961229 ], [ -94.322807, 38.961291 ], [ -94.323031, 38.961399 ], [ -94.323104, 38.961424 ], [ -94.32322, 38.961548 ], [ -94.323464, 38.961688 ], [ -94.323691, 38.961806 ], [ -94.323803, 38.961925 ], [ -94.323895, 38.962093 ], [ -94.323974, 38.962278 ], [ -94.323975, 38.962318 ], [ -94.323977, 38.962421 ], [ -94.323869, 38.962612 ], [ -94.323852, 38.962641 ], [ -94.32375, 38.962759 ] ] } },
{ "type": "Feature", "properties": { "cls": "shared", "highway": "path", "name": "Tcha-To-Ga Nature Trail" }, "geometry": { "type": "LineString", "coordinates": [ [ -94.32375, 38.962759 ], [ -94.323573, 38.962846 ], [ -94.323486, 38.962888 ], [ -94.32337, 38.962946 ], [ -94.323206, 38.963026 ], [ -94.322824, 38.963161 ], [ -94.322705, 38.963177 ], [ -94.322485, 38.963113 ], [ -94.322294, 38.963036 ], [ -94.322207, 38.963032 ], [ -94.322179, 38.963031 ], [ -94.32205, 38.963026 ], [ -94.321853, 38.963068 ], [ -94.321776, 38.963085 ], [ -94.321641, 38.963095 ], [ -94.321542, 38.963161 ], [ -94.32147, 38.963256 ] ] } },
{ "type": "Feature", "properties": { "cls": "shared", "highway": "path", "name": "Tcha-To-Ga Nature Trail" }, "geometry": { "type": "LineString", "coordinates": [ [ -94.32147, 38.963256 ], [ -94.321463, 38.963303 ] ] } },
{ "type": "Feature", "properties": { "cls": "shared", "highway": "path", "name": "Tcha-To-Ga Nature Trail" }, "geometry": { "type": "LineString", "coordinates": [ [ -94.321463, 38.963303 ], [ -94.321446, 38.963446 ], [ -94.32134, 38.963613 ] ] } },
{ "type": "Feature", "properties": { "cls": "shared", "highway": "path", "name": "Tcha-To-Ga Nature Trail" }, "geometry": { "type": "LineString", "coordinates": [ [ -94.32134, 38.963613 ], [ -94.321201, 38.963773 ], [ -94.321111, 38.963879 ], [ -94.320903, 38.964086 ], [ -94.320719, 38.964273 ], [ -94.32058, 38.964311 ], [ -94.32035, 38.964317 ], [ -94.320139, 38.964365 ], [ -94.319918, 38.964429 ], [ -94.319856, 38.964379 ] ] } },
{ "type": "Feature", "properties": { "cls": "separated", "highway": "cycleway", "name": null }, "geometry": { "type": "LineString", "coordinates": [ [ -94.323304, 38.989815 ], [ -94.32383, 38.989611 ], [ -94.32396, 38.989492 ], [ -94.324148, 38.989408 ], [ -94.324259, 38.98937 ], [ -94.32441, 38.989341 ], [ -94.324558, 38.989295 ], [ -94.324655, 38.98926 ], [ -94.325044, 38.989118 ], [ -94.325426, 38.98901 ], [ -94.325756, 38.988953 ], [ -94.326268, 38.988883 ], [ -94.327001, 38.988855 ], [ -94.327466, 38.988881 ], [ -94.327811, 38.988881 ], [ -94.328286, 38.98885 ], [ -94.328603, 38.988819 ], [ -94.328914, 38.988747 ] ] } },
{ "type": "Feature", "properties": { "cls": "shared", "highway": "path", "name": null }, "geometry": { "type": "LineString", "coordinates": [ [ -94.325693, 39.002097 ], [ -94.325678, 39.002032 ], [ -94.325673, 39.001977 ], [ -94.325675, 39.00194 ] ] } },
{ "type": "Feature", "properties": { "cls": "shared", "highway": "path", "name": null }, "geometry": { "type": "LineString", "coordinates": [ [ -94.326915, 39.003575 ], [ -94.326881, 39.003646 ], [ -94.326853, 39.003721 ], [ -94.326894, 39.003812 ], [ -94.326857, 39.003914 ], [ -94.326827, 39.003987 ], [ -94.326796, 39.004073 ], [ -94.326874, 39.004133 ] ] } },
{ "type": "Feature", "properties": { "cls": "separated", "highway": "cycleway", "name": null }, "geometry": { "type": "MultiLineString", "coordinates": [ [ [ -94.329241, 38.988687 ], [ -94.329485, 38.988616 ] ], [ [ -94.344047, 38.982793 ], [ -94.344219, 38.982707 ], [ -94.344694, 38.982473 ], [ -94.344977, 38.982357 ], [ -94.345176, 38.982289 ], [ -94.345624, 38.982165 ], [ -94.346075, 38.982066 ], [ -94.346282, 38.98204 ], [ -94.346383, 38.982027 ] ] ] } },
{ "type": "Feature", "properties": { "cls": "shared", "highway": "path", "name": "North Shore Trail" }, "geometry": { "type": "LineString", "coordinates": [ [ -94.334517, 39.017175 ], [ -94.33445, 39.01714 ], [ -94.334435, 39.017134 ], [ -94.334354, 39.017108 ], [ -94.334266, 39.017095 ], [ -94.334232, 39.01709 ], [ -94.334184, 39.017082 ], [ -94.334146, 39.017079 ], [ -94.334125, 39.017078 ], [ -94.334085, 39.017071 ], [ -94.334012, 39.01705 ], [ -94.333908, 39.01705 ], [ -94.333791, 39.017076 ], [ -94.333754, 39.017089 ], [ -94.33368, 39.01709 ], [ -94.333636, 39.017078 ], [ -94.333578, 39.017093 ], [ -94.333516, 39.017103 ], [ -94.333436, 39.017116 ], [ -94.333365, 39.017136 ], [ -94.333266, 39.017173 ], [ -94.333192, 39.017206 ], [ -94.333132, 39.017234 ], [ -94.333039, 39.017256 ], [ -94.33294, 39.017276 ], [ -94.332839, 39.017295 ], [ -94.332768, 39.017312 ], [ -94.332695, 39.017313 ], [ -94.332619, 39.017321 ], [ -94.332577, 39.017332 ], [ -94.332534, 39.017361 ], [ -94.332441, 39.017344 ], [ -94.332351, 39.017344 ], [ -94.332291, 39.017342 ], [ -94.332166, 39.017323 ], [ -94.332078, 39.017302 ], [ -94.332008, 39.017295 ], [ -94.33192, 39.017291 ], [ -94.331869, 39.017292 ], [ -94.331814, 39.017274 ], [ -94.331749, 39.017252 ], [ -94.331679, 39.017223 ], [ -94.331638, 39.017208 ], [ -94.331587, 39.017225 ], [ -94.331461, 39.017194 ], [ -94.331386, 39.01711 ], [ -94.331332, 39.017064 ], [ -94.331332, 39.017019 ], [ -94.3314, 39.01692 ], [ -94.331426, 39.016787 ], [ -94.331428, 39.016766 ], [ -94.331412, 39.016733 ], [ -94.331388, 39.016685 ], [ -94.331369, 39.016647 ], [ -94.33135, 39.016594 ], [ -94.331337, 39.016559 ] ] } },
{ "type": "Feature", "properties": { "cls": "shared", "highway": "path", "name": "North Shore Trail" }, "geometry": { "type": "LineString", "coordinates": [ [ -94.334146, 39.017079 ], [ -94.334109, 39.017133 ], [ -94.334076, 39.017149 ], [ -94.334096, 39.017184 ], [ -94.334111, 39.017226 ], [ -94.334123, 39.017251 ], [ -94.334148, 39.017251 ] ] } },
{ "type": "Feature", "properties": { "cls": "shared", "highway": "path", "name": "East Lollipop" }, "geometry": { "type": "LineString", "coordinates": [ [ -94.312541, 39.005598 ], [ -94.312576, 39.005779 ], [ -94.312591, 39.006018 ] ] } },
{ "type": "Feature", "properties": { "cls": "shared", "highway": "path", "name": "North Shore Trail" }, "geometry": { "type": "LineString", "coordinates": [ [ -94.3193, 39.005857 ], [ -94.31919, 39.005835 ], [ -94.319051, 39.005795 ], [ -94.318877, 39.005695 ], [ -94.318675, 39.00564 ] ] } },
{ "type": "Feature", "properties": { "cls": "shared", "highway": "path", "name": "North Shore Offshoot #3" }, "geometry": { "type": "LineString", "coordinates": [ [ -94.322183, 39.006693 ], [ -94.322128, 39.006676 ], [ -94.322076, 39.006632 ], [ -94.322033, 39.006561 ], [ -94.321944, 39.006539 ], [ -94.321858, 39.006572 ], [ -94.321794, 39.006602 ], [ -94.3218, 39.006645 ], [ -94.321783, 39.006691 ], [ -94.321711, 39.006658 ], [ -94.321662, 39.006585 ], [ -94.321632, 39.006523 ], [ -94.321666, 39.006473 ], [ -94.321677, 39.00639 ], [ -94.321628, 39.006344 ], [ -94.321541, 39.006317 ], [ -94.32146, 39.006295 ], [ -94.321398, 39.006226 ], [ -94.321394, 39.006141 ], [ -94.321429, 39.006041 ], [ -94.32135, 39.005962 ], [ -94.321291, 39.005916 ], [ -94.3213, 39.005852 ], [ -94.321321, 39.005777 ], [ -94.321289, 39.005717 ], [ -94.321201, 39.005739 ], [ -94.321149, 39.005789 ], [ -94.321156, 39.005853 ], [ -94.321169, 39.005916 ], [ -94.321144, 39.005959 ], [ -94.321148, 39.006034 ], [ -94.321171, 39.006079 ], [ -94.321174, 39.006138 ], [ -94.321171, 39.006206 ], [ -94.321193, 39.006263 ], [ -94.321213, 39.006328 ], [ -94.321215, 39.006393 ], [ -94.321206, 39.006453 ], [ -94.321218, 39.006491 ], [ -94.32122, 39.006565 ], [ -94.321263, 39.006611 ], [ -94.321236, 39.006661 ], [ -94.321186, 39.006702 ], [ -94.321134, 39.006691 ], [ -94.321096, 39.006667 ], [ -94.321032, 39.006632 ], [ -94.320962, 39.006594 ], [ -94.320903, 39.006567 ], [ -94.320819, 39.006531 ], [ -94.320739, 39.006514 ], [ -94.320719, 39.006475 ], [ -94.320678, 39.006432 ], [ -94.320632, 39.006396 ], [ -94.320564, 39.006352 ], [ -94.320528, 39.006312 ], [ -94.320453, 39.006253 ], [ -94.320392, 39.00624 ], [ -94.320304, 39.006259 ], [ -94.320257, 39.006262 ], [ -94.320189, 39.006289 ], [ -94.320125, 39.006298 ], [ -94.320078, 39.006341 ], [ -94.319977, 39.006384 ], [ -94.319881, 39.006342 ], [ -94.319874, 39.006267 ], [ -94.319944, 39.006201 ], [ -94.319924, 39.006112 ], [ -94.319939, 39.006043 ], [ -94.319931, 39.006011 ], [ -94.319886, 39.005993 ], [ -94.319852, 39.005987 ], [ -94.319831, 39.00596 ], [ -94.319852, 39.005904 ], [ -94.319872, 39.005835 ], [ -94.319828, 39.005811 ], [ -94.319817, 39.00581 ], [ -94.319722, 39.005799 ], [ -94.319602, 39.005775 ], [ -94.319472, 39.005783 ], [ -94.319328, 39.005786 ] ] } },
{ "type": "Feature", "properties": { "cls": "shared", "highway": "path", "name": "North Shore Trail" }, "geometry": { "type": "LineString", "coordinates": [ [ -94.321785, 39.004773 ], [ -94.321871, 39.004872 ], [ -94.321946, 39.004939 ], [ -94.322029, 39.00501 ], [ -94.32212, 39.005035 ], [ -94.32248, 39.004866 ], [ -94.322635, 39.004781 ], [ -94.322667, 39.004726 ], [ -94.322734, 39.004706 ], [ -94.322756, 39.004614 ], [ -94.32278, 39.004524 ], [ -94.322906, 39.004414 ], [ -94.323078, 39.004291 ] ] } },
{ "type": "Feature", "properties": { "cls": "shared", "highway": "path", "name": "North Shore Trail" }, "geometry": { "type": "LineString", "coordinates": [ [ -94.325152, 39.008815 ], [ -94.325088, 39.008809 ], [ -94.325, 39.008782 ], [ -94.324766, 39.008803 ], [ -94.324637, 39.008762 ], [ -94.324496, 39.008766 ], [ -94.324361, 39.008816 ], [ -94.3242, 39.008843 ], [ -94.324063, 39.008841 ], [ -94.323996, 39.008816 ], [ -94.323989, 39.008766 ], [ -94.323942, 39.008713 ], [ -94.323871, 39.00869 ], [ -94.323827, 39.00866 ], [ -94.323959, 39.008598 ], [ -94.324028, 39.008541 ], [ -94.324197, 39.008458 ], [ -94.324438, 39.00828 ], [ -94.324662, 39.008171 ], [ -94.324727, 39.008124 ], [ -94.324746, 39.007978 ], [ -94.324776, 39.007831 ], [ -94.324731, 39.007675 ], [ -94.324681, 39.007569 ], [ -94.324623, 39.007471 ], [ -94.324607, 39.007351 ], [ -94.324503, 39.007241 ], [ -94.324497, 39.007178 ], [ -94.324545, 39.007119 ], [ -94.324592, 39.007072 ], [ -94.324606, 39.007049 ], [ -94.324646, 39.007017 ], [ -94.324642, 39.006986 ], [ -94.324676, 39.00684 ], [ -94.324873, 39.006743 ], [ -94.325023, 39.006711 ], [ -94.325225, 39.006698 ], [ -94.325319, 39.006676 ], [ -94.32542, 39.006567 ], [ -94.325448, 39.006484 ], [ -94.325357, 39.006266 ], [ -94.325233, 39.006078 ], [ -94.325173, 39.005993 ], [ -94.325179, 39.005932 ], [ -94.32526, 39.005822 ], [ -94.325322, 39.00573 ], [ -94.325409, 39.005655 ], [ -94.325516, 39.005511 ], [ -94.325543, 39.005502 ], [ -94.325658, 39.005543 ], [ -94.325718, 39.005641 ], [ -94.325771, 39.005726 ], [ -94.325849, 39.005818 ], [ -94.32593, 39.005901 ], [ -94.326108, 39.006023 ], [ -94.326551, 39.006062 ], [ -94.326729, 39.006007 ], [ -94.327083, 39.005812 ], [ -94.327277, 39.005686 ], [ -94.327369, 39.005659 ], [ -94.327515, 39.005686 ], [ -94.327714, 39.005657 ], [ -94.327992, 39.00569 ], [ -94.328052, 39.005716 ], [ -94.328152, 39.005673 ], [ -94.328314, 39.005564 ], [ -94.328319, 39.005482 ], [ -94.328278, 39.005356 ], [ -94.32822, 39.005226 ], [ -94.328107, 39.005136 ], [ -94.327903, 39.004963 ], [ -94.32779, 39.004788 ], [ -94.327738, 39.004723 ], [ -94.327706, 39.004633 ], [ -94.327607, 39.004519 ], [ -94.327596, 39.00444 ], [ -94.327507, 39.004295 ], [ -94.327476, 39.004128 ], [ -94.327465, 39.003998 ], [ -94.327471, 39.003941 ], [ -94.327431, 39.00387 ], [ -94.327382, 39.003833 ], [ -94.327298, 39.003731 ], [ -94.327154, 39.003648 ], [ -94.32707, 39.003595 ], [ -94.326915, 39.003575 ], [ -94.326844, 39.003498 ], [ -94.326763, 39.003441 ], [ -94.326677, 39.003383 ], [ -94.326613, 39.003331 ], [ -94.326495, 39.003351 ], [ -94.326387, 39.003391 ], [ -94.326309, 39.003377 ], [ -94.326274, 39.003346 ], [ -94.326259, 39.003281 ], [ -94.326202, 39.003188 ], [ -94.326194, 39.002992 ], [ -94.326207, 39.002921 ], [ -94.326171, 39.002776 ], [ -94.326142, 39.002695 ], [ -94.326117, 39.002636 ], [ -94.326073, 39.002459 ], [ -94.326035, 39.002404 ], [ -94.325958, 39.002347 ], [ -94.325828, 39.002223 ], [ -94.325766, 39.002155 ], [ -94.325693, 39.002097 ], [ -94.325648, 39.002073 ], [ -94.325517, 39.002043 ], [ -94.325347, 39.002109 ], [ -94.325282, 39.002143 ], [ -94.325127, 39.002151 ], [ -94.324982, 39.002183 ], [ -94.324888, 39.002277 ], [ -94.324795, 39.002384 ], [ -94.324739, 39.002435 ], [ -94.324712, 39.002502 ], [ -94.324649, 39.002546 ], [ -94.324619, 39.002563 ], [ -94.324543, 39.002591 ], [ -94.324473, 39.002597 ], [ -94.324393, 39.002563 ], [ -94.324363, 39.002503 ], [ -94.32435, 39.002475 ], [ -94.324335, 39.002424 ], [ -94.324331, 39.002382 ], [ -94.324279, 39.002333 ], [ -94.324198, 39.002339 ], [ -94.324115, 39.00237 ], [ -94.324069, 39.002425 ], [ -94.323994, 39.002449 ], [ -94.323903, 39.00246 ], [ -94.323842, 39.002477 ], [ -94.323795, 39.002461 ], [ -94.323613, 39.002517 ], [ -94.323527, 39.00252 ], [ -94.323465, 39.002519 ], [ -94.323396, 39.002542 ], [ -94.323322, 39.002541 ], [ -94.323222, 39.002551 ], [ -94.323134, 39.002548 ], [ -94.323049, 39.002572 ], [ -94.32298, 39.002652 ], [ -94.322937, 39.002744 ], [ -94.322918, 39.00277 ], [ -94.322836, 39.002817 ], [ -94.322768, 39.002904 ], [ -94.322733, 39.002995 ], [ -94.322766, 39.003077 ], [ -94.322788, 39.003245 ], [ -94.322794, 39.003301 ], [ -94.322809, 39.003346 ], [ -94.322859, 39.003414 ], [ -94.322926, 39.00355 ], [ -94.322925, 39.003614 ], [ -94.322975, 39.003702 ], [ -94.323112, 39.003784 ], [ -94.323188, 39.003888 ], [ -94.323239, 39.00401 ], [ -94.323247, 39.004145 ], [ -94.323239, 39.0042 ], [ -94.323206, 39.004253 ], [ -94.323133, 39.004285 ], [ -94.323078, 39.004291 ] ] } },
{ "type": "Feature", "properties": { "cls": "shared", "highway": "path", "name": "North Shore Offshoot #3" }, "geometry": { "type": "LineString", "coordinates": [ [ -94.322254, 39.006938 ], [ -94.322207, 39.006823 ], [ -94.322183, 39.006693 ], [ -94.322227, 39.006669 ], [ -94.322338, 39.0066 ], [ -94.322391, 39.006538 ], [ -94.322456, 39.00649 ], [ -94.322555, 39.006413 ], [ -94.322571, 39.006317 ], [ -94.322554, 39.006229 ], [ -94.32253, 39.006145 ], [ -94.322551, 39.006081 ], [ -94.322558, 39.006034 ], [ -94.322501, 39.005978 ], [ -94.322397, 39.005962 ], [ -94.322313, 39.005972 ], [ -94.322208, 39.006024 ], [ -94.322151, 39.006099 ], [ -94.32209, 39.006153 ], [ -94.322038, 39.00614 ], [ -94.322, 39.006091 ], [ -94.321933, 39.006027 ], [ -94.321796, 39.005958 ], [ -94.32168, 39.005897 ], [ -94.321613, 39.005822 ], [ -94.321579, 39.005726 ], [ -94.321544, 39.005661 ], [ -94.321617, 39.005646 ], [ -94.321777, 39.005632 ], [ -94.321891, 39.005603 ], [ -94.321982, 39.005562 ], [ -94.322082, 39.005517 ], [ -94.322132, 39.005446 ], [ -94.322107, 39.005382 ], [ -94.322125, 39.005305 ], [ -94.322198, 39.005256 ], [ -94.322289, 39.005281 ], [ -94.322359, 39.005304 ], [ -94.322415, 39.005313 ], [ -94.322517, 39.005266 ], [ -94.322615, 39.005217 ], [ -94.322708, 39.005206 ], [ -94.322761, 39.005159 ], [ -94.322843, 39.005097 ], [ -94.322958, 39.005064 ], [ -94.322995, 39.00501 ], [ -94.322964, 39.004953 ], [ -94.322918, 39.004922 ], [ -94.322918, 39.00486 ], [ -94.322947, 39.00481 ], [ -94.322963, 39.004752 ], [ -94.322937, 39.004726 ], [ -94.322877, 39.00473 ], [ -94.322836, 39.004705 ], [ -94.32283, 39.004647 ], [ -94.322827, 39.004593 ], [ -94.322756, 39.004614 ] ] } },
{ "type": "Feature", "properties": { "cls": "shared", "highway": "path", "name": "Bluffs Tech Trail" }, "geometry": { "type": "LineString", "coordinates": [ [ -94.325152, 39.008815 ], [ -94.3252, 39.008777 ], [ -94.325216, 39.00876 ], [ -94.325256, 39.008739 ], [ -94.325303, 39.008741 ], [ -94.325321, 39.008694 ], [ -94.325325, 39.00868 ], [ -94.32534, 39.008661 ], [ -94.325355, 39.00864 ], [ -94.325395, 39.00863 ], [ -94.32544, 39.008648 ], [ -94.325484, 39.00867 ], [ -94.325536, 39.008734 ], [ -94.325548, 39.008781 ], [ -94.32559, 39.008815 ], [ -94.325608, 39.008864 ], [ -94.32565, 39.008919 ], [ -94.325705, 39.009021 ], [ -94.325743, 39.009081 ], [ -94.325776, 39.009154 ], [ -94.325839, 39.009256 ], [ -94.325923, 39.009316 ], [ -94.325932, 39.009331 ], [ -94.325943, 39.009347 ], [ -94.326006, 39.009395 ], [ -94.326049, 39.009452 ], [ -94.326061, 39.009514 ], [ -94.326049, 39.009549 ], [ -94.326079, 39.009588 ], [ -94.326055, 39.00966 ], [ -94.32606, 39.009722 ], [ -94.326079, 39.009753 ], [ -94.326101, 39.009756 ], [ -94.326134, 39.00973 ], [ -94.326151, 39.009701 ], [ -94.326237, 39.009553 ], [ -94.326281, 39.009473 ], [ -94.326258, 39.009412 ], [ -94.326233, 39.009379 ], [ -94.32626, 39.009307 ], [ -94.326304, 39.009249 ], [ -94.326354, 39.009193 ], [ -94.326419, 39.009133 ], [ -94.326432, 39.009097 ], [ -94.326419, 39.009085 ], [ -94.326446, 39.009058 ], [ -94.326476, 39.009015 ], [ -94.32648, 39.008949 ], [ -94.326467, 39.008844 ], [ -94.326455, 39.008794 ], [ -94.326437, 39.008762 ], [ -94.326396, 39.008721 ], [ -94.326407, 39.008656 ], [ -94.326421, 39.00857 ], [ -94.326409, 39.008481 ], [ -94.326419, 39.008431 ], [ -94.326398, 39.008385 ], [ -94.326389, 39.008351 ], [ -94.3264, 39.008292 ], [ -94.326366, 39.008278 ], [ -94.326361, 39.008233 ], [ -94.326384, 39.008137 ], [ -94.326359, 39.008098 ], [ -94.32637, 39.008041 ], [ -94.326412, 39.008025 ], [ -94.326432, 39.007972 ], [ -94.32643, 39.007917 ], [ -94.326425, 39.007869 ], [ -94.326485, 39.007772 ], [ -94.326551, 39.007744 ], [ -94.326629, 39.007737 ], [ -94.326664, 39.007637 ], [ -94.326716, 39.007603 ], [ -94.326771, 39.007537 ], [ -94.326806, 39.007491 ], [ -94.326911, 39.00748 ], [ -94.326989, 39.007509 ], [ -94.327035, 39.007475 ], [ -94.327074, 39.00747 ], [ -94.327115, 39.007471 ], [ -94.327211, 39.007443 ], [ -94.327294, 39.007404 ], [ -94.327324, 39.007393 ], [ -94.327395, 39.007414 ], [ -94.327491, 39.007391 ], [ -94.327562, 39.007366 ], [ -94.327631, 39.007375 ], [ -94.327729, 39.0074 ], [ -94.32781, 39.007432 ], [ -94.327876, 39.007446 ], [ -94.327906, 39.007473 ], [ -94.327958, 39.007496 ], [ -94.328057, 39.007658 ], [ -94.32805, 39.007685 ], [ -94.328039, 39.007731 ], [ -94.328087, 39.007753 ], [ -94.328121, 39.007783 ], [ -94.328124, 39.007838 ], [ -94.328141, 39.007856 ], [ -94.328122, 39.007912 ], [ -94.328218, 39.007949 ], [ -94.328272, 39.007941 ], [ -94.328316, 39.007944 ], [ -94.328374, 39.007923 ], [ -94.328445, 39.007883 ], [ -94.328425, 39.007841 ], [ -94.328414, 39.007779 ], [ -94.328409, 39.007736 ], [ -94.328507, 39.00769 ], [ -94.328548, 39.007705 ], [ -94.328606, 39.007703 ], [ -94.32865, 39.007695 ], [ -94.328695, 39.007711 ], [ -94.328726, 39.007752 ], [ -94.328815, 39.007791 ], [ -94.328884, 39.007803 ], [ -94.328974, 39.00779 ], [ -94.329001, 39.007769 ], [ -94.329023, 39.007763 ], [ -94.329074, 39.007773 ], [ -94.329116, 39.007764 ], [ -94.329182, 39.007776 ], [ -94.329228, 39.007822 ], [ -94.329264, 39.007872 ], [ -94.329309, 39.007919 ], [ -94.32935, 39.00792 ], [ -94.329427, 39.007883 ], [ -94.329538, 39.007855 ], [ -94.329612, 39.007912 ], [ -94.32967, 39.00797 ], [ -94.329722, 39.008006 ], [ -94.329765, 39.008066 ], [ -94.329804, 39.008093 ], [ -94.329861, 39.008215 ], [ -94.329872, 39.00824 ], [ -94.329874, 39.008294 ], [ -94.329915, 39.008355 ], [ -94.329935, 39.008424 ], [ -94.329915, 39.008454 ], [ -94.329915, 39.008468 ], [ -94.329888, 39.008522 ], [ -94.329766, 39.008598 ], [ -94.329729, 39.008615 ], [ -94.329724, 39.008664 ], [ -94.329651, 39.008685 ], [ -94.32962, 39.008707 ], [ -94.329575, 39.00874 ], [ -94.329547, 39.008811 ], [ -94.329517, 39.008854 ], [ -94.329435, 39.008879 ], [ -94.329389, 39.008946 ], [ -94.329366, 39.009012 ], [ -94.329405, 39.009067 ], [ -94.329442, 39.009133 ], [ -94.329485, 39.009202 ] ] } },
{ "type": "Feature", "properties": { "cls": "shared", "highway": "path", "name": "Tech Offshoot #2" }, "geometry": { "type": "LineString", "coordinates": [ [ -94.32962, 39.008707 ], [ -94.329588, 39.008654 ], [ -94.329533, 39.008646 ], [ -94.329409, 39.00869 ], [ -94.329276, 39.008728 ], [ -94.329232, 39.008735 ], [ -94.329185, 39.008705 ], [ -94.329164, 39.008666 ], [ -94.329151, 39.008634 ], [ -94.329149, 39.008618 ] ] } },
{ "type": "Feature", "properties": { "cls": "shared", "highway": "path", "name": "North Shore Trail System" }, "geometry": { "type": "LineString", "coordinates": [ [ -94.329221, 39.008564 ], [ -94.329191, 39.008524 ], [ -94.329173, 39.008455 ], [ -94.329118, 39.008408 ], [ -94.329071, 39.008396 ], [ -94.329004, 39.008405 ], [ -94.328954, 39.008415 ], [ -94.328919, 39.008409 ], [ -94.328893, 39.008383 ], [ -94.32885, 39.008363 ], [ -94.328796, 39.008354 ], [ -94.328743, 39.00835 ], [ -94.328701, 39.008358 ], [ -94.328548, 39.00838 ], [ -94.328399, 39.00846 ], [ -94.32834, 39.00846 ], [ -94.32826, 39.008405 ], [ -94.328166, 39.008368 ], [ -94.328034, 39.008359 ], [ -94.327964, 39.008371 ], [ -94.327914, 39.008361 ], [ -94.327875, 39.008302 ], [ -94.327878, 39.00824 ], [ -94.327828, 39.008193 ], [ -94.327729, 39.008151 ], [ -94.327629, 39.00811 ], [ -94.327574, 39.00814 ], [ -94.327552, 39.008175 ], [ -94.327562, 39.008234 ], [ -94.327577, 39.008303 ], [ -94.327599, 39.008375 ], [ -94.327599, 39.008448 ], [ -94.327579, 39.008501 ], [ -94.327508, 39.008549 ], [ -94.327529, 39.008638 ], [ -94.327567, 39.008711 ], [ -94.327693, 39.008804 ], [ -94.32772, 39.008811 ], [ -94.32782, 39.00888 ], [ -94.32816, 39.008843 ], [ -94.328222, 39.008859 ], [ -94.328269, 39.008928 ], [ -94.328284, 39.008969 ], [ -94.32834, 39.009012 ], [ -94.328384, 39.00904 ], [ -94.32839, 39.009145 ], [ -94.328313, 39.009245 ], [ -94.328313, 39.009311 ], [ -94.328296, 39.009375 ], [ -94.328219, 39.009384 ], [ -94.328158, 39.009423 ], [ -94.328132, 39.009483 ], [ -94.328176, 39.009596 ], [ -94.328326, 39.009612 ] ] } },
{ "type": "Feature", "properties": { "cls": "shared", "highway": "path", "name": "Tech Offshoot #2" }, "geometry": { "type": "LineString", "coordinates": [ [ -94.329485, 39.009202 ], [ -94.329442, 39.009326 ], [ -94.3293, 39.009436 ], [ -94.329247, 39.009468 ], [ -94.329107, 39.009498 ], [ -94.328977, 39.009602 ], [ -94.328942, 39.009659 ], [ -94.329038, 39.009715 ], [ -94.329098, 39.009765 ], [ -94.329178, 39.009774 ], [ -94.329245, 39.009767 ], [ -94.329286, 39.009806 ], [ -94.329281, 39.00984 ], [ -94.329291, 39.009954 ], [ -94.32933, 39.010016 ], [ -94.329302, 39.010111 ], [ -94.329304, 39.010182 ], [ -94.329114, 39.010181 ], [ -94.32902, 39.010167 ], [ -94.32894, 39.010173 ] ] } },
{ "type": "Feature", "properties": { "cls": "shared", "highway": "path", "name": "Lower Bluffs" }, "geometry": { "type": "LineString", "coordinates": [ [ -94.329688, 39.010606 ], [ -94.329748, 39.010578 ], [ -94.329809, 39.01055 ], [ -94.329906, 39.010518 ], [ -94.330008, 39.010477 ], [ -94.330126, 39.01041 ], [ -94.330153, 39.010314 ], [ -94.330153, 39.010226 ], [ -94.330185, 39.01016 ], [ -94.330121, 39.010039 ], [ -94.330089, 39.009935 ], [ -94.330056, 39.009793 ], [ -94.330078, 39.009664 ], [ -94.330121, 39.009543 ], [ -94.330067, 39.009409 ], [ -94.32996, 39.009293 ], [ -94.329799, 39.00928 ], [ -94.329633, 39.009222 ], [ -94.329485, 39.009202 ] ] } },
{ "type": "Feature", "properties": { "cls": "shared", "highway": "path", "name": "North Shore Trail System" }, "geometry": { "type": "LineString", "coordinates": [ [ -94.328436, 39.009951 ], [ -94.328361, 39.009999 ], [ -94.328293, 39.010024 ], [ -94.328215, 39.010032 ], [ -94.328154, 39.010051 ], [ -94.328095, 39.010084 ], [ -94.32805, 39.010137 ], [ -94.327961, 39.010297 ], [ -94.327936, 39.010393 ], [ -94.327905, 39.010438 ], [ -94.327854, 39.010455 ] ] } },
{ "type": "Feature", "properties": { "cls": "shared", "highway": "path", "name": "Tech Offshoot #2" }, "geometry": { "type": "LineString", "coordinates": [ [ -94.329304, 39.010182 ], [ -94.329305, 39.010285 ], [ -94.329402, 39.010391 ], [ -94.329523, 39.01047 ], [ -94.32963, 39.01052 ], [ -94.329688, 39.010606 ] ] } },
{ "type": "Feature", "properties": { "cls": "shared", "highway": "path", "name": "North Shore Trail" }, "geometry": { "type": "LineString", "coordinates": [ [ -94.331337, 39.016559 ], [ -94.331331, 39.016545 ], [ -94.331323, 39.016528 ], [ -94.331316, 39.016513 ], [ -94.331299, 39.016499 ], [ -94.33122, 39.016469 ], [ -94.331121, 39.016452 ], [ -94.330982, 39.016403 ], [ -94.330901, 39.016389 ], [ -94.330825, 39.016383 ], [ -94.330705, 39.016377 ], [ -94.330623, 39.01637 ], [ -94.330367, 39.016363 ], [ -94.330226, 39.016408 ], [ -94.330172, 39.016484 ], [ -94.330112, 39.016586 ], [ -94.330103, 39.016637 ], [ -94.330051, 39.016709 ], [ -94.330049, 39.016726 ], [ -94.330027, 39.016754 ], [ -94.330017, 39.016768 ], [ -94.329999, 39.016805 ], [ -94.329943, 39.016894 ], [ -94.329892, 39.016959 ], [ -94.329849, 39.017057 ], [ -94.329823, 39.017175 ], [ -94.32972, 39.017295 ], [ -94.329657, 39.017363 ], [ -94.329609, 39.017396 ], [ -94.329471, 39.017412 ], [ -94.32927, 39.017441 ], [ -94.329187, 39.017473 ], [ -94.329095, 39.017498 ], [ -94.32899, 39.017503 ], [ -94.328854, 39.017497 ], [ -94.328783, 39.017501 ], [ -94.328663, 39.017504 ], [ -94.328541, 39.017507 ], [ -94.328438, 39.017511 ], [ -94.328356, 39.017518 ], [ -94.328298, 39.017527 ], [ -94.328241, 39.017538 ], [ -94.328101, 39.01755 ], [ -94.328056, 39.017548 ], [ -94.327984, 39.017542 ], [ -94.327888, 39.017532 ], [ -94.327819, 39.01752 ], [ -94.327732, 39.017493 ], [ -94.327649, 39.017454 ], [ -94.327522, 39.017395 ], [ -94.327398, 39.017341 ], [ -94.327266, 39.017296 ], [ -94.327234, 39.017277 ], [ -94.327072, 39.017225 ], [ -94.32693, 39.017181 ], [ -94.326815, 39.017156 ], [ -94.326661, 39.017128 ], [ -94.326545, 39.017109 ], [ -94.326428, 39.01709 ], [ -94.326364, 39.017092 ], [ -94.326284, 39.01708 ], [ -94.326231, 39.017075 ], [ -94.326156, 39.017078 ], [ -94.326094, 39.017046 ], [ -94.326016, 39.01702 ], [ -94.325962, 39.016983 ], [ -94.325904, 39.01691 ], [ -94.325846, 39.016847 ], [ -94.325815, 39.016798 ], [ -94.32578, 39.016761 ], [ -94.325776, 39.016758 ], [ -94.325766, 39.016748 ], [ -94.325652, 39.01664 ], [ -94.325518, 39.016508 ], [ -94.325342, 39.016388 ], [ -94.32522, 39.016321 ], [ -94.325141, 39.016299 ], [ -94.325145, 39.016262 ], [ -94.325233, 39.016136 ], [ -94.325378, 39.016062 ], [ -94.325508, 39.01602 ], [ -94.325613, 39.015953 ], [ -94.325647, 39.01592 ], [ -94.325677, 39.015866 ], [ -94.325807, 39.015807 ], [ -94.32592, 39.015765 ], [ -94.325994, 39.015703 ], [ -94.326048, 39.01563 ], [ -94.326112, 39.015572 ], [ -94.326154, 39.015497 ], [ -94.326201, 39.015391 ], [ -94.326251, 39.015323 ], [ -94.326363, 39.015247 ], [ -94.326414, 39.015169 ], [ -94.326475, 39.015119 ], [ -94.326575, 39.015069 ], [ -94.326633, 39.015024 ], [ -94.326675, 39.01496 ], [ -94.326844, 39.014876 ], [ -94.326926, 39.014873 ], [ -94.3271, 39.014803 ], [ -94.327174, 39.014773 ], [ -94.327293, 39.014722 ], [ -94.327353, 39.014684 ], [ -94.327412, 39.014648 ], [ -94.327605, 39.014591 ], [ -94.327733, 39.01454 ], [ -94.327788, 39.014505 ], [ -94.327879, 39.014479 ], [ -94.327998, 39.014441 ], [ -94.328123, 39.01441 ], [ -94.328251, 39.014439 ], [ -94.328301, 39.014432 ], [ -94.328345, 39.014439 ], [ -94.328405, 39.014444 ], [ -94.328435, 39.014454 ], [ -94.328499, 39.014438 ], [ -94.328614, 39.014342 ], [ -94.328669, 39.014285 ], [ -94.328751, 39.014244 ], [ -94.328831, 39.014151 ], [ -94.328901, 39.014082 ], [ -94.329017, 39.013963 ], [ -94.32915, 39.013902 ], [ -94.329227, 39.013822 ], [ -94.329349, 39.013768 ], [ -94.329387, 39.013719 ], [ -94.329523, 39.013659 ], [ -94.329651, 39.013619 ], [ -94.329709, 39.013574 ], [ -94.329762, 39.013476 ], [ -94.329802, 39.013366 ], [ -94.329804, 39.013172 ], [ -94.32983, 39.013111 ], [ -94.329842, 39.013044 ], [ -94.329838, 39.012926 ], [ -94.329806, 39.012854 ], [ -94.3297, 39.012759 ], [ -94.329536, 39.012743 ], [ -94.329399, 39.012725 ], [ -94.329307, 39.012764 ], [ -94.329181, 39.012744 ], [ -94.329109, 39.01275 ], [ -94.329029, 39.012728 ], [ -94.328959, 39.012665 ], [ -94.328883, 39.01261 ], [ -94.328862, 39.012556 ], [ -94.328867, 39.012511 ], [ -94.328866, 39.012498 ], [ -94.328863, 39.012479 ], [ -94.328779, 39.012292 ], [ -94.328786, 39.012088 ], [ -94.328756, 39.011885 ], [ -94.328725, 39.011744 ], [ -94.328732, 39.011676 ], [ -94.328695, 39.011603 ], [ -94.328581, 39.011418 ], [ -94.328591, 39.011285 ], [ -94.328571, 39.011201 ], [ -94.328494, 39.011141 ], [ -94.328541, 39.010977 ], [ -94.328534, 39.010838 ], [ -94.328578, 39.010674 ], [ -94.328631, 39.010577 ], [ -94.328793, 39.010478 ], [ -94.328917, 39.010379 ], [ -94.328991, 39.010277 ], [ -94.32894, 39.010173 ], [ -94.328749, 39.010089 ], [ -94.328571, 39.009995 ], [ -94.328436, 39.009951 ], [ -94.328373, 39.009836 ], [ -94.328379, 39.00975 ], [ -94.328336, 39.009643 ], [ -94.328331, 39.009629 ], [ -94.328326, 39.009612 ], [ -94.328309, 39.00956 ], [ -94.328359, 39.009405 ], [ -94.32851, 39.009298 ], [ -94.328616, 39.009177 ], [ -94.328783, 39.009009 ], [ -94.32887, 39.008941 ], [ -94.328964, 39.008834 ], [ -94.329048, 39.008732 ], [ -94.329068, 39.008675 ], [ -94.329115, 39.008625 ], [ -94.329144, 39.008619 ], [ -94.329149, 39.008618 ], [ -94.329185, 39.008609 ], [ -94.329221, 39.008564 ], [ -94.329236, 39.008544 ], [ -94.329253, 39.008523 ], [ -94.329279, 39.00844 ], [ -94.329297, 39.008372 ], [ -94.329276, 39.008288 ], [ -94.329176, 39.008158 ], [ -94.3289, 39.008077 ], [ -94.328776, 39.00809 ], [ -94.328584, 39.008137 ], [ -94.328494, 39.008158 ], [ -94.328208, 39.008166 ], [ -94.328107, 39.008176 ], [ -94.328037, 39.008134 ], [ -94.327963, 39.008007 ], [ -94.327909, 39.007894 ], [ -94.327842, 39.00773 ], [ -94.327768, 39.007647 ], [ -94.327644, 39.007626 ], [ -94.327483, 39.007673 ], [ -94.327227, 39.007667 ], [ -94.326908, 39.007751 ], [ -94.326646, 39.007892 ], [ -94.326579, 39.007978 ], [ -94.326566, 39.008197 ], [ -94.326562, 39.008296 ], [ -94.326623, 39.00839 ], [ -94.326646, 39.008683 ], [ -94.32666, 39.008779 ], [ -94.326707, 39.008951 ], [ -94.326697, 39.009111 ], [ -94.326572, 39.009453 ], [ -94.326566, 39.009627 ], [ -94.326468, 39.009901 ], [ -94.326401, 39.009988 ], [ -94.326371, 39.010149 ], [ -94.326321, 39.010249 ], [ -94.326324, 39.010327 ], [ -94.326354, 39.010392 ], [ -94.326354, 39.010473 ], [ -94.326442, 39.01063 ], [ -94.326542, 39.010825 ], [ -94.326616, 39.010969 ], [ -94.326593, 39.011146 ], [ -94.326556, 39.011305 ], [ -94.326458, 39.01141 ], [ -94.326334, 39.01142 ], [ -94.326233, 39.011384 ], [ -94.326075, 39.011277 ], [ -94.325981, 39.011105 ], [ -94.325907, 39.010971 ], [ -94.32579, 39.010802 ], [ -94.325635, 39.010637 ], [ -94.325548, 39.010528 ], [ -94.32548, 39.010402 ], [ -94.325401, 39.01029 ], [ -94.325339, 39.01015 ], [ -94.325293, 39.009991 ], [ -94.32521, 39.009833 ], [ -94.325181, 39.009778 ], [ -94.325249, 39.009663 ], [ -94.325248, 39.009613 ], [ -94.325248, 39.009575 ], [ -94.325278, 39.009498 ], [ -94.325331, 39.009419 ], [ -94.325377, 39.009299 ], [ -94.325389, 39.00912 ], [ -94.325399, 39.008976 ], [ -94.325368, 39.008879 ], [ -94.325252, 39.008825 ], [ -94.325152, 39.008815 ] ] } },
{ "type": "Feature", "properties": { "cls": "shared", "highway": "path", "name": "North Shore Trail System" }, "geometry": { "type": "LineString", "coordinates": [ [ -94.328866, 39.012498 ], [ -94.328781, 39.012523 ], [ -94.328719, 39.012545 ], [ -94.328636, 39.012568 ], [ -94.328499, 39.012558 ], [ -94.328397, 39.012608 ], [ -94.328322, 39.012663 ], [ -94.328257, 39.012658 ], [ -94.32816, 39.012674 ], [ -94.32805, 39.012698 ], [ -94.327933, 39.012674 ], [ -94.327795, 39.012648 ] ] } },
{ "type": "Feature", "properties": { "cls": "shared", "highway": "path", "name": "Tech Offshoot #2" }, "geometry": { "type": "LineString", "coordinates": [ [ -94.326448, 39.01653 ], [ -94.326423, 39.01649 ], [ -94.326446, 39.016456 ], [ -94.326513, 39.016427 ], [ -94.326587, 39.016407 ], [ -94.326643, 39.016386 ], [ -94.326699, 39.016377 ], [ -94.326748, 39.016359 ], [ -94.326804, 39.016352 ], [ -94.326849, 39.016351 ], [ -94.326906, 39.016319 ], [ -94.326943, 39.0163 ], [ -94.326979, 39.016289 ], [ -94.327024, 39.01628 ], [ -94.327075, 39.016286 ], [ -94.327119, 39.016291 ], [ -94.327146, 39.016311 ], [ -94.327187, 39.016316 ], [ -94.327226, 39.01632 ], [ -94.327271, 39.016339 ], [ -94.327308, 39.016357 ], [ -94.327342, 39.016396 ], [ -94.327368, 39.016425 ], [ -94.32741, 39.016449 ], [ -94.327529, 39.016426 ], [ -94.327568, 39.016413 ], [ -94.327566, 39.016366 ], [ -94.32758, 39.016334 ], [ -94.327607, 39.016292 ], [ -94.32762, 39.016233 ], [ -94.327636, 39.016182 ], [ -94.327657, 39.016144 ], [ -94.327692, 39.016094 ], [ -94.32771, 39.01607 ], [ -94.327707, 39.016033 ], [ -94.32768, 39.015992 ], [ -94.327688, 39.01597 ], [ -94.327715, 39.015935 ], [ -94.327748, 39.015913 ], [ -94.327714, 39.015884 ], [ -94.327679, 39.015911 ], [ -94.327625, 39.015937 ], [ -94.327584, 39.015961 ], [ -94.327535, 39.015979 ], [ -94.327478, 39.016003 ], [ -94.327426, 39.016008 ], [ -94.327369, 39.015996 ], [ -94.327229, 39.015998 ], [ -94.327163, 39.015977 ], [ -94.327129, 39.015978 ], [ -94.327082, 39.015969 ], [ -94.327032, 39.015967 ], [ -94.326998, 39.015929 ], [ -94.326938, 39.015916 ], [ -94.326893, 39.015896 ], [ -94.326872, 39.015853 ], [ -94.326851, 39.015868 ], [ -94.326844, 39.015862 ], [ -94.326837, 39.015857 ], [ -94.326786, 39.015839 ], [ -94.326759, 39.015794 ], [ -94.326815, 39.015773 ], [ -94.326885, 39.015722 ], [ -94.326879, 39.015699 ], [ -94.326899, 39.015659 ], [ -94.326903, 39.015635 ], [ -94.326969, 39.015575 ], [ -94.327004, 39.015532 ], [ -94.327047, 39.015506 ], [ -94.327104, 39.015443 ], [ -94.327157, 39.015364 ], [ -94.327204, 39.015334 ], [ -94.327207, 39.015297 ], [ -94.327306, 39.015173 ], [ -94.327349, 39.015145 ], [ -94.327444, 39.015098 ], [ -94.327518, 39.015093 ], [ -94.327551, 39.015062 ], [ -94.327648, 39.015031 ], [ -94.327705, 39.014984 ], [ -94.327757, 39.014953 ], [ -94.327825, 39.014944 ], [ -94.327862, 39.014956 ], [ -94.327912, 39.014916 ], [ -94.327959, 39.014876 ], [ -94.328004, 39.014844 ], [ -94.328063, 39.014812 ], [ -94.32814, 39.014805 ], [ -94.328209, 39.01478 ], [ -94.328294, 39.014794 ], [ -94.328367, 39.014804 ], [ -94.328427, 39.014822 ], [ -94.328478, 39.014791 ], [ -94.328596, 39.014753 ], [ -94.328629, 39.014712 ], [ -94.328694, 39.014699 ], [ -94.328852, 39.014722 ], [ -94.328916, 39.014725 ], [ -94.328931, 39.014735 ], [ -94.328971, 39.014725 ], [ -94.329002, 39.014722 ], [ -94.329019, 39.014704 ], [ -94.32905, 39.014703 ], [ -94.329117, 39.014673 ], [ -94.329196, 39.014606 ], [ -94.329251, 39.014581 ], [ -94.329325, 39.014507 ], [ -94.329416, 39.014446 ], [ -94.329492, 39.014406 ], [ -94.329555, 39.014382 ], [ -94.329621, 39.01434 ], [ -94.329635, 39.014344 ], [ -94.329689, 39.014331 ], [ -94.329722, 39.014268 ], [ -94.329741, 39.014208 ], [ -94.329808, 39.014139 ], [ -94.329892, 39.014103 ], [ -94.329959, 39.014055 ], [ -94.330027, 39.013994 ], [ -94.330059, 39.013946 ], [ -94.330117, 39.013905 ], [ -94.33014, 39.013897 ], [ -94.33014, 39.013831 ], [ -94.330186, 39.013793 ], [ -94.330217, 39.013754 ], [ -94.330258, 39.013714 ], [ -94.330299, 39.01367 ], [ -94.33033, 39.013629 ], [ -94.330366, 39.013583 ], [ -94.330369, 39.013526 ], [ -94.330386, 39.013477 ], [ -94.330422, 39.013425 ], [ -94.330398, 39.013396 ], [ -94.330407, 39.013311 ], [ -94.330373, 39.013276 ], [ -94.330451, 39.013139 ], [ -94.330373, 39.013051 ], [ -94.330349, 39.012993 ], [ -94.330378, 39.012943 ], [ -94.33037, 39.01289 ], [ -94.330349, 39.012864 ], [ -94.330357, 39.012832 ], [ -94.33033, 39.012768 ], [ -94.330297, 39.012699 ], [ -94.330287, 39.012684 ], [ -94.330291, 39.012674 ], [ -94.330247, 39.012651 ], [ -94.330204, 39.01262 ], [ -94.330165, 39.01257 ], [ -94.330123, 39.01253 ], [ -94.330104, 39.012467 ], [ -94.330089, 39.012358 ], [ -94.330059, 39.012269 ], [ -94.329973, 39.012182 ], [ -94.329899, 39.012137 ], [ -94.329858, 39.012089 ], [ -94.329807, 39.012039 ], [ -94.329747, 39.011961 ], [ -94.329745, 39.011916 ], [ -94.329727, 39.011822 ], [ -94.32971, 39.011765 ], [ -94.329688, 39.011703 ], [ -94.329666, 39.011598 ], [ -94.329668, 39.011538 ], [ -94.329672, 39.011486 ], [ -94.329657, 39.01141 ], [ -94.329633, 39.011323 ], [ -94.329616, 39.011263 ], [ -94.32962, 39.011213 ], [ -94.329607, 39.011174 ], [ -94.32958, 39.011137 ], [ -94.329544, 39.01112 ], [ -94.329515, 39.011106 ], [ -94.329478, 39.01111 ], [ -94.329441, 39.01108 ], [ -94.329388, 39.011067 ], [ -94.329333, 39.011033 ], [ -94.32935, 39.010992 ], [ -94.329345, 39.01095 ], [ -94.329366, 39.010906 ], [ -94.329376, 39.010888 ], [ -94.3294, 39.01087 ], [ -94.329441, 39.010851 ], [ -94.329455, 39.010836 ], [ -94.329497, 39.010821 ], [ -94.329526, 39.010803 ], [ -94.329594, 39.01077 ], [ -94.329666, 39.010739 ], [ -94.329716, 39.010685 ], [ -94.329719, 39.010642 ], [ -94.329688, 39.010606 ] ] } },
{ "type": "Feature", "properties": { "cls": "shared", "highway": "path", "name": "North Shore Trail System" }, "geometry": { "type": "LineString", "coordinates": [ [ -94.329688, 39.010606 ], [ -94.329644, 39.010631 ], [ -94.329547, 39.010653 ], [ -94.329495, 39.010677 ], [ -94.329392, 39.010698 ], [ -94.329327, 39.010734 ], [ -94.329222, 39.010786 ], [ -94.329152, 39.010849 ], [ -94.329063, 39.010894 ], [ -94.32903, 39.010935 ], [ -94.329032, 39.011023 ], [ -94.329008, 39.01107 ], [ -94.329009, 39.011172 ], [ -94.329088, 39.011245 ], [ -94.329138, 39.011278 ], [ -94.329121, 39.011302 ], [ -94.329177, 39.011376 ], [ -94.329214, 39.011441 ], [ -94.329241, 39.011484 ], [ -94.329298, 39.011536 ], [ -94.329344, 39.011654 ], [ -94.32932, 39.0117 ], [ -94.329322, 39.011773 ], [ -94.329308, 39.011827 ], [ -94.329315, 39.011881 ], [ -94.329383, 39.011976 ], [ -94.329411, 39.011997 ], [ -94.329442, 39.012011 ], [ -94.329457, 39.012033 ], [ -94.329469, 39.012079 ], [ -94.329483, 39.012118 ], [ -94.329475, 39.012173 ], [ -94.329483, 39.012182 ], [ -94.329466, 39.012214 ], [ -94.329481, 39.012244 ], [ -94.32953, 39.012244 ], [ -94.329563, 39.012213 ], [ -94.3296, 39.012194 ], [ -94.329655, 39.012192 ], [ -94.329705, 39.012233 ], [ -94.329754, 39.012309 ], [ -94.329777, 39.012377 ], [ -94.329812, 39.012442 ], [ -94.32983, 39.012488 ], [ -94.329821, 39.012564 ], [ -94.32985, 39.012596 ], [ -94.329862, 39.012632 ], [ -94.329886, 39.012643 ], [ -94.329911, 39.012705 ], [ -94.329957, 39.01275 ], [ -94.330012, 39.012809 ], [ -94.330032, 39.012824 ], [ -94.330029, 39.012857 ], [ -94.330043, 39.012914 ], [ -94.330048, 39.01296 ], [ -94.33004, 39.012998 ], [ -94.330035, 39.013013 ], [ -94.330034, 39.013031 ], [ -94.330032, 39.013045 ], [ -94.330027, 39.01306 ], [ -94.330017, 39.013068 ], [ -94.330009, 39.013085 ], [ -94.329997, 39.013102 ], [ -94.329979, 39.013136 ], [ -94.329962, 39.013169 ], [ -94.329974, 39.013246 ], [ -94.329986, 39.013293 ], [ -94.329985, 39.013342 ], [ -94.329992, 39.013386 ], [ -94.33, 39.013412 ], [ -94.329977, 39.013454 ], [ -94.329981, 39.013491 ], [ -94.329969, 39.013533 ], [ -94.329972, 39.01358 ], [ -94.329915, 39.013624 ], [ -94.329876, 39.013665 ], [ -94.329839, 39.013714 ], [ -94.329806, 39.013735 ], [ -94.329748, 39.013759 ], [ -94.329707, 39.013801 ], [ -94.329668, 39.013828 ], [ -94.329623, 39.013852 ], [ -94.329583, 39.013887 ], [ -94.329523, 39.01391 ], [ -94.329447, 39.013941 ], [ -94.329375, 39.013957 ], [ -94.32932, 39.013983 ], [ -94.329271, 39.01401 ], [ -94.329209, 39.014026 ], [ -94.329183, 39.014047 ], [ -94.329172, 39.014082 ], [ -94.329126, 39.014103 ], [ -94.329085, 39.014151 ], [ -94.329041, 39.014187 ], [ -94.328976, 39.014228 ], [ -94.328921, 39.014258 ], [ -94.328898, 39.014293 ], [ -94.328858, 39.014315 ], [ -94.328796, 39.014341 ], [ -94.328751, 39.014384 ], [ -94.328674, 39.014417 ], [ -94.328627, 39.014442 ], [ -94.328579, 39.014445 ], [ -94.328538, 39.014457 ], [ -94.328492, 39.014474 ], [ -94.328451, 39.014478 ], [ -94.328427, 39.014471 ], [ -94.32838, 39.01448 ], [ -94.328288, 39.014564 ], [ -94.328163, 39.014596 ], [ -94.328095, 39.014613 ], [ -94.328016, 39.014624 ], [ -94.328011, 39.014657 ], [ -94.327978, 39.014689 ], [ -94.327911, 39.014727 ], [ -94.327802, 39.014733 ], [ -94.327713, 39.014743 ], [ -94.327638, 39.014749 ], [ -94.327579, 39.014778 ], [ -94.327549, 39.01481 ], [ -94.327491, 39.014843 ], [ -94.327419, 39.014882 ], [ -94.327339, 39.014905 ], [ -94.327262, 39.014912 ], [ -94.327161, 39.014976 ], [ -94.327115, 39.015046 ], [ -94.327069, 39.015128 ], [ -94.327015, 39.015149 ], [ -94.326956, 39.015185 ], [ -94.32688, 39.015207 ], [ -94.326823, 39.01522 ], [ -94.326764, 39.015226 ], [ -94.326685, 39.01529 ], [ -94.326604, 39.0153 ], [ -94.326582, 39.015358 ], [ -94.326591, 39.015386 ], [ -94.326586, 39.015469 ], [ -94.326578, 39.015522 ], [ -94.326586, 39.015597 ], [ -94.326568, 39.015659 ], [ -94.326567, 39.015757 ], [ -94.32659, 39.015787 ], [ -94.32656, 39.015894 ], [ -94.326506, 39.015944 ], [ -94.326446, 39.01599 ], [ -94.326391, 39.016028 ], [ -94.326364, 39.016114 ], [ -94.326351, 39.016155 ], [ -94.326362, 39.016212 ], [ -94.326374, 39.016244 ], [ -94.326393, 39.016256 ], [ -94.326414, 39.016262 ], [ -94.326378, 39.016306 ], [ -94.32634, 39.016333 ], [ -94.326287, 39.016354 ], [ -94.32625, 39.016379 ], [ -94.326238, 39.016416 ], [ -94.326239, 39.016462 ], [ -94.326244, 39.01648 ], [ -94.326232, 39.016503 ], [ -94.32623, 39.016541 ], [ -94.326218, 39.016576 ], [ -94.326227, 39.01662 ] ] } },
{ "type": "Feature", "properties": { "cls": "shared", "highway": "path", "name": "Tech Offshoot #1" }, "geometry": { "type": "LineString", "coordinates": [ [ -94.331337, 39.016559 ], [ -94.331363, 39.016538 ], [ -94.331392, 39.01651 ], [ -94.331412, 39.01647 ], [ -94.331423, 39.01645 ], [ -94.331429, 39.016423 ], [ -94.331433, 39.016386 ], [ -94.331437, 39.016362 ], [ -94.331463, 39.016345 ], [ -94.331495, 39.016342 ], [ -94.331527, 39.016347 ], [ -94.331566, 39.01634 ], [ -94.331613, 39.01632 ], [ -94.331658, 39.016298 ], [ -94.331679, 39.016265 ], [ -94.331697, 39.016238 ], [ -94.331728, 39.016225 ], [ -94.331774, 39.016205 ], [ -94.331805, 39.016184 ], [ -94.331824, 39.016152 ], [ -94.331851, 39.016129 ], [ -94.331914, 39.016098 ], [ -94.331966, 39.016081 ], [ -94.332015, 39.01608 ], [ -94.332059, 39.01607 ], [ -94.332107, 39.016044 ], [ -94.332114, 39.016006 ], [ -94.332109, 39.015962 ], [ -94.332121, 39.01593 ], [ -94.332104, 39.015895 ], [ -94.3321, 39.015865 ], [ -94.332097, 39.015852 ], [ -94.332049, 39.01585 ], [ -94.331986, 39.015854 ], [ -94.331916, 39.01587 ], [ -94.331881, 39.015881 ], [ -94.331855, 39.015865 ], [ -94.331831, 39.015823 ], [ -94.331783, 39.015781 ], [ -94.331761, 39.015763 ], [ -94.331763, 39.015736 ], [ -94.331741, 39.015713 ], [ -94.331696, 39.015715 ], [ -94.331653, 39.015687 ], [ -94.331621, 39.01563 ], [ -94.331582, 39.015589 ], [ -94.331533, 39.015553 ], [ -94.331482, 39.015511 ], [ -94.331412, 39.015508 ], [ -94.331333, 39.015506 ], [ -94.331267, 39.015492 ], [ -94.331213, 39.015454 ], [ -94.331136, 39.015447 ], [ -94.331038, 39.01546 ], [ -94.33093, 39.01547 ], [ -94.330864, 39.015503 ], [ -94.330864, 39.01556 ], [ -94.330827, 39.015617 ], [ -94.330778, 39.01564 ], [ -94.330693, 39.015635 ], [ -94.330612, 39.015617 ], [ -94.330559, 39.015629 ], [ -94.330508, 39.015665 ], [ -94.330427, 39.015701 ], [ -94.330371, 39.015735 ], [ -94.330338, 39.01577 ], [ -94.330265, 39.015795 ], [ -94.330184, 39.015801 ], [ -94.330135, 39.015809 ], [ -94.330111, 39.015846 ], [ -94.330051, 39.015887 ], [ -94.330005, 39.015927 ], [ -94.329999, 39.015956 ], [ -94.33002, 39.015983 ], [ -94.330062, 39.016 ], [ -94.33011, 39.016022 ], [ -94.330143, 39.016068 ], [ -94.330122, 39.016116 ], [ -94.330144, 39.016166 ], [ -94.330161, 39.01622 ], [ -94.330144, 39.016255 ], [ -94.330074, 39.01627 ], [ -94.330008, 39.01628 ], [ -94.329969, 39.016297 ], [ -94.329957, 39.016334 ], [ -94.329905, 39.016359 ], [ -94.329854, 39.01638 ], [ -94.329827, 39.016412 ], [ -94.329808, 39.016455 ], [ -94.3298, 39.016497 ], [ -94.329815, 39.016549 ], [ -94.329824, 39.016612 ], [ -94.329831, 39.016672 ], [ -94.329852, 39.016689 ], [ -94.329896, 39.016705 ], [ -94.329945, 39.016714 ], [ -94.329999, 39.016725 ], [ -94.330022, 39.016747 ], [ -94.330027, 39.016754 ] ] } },
{ "type": "Feature", "properties": { "cls": "shared", "highway": "path", "name": "North Shore Trail System" }, "geometry": { "type": "LineString", "coordinates": [ [ -94.326448, 39.01653 ], [ -94.326389, 39.01654 ], [ -94.326315, 39.016559 ], [ -94.326262, 39.016587 ], [ -94.326227, 39.01662 ] ] } },
{ "type": "Feature", "properties": { "cls": "shared", "highway": "path", "name": "North Shore Trail System" }, "geometry": { "type": "LineString", "coordinates": [ [ -94.326227, 39.01662 ], [ -94.326174, 39.016644 ], [ -94.326126, 39.016663 ], [ -94.326057, 39.016684 ], [ -94.326012, 39.016701 ], [ -94.325991, 39.016704 ], [ -94.325942, 39.016698 ], [ -94.325942, 39.016703 ], [ -94.325913, 39.016705 ], [ -94.32589, 39.016706 ], [ -94.325823, 39.01672 ], [ -94.325766, 39.016748 ] ] } },
{ "type": "Feature", "properties": { "cls": "shared", "highway": "path", "name": "North Shore Trail System" }, "geometry": { "type": "LineString", "coordinates": [ [ -94.330027, 39.016754 ], [ -94.330037, 39.016775 ], [ -94.33006, 39.016801 ], [ -94.330112, 39.016817 ], [ -94.330088, 39.016871 ], [ -94.330118, 39.016928 ], [ -94.330171, 39.016956 ], [ -94.330218, 39.016963 ], [ -94.330259, 39.016939 ], [ -94.330284, 39.016895 ], [ -94.330332, 39.016869 ], [ -94.330406, 39.016866 ], [ -94.330459, 39.016885 ], [ -94.330525, 39.01692 ], [ -94.330546, 39.016927 ] ] } },
{ "type": "Feature", "properties": { "cls": "shared", "highway": "path", "name": "North Shore Trail System" }, "geometry": { "type": "LineString", "coordinates": [ [ -94.327234, 39.017277 ], [ -94.327229, 39.01723 ], [ -94.327227, 39.017188 ], [ -94.327226, 39.01715 ], [ -94.327231, 39.017114 ], [ -94.327246, 39.017066 ], [ -94.327256, 39.017016 ], [ -94.327256, 39.01697 ], [ -94.327249, 39.016924 ], [ -94.327238, 39.016877 ], [ -94.327219, 39.01683 ], [ -94.327195, 39.016783 ], [ -94.327175, 39.016758 ], [ -94.327122, 39.016767 ], [ -94.327081, 39.016782 ], [ -94.32706, 39.016804 ], [ -94.32705, 39.01683 ], [ -94.327062, 39.016878 ], [ -94.32707, 39.016922 ], [ -94.327063, 39.016957 ], [ -94.327028, 39.016977 ], [ -94.32697, 39.016982 ], [ -94.326929, 39.016972 ], [ -94.326882, 39.016959 ], [ -94.326832, 39.016949 ], [ -94.326777, 39.016942 ], [ -94.326732, 39.01695 ], [ -94.326713, 39.016932 ], [ -94.326655, 39.016866 ], [ -94.326643, 39.016778 ], [ -94.326638, 39.016744 ], [ -94.326592, 39.01672 ], [ -94.32657, 39.016667 ], [ -94.326541, 39.016642 ], [ -94.326522, 39.016632 ], [ -94.326522, 39.016606 ], [ -94.326519, 39.016583 ], [ -94.326452, 39.01655 ], [ -94.326451, 39.016539 ], [ -94.326448, 39.01653 ] ] } },
{ "type": "Feature", "properties": { "cls": "shared", "highway": "path", "name": "North Shore Trail System" }, "geometry": { "type": "LineString", "coordinates": [ [ -94.328056, 39.017548 ], [ -94.327987, 39.017476 ], [ -94.327927, 39.017446 ], [ -94.327897, 39.017418 ], [ -94.327904, 39.017381 ], [ -94.327932, 39.017352 ], [ -94.327934, 39.01731 ], [ -94.327922, 39.01725 ], [ -94.327912, 39.017216 ], [ -94.327931, 39.017179 ], [ -94.327984, 39.017122 ], [ -94.328033, 39.017083 ], [ -94.328053, 39.017052 ], [ -94.32804, 39.017009 ], [ -94.32804, 39.016962 ], [ -94.328062, 39.016932 ], [ -94.328141, 39.016906 ], [ -94.328183, 39.016888 ], [ -94.328207, 39.016867 ], [ -94.328247, 39.016825 ], [ -94.328243, 39.016784 ], [ -94.328208, 39.016748 ], [ -94.328158, 39.016705 ], [ -94.328118, 39.01667 ], [ -94.328098, 39.016635 ], [ -94.328085, 39.016603 ], [ -94.328074, 39.016571 ], [ -94.328063, 39.016546 ], [ -94.328036, 39.016537 ], [ -94.327988, 39.016538 ], [ -94.327934, 39.016558 ], [ -94.327897, 39.016578 ], [ -94.327834, 39.016565 ], [ -94.327773, 39.016561 ], [ -94.327684, 39.01652 ], [ -94.327641, 39.016582 ], [ -94.32759, 39.016623 ], [ -94.32751, 39.016636 ], [ -94.327426, 39.016643 ], [ -94.327375, 39.016616 ], [ -94.327341, 39.016588 ], [ -94.327269, 39.016499 ], [ -94.327183, 39.016453 ], [ -94.327017, 39.016427 ], [ -94.326867, 39.016439 ], [ -94.326698, 39.016464 ], [ -94.326588, 39.016489 ], [ -94.326508, 39.016507 ], [ -94.326448, 39.01653 ] ] } },
{ "type": "Feature", "properties": { "cls": "shared", "highway": "path", "name": null }, "geometry": { "type": "LineString", "coordinates": [ [ -94.330546, 39.016927 ], [ -94.330602, 39.016947 ], [ -94.330692, 39.016979 ] ] } },
{ "type": "Feature", "properties": { "cls": "shared", "highway": "path", "name": "North Shore Trail System" }, "geometry": { "type": "LineString", "coordinates": [ [ -94.328056, 39.017548 ], [ -94.328065, 39.017617 ], [ -94.328112, 39.017707 ], [ -94.328138, 39.017755 ], [ -94.328193, 39.017774 ], [ -94.328287, 39.017783 ], [ -94.328373, 39.017796 ], [ -94.32842, 39.017821 ], [ -94.328486, 39.01784 ], [ -94.328535, 39.017806 ], [ -94.328572, 39.017748 ], [ -94.32861, 39.017694 ], [ -94.328712, 39.017668 ], [ -94.328823, 39.017653 ], [ -94.328905, 39.01767 ], [ -94.328978, 39.017697 ], [ -94.329048, 39.017722 ], [ -94.329123, 39.017749 ], [ -94.329148, 39.017768 ], [ -94.329236, 39.017745 ], [ -94.329328, 39.017723 ], [ -94.329452, 39.017731 ], [ -94.329553, 39.017758 ], [ -94.329631, 39.017778 ], [ -94.32967, 39.017786 ], [ -94.329758, 39.017772 ], [ -94.329856, 39.017769 ], [ -94.329892, 39.017768 ], [ -94.32992, 39.01773 ], [ -94.329933, 39.017663 ], [ -94.329913, 39.017603 ], [ -94.329974, 39.017536 ], [ -94.330023, 39.017483 ], [ -94.330058, 39.017405 ], [ -94.330107, 39.017343 ], [ -94.330147, 39.017275 ], [ -94.330212, 39.017262 ], [ -94.330253, 39.017218 ], [ -94.330287, 39.017173 ], [ -94.330396, 39.017125 ], [ -94.33046, 39.017073 ], [ -94.330493, 39.017011 ], [ -94.330535, 39.016983 ], [ -94.330546, 39.016927 ] ] } },
{ "type": "Feature", "properties": { "cls": "shared", "highway": "path", "name": null }, "geometry": { "type": "LineString", "coordinates": [ [ -94.329892, 39.017768 ], [ -94.329883, 39.01781 ], [ -94.32988, 39.017868 ], [ -94.329881, 39.017947 ] ] } },
{ "type": "Feature", "properties": { "cls": "shared", "highway": "path", "name": "Nellie" }, "geometry": { "type": "LineString", "coordinates": [ [ -94.309489, 38.968266 ], [ -94.309462, 38.968208 ], [ -94.309436, 38.968055 ], [ -94.309401, 38.967964 ], [ -94.309283, 38.967901 ], [ -94.309124, 38.96787 ], [ -94.308963, 38.967859 ], [ -94.308883, 38.967828 ], [ -94.308827, 38.967857 ], [ -94.308792, 38.967918 ], [ -94.308725, 38.967974 ], [ -94.308695, 38.967968 ], [ -94.308617, 38.96793 ], [ -94.308499, 38.967838 ], [ -94.308355, 38.967774 ], [ -94.308194, 38.967718 ], [ -94.308006, 38.967697 ], [ -94.307818, 38.967672 ], [ -94.307684, 38.967693 ], [ -94.307644, 38.96774 ], [ -94.307652, 38.967843 ], [ -94.307716, 38.967911 ], [ -94.30785, 38.968001 ], [ -94.307958, 38.968053 ], [ -94.30807, 38.968099 ], [ -94.308188, 38.968162 ], [ -94.308285, 38.968235 ], [ -94.308346, 38.968308 ], [ -94.308384, 38.96837 ], [ -94.308341, 38.96842 ], [ -94.308228, 38.968427 ], [ -94.308094, 38.968464 ], [ -94.307955, 38.968508 ], [ -94.307848, 38.968575 ], [ -94.307781, 38.968658 ], [ -94.307735, 38.968735 ], [ -94.307681, 38.968814 ], [ -94.307633, 38.968852 ], [ -94.307598, 38.968888 ], [ -94.307579, 38.968917 ], [ -94.307571, 38.969002 ], [ -94.307582, 38.969148 ], [ -94.307625, 38.969221 ], [ -94.307695, 38.969251 ], [ -94.307799, 38.969171 ], [ -94.307893, 38.969079 ], [ -94.307971, 38.969004 ], [ -94.308054, 38.968917 ], [ -94.308151, 38.968867 ], [ -94.308258, 38.96886 ], [ -94.308454, 38.968875 ], [ -94.308564, 38.968892 ], [ -94.308604, 38.96895 ], [ -94.308596, 38.969048 ], [ -94.308502, 38.969156 ], [ -94.308486, 38.969263 ], [ -94.308575, 38.969332 ], [ -94.30867, 38.969421 ], [ -94.308709, 38.969558 ], [ -94.308633, 38.969628 ], [ -94.308486, 38.96972 ], [ -94.308422, 38.969759 ], [ -94.308403, 38.969826 ], [ -94.308438, 38.969893 ], [ -94.308507, 38.96992 ], [ -94.308655, 38.969955 ], [ -94.308751, 38.970032 ], [ -94.308827, 38.970105 ], [ -94.308896, 38.970189 ], [ -94.308894, 38.970264 ], [ -94.308872, 38.970393 ], [ -94.308819, 38.970506 ], [ -94.308714, 38.970629 ], [ -94.308621, 38.970704 ], [ -94.308593, 38.970871 ], [ -94.308556, 38.971007 ], [ -94.308599, 38.971068 ], [ -94.308682, 38.971063 ], [ -94.308738, 38.971021 ], [ -94.308808, 38.970994 ], [ -94.308913, 38.970987 ], [ -94.309047, 38.971052 ], [ -94.30914, 38.971121 ], [ -94.30921, 38.97114 ], [ -94.30932, 38.971152 ], [ -94.309433, 38.971186 ], [ -94.309492, 38.971202 ], [ -94.309602, 38.971271 ], [ -94.309661, 38.97129 ], [ -94.309908, 38.971292 ], [ -94.31009, 38.971288 ], [ -94.310125, 38.97129 ], [ -94.310244, 38.97131 ], [ -94.310286, 38.971395 ], [ -94.310267, 38.971548 ], [ -94.310316, 38.971669 ], [ -94.310243, 38.971745 ], [ -94.309961, 38.971882 ], [ -94.309723, 38.972011 ], [ -94.309575, 38.972107 ], [ -94.309427, 38.97217 ], [ -94.309285, 38.972209 ], [ -94.30921, 38.972259 ], [ -94.3091, 38.972355 ], [ -94.309033, 38.972408 ], [ -94.308872, 38.972508 ], [ -94.30873, 38.972514 ], [ -94.30862, 38.972422 ], [ -94.308517, 38.972367 ], [ -94.308416, 38.972378 ], [ -94.308242, 38.972389 ], [ -94.308017, 38.972493 ], [ -94.307923, 38.972608 ], [ -94.307858, 38.972763 ], [ -94.30778, 38.972994 ], [ -94.307689, 38.973046 ], [ -94.307596, 38.973035 ], [ -94.307451, 38.973012 ], [ -94.307292, 38.97296 ], [ -94.30714, 38.972914 ], [ -94.307048, 38.972879 ], [ -94.306896, 38.972818 ], [ -94.306842, 38.972761 ], [ -94.306847, 38.97267 ], [ -94.306826, 38.97257 ], [ -94.306779, 38.972503 ], [ -94.306673, 38.97246 ], [ -94.306427, 38.9724 ], [ -94.306254, 38.972431 ], [ -94.306059, 38.972435 ], [ -94.30586, 38.972443 ], [ -94.305664, 38.972464 ], [ -94.305561, 38.972486 ], [ -94.30554, 38.972564 ], [ -94.305597, 38.972718 ], [ -94.305664, 38.972777 ], [ -94.305761, 38.972797 ], [ -94.305959, 38.972825 ], [ -94.306161, 38.972801 ], [ -94.30623, 38.972827 ], [ -94.306178, 38.97288 ], [ -94.306051, 38.972906 ], [ -94.305865, 38.972939 ], [ -94.30567, 38.973 ], [ -94.305501, 38.973071 ], [ -94.305369, 38.973208 ], [ -94.3053, 38.973385 ], [ -94.3052, 38.973534 ], [ -94.305149, 38.973696 ], [ -94.305069, 38.973775 ], [ -94.304908, 38.973828 ], [ -94.304782, 38.973878 ], [ -94.304664, 38.973946 ], [ -94.304559, 38.973982 ], [ -94.30449, 38.973976 ], [ -94.304396, 38.97389 ], [ -94.304312, 38.973821 ], [ -94.304194, 38.973798 ], [ -94.304125, 38.973788 ], [ -94.304044, 38.973736 ], [ -94.303956, 38.973669 ], [ -94.30391, 38.973642 ], [ -94.303846, 38.97369 ], [ -94.303803, 38.973759 ], [ -94.303757, 38.973874 ], [ -94.303752, 38.973949 ], [ -94.303752, 38.974042 ], [ -94.303725, 38.974128 ], [ -94.303655, 38.974176 ], [ -94.303435, 38.974218 ], [ -94.303288, 38.97422 ], [ -94.303143, 38.974188 ], [ -94.303049, 38.974178 ], [ -94.302988, 38.974228 ], [ -94.302944, 38.974309 ], [ -94.302944, 38.974405 ], [ -94.302988, 38.974478 ], [ -94.303017, 38.974559 ], [ -94.302961, 38.974655 ], [ -94.302886, 38.974768 ], [ -94.302816, 38.974868 ], [ -94.302727, 38.974956 ], [ -94.302695, 38.974991 ], [ -94.30262, 38.975095 ], [ -94.302577, 38.975202 ], [ -94.302483, 38.975291 ], [ -94.302379, 38.975356 ], [ -94.302215, 38.975358 ], [ -94.30213, 38.975403 ], [ -94.30199, 38.975479 ], [ -94.301853, 38.975571 ], [ -94.301755, 38.975639 ], [ -94.301661, 38.975707 ], [ -94.301554, 38.975783 ], [ -94.301461, 38.975818 ], [ -94.301354, 38.97583 ], [ -94.30128, 38.975813 ], [ -94.301243, 38.97575 ], [ -94.301196, 38.975661 ], [ -94.301173, 38.975588 ], [ -94.301153, 38.975495 ], [ -94.30117, 38.975436 ], [ -94.3012, 38.97535 ], [ -94.30129, 38.97526 ], [ -94.301416, 38.975163 ], [ -94.301502, 38.975087 ], [ -94.301585, 38.975023 ], [ -94.301637, 38.974957 ], [ -94.301652, 38.974883 ], [ -94.301621, 38.974821 ], [ -94.301601, 38.974695 ], [ -94.301587, 38.974602 ], [ -94.301549, 38.974428 ], [ -94.301502, 38.974326 ], [ -94.301445, 38.974257 ], [ -94.301374, 38.974203 ], [ -94.301307, 38.974209 ], [ -94.301252, 38.974244 ], [ -94.301157, 38.974306 ], [ -94.301076, 38.974375 ], [ -94.301032, 38.974439 ], [ -94.301036, 38.974521 ], [ -94.301009, 38.97459 ], [ -94.300946, 38.974718 ], [ -94.300848, 38.974834 ], [ -94.300763, 38.974953 ], [ -94.300717, 38.975032 ], [ -94.30071, 38.975138 ], [ -94.300654, 38.975224 ], [ -94.300607, 38.975312 ], [ -94.300531, 38.975396 ], [ -94.300435, 38.975566 ], [ -94.300387, 38.975657 ], [ -94.300346, 38.975771 ], [ -94.30034, 38.975852 ], [ -94.300356, 38.975951 ], [ -94.300384, 38.976048 ], [ -94.300427, 38.976182 ], [ -94.300493, 38.976256 ], [ -94.300594, 38.976315 ], [ -94.300671, 38.976359 ], [ -94.300759, 38.976381 ], [ -94.300858, 38.976441 ], [ -94.301024, 38.976432 ], [ -94.301148, 38.976518 ], [ -94.30113, 38.97658 ], [ -94.30106, 38.976638 ], [ -94.30098, 38.976779 ], [ -94.301005, 38.976887 ], [ -94.301016, 38.976974 ], [ -94.30107, 38.977053 ], [ -94.301119, 38.977136 ], [ -94.3012, 38.977236 ], [ -94.301237, 38.977386 ], [ -94.301248, 38.977511 ], [ -94.301251, 38.977624 ], [ -94.301235, 38.977732 ], [ -94.301219, 38.9778 ], [ -94.301193, 38.977926 ], [ -94.301142, 38.97804 ], [ -94.30119, 38.978132 ], [ -94.30122, 38.978146 ], [ -94.301365, 38.978164 ], [ -94.301496, 38.978248 ] ] } },
{ "type": "Feature", "properties": { "cls": "shared", "highway": "path", "name": "Augie Phase 2" }, "geometry": { "type": "LineString", "coordinates": [ [ -94.29857, 38.975798 ], [ -94.298826, 38.975961 ], [ -94.298918, 38.976025 ], [ -94.298963, 38.975979 ], [ -94.298962, 38.975897 ], [ -94.298897, 38.975759 ], [ -94.298806, 38.975632 ], [ -94.29876, 38.975571 ], [ -94.29877, 38.975487 ], [ -94.298835, 38.975418 ], [ -94.2989, 38.975416 ], [ -94.298994, 38.975557 ], [ -94.299055, 38.975659 ], [ -94.299536, 38.975894 ], [ -94.299564, 38.976054 ], [ -94.299705, 38.976155 ], [ -94.299696, 38.976434 ], [ -94.299817, 38.976613 ], [ -94.299774, 38.977277 ], [ -94.29979, 38.97756 ], [ -94.299694, 38.977773 ], [ -94.29971, 38.977948 ], [ -94.299613, 38.978156 ], [ -94.299543, 38.978477 ], [ -94.299501, 38.978699 ], [ -94.299436, 38.978928 ], [ -94.299361, 38.979157 ], [ -94.299302, 38.979274 ], [ -94.299334, 38.979395 ], [ -94.299388, 38.979445 ], [ -94.299543, 38.979395 ], [ -94.299812, 38.979182 ], [ -94.299887, 38.978978 ], [ -94.299849, 38.978615 ], [ -94.299935, 38.978256 ], [ -94.300139, 38.977952 ], [ -94.300241, 38.977798 ], [ -94.300423, 38.977598 ], [ -94.300482, 38.977331 ], [ -94.300568, 38.977293 ], [ -94.300691, 38.977427 ], [ -94.300858, 38.977648 ], [ -94.300874, 38.977902 ], [ -94.300809, 38.978127 ], [ -94.300836, 38.97829 ], [ -94.300986, 38.978361 ], [ -94.301292, 38.978344 ], [ -94.301496, 38.978248 ] ] } },
{ "type": "Feature", "properties": { "cls": "shared", "highway": "path", "name": null }, "geometry": { "type": "LineString", "coordinates": [ [ -94.301496, 38.978248 ], [ -94.301711, 38.978171 ], [ -94.301833, 38.978079 ], [ -94.302016, 38.977927 ], [ -94.3021, 38.977858 ], [ -94.302119, 38.97775 ], [ -94.302073, 38.977639 ], [ -94.302019, 38.977589 ], [ -94.301825, 38.977552 ] ] } },
{ "type": "Feature", "properties": { "cls": "shared", "highway": "path", "name": "Eleanor" }, "geometry": { "type": "LineString", "coordinates": [ [ -94.319339, 38.95558 ], [ -94.31941, 38.955684 ], [ -94.319598, 38.955794 ], [ -94.3199, 38.95585 ], [ -94.32014, 38.955828 ], [ -94.320573, 38.955874 ], [ -94.320882, 38.955778 ], [ -94.321029, 38.955766 ], [ -94.321212, 38.955782 ], [ -94.321694, 38.955784 ], [ -94.321743, 38.955864 ], [ -94.321666, 38.955978 ], [ -94.321643, 38.956065 ], [ -94.321612, 38.95609 ], [ -94.321527, 38.956159 ], [ -94.321434, 38.956299 ], [ -94.32147, 38.956484 ], [ -94.321336, 38.956672 ], [ -94.321029, 38.956831 ], [ -94.32082, 38.956899 ], [ -94.320606, 38.956953 ], [ -94.320526, 38.957085 ], [ -94.320552, 38.957278 ], [ -94.320614, 38.957454 ], [ -94.320611, 38.957552 ], [ -94.320562, 38.957653 ], [ -94.320686, 38.957751 ], [ -94.320748, 38.957869 ], [ -94.320825, 38.957945 ], [ -94.320926, 38.957957 ], [ -94.321044, 38.957961 ], [ -94.321341, 38.95811 ], [ -94.3214, 38.958059 ], [ -94.321434, 38.958011 ], [ -94.321403, 38.957919 ], [ -94.321279, 38.957817 ], [ -94.321106, 38.957767 ], [ -94.320766, 38.957382 ], [ -94.320751, 38.957314 ], [ -94.320789, 38.957249 ], [ -94.320877, 38.957272 ], [ -94.320972, 38.957322 ], [ -94.321086, 38.957362 ], [ -94.321253, 38.957506 ], [ -94.321596, 38.957653 ], [ -94.321846, 38.957827 ], [ -94.322019, 38.957935 ], [ -94.322096, 38.958178 ], [ -94.322104, 38.958665 ], [ -94.32206, 38.958897 ], [ -94.322022, 38.958966 ], [ -94.321898, 38.959028 ], [ -94.321643, 38.959096 ], [ -94.321488, 38.959084 ], [ -94.321276, 38.959036 ], [ -94.321163, 38.95905 ], [ -94.32081, 38.959194 ], [ -94.320604, 38.95919 ], [ -94.320323, 38.959078 ], [ -94.320217, 38.959066 ], [ -94.319972, 38.95915 ], [ -94.319745, 38.95907 ], [ -94.319577, 38.958905 ], [ -94.319163, 38.958701 ], [ -94.318985, 38.958673 ], [ -94.318655, 38.958561 ], [ -94.318502, 38.958531 ], [ -94.318368, 38.958434 ], [ -94.318337, 38.95828 ], [ -94.318322, 38.958081 ], [ -94.318234, 38.958009 ], [ -94.318201, 38.957903 ], [ -94.318131, 38.957797 ], [ -94.31818, 38.957606 ], [ -94.318155, 38.957568 ], [ -94.318059, 38.957632 ], [ -94.317868, 38.957787 ], [ -94.317652, 38.957809 ], [ -94.317611, 38.957889 ], [ -94.317641, 38.958039 ], [ -94.317536, 38.95819 ], [ -94.317572, 38.958422 ], [ -94.317505, 38.958474 ], [ -94.317422, 38.958541 ], [ -94.317262, 38.958526 ], [ -94.316976, 38.958452 ], [ -94.316819, 38.95835 ], [ -94.316757, 38.958374 ], [ -94.316621, 38.958352 ], [ -94.316448, 38.958194 ], [ -94.316113, 38.95819 ], [ -94.315976, 38.957985 ], [ -94.315847, 38.957947 ], [ -94.315726, 38.957905 ], [ -94.31571, 38.957973 ], [ -94.315729, 38.958083 ], [ -94.3157, 38.958128 ], [ -94.315494, 38.95826 ], [ -94.315337, 38.95827 ], [ -94.315148, 38.958222 ], [ -94.314788, 38.957879 ] ] } },
{ "type": "Feature", "properties": { "cls": "shared", "highway": "path", "name": "Eleanor" }, "geometry": { "type": "LineString", "coordinates": [ [ -94.315137, 38.957429 ], [ -94.315103, 38.957446 ], [ -94.31505, 38.957446 ], [ -94.314997, 38.957424 ], [ -94.314926, 38.957371 ], [ -94.314877, 38.95733 ], [ -94.314831, 38.957322 ], [ -94.314767, 38.957308 ], [ -94.314711, 38.957308 ], [ -94.314643, 38.957338 ], [ -94.314608, 38.957382 ], [ -94.314594, 38.957413 ], [ -94.314629, 38.957462 ], [ -94.314672, 38.957537 ], [ -94.314675, 38.957693 ], [ -94.314711, 38.957762 ], [ -94.31476, 38.957825 ], [ -94.314788, 38.957879 ] ] } },
{ "type": "Feature", "properties": { "cls": "shared", "highway": "path", "name": "Slim Jim" }, "geometry": { "type": "LineString", "coordinates": [ [ -94.314788, 38.957879 ], [ -94.314725, 38.957881 ], [ -94.31468, 38.957905 ], [ -94.314608, 38.957853 ] ] } },
{ "type": "Feature", "properties": { "cls": "shared", "highway": "path", "name": "Tcha-To-Ga Nature Trail" }, "geometry": { "type": "LineString", "coordinates": [ [ -94.317004, 38.964036 ], [ -94.317126, 38.96375 ], [ -94.317322, 38.963495 ], [ -94.31754, 38.963302 ], [ -94.317617, 38.96323 ] ] } },
{ "type": "Feature", "properties": { "cls": "shared", "highway": "path", "name": "Tcha-To-Ga Nature Trail" }, "geometry": { "type": "LineString", "coordinates": [ [ -94.315238, 38.963845 ], [ -94.315357, 38.963817 ], [ -94.315423, 38.9638 ], [ -94.315488, 38.963786 ], [ -94.315598, 38.963893 ], [ -94.315783, 38.963938 ], [ -94.315959, 38.963933 ], [ -94.316108, 38.963895 ], [ -94.316218, 38.963846 ], [ -94.316348, 38.963825 ], [ -94.316519, 38.96382 ], [ -94.316702, 38.963868 ], [ -94.316851, 38.963968 ], [ -94.317004, 38.964036 ] ] } },
{ "type": "Feature", "properties": { "cls": "shared", "highway": "path", "name": "Tcha-To-Ga Nature Trail" }, "geometry": { "type": "LineString", "coordinates": [ [ -94.319814, 38.964348 ], [ -94.319661, 38.964209 ], [ -94.31952, 38.964097 ], [ -94.319353, 38.964078 ], [ -94.319095, 38.96417 ], [ -94.318904, 38.964195 ], [ -94.318808, 38.964204 ], [ -94.318689, 38.964171 ], [ -94.318612, 38.964131 ], [ -94.318492, 38.96421 ], [ -94.318353, 38.964316 ], [ -94.318078, 38.964312 ], [ -94.317923, 38.964401 ], [ -94.317796, 38.964444 ], [ -94.317615, 38.964447 ], [ -94.317503, 38.964373 ], [ -94.317388, 38.964312 ], [ -94.317243, 38.964255 ], [ -94.317141, 38.96416 ], [ -94.317004, 38.964036 ] ] } },
{ "type": "Feature", "properties": { "cls": "shared", "highway": "path", "name": "Tcha-To-Ga Nature Trail" }, "geometry": { "type": "LineString", "coordinates": [ [ -94.319856, 38.964379 ], [ -94.319814, 38.964348 ] ] } },
{ "type": "Feature", "properties": { "cls": "shared", "highway": "path", "name": "Augie Phase 4" }, "geometry": { "type": "LineString", "coordinates": [ [ -94.311906, 38.977028 ], [ -94.311863, 38.976926 ], [ -94.311965, 38.976793 ], [ -94.312069, 38.976634 ], [ -94.312136, 38.976492 ], [ -94.31208, 38.976357 ], [ -94.311989, 38.976321 ], [ -94.311855, 38.976303 ], [ -94.311852, 38.976361 ], [ -94.311898, 38.976413 ], [ -94.311903, 38.976465 ], [ -94.311874, 38.976517 ], [ -94.311836, 38.976542 ], [ -94.311785, 38.976591 ], [ -94.311769, 38.976645 ], [ -94.311766, 38.976676 ], [ -94.311715, 38.97673 ], [ -94.31168, 38.976786 ], [ -94.311659, 38.976814 ], [ -94.311632, 38.97688 ], [ -94.311611, 38.976901 ], [ -94.31156, 38.976945 ], [ -94.311517, 38.976949 ], [ -94.311487, 38.976909 ], [ -94.311477, 38.976878 ], [ -94.311477, 38.976822 ], [ -94.311482, 38.976772 ], [ -94.311511, 38.976724 ], [ -94.311522, 38.976676 ], [ -94.311458, 38.97662 ], [ -94.311412, 38.976597 ], [ -94.311369, 38.976565 ], [ -94.311326, 38.976551 ], [ -94.31127, 38.976532 ], [ -94.311224, 38.976536 ], [ -94.311144, 38.97654 ], [ -94.311098, 38.976572 ], [ -94.311026, 38.97662 ], [ -94.310975, 38.976663 ], [ -94.310956, 38.976718 ], [ -94.31097, 38.976762 ], [ -94.311023, 38.976797 ], [ -94.311077, 38.976828 ], [ -94.311101, 38.976853 ], [ -94.311069, 38.976876 ], [ -94.311026, 38.976891 ], [ -94.31093, 38.976932 ], [ -94.31083, 38.976932 ], [ -94.310683, 38.976932 ], [ -94.310578, 38.976916 ], [ -94.310514, 38.976839 ], [ -94.310457, 38.976791 ], [ -94.310361, 38.976743 ], [ -94.310243, 38.976699 ], [ -94.310152, 38.976672 ], [ -94.310063, 38.976613 ], [ -94.310023, 38.976551 ], [ -94.309996, 38.976463 ], [ -94.310036, 38.976401 ], [ -94.310087, 38.976353 ], [ -94.310173, 38.976313 ], [ -94.310315, 38.976269 ], [ -94.31049, 38.97623 ], [ -94.31061, 38.976217 ], [ -94.310742, 38.976192 ], [ -94.310876, 38.976192 ], [ -94.310983, 38.976178 ], [ -94.311098, 38.976148 ], [ -94.311273, 38.976103 ], [ -94.311386, 38.976092 ], [ -94.311455, 38.976071 ], [ -94.311581, 38.976032 ], [ -94.311675, 38.975994 ], [ -94.311756, 38.975963 ], [ -94.311847, 38.975946 ], [ -94.311962, 38.975927 ], [ -94.312085, 38.975915 ], [ -94.31226, 38.975867 ], [ -94.312378, 38.9758 ], [ -94.31249, 38.975752 ], [ -94.312633, 38.975629 ], [ -94.312834, 38.97551 ], [ -94.312973, 38.975417 ], [ -94.313089, 38.975298 ], [ -94.313121, 38.975187 ], [ -94.313102, 38.97502 ], [ -94.313062, 38.974883 ], [ -94.312979, 38.974806 ], [ -94.312871, 38.974733 ], [ -94.312751, 38.974703 ], [ -94.312582, 38.974691 ], [ -94.312389, 38.974687 ], [ -94.312257, 38.974691 ], [ -94.312088, 38.974714 ], [ -94.311976, 38.974749 ], [ -94.311855, 38.974735 ], [ -94.311721, 38.974703 ], [ -94.311678, 38.97466 ], [ -94.311745, 38.974622 ], [ -94.311833, 38.974603 ], [ -94.311946, 38.974539 ], [ -94.312024, 38.974493 ], [ -94.312163, 38.974432 ], [ -94.312276, 38.974395 ], [ -94.312378, 38.974368 ], [ -94.312469, 38.974399 ], [ -94.312606, 38.974428 ], [ -94.312753, 38.974409 ], [ -94.312855, 38.974318 ], [ -94.312933, 38.974245 ], [ -94.312989, 38.974195 ], [ -94.313064, 38.974097 ], [ -94.313118, 38.973965 ], [ -94.313102, 38.973815 ], [ -94.313032, 38.973673 ], [ -94.312949, 38.973538 ], [ -94.312861, 38.973465 ], [ -94.312745, 38.973438 ], [ -94.312668, 38.973479 ], [ -94.312678, 38.973544 ], [ -94.312681, 38.973632 ], [ -94.312643, 38.973711 ], [ -94.312533, 38.973767 ], [ -94.312469, 38.973803 ], [ -94.312356, 38.973788 ], [ -94.312292, 38.973746 ], [ -94.312217, 38.973702 ], [ -94.31215, 38.9737 ], [ -94.312118, 38.973717 ], [ -94.312029, 38.973761 ], [ -94.311967, 38.97383 ], [ -94.311887, 38.973898 ], [ -94.311825, 38.973942 ], [ -94.311749, 38.97394 ], [ -94.311721, 38.973897 ], [ -94.311707, 38.973807 ], [ -94.311678, 38.973753 ], [ -94.311648, 38.973721 ], [ -94.311554, 38.973721 ], [ -94.31145, 38.973748 ], [ -94.311353, 38.973763 ], [ -94.311284, 38.973723 ], [ -94.311265, 38.97364 ], [ -94.311335, 38.973494 ], [ -94.311404, 38.973381 ], [ -94.311442, 38.973277 ], [ -94.311485, 38.973189 ], [ -94.311536, 38.9731 ], [ -94.311546, 38.973012 ], [ -94.311487, 38.972964 ], [ -94.311377, 38.972918 ], [ -94.31123, 38.972877 ], [ -94.311034, 38.972825 ], [ -94.310876, 38.972752 ], [ -94.310699, 38.97271 ], [ -94.310559, 38.972664 ], [ -94.310417, 38.972608 ], [ -94.310299, 38.97256 ], [ -94.310127, 38.972468 ], [ -94.31002, 38.972428 ], [ -94.310015, 38.972399 ], [ -94.310026, 38.972364 ], [ -94.310052, 38.972353 ], [ -94.31013, 38.97233 ], [ -94.310297, 38.972268 ], [ -94.310466, 38.972164 ], [ -94.310632, 38.972078 ], [ -94.310811, 38.971982 ], [ -94.311013, 38.971897 ], [ -94.311149, 38.971813 ], [ -94.311292, 38.971724 ], [ -94.311415, 38.971669 ], [ -94.311402, 38.971632 ], [ -94.311364, 38.971546 ], [ -94.311364, 38.97145 ], [ -94.311386, 38.971402 ], [ -94.311415, 38.971288 ], [ -94.311364, 38.971167 ], [ -94.311329, 38.971067 ], [ -94.311281, 38.971015 ], [ -94.311109, 38.970879 ], [ -94.310999, 38.970796 ], [ -94.310833, 38.970673 ], [ -94.310632, 38.970556 ], [ -94.31042, 38.970441 ], [ -94.3102, 38.970378 ], [ -94.310023, 38.970376 ], [ -94.309822, 38.970399 ], [ -94.309733, 38.970434 ], [ -94.309638, 38.970422 ], [ -94.309647, 38.970381 ], [ -94.309736, 38.970337 ], [ -94.309913, 38.970274 ], [ -94.309993, 38.97021 ], [ -94.310031, 38.970097 ], [ -94.310004, 38.96997 ], [ -94.309975, 38.969774 ], [ -94.309902, 38.969607 ], [ -94.309787, 38.969365 ], [ -94.309723, 38.969202 ], [ -94.309714, 38.969071 ], [ -94.309701, 38.96889 ], [ -94.309685, 38.968735 ], [ -94.309645, 38.968583 ], [ -94.309588, 38.968433 ], [ -94.309548, 38.96835 ], [ -94.309489, 38.968266 ] ] } },
{ "type": "Feature", "properties": { "cls": "shared", "highway": "path", "name": "Augie Phase 3" }, "geometry": { "type": "LineString", "coordinates": [ [ -94.310956, 38.985487 ], [ -94.311024, 38.985445 ], [ -94.311103, 38.985504 ], [ -94.311119, 38.98563 ], [ -94.311118, 38.985762 ], [ -94.311134, 38.985873 ], [ -94.311171, 38.986006 ], [ -94.311171, 38.986094 ], [ -94.311209, 38.986168 ], [ -94.311241, 38.986295 ], [ -94.31131, 38.986425 ], [ -94.311377, 38.98648 ], [ -94.311466, 38.986559 ], [ -94.311487, 38.986654 ], [ -94.311475, 38.986718 ], [ -94.311403, 38.986803 ], [ -94.311355, 38.986878 ], [ -94.311316, 38.986975 ], [ -94.311338, 38.987074 ], [ -94.311307, 38.98715 ], [ -94.31125, 38.987196 ], [ -94.311126, 38.987248 ], [ -94.311069, 38.987306 ], [ -94.31103, 38.987403 ], [ -94.311021, 38.987527 ], [ -94.311033, 38.987637 ], [ -94.311066, 38.987659 ], [ -94.31111, 38.98763 ], [ -94.311169, 38.987631 ], [ -94.31119, 38.987698 ], [ -94.31114, 38.987793 ], [ -94.31117, 38.987874 ], [ -94.311236, 38.987915 ], [ -94.311322, 38.987981 ], [ -94.311412, 38.988048 ], [ -94.311513, 38.988181 ], [ -94.31162, 38.98839 ], [ -94.311604, 38.988443 ], [ -94.311635, 38.988582 ], [ -94.311565, 38.9887 ], [ -94.311554, 38.98878 ], [ -94.311591, 38.988768 ], [ -94.311638, 38.988697 ], [ -94.311693, 38.988613 ], [ -94.311785, 38.988541 ], [ -94.311933, 38.988492 ], [ -94.312075, 38.988454 ], [ -94.312193, 38.988394 ], [ -94.312263, 38.988308 ], [ -94.312367, 38.98812 ], [ -94.312477, 38.987998 ], [ -94.312541, 38.987974 ], [ -94.312643, 38.987887 ], [ -94.312682, 38.987611 ], [ -94.312782, 38.987265 ], [ -94.312871, 38.986844 ], [ -94.312985, 38.986425 ], [ -94.312997, 38.986323 ], [ -94.31311, 38.986211 ], [ -94.31315, 38.986101 ], [ -94.313311, 38.986058 ], [ -94.313448, 38.985981 ], [ -94.313569, 38.985865 ], [ -94.313593, 38.985752 ], [ -94.313641, 38.985633 ], [ -94.3137, 38.985498 ], [ -94.313649, 38.985404 ], [ -94.313555, 38.985293 ], [ -94.313496, 38.985152 ], [ -94.313443, 38.984945 ], [ -94.313424, 38.984768 ], [ -94.313373, 38.984524 ], [ -94.313314, 38.984326 ], [ -94.313255, 38.984011 ], [ -94.313207, 38.983813 ], [ -94.313193, 38.983648 ], [ -94.313228, 38.983432 ], [ -94.313204, 38.983263 ], [ -94.313196, 38.983075 ], [ -94.313206, 38.982896 ], [ -94.313302, 38.982753 ], [ -94.313402, 38.982637 ], [ -94.313512, 38.98246 ], [ -94.313598, 38.982312 ], [ -94.3137, 38.982168 ], [ -94.313745, 38.982118 ], [ -94.31384, 38.98212 ], [ -94.313955, 38.982103 ], [ -94.314001, 38.982055 ], [ -94.313985, 38.98201 ], [ -94.313848, 38.981926 ], [ -94.31377, 38.981907 ], [ -94.313606, 38.981878 ], [ -94.313459, 38.981793 ], [ -94.313384, 38.981737 ], [ -94.313443, 38.981569 ], [ -94.313435, 38.981482 ], [ -94.313319, 38.98137 ], [ -94.313228, 38.981247 ], [ -94.313196, 38.981139 ], [ -94.313106, 38.98106 ], [ -94.313058, 38.981036 ], [ -94.313043, 38.981002 ], [ -94.313085, 38.980968 ], [ -94.313212, 38.980941 ], [ -94.313251, 38.980891 ], [ -94.313208, 38.980839 ], [ -94.313126, 38.980819 ], [ -94.313019, 38.980781 ], [ -94.312976, 38.980744 ], [ -94.312971, 38.980699 ], [ -94.313016, 38.980673 ], [ -94.313145, 38.98066 ], [ -94.313199, 38.980627 ], [ -94.313201, 38.980569 ], [ -94.313188, 38.980516 ], [ -94.31322, 38.980471 ], [ -94.313277, 38.980438 ], [ -94.313394, 38.980396 ], [ -94.313433, 38.980354 ], [ -94.313529, 38.980312 ], [ -94.313631, 38.980241 ], [ -94.313735, 38.980183 ], [ -94.313918, 38.980171 ], [ -94.314057, 38.980171 ], [ -94.314137, 38.980227 ], [ -94.314178, 38.98031 ], [ -94.314205, 38.980442 ], [ -94.314258, 38.980486 ], [ -94.314419, 38.980486 ], [ -94.314626, 38.980473 ], [ -94.314816, 38.980479 ], [ -94.315116, 38.980448 ], [ -94.315253, 38.980398 ], [ -94.315339, 38.980425 ], [ -94.315481, 38.980527 ], [ -94.315594, 38.980588 ], [ -94.315666, 38.980654 ], [ -94.315825, 38.980734 ], [ -94.315889, 38.980784 ], [ -94.315983, 38.980792 ], [ -94.31605, 38.980754 ], [ -94.316146, 38.980704 ], [ -94.316272, 38.980704 ], [ -94.31635, 38.980723 ], [ -94.31638, 38.98079 ], [ -94.316377, 38.980894 ], [ -94.316369, 38.980994 ], [ -94.316348, 38.981082 ], [ -94.316369, 38.981163 ], [ -94.316407, 38.981228 ], [ -94.31646, 38.981274 ], [ -94.316538, 38.981294 ], [ -94.316594, 38.981263 ], [ -94.316651, 38.981192 ], [ -94.31672, 38.981157 ], [ -94.316817, 38.981173 ], [ -94.316865, 38.981217 ], [ -94.316855, 38.981276 ], [ -94.316809, 38.981374 ], [ -94.316707, 38.981513 ], [ -94.316594, 38.981641 ], [ -94.316522, 38.981761 ], [ -94.316562, 38.981857 ], [ -94.316648, 38.981928 ], [ -94.316699, 38.981991 ], [ -94.316814, 38.982045 ], [ -94.316991, 38.982108 ], [ -94.317171, 38.982193 ], [ -94.317289, 38.982285 ], [ -94.317318, 38.982422 ], [ -94.317227, 38.982596 ], [ -94.317139, 38.982706 ], [ -94.316997, 38.982779 ], [ -94.316871, 38.98281 ], [ -94.316661, 38.982777 ], [ -94.316417, 38.982748 ], [ -94.316136, 38.982691 ], [ -94.31598, 38.982656 ], [ -94.315771, 38.982691 ], [ -94.315696, 38.982666 ], [ -94.315591, 38.982604 ], [ -94.315505, 38.982548 ], [ -94.31542, 38.982504 ], [ -94.315343, 38.982474 ], [ -94.315289, 38.982494 ], [ -94.315252, 38.982559 ], [ -94.315241, 38.982665 ], [ -94.315298, 38.982804 ], [ -94.315352, 38.982948 ], [ -94.315417, 38.98309 ], [ -94.315468, 38.983254 ], [ -94.315492, 38.98339 ], [ -94.3155, 38.983502 ], [ -94.315465, 38.983588 ], [ -94.315441, 38.9837 ], [ -94.315363, 38.983819 ], [ -94.315293, 38.983903 ], [ -94.315248, 38.984026 ], [ -94.315175, 38.984172 ], [ -94.315143, 38.984301 ], [ -94.31513, 38.984391 ], [ -94.315178, 38.984489 ], [ -94.315264, 38.984505 ], [ -94.315377, 38.984489 ], [ -94.31543, 38.984447 ], [ -94.315476, 38.984322 ], [ -94.315495, 38.984167 ], [ -94.315548, 38.984082 ], [ -94.315596, 38.983965 ], [ -94.31569, 38.983865 ], [ -94.315834, 38.983773 ], [ -94.315876, 38.983667 ], [ -94.315908, 38.983535 ], [ -94.316015, 38.98339 ], [ -94.316144, 38.983298 ], [ -94.316254, 38.983298 ], [ -94.316447, 38.983269 ], [ -94.316621, 38.983263 ], [ -94.316742, 38.983236 ], [ -94.31693, 38.983177 ], [ -94.317142, 38.983119 ], [ -94.317372, 38.983035 ], [ -94.317485, 38.982912 ], [ -94.317552, 38.982825 ], [ -94.317607, 38.982674 ], [ -94.317669, 38.9825 ], [ -94.317686, 38.982415 ], [ -94.31768, 38.98229 ], [ -94.317681, 38.982135 ], [ -94.317664, 38.982005 ], [ -94.317589, 38.981886 ], [ -94.317573, 38.981779 ], [ -94.31764, 38.981659 ], [ -94.31763, 38.981586 ], [ -94.317691, 38.981482 ], [ -94.317777, 38.981424 ], [ -94.317925, 38.981388 ], [ -94.318059, 38.981372 ], [ -94.31823, 38.981353 ], [ -94.318365, 38.981332 ], [ -94.318456, 38.981263 ], [ -94.318534, 38.981186 ], [ -94.318544, 38.981084 ], [ -94.318555, 38.981011 ], [ -94.318542, 38.98093 ], [ -94.31856, 38.980811 ], [ -94.318568, 38.980719 ], [ -94.318555, 38.980592 ], [ -94.318488, 38.980486 ], [ -94.31845, 38.980404 ], [ -94.318389, 38.980323 ], [ -94.318306, 38.980258 ], [ -94.318273, 38.980166 ], [ -94.318239, 38.980091 ], [ -94.318239, 38.979977 ], [ -94.318193, 38.979883 ], [ -94.318121, 38.979799 ], [ -94.318051, 38.979683 ], [ -94.31796, 38.979591 ], [ -94.317898, 38.979526 ], [ -94.317723, 38.979482 ], [ -94.317611, 38.979455 ], [ -94.317477, 38.979443 ], [ -94.31734, 38.979439 ], [ -94.317195, 38.979455 ], [ -94.317101, 38.979493 ], [ -94.317024, 38.979562 ], [ -94.316956, 38.979597 ], [ -94.316846, 38.979618 ], [ -94.316755, 38.979601 ], [ -94.316726, 38.979576 ], [ -94.316704, 38.979516 ], [ -94.316761, 38.979443 ], [ -94.316825, 38.979412 ], [ -94.316892, 38.979401 ], [ -94.316946, 38.979347 ], [ -94.316954, 38.979268 ], [ -94.316903, 38.979197 ], [ -94.316822, 38.979151 ], [ -94.316702, 38.979161 ], [ -94.316605, 38.979191 ], [ -94.316514, 38.979282 ], [ -94.316471, 38.979364 ], [ -94.316404, 38.979441 ], [ -94.316305, 38.979514 ], [ -94.316213, 38.979555 ], [ -94.316125, 38.979635 ], [ -94.316042, 38.979701 ], [ -94.315999, 38.979764 ], [ -94.315956, 38.979831 ], [ -94.315827, 38.979868 ], [ -94.31572, 38.979893 ], [ -94.315572, 38.979889 ], [ -94.315441, 38.9799 ], [ -94.315315, 38.979898 ], [ -94.315299, 38.979956 ], [ -94.315248, 38.98 ], [ -94.31514, 38.980045 ], [ -94.315049, 38.980031 ], [ -94.315006, 38.979972 ], [ -94.31499, 38.979879 ], [ -94.314985, 38.979797 ], [ -94.314982, 38.979649 ], [ -94.314993, 38.979508 ], [ -94.315004, 38.979326 ], [ -94.314993, 38.97918 ], [ -94.314966, 38.979028 ], [ -94.314942, 38.978913 ], [ -94.314894, 38.978832 ], [ -94.314821, 38.978809 ], [ -94.314725, 38.978826 ], [ -94.314671, 38.978872 ], [ -94.314671, 38.978918 ], [ -94.314658, 38.978978 ], [ -94.314644, 38.979049 ], [ -94.314572, 38.979103 ], [ -94.314443, 38.979118 ], [ -94.314312, 38.979107 ], [ -94.314234, 38.979068 ], [ -94.314145, 38.979022 ], [ -94.314054, 38.978999 ], [ -94.313893, 38.978984 ], [ -94.313791, 38.978986 ], [ -94.313754, 38.978934 ], [ -94.313781, 38.978851 ], [ -94.313853, 38.978776 ], [ -94.313947, 38.978736 ], [ -94.314011, 38.978692 ], [ -94.314033, 38.97864 ], [ -94.313971, 38.978619 ], [ -94.313891, 38.978605 ], [ -94.31388, 38.978526 ], [ -94.31399, 38.978463 ], [ -94.314212, 38.978446 ], [ -94.314454, 38.978453 ], [ -94.314607, 38.97844 ], [ -94.314746, 38.978421 ], [ -94.314813, 38.978377 ], [ -94.314913, 38.978273 ], [ -94.315017, 38.978177 ], [ -94.315124, 38.978088 ], [ -94.315232, 38.978023 ], [ -94.315336, 38.978035 ], [ -94.315468, 38.978094 ], [ -94.315583, 38.978125 ], [ -94.315661, 38.978167 ], [ -94.315768, 38.978196 ], [ -94.315841, 38.978236 ], [ -94.315937, 38.978313 ], [ -94.31598, 38.978363 ], [ -94.316001, 38.97839 ], [ -94.316028, 38.978517 ], [ -94.316004, 38.978603 ], [ -94.315937, 38.978686 ], [ -94.315873, 38.978746 ], [ -94.315854, 38.978792 ], [ -94.315975, 38.978856 ], [ -94.316123, 38.978849 ], [ -94.316227, 38.978797 ], [ -94.316305, 38.978734 ], [ -94.316415, 38.978646 ], [ -94.316517, 38.978576 ], [ -94.316584, 38.978505 ], [ -94.316667, 38.978513 ], [ -94.316766, 38.978432 ], [ -94.316806, 38.978346 ], [ -94.316769, 38.978242 ], [ -94.316693, 38.97814 ], [ -94.316584, 38.978021 ], [ -94.316511, 38.977923 ], [ -94.316455, 38.97785 ], [ -94.316385, 38.977735 ], [ -94.316288, 38.977646 ], [ -94.316205, 38.977618 ], [ -94.316125, 38.977512 ], [ -94.31605, 38.977408 ], [ -94.315908, 38.977277 ], [ -94.315709, 38.977233 ], [ -94.315484, 38.977168 ], [ -94.315331, 38.977176 ], [ -94.315213, 38.97721 ], [ -94.31517, 38.977254 ], [ -94.315138, 38.977322 ], [ -94.315063, 38.977333 ], [ -94.314789, 38.977349 ], [ -94.314559, 38.977358 ], [ -94.314253, 38.977362 ], [ -94.314036, 38.977387 ], [ -94.313829, 38.977389 ], [ -94.313773, 38.977347 ], [ -94.313767, 38.977285 ], [ -94.313848, 38.977237 ], [ -94.313966, 38.97716 ], [ -94.314022, 38.977083 ], [ -94.314054, 38.976993 ], [ -94.31403, 38.976916 ], [ -94.31396, 38.976868 ], [ -94.313893, 38.976832 ], [ -94.313864, 38.976791 ], [ -94.313872, 38.976726 ], [ -94.313955, 38.976655 ], [ -94.31396, 38.976586 ], [ -94.313955, 38.976486 ], [ -94.31388, 38.976403 ], [ -94.313832, 38.976321 ], [ -94.313781, 38.976246 ], [ -94.313708, 38.976213 ], [ -94.313515, 38.976232 ], [ -94.313378, 38.976282 ], [ -94.313193, 38.976374 ], [ -94.313073, 38.976422 ], [ -94.313011, 38.976478 ], [ -94.312949, 38.97652 ], [ -94.312794, 38.976545 ], [ -94.312713, 38.97658 ], [ -94.312643, 38.976613 ], [ -94.31259, 38.976603 ], [ -94.312622, 38.976559 ], [ -94.312617, 38.976488 ], [ -94.312547, 38.976517 ], [ -94.312472, 38.976563 ], [ -94.312359, 38.976626 ], [ -94.31226, 38.976772 ], [ -94.31215, 38.97693 ], [ -94.312043, 38.97701 ], [ -94.311906, 38.977028 ] ] } },
{ "type": "Feature", "properties": { "cls": "separated", "highway": "cycleway", "name": null }, "geometry": { "type": "LineString", "coordinates": [ [ -94.323024, 38.989886 ], [ -94.322634, 38.990012 ], [ -94.322057, 38.990205 ], [ -94.321615, 38.990394 ], [ -94.321183, 38.99057 ], [ -94.321134, 38.990583 ], [ -94.320879, 38.99065 ], [ -94.319725, 38.991002 ], [ -94.319049, 38.99117 ], [ -94.318716, 38.991239 ], [ -94.318337, 38.991385 ], [ -94.318267, 38.991412 ], [ -94.317828, 38.991619 ], [ -94.317347, 38.991924 ], [ -94.317011, 38.992268 ], [ -94.316515, 38.992666 ], [ -94.316189, 38.993104 ], [ -94.315913, 38.993723 ], [ -94.316009, 38.99381 ] ] } },
{ "type": "Feature", "properties": { "cls": "shared", "highway": "path", "name": null }, "geometry": { "type": "LineString", "coordinates": [ [ -94.292229, 38.978822 ], [ -94.292346, 38.978792 ], [ -94.292605, 38.978782 ], [ -94.292791, 38.978715 ], [ -94.293175, 38.978661 ], [ -94.293577, 38.978699 ], [ -94.293998, 38.978824 ], [ -94.294175, 38.978798 ], [ -94.294218, 38.97879 ] ] } },
{ "type": "Feature", "properties": { "cls": "shared", "highway": "path", "name": "Augie Phase 1" }, "geometry": { "type": "MultiLineString", "coordinates": [ [ [ -94.296672, 38.988037 ], [ -94.296641, 38.987843 ], [ -94.296631, 38.987576 ], [ -94.296636, 38.987351 ], [ -94.296765, 38.987122 ], [ -94.296717, 38.986893 ], [ -94.296754, 38.986638 ], [ -94.296754, 38.986434 ], [ -94.296824, 38.98575 ], [ -94.296781, 38.985525 ], [ -94.296915, 38.985316 ], [ -94.296963, 38.985033 ], [ -94.296995, 38.984707 ], [ -94.296835, 38.984524 ], [ -94.29669, 38.984491 ], [ -94.296609, 38.984407 ], [ -94.296625, 38.984236 ], [ -94.296486, 38.984178 ], [ -94.296228, 38.984266 ], [ -94.296078, 38.98427 ], [ -94.296019, 38.984195 ], [ -94.296014, 38.98407 ], [ -94.295987, 38.983961 ], [ -94.295914, 38.983922 ], [ -94.29581, 38.983865 ], [ -94.295772, 38.983711 ], [ -94.295751, 38.983548 ], [ -94.295536, 38.983536 ], [ -94.29544, 38.983519 ], [ -94.295413, 38.983352 ], [ -94.295338, 38.983231 ], [ -94.295161, 38.983123 ], [ -94.295075, 38.98304 ], [ -94.295048, 38.982819 ], [ -94.294973, 38.982669 ], [ -94.294807, 38.982627 ], [ -94.294549, 38.982623 ], [ -94.294525, 38.982593 ], [ -94.294608, 38.982445 ], [ -94.29441, 38.982331 ], [ -94.294099, 38.982318 ], [ -94.293777, 38.982247 ], [ -94.293777, 38.982139 ], [ -94.293863, 38.982026 ], [ -94.294056, 38.981993 ], [ -94.294238, 38.981947 ], [ -94.294474, 38.981872 ], [ -94.294416, 38.981733 ], [ -94.294335, 38.981538 ], [ -94.294222, 38.981288 ], [ -94.294077, 38.981055 ], [ -94.294088, 38.9809 ], [ -94.294083, 38.980763 ], [ -94.293975, 38.980671 ], [ -94.293798, 38.980533 ], [ -94.293804, 38.980408 ], [ -94.293922, 38.980275 ], [ -94.293922, 38.980108 ], [ -94.293771, 38.979966 ], [ -94.293573, 38.979937 ], [ -94.293546, 38.980066 ], [ -94.293482, 38.980162 ], [ -94.293337, 38.980279 ], [ -94.293133, 38.980241 ], [ -94.293026, 38.980171 ], [ -94.292972, 38.980058 ], [ -94.292956, 38.979912 ], [ -94.292881, 38.979845 ], [ -94.292757, 38.97977 ], [ -94.292699, 38.979691 ], [ -94.292741, 38.979558 ], [ -94.29294, 38.979474 ], [ -94.293085, 38.979399 ], [ -94.293213, 38.979399 ], [ -94.293278, 38.979261 ], [ -94.293433, 38.979232 ], [ -94.293487, 38.979145 ], [ -94.293407, 38.978982 ], [ -94.293144, 38.978874 ], [ -94.292843, 38.978936 ], [ -94.292522, 38.978857 ], [ -94.292229, 38.978822 ], [ -94.292012, 38.978819 ], [ -94.291937, 38.97892 ], [ -94.291744, 38.978953 ], [ -94.291266, 38.978965 ], [ -94.290816, 38.978786 ], [ -94.290429, 38.978615 ], [ -94.290108, 38.978565 ], [ -94.289893, 38.978586 ], [ -94.289791, 38.978657 ], [ -94.289684, 38.978632 ], [ -94.289641, 38.978557 ], [ -94.289491, 38.97849 ], [ -94.289217, 38.978448 ], [ -94.288917, 38.978423 ], [ -94.288756, 38.978348 ], [ -94.288504, 38.978248 ], [ -94.288414, 38.978203 ], [ -94.288439, 38.978163 ], [ -94.288596, 38.978042 ], [ -94.288761, 38.977956 ], [ -94.288883, 38.977872 ], [ -94.288949, 38.977827 ], [ -94.288943, 38.977685 ], [ -94.28919, 38.977535 ], [ -94.289373, 38.977427 ], [ -94.289501, 38.977277 ], [ -94.289496, 38.977101 ], [ -94.289249, 38.977018 ], [ -94.289067, 38.976918 ], [ -94.288729, 38.976576 ], [ -94.288606, 38.976209 ], [ -94.288493, 38.97605 ], [ -94.288493, 38.975946 ], [ -94.2886, 38.975904 ], [ -94.288768, 38.975952 ], [ -94.288985, 38.976214 ], [ -94.28915, 38.976243 ], [ -94.289175, 38.976022 ], [ -94.289068, 38.975889 ], [ -94.288922, 38.975758 ], [ -94.28897, 38.975604 ], [ -94.288917, 38.975346 ], [ -94.28897, 38.975208 ], [ -94.288922, 38.975012 ], [ -94.288927, 38.974895 ], [ -94.289201, 38.974766 ], [ -94.289426, 38.974637 ], [ -94.28958, 38.974528 ], [ -94.289405, 38.974528 ], [ -94.289185, 38.974545 ], [ -94.288843, 38.974636 ], [ -94.288823, 38.974543 ], [ -94.28912, 38.974216 ], [ -94.289303, 38.974115 ], [ -94.28948, 38.974132 ], [ -94.289668, 38.97417 ], [ -94.289705, 38.974007 ], [ -94.289598, 38.973874 ], [ -94.289657, 38.973803 ], [ -94.289893, 38.973778 ], [ -94.289952, 38.973623 ], [ -94.289925, 38.973552 ], [ -94.290059, 38.973477 ], [ -94.290531, 38.97349 ], [ -94.290993, 38.973506 ], [ -94.291508, 38.973527 ], [ -94.291588, 38.973644 ], [ -94.291454, 38.973857 ], [ -94.291352, 38.973915 ], [ -94.291266, 38.973982 ], [ -94.291368, 38.974053 ], [ -94.291384, 38.974178 ], [ -94.291379, 38.974328 ], [ -94.291395, 38.974453 ], [ -94.291481, 38.974553 ], [ -94.291561, 38.974687 ], [ -94.291502, 38.974858 ], [ -94.291395, 38.974954 ], [ -94.291186, 38.975033 ], [ -94.290966, 38.974937 ], [ -94.290918, 38.974774 ], [ -94.290783, 38.974712 ], [ -94.290596, 38.974657 ], [ -94.290413, 38.974687 ], [ -94.290242, 38.974812 ], [ -94.29022, 38.974962 ], [ -94.290054, 38.9751 ], [ -94.289931, 38.975237 ], [ -94.28977, 38.975366 ], [ -94.28965, 38.975498 ], [ -94.289653, 38.97559 ], [ -94.289756, 38.975693 ], [ -94.289937, 38.975662 ], [ -94.290055, 38.975722 ], [ -94.29014, 38.976063 ], [ -94.290094, 38.976284 ], [ -94.290196, 38.976505 ], [ -94.290305, 38.976664 ], [ -94.29059, 38.977076 ], [ -94.290703, 38.977268 ], [ -94.290891, 38.977435 ], [ -94.290987, 38.977497 ], [ -94.29125, 38.977493 ], [ -94.291593, 38.977656 ], [ -94.291819, 38.977769 ], [ -94.292425, 38.977744 ], [ -94.292768, 38.977739 ], [ -94.293041, 38.977831 ], [ -94.293236, 38.977826 ], [ -94.293368, 38.977773 ], [ -94.293498, 38.977623 ], [ -94.293466, 38.977456 ], [ -94.293439, 38.977339 ], [ -94.293415, 38.97722 ], [ -94.293449, 38.977114 ], [ -94.293507, 38.977032 ], [ -94.293562, 38.976909 ], [ -94.293596, 38.976702 ], [ -94.293589, 38.976442 ], [ -94.293712, 38.976276 ], [ -94.29375, 38.976034 ], [ -94.293857, 38.975713 ], [ -94.293766, 38.975483 ], [ -94.293605, 38.975404 ], [ -94.293305, 38.9754 ], [ -94.292978, 38.975283 ], [ -94.292822, 38.97515 ], [ -94.292838, 38.974824 ], [ -94.292913, 38.974407 ], [ -94.292881, 38.974065 ], [ -94.292935, 38.973861 ], [ -94.292972, 38.973719 ], [ -94.293192, 38.973615 ], [ -94.293262, 38.97354 ], [ -94.293292, 38.973397 ] ], [ [ -94.295216, 38.973449 ], [ -94.295536, 38.973602 ], [ -94.295912, 38.973623 ], [ -94.296314, 38.973828 ], [ -94.296351, 38.973852 ], [ -94.296534, 38.973974 ], [ -94.296733, 38.974057 ], [ -94.296963, 38.974203 ], [ -94.29721, 38.974245 ], [ -94.297392, 38.974341 ], [ -94.29765, 38.974428 ], [ -94.2978, 38.974599 ], [ -94.297988, 38.974778 ], [ -94.29828, 38.974932 ], [ -94.298316, 38.975114 ], [ -94.29832, 38.975249 ], [ -94.29839, 38.975379 ], [ -94.298471, 38.97546 ], [ -94.298437, 38.975654 ], [ -94.298469, 38.975731 ], [ -94.29857, 38.975798 ] ] ] } },
{ "type": "Feature", "properties": { "cls": "shared", "highway": "cycleway", "name": null }, "geometry": { "type": "GeometryCollection", "geometries": [ { "type": "LineString", "coordinates": [ [ -94.30121, 38.988626 ], [ -94.301114, 38.988596 ], [ -94.300999, 38.988523 ], [ -94.300921, 38.988491 ], [ -94.300766, 38.988438 ], [ -94.300663, 38.988402 ], [ -94.300121, 38.988217 ], [ -94.30004, 38.988195 ], [ -94.29997, 38.988186 ], [ -94.299907, 38.988186 ], [ -94.295492, 38.988076 ], [ -94.295148, 38.988074 ], [ -94.294906, 38.988076 ] ] }, { "type": "Point", "coordinates": [ -94.292639, 38.988096 ] } ] } },
{ "type": "Feature", "properties": { "cls": "shared", "highway": "cycleway", "name": "Lake Vista Trail" }, "geometry": { "type": "LineString", "coordinates": [ [ -94.300878, 38.989062 ], [ -94.300573, 38.989205 ], [ -94.300402, 38.989245 ], [ -94.300217, 38.989218 ], [ -94.300018, 38.98913 ], [ -94.299853, 38.989063 ], [ -94.299661, 38.989122 ], [ -94.299447, 38.98928 ], [ -94.299382, 38.989386 ], [ -94.299409, 38.989499 ], [ -94.299412, 38.989639 ], [ -94.299297, 38.990097 ], [ -94.299141, 38.990406 ], [ -94.299087, 38.990627 ], [ -94.299082, 38.991033 ], [ -94.299015, 38.991432 ], [ -94.299111, 38.991835 ] ] } },
{ "type": "Feature", "properties": { "cls": "shared", "highway": "cycleway", "name": "Lake Vista Trail" }, "geometry": { "type": "LineString", "coordinates": [ [ -94.299111, 38.991835 ], [ -94.299128, 38.991905 ], [ -94.298913, 38.992151 ], [ -94.29879, 38.992199 ], [ -94.298629, 38.992235 ] ] } },
{ "type": "Feature", "properties": { "cls": "shared", "highway": "cycleway", "name": "Lake Vista Trail" }, "geometry": { "type": "LineString", "coordinates": [ [ -94.298629, 38.992235 ], [ -94.298398, 38.992288 ], [ -94.297961, 38.992261 ], [ -94.297671, 38.992313 ], [ -94.297258, 38.992505 ], [ -94.296901, 38.99233 ], [ -94.296649, 38.99217 ], [ -94.296545, 38.992056 ] ] } },
{ "type": "Feature", "properties": { "cls": "shared", "highway": "path", "name": "Augie Phase 2" }, "geometry": { "type": "LineString", "coordinates": [ [ -94.301496, 38.978248 ], [ -94.301797, 38.978261 ], [ -94.301893, 38.978302 ], [ -94.301839, 38.978457 ], [ -94.301775, 38.978573 ], [ -94.301641, 38.978557 ], [ -94.301432, 38.978728 ], [ -94.301169, 38.978949 ], [ -94.300997, 38.979303 ], [ -94.30097, 38.979653 ], [ -94.300783, 38.97995 ], [ -94.300847, 38.980112 ], [ -94.300986, 38.980283 ], [ -94.300997, 38.980617 ], [ -94.300917, 38.980667 ], [ -94.30082, 38.980596 ], [ -94.300713, 38.980588 ], [ -94.300616, 38.980696 ], [ -94.300665, 38.980817 ], [ -94.300997, 38.981042 ], [ -94.301282, 38.98108 ], [ -94.301507, 38.981092 ], [ -94.301657, 38.981196 ], [ -94.301721, 38.981397 ], [ -94.301818, 38.981492 ], [ -94.302006, 38.981547 ], [ -94.302204, 38.981614 ], [ -94.302414, 38.981609 ], [ -94.302655, 38.98143 ], [ -94.302848, 38.981155 ], [ -94.303063, 38.980813 ], [ -94.303154, 38.980721 ], [ -94.30317, 38.980621 ], [ -94.303583, 38.980329 ], [ -94.303717, 38.980241 ], [ -94.304007, 38.980216 ], [ -94.304259, 38.980133 ], [ -94.304291, 38.980241 ], [ -94.3042, 38.980325 ], [ -94.304039, 38.980554 ], [ -94.304028, 38.980804 ], [ -94.304076, 38.980896 ], [ -94.304017, 38.980971 ], [ -94.303889, 38.981021 ], [ -94.303835, 38.98113 ], [ -94.303824, 38.981493 ], [ -94.303932, 38.981901 ], [ -94.304001, 38.98203 ], [ -94.304189, 38.982252 ], [ -94.304361, 38.982397 ], [ -94.304522, 38.982623 ], [ -94.304844, 38.98289 ], [ -94.305187, 38.98314 ], [ -94.305364, 38.983231 ], [ -94.305546, 38.983231 ], [ -94.305632, 38.983123 ], [ -94.305798, 38.982981 ], [ -94.305922, 38.982856 ], [ -94.306013, 38.982702 ], [ -94.306249, 38.982523 ], [ -94.306356, 38.98246 ], [ -94.306619, 38.982035 ], [ -94.306844, 38.981718 ], [ -94.30693, 38.981584 ], [ -94.30708, 38.981146 ], [ -94.307083, 38.98095 ], [ -94.306952, 38.980796 ], [ -94.306907, 38.98072 ], [ -94.306895, 38.980618 ], [ -94.306917, 38.980529 ], [ -94.306963, 38.980443 ], [ -94.307071, 38.980358 ], [ -94.307137, 38.980292 ], [ -94.307234, 38.980253 ], [ -94.307306, 38.980342 ], [ -94.307338, 38.980492 ], [ -94.307507, 38.980658 ], [ -94.307499, 38.980916 ], [ -94.307654, 38.981247 ], [ -94.307708, 38.981517 ], [ -94.307798, 38.981649 ], [ -94.307842, 38.981897 ], [ -94.307821, 38.982285 ], [ -94.307687, 38.982623 ], [ -94.307472, 38.983074 ], [ -94.307449, 38.983232 ], [ -94.307451, 38.983523 ], [ -94.307271, 38.98364 ], [ -94.30726, 38.983711 ], [ -94.307274, 38.983905 ], [ -94.307038, 38.984399 ], [ -94.306965, 38.984531 ], [ -94.306893, 38.984612 ], [ -94.306798, 38.984635 ], [ -94.306752, 38.984701 ], [ -94.306748, 38.984796 ], [ -94.306815, 38.984859 ], [ -94.306906, 38.984877 ], [ -94.30707, 38.984849 ], [ -94.307339, 38.984688 ], [ -94.307392, 38.984574 ], [ -94.307687, 38.984058 ], [ -94.30767, 38.983698 ], [ -94.307814, 38.983511 ], [ -94.307974, 38.983348 ], [ -94.308025, 38.983244 ], [ -94.308127, 38.982965 ], [ -94.308186, 38.982827 ], [ -94.308599, 38.982364 ], [ -94.308695, 38.982222 ], [ -94.308813, 38.981989 ], [ -94.308904, 38.981864 ], [ -94.309159, 38.981713 ], [ -94.309363, 38.981447 ], [ -94.310142, 38.98105 ], [ -94.310256, 38.981074 ], [ -94.310315, 38.981117 ], [ -94.310331, 38.981242 ], [ -94.310283, 38.981618 ], [ -94.31017, 38.981842 ], [ -94.310006, 38.981993 ], [ -94.309929, 38.982151 ], [ -94.30986, 38.982372 ], [ -94.309902, 38.982497 ], [ -94.309709, 38.982748 ], [ -94.309572, 38.983219 ], [ -94.309595, 38.983356 ], [ -94.309665, 38.983397 ], [ -94.309736, 38.983386 ], [ -94.30983, 38.983367 ], [ -94.30993, 38.983381 ], [ -94.31001, 38.983482 ], [ -94.310074, 38.983619 ], [ -94.310031, 38.98369 ], [ -94.309989, 38.983805 ], [ -94.310023, 38.983939 ], [ -94.310106, 38.984016 ], [ -94.310217, 38.984066 ], [ -94.310255, 38.984122 ], [ -94.310144, 38.984286 ], [ -94.309983, 38.984449 ], [ -94.3098, 38.984668 ], [ -94.309768, 38.984771 ], [ -94.309784, 38.984845 ], [ -94.309741, 38.984944 ], [ -94.30958, 38.985004 ], [ -94.309339, 38.985099 ], [ -94.309245, 38.985186 ], [ -94.309237, 38.985295 ], [ -94.309205, 38.985546 ], [ -94.309126, 38.985725 ], [ -94.309177, 38.985858 ], [ -94.309268, 38.986004 ], [ -94.309426, 38.98609 ], [ -94.309639, 38.986117 ], [ -94.309854, 38.986038 ], [ -94.310034, 38.985875 ], [ -94.310136, 38.985849 ], [ -94.310418, 38.985832 ], [ -94.310528, 38.985794 ], [ -94.310696, 38.985683 ], [ -94.31077, 38.985666 ], [ -94.310865, 38.985656 ], [ -94.310922, 38.985663 ], [ -94.310935, 38.985504 ], [ -94.310956, 38.985487 ] ] } },
{ "type": "Feature", "properties": { "cls": "shared", "highway": "cycleway", "name": "Lake Vista Trail" }, "geometry": { "type": "LineString", "coordinates": [ [ -94.301237, 38.988576 ], [ -94.30121, 38.988626 ], [ -94.30114, 38.988759 ], [ -94.301056, 38.98892 ], [ -94.300878, 38.989062 ] ] } },
{ "type": "Feature", "properties": { "cls": "shared", "highway": "cycleway", "name": "Lake Vista Trail" }, "geometry": { "type": "LineString", "coordinates": [ [ -94.303293, 38.991017 ], [ -94.303172, 38.99099 ], [ -94.303003, 38.990992 ], [ -94.302891, 38.990915 ], [ -94.302775, 38.990742 ], [ -94.302596, 38.990625 ], [ -94.302539, 38.990531 ], [ -94.302352, 38.990418 ], [ -94.30192, 38.990079 ], [ -94.301676, 38.989805 ], [ -94.301362, 38.989587 ], [ -94.301051, 38.989378 ], [ -94.301029, 38.989347 ], [ -94.300922, 38.989188 ], [ -94.300878, 38.989062 ] ] } },
{ "type": "Feature", "properties": { "cls": "shared", "highway": "cycleway", "name": "Lake Vista Trail" }, "geometry": { "type": "LineString", "coordinates": [ [ -94.306754, 38.992553 ], [ -94.306447, 38.992403 ], [ -94.306273, 38.992407 ], [ -94.306026, 38.99248 ], [ -94.305865, 38.992491 ], [ -94.305721, 38.992436 ], [ -94.305552, 38.992276 ], [ -94.305267, 38.992151 ], [ -94.305136, 38.992115 ], [ -94.304975, 38.992113 ], [ -94.304733, 38.99204 ], [ -94.304578, 38.991817 ], [ -94.304261, 38.991138 ], [ -94.304154, 38.991081 ], [ -94.303835, 38.991008 ], [ -94.303521, 38.990983 ], [ -94.303293, 38.991017 ] ] } },
{ "type": "Feature", "properties": { "cls": "shared", "highway": "cycleway", "name": "Lake Vista Trail" }, "geometry": { "type": "LineString", "coordinates": [ [ -94.309111, 38.994886 ], [ -94.30891, 38.9947 ], [ -94.30822, 38.99399 ], [ -94.307113, 38.992772 ], [ -94.306949, 38.992649 ], [ -94.306754, 38.992553 ] ] } },
{ "type": "Feature", "properties": { "cls": "shared", "highway": "cycleway", "name": "Lake Vista Trail" }, "geometry": { "type": "LineString", "coordinates": [ [ -94.310773, 38.995541 ], [ -94.310687, 38.995518 ], [ -94.310662, 38.995524 ], [ -94.310593, 38.995622 ], [ -94.310532, 38.995709 ], [ -94.309972, 38.995492 ], [ -94.309888, 38.99546 ], [ -94.309742, 38.995352 ], [ -94.309111, 38.994886 ] ] } },
{ "type": "Feature", "properties": { "cls": "shared", "highway": "cycleway", "name": "Lake Vista Trail" }, "geometry": { "type": "LineString", "coordinates": [ [ -94.309972, 38.995492 ], [ -94.309983, 38.995471 ], [ -94.310028, 38.995398 ] ] } },
{ "type": "Feature", "properties": { "cls": "separated", "highway": "cycleway", "name": null }, "geometry": { "type": "LineString", "coordinates": [ [ -94.310593, 38.995622 ], [ -94.310576, 38.995616 ], [ -94.310548, 38.995604 ] ] } },
{ "type": "Feature", "properties": { "cls": "shared", "highway": "cycleway", "name": "Lake Vista Trail" }, "geometry": { "type": "LineString", "coordinates": [ [ -94.311907, 38.995664 ], [ -94.311791, 38.995669 ], [ -94.311673, 38.995668 ], [ -94.311466, 38.99566 ], [ -94.311244, 38.995637 ], [ -94.311043, 38.995605 ], [ -94.310773, 38.995541 ] ] } },
{ "type": "Feature", "properties": { "cls": "shared", "highway": "cycleway", "name": "Lake Vista Trail" }, "geometry": { "type": "LineString", "coordinates": [ [ -94.304468, 39.00442 ], [ -94.304379, 39.004416 ], [ -94.304374, 39.00416 ], [ -94.304438, 39.003962 ], [ -94.30464, 39.003616 ], [ -94.304688, 39.003447 ], [ -94.304758, 39.003355 ], [ -94.305141, 39.003109 ], [ -94.305246, 39.003011 ], [ -94.305259, 39.002857 ], [ -94.305299, 39.002765 ], [ -94.305576, 39.002501 ], [ -94.305868, 39.002294 ], [ -94.305959, 39.002203 ], [ -94.306034, 39.002034 ], [ -94.305954, 39.001923 ], [ -94.305809, 39.001884 ], [ -94.305541, 39.001898 ], [ -94.305409, 39.001881 ], [ -94.305133, 39.001792 ], [ -94.304918, 39.001754 ], [ -94.304763, 39.001779 ], [ -94.30454, 39.001854 ], [ -94.304229, 39.00189 ], [ -94.304012, 39.001905 ], [ -94.303851, 39.001975 ], [ -94.303569, 39.002144 ], [ -94.303449, 39.00215 ], [ -94.303282, 39.002102 ], [ -94.3031, 39.001979 ], [ -94.302969, 39.00185 ], [ -94.302877, 39.001686 ], [ -94.302893, 39.0015 ], [ -94.302982, 39.001387 ], [ -94.303298, 39.001181 ], [ -94.303419, 39.001039 ], [ -94.303465, 39.000885 ], [ -94.303433, 39.000629 ], [ -94.303446, 39.00042 ], [ -94.303502, 39.000235 ], [ -94.30343, 39.000174 ], [ -94.303341, 39.000141 ], [ -94.303229, 39.000141 ], [ -94.302942, 39.000249 ], [ -94.302738, 39.000295 ], [ -94.302612, 39.000262 ], [ -94.302494, 39.000176 ], [ -94.302421, 39.000035 ], [ -94.302437, 38.99986 ], [ -94.302497, 38.999657 ], [ -94.30277, 38.99932 ], [ -94.302869, 38.999161 ], [ -94.302885, 38.998997 ], [ -94.302826, 38.998751 ], [ -94.302805, 38.998517 ], [ -94.302885, 38.998215 ], [ -94.302915, 38.998052 ], [ -94.302875, 38.997702 ], [ -94.302907, 38.997323 ], [ -94.302872, 38.997244 ], [ -94.302775, 38.997219 ], [ -94.302692, 38.99726 ], [ -94.302258, 38.997765 ], [ -94.302067, 38.998075 ], [ -94.301863, 38.998282 ], [ -94.301625, 38.998457 ], [ -94.30144, 38.998601 ], [ -94.301182, 38.998715 ], [ -94.300833, 38.998861 ], [ -94.300643, 38.998992 ], [ -94.300412, 38.999293 ], [ -94.300343, 38.999434 ], [ -94.300305, 38.999707 ], [ -94.300337, 38.999914 ], [ -94.300646, 39.000556 ], [ -94.300809, 39.000896 ], [ -94.300756, 39.001058 ], [ -94.300753, 39.001319 ], [ -94.30045, 39.001923 ], [ -94.300321, 39.002015 ], [ -94.300271, 39.002009 ] ] } },
{ "type": "Feature", "properties": { "cls": "shared", "highway": "cycleway", "name": "Lake Vista Trail" }, "geometry": { "type": "LineString", "coordinates": [ [ -94.2966, 38.994156 ], [ -94.297282, 38.994127 ], [ -94.298138, 38.994067 ], [ -94.298449, 38.994127 ], [ -94.298496, 38.99412 ] ] } },
{ "type": "Feature", "properties": { "cls": "shared", "highway": "cycleway", "name": "Lake Vista Trail" }, "geometry": { "type": "LineString", "coordinates": [ [ -94.298496, 38.99412 ], [ -94.298699, 38.994087 ], [ -94.29901, 38.994096 ], [ -94.299331, 38.994052 ], [ -94.29939, 38.994062 ] ] } },
{ "type": "Feature", "properties": { "cls": "shared", "highway": "cycleway", "name": "Lake Vista Trail" }, "geometry": { "type": "LineString", "coordinates": [ [ -94.298961, 38.994158 ], [ -94.29901, 38.994096 ] ] } },
{ "type": "Feature", "properties": { "cls": "shared", "highway": "cycleway", "name": "Lake Vista Trail" }, "geometry": { "type": "LineString", "coordinates": [ [ -94.29663, 38.995277 ], [ -94.296676, 38.995272 ], [ -94.297532, 38.994974 ], [ -94.297679, 38.994923 ], [ -94.298403, 38.994702 ], [ -94.298642, 38.994567 ], [ -94.298961, 38.994158 ] ] } },
{ "type": "Feature", "properties": { "cls": "shared", "highway": "cycleway", "name": "Lake Vista Trail" }, "geometry": { "type": "LineString", "coordinates": [ [ -94.29939, 38.994062 ], [ -94.29975, 38.994121 ], [ -94.300281, 38.994338 ], [ -94.30107, 38.994738 ], [ -94.301265, 38.994915 ], [ -94.301311, 38.995155 ], [ -94.301236, 38.995426 ], [ -94.30061, 38.996171 ], [ -94.300298, 38.996542 ], [ -94.300211, 38.996645 ], [ -94.300007, 38.996925 ], [ -94.299945, 38.996986 ], [ -94.299912, 38.997026 ], [ -94.299876, 38.997057 ], [ -94.299775, 38.997151 ], [ -94.299567, 38.997285 ], [ -94.299284, 38.997497 ], [ -94.29913, 38.99765 ], [ -94.299015, 38.997852 ], [ -94.298959, 38.997983 ], [ -94.298945, 38.998139 ] ] } },
{ "type": "Feature", "properties": { "cls": "shared", "highway": "cycleway", "name": "Lake Vista Trail" }, "geometry": { "type": "LineString", "coordinates": [ [ -94.298945, 38.998139 ], [ -94.298773, 38.998776 ], [ -94.298668, 38.999167 ] ] } },
{ "type": "Feature", "properties": { "cls": "shared", "highway": "cycleway", "name": "Lake Vista Trail" }, "geometry": { "type": "LineString", "coordinates": [ [ -94.300067, 39.001103 ], [ -94.300085, 39.001041 ], [ -94.299903, 39.000489 ], [ -94.299627, 39.000258 ], [ -94.299525, 39.000124 ], [ -94.299372, 39.000041 ], [ -94.299185, 38.999961 ], [ -94.299071, 38.999868 ], [ -94.298986, 38.999769 ], [ -94.298854, 38.999582 ], [ -94.298668, 38.999167 ] ] } },
{ "type": "Feature", "properties": { "cls": "shared", "highway": "cycleway", "name": "Old Quarry Road Trail" }, "geometry": { "type": "LineString", "coordinates": [ [ -94.298668, 38.999167 ], [ -94.298659, 38.999205 ], [ -94.298444, 38.999676 ], [ -94.298031, 39.000189 ], [ -94.297591, 39.000626 ], [ -94.29688, 39.001053 ], [ -94.296743, 39.001135 ], [ -94.296586, 39.001257 ] ] } },
{ "type": "Feature", "properties": { "cls": "shared", "highway": "cycleway", "name": "Lake Vista Trail" }, "geometry": { "type": "LineString", "coordinates": [ [ -94.300216, 39.002002 ], [ -94.30019, 39.001998 ], [ -94.300117, 39.001911 ], [ -94.300007, 39.001304 ], [ -94.300067, 39.001103 ] ] } },
{ "type": "Feature", "properties": { "cls": "shared", "highway": "cycleway", "name": "Lake Vista Trail" }, "geometry": { "type": "LineString", "coordinates": [ [ -94.300271, 39.002009 ], [ -94.300216, 39.002002 ] ] } },
{ "type": "Feature", "properties": { "cls": "shared", "highway": "cycleway", "name": "Lake Vista Trail" }, "geometry": { "type": "LineString", "coordinates": [ [ -94.31606, 38.994076 ], [ -94.315938, 38.994053 ], [ -94.315894, 38.99405 ], [ -94.315729, 38.994019 ], [ -94.315542, 38.993977 ], [ -94.315353, 38.993977 ], [ -94.315124, 38.994019 ], [ -94.31485, 38.994117 ], [ -94.314645, 38.99424 ], [ -94.314512, 38.994358 ], [ -94.31424, 38.994613 ], [ -94.313925, 38.994825 ], [ -94.313773, 38.994945 ], [ -94.313511, 38.995147 ], [ -94.313295, 38.995276 ], [ -94.313026, 38.995409 ], [ -94.312715, 38.995521 ], [ -94.31241, 38.995597 ], [ -94.312133, 38.995649 ], [ -94.311907, 38.995664 ] ] } },
{ "type": "Feature", "properties": { "cls": "shared", "highway": "path", "name": "North Shore Trail" }, "geometry": { "type": "LineString", "coordinates": [ [ -94.313594, 39.001474 ], [ -94.313713, 39.001474 ], [ -94.313836, 39.001506 ], [ -94.313987, 39.00159 ], [ -94.314082, 39.001675 ], [ -94.314134, 39.001788 ] ] } },
{ "type": "Feature", "properties": { "cls": "shared", "highway": "path", "name": "East Lollipop" }, "geometry": { "type": "LineString", "coordinates": [ [ -94.313604, 39.001478 ], [ -94.313697, 39.001553 ], [ -94.313789, 39.001705 ], [ -94.313778, 39.001779 ], [ -94.313765, 39.001828 ] ] } },
{ "type": "Feature", "properties": { "cls": "shared", "highway": "path", "name": "North Shore Trail" }, "geometry": { "type": "LineString", "coordinates": [ [ -94.319079, 39.002615 ], [ -94.318956, 39.002614 ], [ -94.318825, 39.002632 ], [ -94.318731, 39.002634 ], [ -94.318611, 39.002691 ], [ -94.318476, 39.002763 ], [ -94.318343, 39.002861 ], [ -94.3183, 39.002957 ], [ -94.318292, 39.003041 ], [ -94.318287, 39.003109 ], [ -94.318239, 39.003151 ], [ -94.318179, 39.003158 ], [ -94.3181, 39.003132 ], [ -94.317983, 39.003071 ], [ -94.317908, 39.00301 ], [ -94.317828, 39.002963 ], [ -94.317757, 39.002944 ], [ -94.317689, 39.002909 ], [ -94.317637, 39.002898 ], [ -94.317548, 39.002887 ], [ -94.317457, 39.002889 ], [ -94.317361, 39.002907 ], [ -94.317294, 39.002925 ], [ -94.317239, 39.002944 ], [ -94.317174, 39.002965 ], [ -94.317121, 39.002979 ], [ -94.317078, 39.002974 ], [ -94.317048, 39.00293 ], [ -94.317062, 39.002889 ], [ -94.317096, 39.002835 ], [ -94.317125, 39.002757 ], [ -94.317163, 39.002719 ], [ -94.317199, 39.002673 ], [ -94.317254, 39.002622 ], [ -94.317278, 39.002563 ], [ -94.317301, 39.002496 ], [ -94.317314, 39.002461 ], [ -94.317314, 39.002404 ], [ -94.317278, 39.00235 ], [ -94.317235, 39.002309 ], [ -94.317132, 39.002242 ], [ -94.317041, 39.00221 ], [ -94.31694, 39.00218 ], [ -94.316813, 39.002143 ], [ -94.316663, 39.002099 ], [ -94.316563, 39.002065 ], [ -94.316534, 39.002053 ], [ -94.316463, 39.002023 ], [ -94.316386, 39.001994 ], [ -94.31634, 39.001967 ], [ -94.31629, 39.00194 ], [ -94.316237, 39.00192 ], [ -94.316154, 39.001913 ], [ -94.316084, 39.001911 ], [ -94.316006, 39.0019 ], [ -94.315937, 39.001887 ], [ -94.31589, 39.001884 ], [ -94.315816, 39.001893 ], [ -94.315738, 39.001908 ], [ -94.315651, 39.001928 ], [ -94.315556, 39.001944 ], [ -94.315439, 39.001954 ], [ -94.315377, 39.001958 ], [ -94.315293, 39.001982 ], [ -94.315215, 39.002016 ], [ -94.315139, 39.002052 ], [ -94.315071, 39.00209 ], [ -94.315012, 39.002125 ], [ -94.314953, 39.00217 ], [ -94.314877, 39.002208 ], [ -94.314817, 39.002239 ], [ -94.314757, 39.002269 ], [ -94.314681, 39.002301 ], [ -94.314635, 39.002322 ], [ -94.314598, 39.002328 ], [ -94.314543, 39.002359 ], [ -94.314494, 39.002393 ], [ -94.314439, 39.002438 ], [ -94.314368, 39.002469 ], [ -94.314305, 39.002486 ], [ -94.314246, 39.002532 ], [ -94.314169, 39.002582 ], [ -94.314081, 39.002631 ], [ -94.314032, 39.002631 ], [ -94.313982, 39.002634 ], [ -94.313943, 39.002617 ], [ -94.313921, 39.002587 ], [ -94.313907, 39.002548 ], [ -94.313895, 39.002519 ], [ -94.31389, 39.002484 ], [ -94.313902, 39.002418 ], [ -94.313915, 39.002382 ], [ -94.313978, 39.002314 ], [ -94.314031, 39.00224 ], [ -94.314064, 39.002174 ], [ -94.314091, 39.002097 ], [ -94.314109, 39.002026 ], [ -94.31413, 39.001945 ], [ -94.314131, 39.001874 ], [ -94.314134, 39.001788 ], [ -94.314066, 39.001749 ], [ -94.314054, 39.001742 ], [ -94.314044, 39.001735 ], [ -94.314015, 39.001717 ], [ -94.313952, 39.001685 ], [ -94.313821, 39.001605 ], [ -94.313717, 39.00153 ], [ -94.313646, 39.001496 ], [ -94.313604, 39.001478 ], [ -94.313594, 39.001474 ], [ -94.313511, 39.001468 ], [ -94.313426, 39.001456 ], [ -94.313328, 39.00145 ], [ -94.313202, 39.001447 ], [ -94.313115, 39.001445 ], [ -94.31303, 39.001453 ], [ -94.312915, 39.001456 ], [ -94.312832, 39.001444 ], [ -94.312738, 39.001421 ], [ -94.31266, 39.001401 ], [ -94.312582, 39.001377 ], [ -94.312415, 39.001323 ], [ -94.312332, 39.001292 ], [ -94.312265, 39.001256 ], [ -94.312213, 39.001246 ], [ -94.312114, 39.001243 ], [ -94.312041, 39.001256 ], [ -94.311938, 39.001275 ], [ -94.311857, 39.00129 ], [ -94.311809, 39.001308 ] ] } },
{ "type": "Feature", "properties": { "cls": "shared", "highway": "path", "name": "North Shore Trail" }, "geometry": { "type": "LineString", "coordinates": [ [ -94.316182, 39.002657 ], [ -94.316357, 39.002423 ], [ -94.31633, 39.002359 ], [ -94.316325, 39.002316 ], [ -94.316362, 39.00226 ], [ -94.316378, 39.002233 ], [ -94.316346, 39.002207 ], [ -94.316377, 39.002167 ], [ -94.316397, 39.002138 ], [ -94.316415, 39.00211 ], [ -94.31647, 39.002087 ], [ -94.316534, 39.002053 ] ] } },
{ "type": "Feature", "properties": { "cls": "shared", "highway": "path", "name": "East Lollipop" }, "geometry": { "type": "LineString", "coordinates": [ [ -94.313643, 39.001873 ], [ -94.313526, 39.001954 ], [ -94.313534, 39.002215 ], [ -94.313444, 39.002427 ], [ -94.313444, 39.002673 ], [ -94.313558, 39.002809 ], [ -94.313587, 39.00292 ], [ -94.313487, 39.003074 ], [ -94.313376, 39.003161 ], [ -94.313288, 39.003327 ], [ -94.313281, 39.003482 ], [ -94.313387, 39.003524 ], [ -94.313509, 39.003571 ], [ -94.313726, 39.003603 ], [ -94.313794, 39.00367 ] ] } },
{ "type": "Feature", "properties": { "cls": "shared", "highway": "path", "name": "East Lollipop" }, "geometry": { "type": "LineString", "coordinates": [ [ -94.316415, 39.00211 ], [ -94.316454, 39.002168 ], [ -94.316556, 39.002207 ], [ -94.316615, 39.002222 ], [ -94.316753, 39.00225 ], [ -94.316786, 39.002334 ], [ -94.316851, 39.002368 ], [ -94.31687, 39.002491 ], [ -94.316833, 39.002514 ], [ -94.316811, 39.002598 ], [ -94.316822, 39.002656 ], [ -94.316767, 39.002734 ], [ -94.316713, 39.002794 ], [ -94.316724, 39.002915 ], [ -94.316716, 39.003048 ], [ -94.316724, 39.003169 ], [ -94.316757, 39.003258 ], [ -94.316804, 39.003305 ], [ -94.316912, 39.003292 ], [ -94.317009, 39.003227 ], [ -94.317106, 39.003179 ], [ -94.317172, 39.003121 ], [ -94.317229, 39.003104 ], [ -94.317312, 39.003127 ], [ -94.317396, 39.003142 ], [ -94.317516, 39.003112 ], [ -94.317583, 39.003093 ], [ -94.31766, 39.003108 ], [ -94.317727, 39.003168 ], [ -94.317784, 39.003233 ], [ -94.317826, 39.003278 ], [ -94.317925, 39.003303 ], [ -94.318014, 39.00332 ], [ -94.318138, 39.003365 ], [ -94.318224, 39.003404 ], [ -94.318291, 39.003431 ], [ -94.31837, 39.003454 ], [ -94.318402, 39.003445 ], [ -94.318422, 39.003391 ], [ -94.31844, 39.003238 ], [ -94.318478, 39.003129 ], [ -94.318544, 39.003022 ], [ -94.318673, 39.002911 ], [ -94.318737, 39.00289 ], [ -94.318854, 39.002859 ] ] } },
{ "type": "Feature", "properties": { "cls": "shared", "highway": "path", "name": "East Lollipop" }, "geometry": { "type": "LineString", "coordinates": [ [ -94.316415, 39.00211 ], [ -94.316325, 39.002096 ], [ -94.316223, 39.002081 ], [ -94.316109, 39.002066 ], [ -94.316013, 39.002059 ], [ -94.315882, 39.002049 ], [ -94.315766, 39.002078 ], [ -94.315723, 39.002131 ], [ -94.315631, 39.002119 ], [ -94.315581, 39.002132 ], [ -94.315508, 39.002165 ], [ -94.315479, 39.002223 ], [ -94.315322, 39.002227 ], [ -94.315218, 39.002243 ], [ -94.315135, 39.0023 ], [ -94.31507, 39.002372 ], [ -94.314966, 39.002431 ], [ -94.314866, 39.002501 ], [ -94.31474, 39.002609 ], [ -94.314659, 39.002683 ], [ -94.314589, 39.002754 ], [ -94.314522, 39.00275 ], [ -94.314437, 39.002776 ], [ -94.314416, 39.002835 ], [ -94.314318, 39.002878 ], [ -94.31424, 39.002918 ], [ -94.314216, 39.002992 ], [ -94.314197, 39.003057 ], [ -94.314249, 39.003141 ], [ -94.314245, 39.003218 ], [ -94.314213, 39.0033 ], [ -94.31418, 39.003416 ], [ -94.314144, 39.003494 ], [ -94.314071, 39.003498 ], [ -94.313947, 39.00349 ], [ -94.313879, 39.0035 ], [ -94.313851, 39.003565 ], [ -94.313859, 39.003629 ], [ -94.313794, 39.00367 ], [ -94.313861, 39.003752 ], [ -94.313973, 39.003854 ], [ -94.314057, 39.003947 ], [ -94.314106, 39.004027 ], [ -94.314068, 39.004086 ], [ -94.313979, 39.004154 ], [ -94.313884, 39.00424 ], [ -94.313822, 39.004419 ], [ -94.313788, 39.00454 ], [ -94.31368, 39.004648 ], [ -94.313655, 39.0048 ], [ -94.313592, 39.004932 ], [ -94.31351, 39.005129 ], [ -94.313388, 39.005088 ], [ -94.313241, 39.005014 ], [ -94.313047, 39.004971 ], [ -94.312913, 39.004908 ], [ -94.312779, 39.004836 ], [ -94.312628, 39.004733 ], [ -94.312521, 39.004624 ], [ -94.312543, 39.00458 ], [ -94.312598, 39.004545 ], [ -94.312706, 39.004553 ], [ -94.312817, 39.004558 ], [ -94.312919, 39.004568 ], [ -94.313004, 39.004536 ], [ -94.313053, 39.004438 ], [ -94.313094, 39.004335 ], [ -94.313126, 39.004214 ], [ -94.313184, 39.004091 ], [ -94.313328, 39.003991 ], [ -94.313348, 39.003899 ], [ -94.313228, 39.003871 ], [ -94.313098, 39.003819 ], [ -94.313058, 39.003804 ], [ -94.312989, 39.00372 ], [ -94.312951, 39.003591 ], [ -94.312886, 39.003514 ], [ -94.312895, 39.003448 ], [ -94.312935, 39.003317 ], [ -94.312935, 39.003254 ], [ -94.312864, 39.003246 ], [ -94.312829, 39.003337 ], [ -94.312742, 39.003383 ], [ -94.312681, 39.00345 ], [ -94.312593, 39.003463 ], [ -94.312471, 39.003404 ], [ -94.31239, 39.003458 ], [ -94.3123, 39.003595 ], [ -94.312232, 39.003668 ], [ -94.31221, 39.003758 ], [ -94.312174, 39.003867 ], [ -94.312206, 39.003976 ], [ -94.312259, 39.004059 ], [ -94.31231, 39.004168 ], [ -94.31232, 39.004273 ], [ -94.312241, 39.004352 ], [ -94.312176, 39.004415 ], [ -94.31218, 39.004572 ], [ -94.312162, 39.004671 ], [ -94.312094, 39.004737 ], [ -94.311946, 39.004771 ], [ -94.311899, 39.004855 ], [ -94.311984, 39.004948 ], [ -94.312125, 39.005041 ], [ -94.312217, 39.005072 ], [ -94.312357, 39.005121 ], [ -94.312401, 39.005167 ], [ -94.3124, 39.00525 ], [ -94.312459, 39.005338 ], [ -94.312611, 39.005402 ], [ -94.312726, 39.005463 ], [ -94.312748, 39.005548 ], [ -94.312688, 39.005601 ], [ -94.312541, 39.005598 ], [ -94.312424, 39.005593 ], [ -94.312322, 39.005531 ], [ -94.312238, 39.005537 ], [ -94.312219, 39.005645 ], [ -94.312167, 39.005695 ], [ -94.312087, 39.005652 ], [ -94.311984, 39.005532 ], [ -94.311854, 39.005462 ], [ -94.311696, 39.005425 ], [ -94.311637, 39.005356 ], [ -94.311681, 39.005276 ], [ -94.311696, 39.005188 ], [ -94.311662, 39.005088 ], [ -94.311602, 39.004995 ], [ -94.311499, 39.004972 ], [ -94.311399, 39.005033 ], [ -94.311375, 39.005129 ], [ -94.31138, 39.005272 ], [ -94.311341, 39.005433 ], [ -94.311406, 39.00553 ], [ -94.311322, 39.005566 ], [ -94.311222, 39.005522 ], [ -94.311109, 39.005484 ], [ -94.311029, 39.005422 ], [ -94.310997, 39.00531 ], [ -94.310986, 39.005207 ], [ -94.31093, 39.005109 ], [ -94.310894, 39.004994 ], [ -94.310783, 39.004881 ], [ -94.3108, 39.004823 ], [ -94.310849, 39.004753 ], [ -94.310856, 39.004672 ], [ -94.310822, 39.004572 ], [ -94.310815, 39.004514 ], [ -94.310883, 39.004467 ], [ -94.311004, 39.00441 ], [ -94.311001, 39.004304 ], [ -94.311029, 39.004172 ], [ -94.310974, 39.004049 ], [ -94.310861, 39.003957 ], [ -94.310838, 39.003866 ], [ -94.310833, 39.003755 ], [ -94.310913, 39.003637 ], [ -94.310957, 39.003502 ], [ -94.311007, 39.003349 ], [ -94.311067, 39.003189 ], [ -94.311081, 39.00304 ], [ -94.311125, 39.002906 ], [ -94.311093, 39.002739 ], [ -94.311284, 39.002684 ], [ -94.31143, 39.002617 ], [ -94.311541, 39.00251 ], [ -94.311518, 39.00238 ], [ -94.311493, 39.002287 ], [ -94.311524, 39.002185 ], [ -94.311698, 39.002106 ], [ -94.311837, 39.002051 ], [ -94.311922, 39.001912 ], [ -94.311999, 39.001756 ], [ -94.312051, 39.001662 ], [ -94.312125, 39.00162 ], [ -94.312246, 39.001623 ], [ -94.312285, 39.001733 ], [ -94.31237, 39.001795 ], [ -94.312516, 39.001803 ], [ -94.312615, 39.001853 ], [ -94.312747, 39.00191 ], [ -94.312855, 39.001959 ], [ -94.312984, 39.001969 ], [ -94.313121, 39.001844 ], [ -94.313314, 39.001812 ], [ -94.313513, 39.001814 ], [ -94.313643, 39.001873 ], [ -94.313765, 39.001828 ], [ -94.313941, 39.001735 ], [ -94.314054, 39.001742 ] ] } },
{ "type": "Feature", "properties": { "cls": "shared", "highway": "path", "name": "East Lollipop" }, "geometry": { "type": "LineString", "coordinates": [ [ -94.318864, 39.002842 ], [ -94.31898, 39.002824 ], [ -94.319099, 39.002802 ], [ -94.319182, 39.002787 ], [ -94.319337, 39.002805 ], [ -94.319447, 39.002837 ], [ -94.319546, 39.002915 ], [ -94.319608, 39.002983 ], [ -94.319678, 39.003046 ], [ -94.319746, 39.003123 ], [ -94.31982, 39.003163 ], [ -94.319936, 39.003229 ], [ -94.319982, 39.003237 ], [ -94.32006, 39.003251 ], [ -94.32011, 39.003301 ], [ -94.320175, 39.003341 ], [ -94.320286, 39.003371 ], [ -94.320376, 39.003394 ], [ -94.320461, 39.003411 ], [ -94.32052, 39.003401 ], [ -94.32057, 39.003361 ], [ -94.320604, 39.003352 ], [ -94.320666, 39.003397 ], [ -94.320684, 39.003431 ], [ -94.320676, 39.003491 ], [ -94.320706, 39.003528 ], [ -94.320754, 39.003554 ], [ -94.320793, 39.003594 ], [ -94.320831, 39.003584 ], [ -94.320877, 39.003607 ], [ -94.320875, 39.003641 ], [ -94.320849, 39.003664 ], [ -94.320875, 39.003685 ], [ -94.320934, 39.003714 ], [ -94.320943, 39.003835 ], [ -94.320949, 39.003876 ], [ -94.320919, 39.003956 ], [ -94.320984, 39.004039 ], [ -94.321024, 39.004085 ], [ -94.321028, 39.004191 ], [ -94.320989, 39.00428 ], [ -94.320908, 39.004373 ], [ -94.320852, 39.004447 ], [ -94.320747, 39.004513 ], [ -94.320714, 39.004567 ], [ -94.320709, 39.004629 ] ] } },
{ "type": "Feature", "properties": { "cls": "shared", "highway": "path", "name": "North Shore Trail" }, "geometry": { "type": "LineString", "coordinates": [ [ -94.31897, 39.003091 ], [ -94.318818, 39.002917 ], [ -94.318854, 39.002859 ], [ -94.318864, 39.002842 ], [ -94.31891, 39.002795 ], [ -94.318964, 39.002721 ], [ -94.319052, 39.002642 ], [ -94.319079, 39.002615 ], [ -94.319186, 39.002628 ], [ -94.319311, 39.002648 ], [ -94.319443, 39.002651 ], [ -94.31956, 39.002676 ], [ -94.319729, 39.00269 ], [ -94.319849, 39.002715 ], [ -94.32, 39.002793 ], [ -94.320119, 39.002845 ], [ -94.32029, 39.002885 ], [ -94.320412, 39.002935 ], [ -94.320532, 39.002969 ], [ -94.320596, 39.002992 ], [ -94.320689, 39.003056 ], [ -94.32079, 39.003105 ], [ -94.32091, 39.003171 ], [ -94.32093, 39.003265 ], [ -94.321021, 39.003395 ], [ -94.321062, 39.003488 ], [ -94.321057, 39.00359 ], [ -94.321091, 39.003685 ], [ -94.321137, 39.00378 ], [ -94.321182, 39.003865 ], [ -94.321153, 39.004045 ], [ -94.321137, 39.004153 ], [ -94.321099, 39.004238 ], [ -94.32106, 39.004327 ], [ -94.321037, 39.004425 ], [ -94.320921, 39.004477 ], [ -94.320804, 39.004524 ], [ -94.320747, 39.004606 ], [ -94.320709, 39.004629 ], [ -94.320645, 39.004666 ], [ -94.32054, 39.004734 ], [ -94.320409, 39.004738 ], [ -94.320315, 39.004812 ], [ -94.320205, 39.004844 ], [ -94.320077, 39.004852 ], [ -94.319924, 39.004929 ], [ -94.319939, 39.005025 ], [ -94.319968, 39.005132 ], [ -94.319962, 39.005228 ], [ -94.319859, 39.005374 ], [ -94.319824, 39.005421 ], [ -94.319764, 39.005477 ], [ -94.319632, 39.005508 ], [ -94.319369, 39.005682 ], [ -94.319328, 39.005786 ], [ -94.3193, 39.005857 ], [ -94.319419, 39.005923 ], [ -94.319543, 39.00595 ], [ -94.319638, 39.006026 ], [ -94.319719, 39.00606 ], [ -94.319821, 39.006003 ], [ -94.319852, 39.005987 ], [ -94.319933, 39.005945 ], [ -94.32005, 39.005912 ], [ -94.320213, 39.005831 ], [ -94.320311, 39.005781 ], [ -94.320411, 39.005744 ], [ -94.32055, 39.00569 ], [ -94.320594, 39.005664 ], [ -94.320647, 39.005635 ], [ -94.320736, 39.00557 ], [ -94.320848, 39.005474 ] ] } },
{ "type": "Feature", "properties": { "cls": "shared", "highway": "path", "name": "North Shore Trail" }, "geometry": { "type": "LineString", "coordinates": [ [ -94.311809, 39.001308 ], [ -94.311448, 39.00164 ] ] } },
{ "type": "Feature", "properties": { "cls": "shared", "highway": "path", "name": "North Shore Trail" }, "geometry": { "type": "LineString", "coordinates": [ [ -94.311448, 39.00164 ], [ -94.311354, 39.001655 ], [ -94.311262, 39.001624 ] ] } },
{ "type": "Feature", "properties": { "cls": "shared", "highway": "cycleway", "name": "Lake Vista Trail" }, "geometry": { "type": "LineString", "coordinates": [ [ -94.307715, 39.003175 ], [ -94.307577, 39.003247 ], [ -94.307177, 39.003482 ], [ -94.307141, 39.003495 ], [ -94.306938, 39.003568 ], [ -94.306932, 39.003574 ], [ -94.306716, 39.003776 ], [ -94.306335, 39.004005 ], [ -94.306131, 39.004091 ], [ -94.305836, 39.004093 ], [ -94.305163, 39.004235 ], [ -94.304825, 39.004409 ], [ -94.304699, 39.004432 ] ] } },
{ "type": "Feature", "properties": { "cls": "shared", "highway": "cycleway", "name": "Lake Vista Trail" }, "geometry": { "type": "LineString", "coordinates": [ [ -94.304699, 39.004432 ], [ -94.304468, 39.00442 ] ] } }
]
}
