{
"type": "FeatureCollection",
"name": "140-san-francisco-presidio-of-san-francisco-park",
"crs": { "type": "name", "properties": { "name": "urn:ogc:def:crs:OGC:1.3:CRS84" } },
"xy_coordinate_resolution": 1e-06,
"features": [
{ "type": "Feature", "properties": { "cls": "painted", "highway": "tertiary", "name": "Arguello Boulevard" }, "geometry": { "type": "LineString", "coordinates": [ [ -122.459498, 37.789662 ], [ -122.459493, 37.789554 ] ] } },
{ "type": "Feature", "properties": { "cls": "painted", "highway": "tertiary", "name": "Arguello Boulevard" }, "geometry": { "type": "LineString", "coordinates": [ [ -122.459488, 37.789693 ], [ -122.459498, 37.789662 ] ] } },
{ "type": "Feature", "properties": { "cls": "shared", "highway": "cycleway", "name": null }, "geometry": { "type": "LineString", "coordinates": [ [ -122.459589, 37.789666 ], [ -122.459603, 37.789693 ], [ -122.459617, 37.789719 ], [ -122.459632, 37.789755 ], [ -122.459638, 37.789787 ], [ -122.459641, 37.789832 ], [ -122.459647, 37.789884 ], [ -122.45964, 37.789965 ], [ -122.459624, 37.790028 ], [ -122.459578, 37.790051 ] ] } },
{ "type": "Feature", "properties": { "cls": "painted", "highway": "tertiary", "name": "Arguello Boulevard" }, "geometry": { "type": "LineString", "coordinates": [ [ -122.458823, 37.791701 ], [ -122.45888, 37.791335 ], [ -122.458891, 37.791247 ], [ -122.458899, 37.79117 ], [ -122.458903, 37.7911 ], [ -122.458905, 37.791034 ], [ -122.458901, 37.790969 ], [ -122.45889, 37.790904 ], [ -122.458875, 37.790835 ], [ -122.458857, 37.790769 ], [ -122.458847, 37.790733 ], [ -122.458818, 37.790661 ], [ -122.458785, 37.790586 ], [ -122.458726, 37.790465 ], [ -122.458704, 37.790418 ], [ -122.458684, 37.790366 ], [ -122.458674, 37.790326 ], [ -122.458665, 37.790281 ], [ -122.458662, 37.790239 ], [ -122.458663, 37.790201 ], [ -122.458668, 37.790163 ], [ -122.458677, 37.790126 ], [ -122.458687, 37.790081 ], [ -122.458744, 37.790037 ], [ -122.458877, 37.789971 ], [ -122.459036, 37.789908 ], [ -122.459166, 37.789866 ], [ -122.4593, 37.789816 ], [ -122.459376, 37.789777 ], [ -122.459453, 37.78973 ], [ -122.459488, 37.789693 ] ] } },
{ "type": "Feature", "properties": { "cls": "separated", "highway": "tertiary", "name": "Arguello Boulevard" }, "geometry": { "type": "LineString", "coordinates": [ [ -122.458869, 37.791961 ], [ -122.458835, 37.791911 ], [ -122.458823, 37.791863 ], [ -122.458823, 37.791701 ] ] } },
{ "type": "Feature", "properties": { "cls": "painted", "highway": "tertiary", "name": "Arguello Boulevard" }, "geometry": { "type": "LineString", "coordinates": [ [ -122.460931, 37.792622 ], [ -122.460791, 37.792563 ], [ -122.46068, 37.792528 ], [ -122.46055, 37.792493 ], [ -122.460251, 37.792461 ], [ -122.459973, 37.792443 ], [ -122.459841, 37.792419 ], [ -122.459721, 37.792374 ], [ -122.459333, 37.792209 ], [ -122.459173, 37.792137 ], [ -122.459012, 37.792068 ], [ -122.458929, 37.79202 ], [ -122.458869, 37.791961 ] ] } },
{ "type": "Feature", "properties": { "cls": "painted", "highway": "tertiary", "name": "Arguello Boulevard" }, "geometry": { "type": "LineString", "coordinates": [ [ -122.461225, 37.792845 ], [ -122.461096, 37.792726 ], [ -122.461014, 37.792669 ], [ -122.460931, 37.792622 ] ] } },
{ "type": "Feature", "properties": { "cls": "separated", "highway": "cycleway", "name": "Washington Boulevard" }, "geometry": { "type": "LineString", "coordinates": [ [ -122.461519, 37.793074 ], [ -122.461497, 37.793011 ], [ -122.461416, 37.792939 ], [ -122.461331, 37.792868 ], [ -122.461225, 37.792845 ] ] } },
{ "type": "Feature", "properties": { "cls": "painted", "highway": "tertiary", "name": "Arguello Boulevard" }, "geometry": { "type": "LineString", "coordinates": [ [ -122.461225, 37.792845 ], [ -122.461272, 37.792912 ], [ -122.461349, 37.793061 ], [ -122.46137, 37.7931 ] ] } },
{ "type": "Feature", "properties": { "cls": "sharrow", "highway": "tertiary", "name": "Presidio Boulevard" }, "geometry": { "type": "LineString", "coordinates": [ [ -122.447756, 37.792035 ], [ -122.447737, 37.791914 ], [ -122.447735, 37.7919 ] ] } },
{ "type": "Feature", "properties": { "cls": "painted", "highway": "tertiary", "name": "Presidio Boulevard" }, "geometry": { "type": "LineString", "coordinates": [ [ -122.45166, 37.79664 ], [ -122.451641, 37.796551 ], [ -122.451636, 37.796533 ], [ -122.451627, 37.796496 ], [ -122.451619, 37.796467 ], [ -122.451594, 37.796392 ], [ -122.451553, 37.796274 ], [ -122.451528, 37.796203 ], [ -122.451507, 37.796126 ], [ -122.451464, 37.795923 ], [ -122.451446, 37.79585 ], [ -122.451418, 37.795787 ], [ -122.45138, 37.795727 ], [ -122.451333, 37.795672 ], [ -122.451273, 37.795618 ], [ -122.451209, 37.79557 ], [ -122.45114, 37.795525 ], [ -122.451042, 37.795467 ], [ -122.450956, 37.795415 ], [ -122.450937, 37.795404 ], [ -122.450843, 37.795343 ], [ -122.450753, 37.795283 ], [ -122.450641, 37.795203 ], [ -122.45057, 37.795158 ], [ -122.450509, 37.795127 ], [ -122.450428, 37.795095 ], [ -122.450089, 37.794979 ], [ -122.450003, 37.794956 ], [ -122.449919, 37.79494 ], [ -122.449837, 37.794926 ], [ -122.449756, 37.794918 ], [ -122.449679, 37.794917 ], [ -122.449603, 37.794928 ], [ -122.449527, 37.794946 ], [ -122.449449, 37.794971 ], [ -122.449372, 37.794993 ], [ -122.44929, 37.795008 ], [ -122.449214, 37.795012 ], [ -122.449142, 37.795006 ], [ -122.449065, 37.794992 ], [ -122.448979, 37.79497 ], [ -122.448893, 37.794939 ], [ -122.448812, 37.794899 ], [ -122.448743, 37.794852 ], [ -122.448685, 37.794801 ], [ -122.448633, 37.794742 ], [ -122.448594, 37.794685 ], [ -122.448568, 37.794624 ], [ -122.44855, 37.794559 ], [ -122.44854, 37.794489 ], [ -122.448551, 37.794251 ], [ -122.448549, 37.794172 ], [ -122.44854, 37.794098 ], [ -122.448529, 37.79403 ], [ -122.448503, 37.793956 ], [ -122.448465, 37.79388 ], [ -122.448372, 37.793722 ], [ -122.448126, 37.793302 ], [ -122.448075, 37.793211 ], [ -122.448032, 37.793124 ], [ -122.447987, 37.793014 ], [ -122.447952, 37.792917 ], [ -122.447923, 37.792826 ], [ -122.4479, 37.792742 ], [ -122.447878, 37.792652 ], [ -122.447775, 37.792136 ], [ -122.447756, 37.792035 ] ] } },
{ "type": "Feature", "properties": { "cls": "painted", "highway": "tertiary", "name": "Lombard Street" }, "geometry": { "type": "LineString", "coordinates": [ [ -122.44899, 37.797553 ], [ -122.449088, 37.797527 ], [ -122.4492, 37.797499 ], [ -122.449323, 37.797475 ], [ -122.449446, 37.797457 ], [ -122.449583, 37.797442 ], [ -122.449728, 37.797433 ], [ -122.449881, 37.797432 ], [ -122.450027, 37.797437 ], [ -122.450174, 37.797451 ], [ -122.450322, 37.797472 ], [ -122.45047, 37.797499 ], [ -122.45061, 37.797533 ], [ -122.450729, 37.797569 ], [ -122.450839, 37.797603 ], [ -122.45094, 37.797637 ], [ -122.450994, 37.79765 ], [ -122.451014, 37.797654 ] ] } },
{ "type": "Feature", "properties": { "cls": "painted", "highway": "tertiary", "name": "Lombard Street" }, "geometry": { "type": "LineString", "coordinates": [ [ -122.448294, 37.797908 ], [ -122.448307, 37.797896 ], [ -122.448348, 37.797857 ], [ -122.448399, 37.797816 ], [ -122.448448, 37.797782 ], [ -122.448512, 37.797745 ], [ -122.448585, 37.797706 ], [ -122.448658, 37.797671 ], [ -122.448749, 37.797634 ], [ -122.448843, 37.7976 ], [ -122.44892, 37.797574 ], [ -122.44899, 37.797553 ] ] } },
{ "type": "Feature", "properties": { "cls": "painted", "highway": "tertiary", "name": "Lombard Street" }, "geometry": { "type": "LineString", "coordinates": [ [ -122.447468, 37.798458 ], [ -122.447485, 37.798457 ], [ -122.447573, 37.798448 ], [ -122.447593, 37.798445 ], [ -122.447671, 37.798433 ], [ -122.447744, 37.798418 ], [ -122.447808, 37.798401 ], [ -122.447866, 37.798376 ], [ -122.447921, 37.798347 ], [ -122.447972, 37.79831 ], [ -122.448014, 37.798271 ], [ -122.448053, 37.798227 ], [ -122.448066, 37.79821 ], [ -122.448091, 37.798176 ], [ -122.448222, 37.797994 ], [ -122.44826, 37.797945 ], [ -122.448294, 37.797908 ] ] } },
{ "type": "Feature", "properties": { "cls": "painted", "highway": "residential", "name": "Letterman Drive" }, "geometry": { "type": "LineString", "coordinates": [ [ -122.451722, 37.799255 ], [ -122.451709, 37.799246 ], [ -122.451658, 37.79921 ], [ -122.451609, 37.799163 ], [ -122.451573, 37.79912 ], [ -122.45154, 37.799069 ], [ -122.451386, 37.798784 ], [ -122.45135, 37.798722 ], [ -122.451313, 37.798667 ], [ -122.451268, 37.798614 ], [ -122.451215, 37.798565 ], [ -122.451155, 37.79852 ], [ -122.451089, 37.798479 ], [ -122.451022, 37.798447 ], [ -122.450956, 37.798421 ], [ -122.450696, 37.798324 ], [ -122.450589, 37.798285 ], [ -122.450147, 37.798121 ], [ -122.449613, 37.797923 ], [ -122.449278, 37.797799 ], [ -122.449227, 37.797777 ], [ -122.44918, 37.79775 ], [ -122.449128, 37.797712 ], [ -122.44909, 37.79768 ], [ -122.449057, 37.797646 ], [ -122.44903, 37.797614 ], [ -122.449009, 37.797584 ], [ -122.44899, 37.797553 ] ] } },
{ "type": "Feature", "properties": { "cls": "painted", "highway": "tertiary", "name": "Arguello Boulevard" }, "geometry": { "type": "LineString", "coordinates": [ [ -122.46137, 37.7931 ], [ -122.461382, 37.793201 ], [ -122.461397, 37.793327 ], [ -122.461399, 37.793467 ], [ -122.461391, 37.793664 ], [ -122.461394, 37.793772 ], [ -122.461422, 37.793881 ], [ -122.46146, 37.793981 ], [ -122.461587, 37.794238 ], [ -122.461599, 37.794298 ], [ -122.461584, 37.79447 ], [ -122.461462, 37.794672 ], [ -122.461235, 37.794966 ], [ -122.461146, 37.795046 ], [ -122.460632, 37.795507 ], [ -122.460072, 37.79601 ], [ -122.459758, 37.796272 ], [ -122.459602, 37.796389 ] ] } },
{ "type": "Feature", "properties": { "cls": "painted", "highway": "tertiary", "name": "Arguello Boulevard" }, "geometry": { "type": "LineString", "coordinates": [ [ -122.459602, 37.796389 ], [ -122.459545, 37.796441 ], [ -122.459498, 37.796531 ], [ -122.459479, 37.796617 ], [ -122.459515, 37.796784 ], [ -122.459652, 37.797227 ], [ -122.459667, 37.797424 ], [ -122.459655, 37.797522 ], [ -122.459601, 37.79771 ] ] } },
{ "type": "Feature", "properties": { "cls": "painted", "highway": "tertiary", "name": "Arguello Boulevard" }, "geometry": { "type": "LineString", "coordinates": [ [ -122.459601, 37.79771 ], [ -122.459497, 37.797953 ], [ -122.459476, 37.798003 ] ] } },
{ "type": "Feature", "properties": { "cls": "painted", "highway": "residential", "name": "Graham Street" }, "geometry": { "type": "LineString", "coordinates": [ [ -122.459024, 37.797796 ], [ -122.458968, 37.797872 ], [ -122.458661, 37.798286 ], [ -122.458368, 37.79867 ] ] } },
{ "type": "Feature", "properties": { "cls": "painted", "highway": "residential", "name": "Graham Street" }, "geometry": { "type": "LineString", "coordinates": [ [ -122.458368, 37.79867 ], [ -122.458344, 37.798701 ], [ -122.45825, 37.798824 ] ] } },
{ "type": "Feature", "properties": { "cls": "painted", "highway": "tertiary", "name": "Graham Street" }, "geometry": { "type": "LineString", "coordinates": [ [ -122.45825, 37.798824 ], [ -122.458035, 37.799117 ] ] } },
{ "type": "Feature", "properties": { "cls": "advisory", "highway": "tertiary", "name": "Graham Street" }, "geometry": { "type": "LineString", "coordinates": [ [ -122.458035, 37.799117 ], [ -122.458008, 37.799154 ], [ -122.457497, 37.799818 ], [ -122.457423, 37.799919 ], [ -122.456818, 37.800709 ] ] } },
{ "type": "Feature", "properties": { "cls": "advisory", "highway": "tertiary", "name": "Graham Street" }, "geometry": { "type": "LineString", "coordinates": [ [ -122.456818, 37.800709 ], [ -122.456532, 37.801085 ], [ -122.456449, 37.801204 ] ] } },
{ "type": "Feature", "properties": { "cls": "painted", "highway": "tertiary", "name": "Lincoln Boulevard" }, "geometry": { "type": "LineString", "coordinates": [ [ -122.455157, 37.801123 ], [ -122.45497, 37.801046 ] ] } },
{ "type": "Feature", "properties": { "cls": "separated", "highway": "cycleway", "name": null }, "geometry": { "type": "LineString", "coordinates": [ [ -122.461461, 37.801316 ], [ -122.461432, 37.801341 ] ] } },
{ "type": "Feature", "properties": { "cls": "painted", "highway": "tertiary", "name": "Presidio Boulevard" }, "geometry": { "type": "LineString", "coordinates": [ [ -122.451273, 37.79761 ], [ -122.451249, 37.797549 ], [ -122.451227, 37.797479 ], [ -122.451217, 37.797411 ], [ -122.451215, 37.797346 ], [ -122.451221, 37.797287 ], [ -122.451234, 37.797222 ], [ -122.451242, 37.797188 ], [ -122.451283, 37.797103 ], [ -122.451323, 37.797049 ], [ -122.451374, 37.796998 ], [ -122.451434, 37.796954 ], [ -122.451534, 37.796885 ], [ -122.451582, 37.796847 ], [ -122.451617, 37.796811 ], [ -122.45164, 37.796771 ], [ -122.451655, 37.796731 ], [ -122.451657, 37.796716 ], [ -122.451662, 37.796685 ], [ -122.45166, 37.79664 ] ] } },
{ "type": "Feature", "properties": { "cls": "sharrow", "highway": "tertiary", "name": "Lombard Street" }, "geometry": { "type": "LineString", "coordinates": [ [ -122.451014, 37.797654 ], [ -122.451051, 37.797651 ], [ -122.451114, 37.797644 ], [ -122.45117, 37.797633 ], [ -122.451273, 37.79761 ] ] } },
{ "type": "Feature", "properties": { "cls": "painted", "highway": "tertiary", "name": "Presidio Boulevard" }, "geometry": { "type": "LineString", "coordinates": [ [ -122.451273, 37.79761 ], [ -122.451307, 37.797671 ], [ -122.451351, 37.797751 ], [ -122.451398, 37.797839 ] ] } },
{ "type": "Feature", "properties": { "cls": "sharrow", "highway": "tertiary_link", "name": null }, "geometry": { "type": "LineString", "coordinates": [ [ -122.451014, 37.797654 ], [ -122.451106, 37.797696 ], [ -122.45119, 37.797724 ], [ -122.451212, 37.797732 ], [ -122.451275, 37.797762 ], [ -122.451343, 37.797803 ], [ -122.451398, 37.797839 ] ] } },
{ "type": "Feature", "properties": { "cls": "painted", "highway": "tertiary", "name": "Presidio Boulevard" }, "geometry": { "type": "LineString", "coordinates": [ [ -122.451398, 37.797839 ], [ -122.451447, 37.797933 ], [ -122.451497, 37.798023 ], [ -122.451559, 37.798124 ], [ -122.451628, 37.798225 ], [ -122.451715, 37.79834 ], [ -122.451841, 37.798501 ], [ -122.451927, 37.798605 ], [ -122.452014, 37.798698 ], [ -122.452084, 37.798771 ], [ -122.45216, 37.798834 ], [ -122.452201, 37.798861 ], [ -122.452264, 37.798909 ] ] } },
{ "type": "Feature", "properties": { "cls": "painted", "highway": "tertiary", "name": "Presidio Boulevard" }, "geometry": { "type": "LineString", "coordinates": [ [ -122.452264, 37.798909 ], [ -122.452279, 37.79892 ], [ -122.452497, 37.799104 ], [ -122.452544, 37.799142 ], [ -122.452612, 37.799216 ] ] } },
{ "type": "Feature", "properties": { "cls": "painted", "highway": "residential", "name": "Letterman Drive" }, "geometry": { "type": "LineString", "coordinates": [ [ -122.452612, 37.799216 ], [ -122.452518, 37.799262 ], [ -122.45246, 37.799289 ], [ -122.452401, 37.799313 ], [ -122.452333, 37.799336 ], [ -122.452263, 37.799352 ], [ -122.452192, 37.799363 ], [ -122.452121, 37.799367 ], [ -122.452054, 37.799366 ], [ -122.451987, 37.799359 ], [ -122.451927, 37.799346 ], [ -122.451878, 37.799329 ], [ -122.451869, 37.799326 ], [ -122.45181, 37.799301 ], [ -122.451753, 37.799273 ], [ -122.451722, 37.799255 ] ] } },
{ "type": "Feature", "properties": { "cls": "painted", "highway": "tertiary", "name": "Lincoln Boulevard" }, "geometry": { "type": "LineString", "coordinates": [ [ -122.452612, 37.799216 ], [ -122.452691, 37.799299 ], [ -122.452726, 37.79935 ], [ -122.452757, 37.799401 ], [ -122.452784, 37.799461 ], [ -122.452808, 37.79953 ], [ -122.452816, 37.799556 ] ] } },
{ "type": "Feature", "properties": { "cls": "painted", "highway": "tertiary", "name": "Lincoln Boulevard" }, "geometry": { "type": "LineString", "coordinates": [ [ -122.452816, 37.799556 ], [ -122.452843, 37.799644 ], [ -122.452899, 37.799896 ], [ -122.452909, 37.79994 ], [ -122.452918, 37.799972 ], [ -122.45293, 37.800004 ], [ -122.452945, 37.800036 ], [ -122.452962, 37.800067 ] ] } },
{ "type": "Feature", "properties": { "cls": "separated", "highway": "tertiary", "name": "Lincoln Boulevard" }, "geometry": { "type": "LineString", "coordinates": [ [ -122.452962, 37.800067 ], [ -122.452988, 37.800114 ], [ -122.453004, 37.800138 ], [ -122.453023, 37.800161 ], [ -122.453051, 37.800192 ], [ -122.453082, 37.80022 ], [ -122.453111, 37.800246 ], [ -122.453144, 37.800274 ] ] } },
{ "type": "Feature", "properties": { "cls": "separated", "highway": "cycleway", "name": null }, "geometry": { "type": "LineString", "coordinates": [ [ -122.448196, 37.800687 ], [ -122.448128, 37.800643 ], [ -122.448106, 37.800629 ], [ -122.448032, 37.800598 ], [ -122.447984, 37.800577 ], [ -122.447924, 37.800543 ], [ -122.447778, 37.800442 ] ] } },
{ "type": "Feature", "properties": { "cls": "separated", "highway": "cycleway", "name": null }, "geometry": { "type": "LineString", "coordinates": [ [ -122.448196, 37.800687 ], [ -122.448324, 37.80077 ] ] } },
{ "type": "Feature", "properties": { "cls": "painted", "highway": "unclassified", "name": "Gorgas Avenue" }, "geometry": { "type": "LineString", "coordinates": [ [ -122.448507, 37.800807 ], [ -122.448432, 37.800748 ], [ -122.448348, 37.800698 ], [ -122.448298, 37.800678 ], [ -122.448242, 37.800675 ], [ -122.448196, 37.800687 ] ] } },
{ "type": "Feature", "properties": { "cls": "separated", "highway": "tertiary", "name": "Lincoln Boulevard" }, "geometry": { "type": "LineString", "coordinates": [ [ -122.453144, 37.800274 ], [ -122.45317, 37.800293 ], [ -122.453196, 37.800312 ], [ -122.453219, 37.800327 ], [ -122.453243, 37.800342 ], [ -122.45326, 37.800352 ], [ -122.453278, 37.800361 ], [ -122.453448, 37.800436 ] ] } },
{ "type": "Feature", "properties": { "cls": "separated", "highway": "tertiary", "name": "Lincoln Boulevard" }, "geometry": { "type": "LineString", "coordinates": [ [ -122.453802, 37.800539 ], [ -122.453774, 37.800536 ], [ -122.45376, 37.800534 ], [ -122.453748, 37.800532 ], [ -122.453736, 37.800528 ], [ -122.453712, 37.800519 ], [ -122.453657, 37.800496 ], [ -122.453525, 37.800439 ], [ -122.453448, 37.800436 ] ] } },
{ "type": "Feature", "properties": { "cls": "painted", "highway": "tertiary", "name": "Lincoln Boulevard" }, "geometry": { "type": "LineString", "coordinates": [ [ -122.453448, 37.800436 ], [ -122.453493, 37.800483 ], [ -122.453629, 37.800541 ], [ -122.453674, 37.800561 ], [ -122.453691, 37.80057 ], [ -122.453705, 37.800581 ], [ -122.453716, 37.800593 ], [ -122.453723, 37.800605 ] ] } },
{ "type": "Feature", "properties": { "cls": "separated", "highway": "tertiary", "name": null }, "geometry": { "type": "LineString", "coordinates": [ [ -122.453777, 37.800687 ], [ -122.453786, 37.80069 ], [ -122.453796, 37.800693 ], [ -122.453807, 37.800695 ], [ -122.453817, 37.800696 ], [ -122.453827, 37.800696 ], [ -122.453837, 37.800695 ], [ -122.453847, 37.800693 ], [ -122.453856, 37.800691 ], [ -122.453865, 37.800688 ], [ -122.453874, 37.800684 ], [ -122.453882, 37.80068 ], [ -122.45389, 37.800675 ], [ -122.453897, 37.800669 ], [ -122.453903, 37.800663 ], [ -122.453909, 37.800657 ], [ -122.453913, 37.80065 ], [ -122.453917, 37.800643 ], [ -122.45392, 37.800636 ], [ -122.453922, 37.800628 ], [ -122.453923, 37.80062 ], [ -122.453923, 37.800612 ], [ -122.453922, 37.800605 ], [ -122.45392, 37.800597 ], [ -122.453916, 37.800588 ], [ -122.45391, 37.800579 ], [ -122.453905, 37.800572 ], [ -122.453898, 37.800565 ], [ -122.45389, 37.800558 ], [ -122.45388, 37.800552 ], [ -122.45387, 37.800547 ], [ -122.45386, 37.800543 ], [ -122.453849, 37.80054 ], [ -122.453837, 37.800538 ], [ -122.453826, 37.800538 ], [ -122.453814, 37.800538 ], [ -122.453802, 37.800539 ], [ -122.453791, 37.800542 ], [ -122.45378, 37.800545 ], [ -122.45377, 37.80055 ], [ -122.45376, 37.800555 ], [ -122.453751, 37.800561 ], [ -122.453744, 37.800568 ], [ -122.45374, 37.800572 ], [ -122.453736, 37.800576 ], [ -122.453731, 37.800584 ], [ -122.453726, 37.800593 ], [ -122.453724, 37.800599 ], [ -122.453723, 37.800605 ], [ -122.453723, 37.800612 ], [ -122.453723, 37.800622 ], [ -122.453724, 37.800631 ], [ -122.453727, 37.800641 ], [ -122.453732, 37.800649 ], [ -122.453737, 37.800658 ], [ -122.453744, 37.800666 ], [ -122.453751, 37.800672 ], [ -122.453759, 37.800678 ], [ -122.453768, 37.800683 ], [ -122.453777, 37.800687 ] ] } },
{ "type": "Feature", "properties": { "cls": "painted", "highway": "tertiary", "name": "Lincoln Boulevard" }, "geometry": { "type": "LineString", "coordinates": [ [ -122.454153, 37.800696 ], [ -122.454095, 37.800646 ], [ -122.454039, 37.800627 ], [ -122.453974, 37.800614 ], [ -122.453944, 37.800605 ], [ -122.453927, 37.800598 ], [ -122.453916, 37.800588 ] ] } },
{ "type": "Feature", "properties": { "cls": "painted", "highway": "tertiary", "name": "Lincoln Boulevard" }, "geometry": { "type": "LineString", "coordinates": [ [ -122.45389, 37.800675 ], [ -122.453926, 37.800668 ], [ -122.45396, 37.800667 ], [ -122.454021, 37.800676 ], [ -122.454073, 37.800691 ] ] } },
{ "type": "Feature", "properties": { "cls": "painted", "highway": "tertiary", "name": "Lincoln Boulevard" }, "geometry": { "type": "LineString", "coordinates": [ [ -122.454073, 37.800691 ], [ -122.454153, 37.800696 ] ] } },
{ "type": "Feature", "properties": { "cls": "painted", "highway": "tertiary", "name": "Lincoln Boulevard" }, "geometry": { "type": "LineString", "coordinates": [ [ -122.454559, 37.80087 ], [ -122.454201, 37.800718 ], [ -122.454153, 37.800696 ] ] } },
{ "type": "Feature", "properties": { "cls": "painted", "highway": "tertiary", "name": "Girard Road" }, "geometry": { "type": "LineString", "coordinates": [ [ -122.453732, 37.800649 ], [ -122.453732, 37.800666 ], [ -122.453731, 37.800677 ], [ -122.453727, 37.800689 ], [ -122.453718, 37.800712 ], [ -122.453699, 37.800747 ], [ -122.453552, 37.80097 ], [ -122.453458, 37.801185 ] ] } },
{ "type": "Feature", "properties": { "cls": "painted", "highway": "tertiary", "name": "Girard Road" }, "geometry": { "type": "LineString", "coordinates": [ [ -122.453458, 37.801185 ], [ -122.453618, 37.800999 ], [ -122.453763, 37.800771 ], [ -122.453791, 37.800734 ], [ -122.453803, 37.800722 ], [ -122.453818, 37.800708 ], [ -122.453837, 37.800695 ] ] } },
{ "type": "Feature", "properties": { "cls": "shared", "highway": "cycleway", "name": null }, "geometry": { "type": "LineString", "coordinates": [ [ -122.461432, 37.801341 ], [ -122.461399, 37.80135 ] ] } },
{ "type": "Feature", "properties": { "cls": "painted", "highway": "tertiary", "name": "Lincoln Boulevard" }, "geometry": { "type": "LineString", "coordinates": [ [ -122.456194, 37.801575 ], [ -122.456094, 37.801532 ], [ -122.45556, 37.801297 ], [ -122.455507, 37.801274 ], [ -122.455235, 37.801157 ], [ -122.455157, 37.801123 ] ] } },
{ "type": "Feature", "properties": { "cls": "sharrow", "highway": "tertiary", "name": "Graham Street" }, "geometry": { "type": "LineString", "coordinates": [ [ -122.456449, 37.801204 ], [ -122.456339, 37.80137 ], [ -122.456241, 37.80151 ], [ -122.456194, 37.801575 ] ] } },
{ "type": "Feature", "properties": { "cls": "painted", "highway": "unclassified", "name": "Lincoln Boulevard" }, "geometry": { "type": "LineString", "coordinates": [ [ -122.459086, 37.801849 ], [ -122.459182, 37.801802 ], [ -122.459276, 37.801769 ], [ -122.459361, 37.801741 ], [ -122.459456, 37.801712 ], [ -122.459571, 37.801679 ], [ -122.460027, 37.801574 ], [ -122.460975, 37.801327 ], [ -122.461311, 37.801244 ], [ -122.461333, 37.801239 ], [ -122.46143, 37.801203 ] ] } },
{ "type": "Feature", "properties": { "cls": "painted", "highway": "tertiary", "name": "Lincoln Boulevard" }, "geometry": { "type": "LineString", "coordinates": [ [ -122.456194, 37.801575 ], [ -122.45629, 37.801619 ], [ -122.456357, 37.801645 ], [ -122.456429, 37.801673 ], [ -122.456495, 37.801695 ], [ -122.456564, 37.801711 ], [ -122.456623, 37.80172 ], [ -122.456705, 37.801727 ] ] } },
{ "type": "Feature", "properties": { "cls": "shared", "highway": "cycleway", "name": null }, "geometry": { "type": "LineString", "coordinates": [ [ -122.461432, 37.801341 ], [ -122.46134, 37.801311 ], [ -122.461252, 37.801313 ], [ -122.461193, 37.801326 ], [ -122.461114, 37.801343 ], [ -122.459682, 37.801724 ], [ -122.459454, 37.801786 ], [ -122.45924, 37.801859 ], [ -122.458991, 37.801952 ], [ -122.458726, 37.802074 ] ] } },
{ "type": "Feature", "properties": { "cls": "painted", "highway": "tertiary", "name": "Lincoln Boulevard" }, "geometry": { "type": "LineString", "coordinates": [ [ -122.456705, 37.801727 ], [ -122.456818, 37.801742 ], [ -122.456932, 37.801768 ], [ -122.457062, 37.801803 ], [ -122.457457, 37.801928 ] ] } },
{ "type": "Feature", "properties": { "cls": "painted", "highway": "unclassified", "name": "Lincoln Boulevard" }, "geometry": { "type": "LineString", "coordinates": [ [ -122.458618, 37.802042 ], [ -122.458919, 37.801918 ], [ -122.459086, 37.801849 ] ] } },
{ "type": "Feature", "properties": { "cls": "painted", "highway": "tertiary", "name": "Lincoln Boulevard" }, "geometry": { "type": "LineString", "coordinates": [ [ -122.457457, 37.801928 ], [ -122.457596, 37.801969 ], [ -122.457642, 37.801974 ], [ -122.457667, 37.80197 ], [ -122.457696, 37.80196 ] ] } },
{ "type": "Feature", "properties": { "cls": "painted", "highway": "residential", "name": "Lincoln Boulevard" }, "geometry": { "type": "LineString", "coordinates": [ [ -122.457696, 37.80196 ], [ -122.457827, 37.801961 ], [ -122.457881, 37.801959 ], [ -122.457931, 37.801962 ], [ -122.457981, 37.801969 ], [ -122.458036, 37.801983 ], [ -122.458083, 37.802002 ], [ -122.458142, 37.802029 ], [ -122.458371, 37.80214 ] ] } },
{ "type": "Feature", "properties": { "cls": "painted", "highway": "tertiary", "name": "Lincoln Boulevard" }, "geometry": { "type": "LineString", "coordinates": [ [ -122.454559, 37.80087 ], [ -122.454824, 37.800983 ], [ -122.45497, 37.801046 ] ] } },
{ "type": "Feature", "properties": { "cls": "painted", "highway": "tertiary", "name": "Halleck Street" }, "geometry": { "type": "LineString", "coordinates": [ [ -122.45497, 37.801046 ], [ -122.454924, 37.801111 ], [ -122.454911, 37.801128 ], [ -122.454863, 37.801192 ], [ -122.454827, 37.801262 ] ] } },
{ "type": "Feature", "properties": { "cls": "painted", "highway": "tertiary", "name": "Girard Road" }, "geometry": { "type": "LineString", "coordinates": [ [ -122.453361, 37.801335 ], [ -122.453407, 37.801263 ], [ -122.453458, 37.801185 ] ] } },
{ "type": "Feature", "properties": { "cls": "painted", "highway": "tertiary", "name": "Girard Road" }, "geometry": { "type": "LineString", "coordinates": [ [ -122.452934, 37.801999 ], [ -122.453021, 37.801864 ], [ -122.453122, 37.801708 ], [ -122.45319, 37.801601 ], [ -122.453282, 37.801458 ], [ -122.453361, 37.801335 ] ] } },
{ "type": "Feature", "properties": { "cls": "painted", "highway": "tertiary", "name": "Halleck Street" }, "geometry": { "type": "LineString", "coordinates": [ [ -122.454827, 37.801262 ], [ -122.454704, 37.801717 ], [ -122.454697, 37.801751 ], [ -122.454616, 37.802118 ], [ -122.4546, 37.802174 ] ] } },
{ "type": "Feature", "properties": { "cls": "painted", "highway": "tertiary", "name": "Girard Road" }, "geometry": { "type": "LineString", "coordinates": [ [ -122.452911, 37.802088 ], [ -122.452934, 37.801999 ] ] } },
{ "type": "Feature", "properties": { "cls": "painted", "highway": "tertiary", "name": "Girard Road" }, "geometry": { "type": "LineString", "coordinates": [ [ -122.452707, 37.802366 ], [ -122.452791, 37.802264 ], [ -122.452853, 37.802179 ], [ -122.452884, 37.802134 ], [ -122.452897, 37.802111 ], [ -122.452911, 37.802088 ] ] } },
{ "type": "Feature", "properties": { "cls": "painted", "highway": "tertiary", "name": "Girard Road" }, "geometry": { "type": "LineString", "coordinates": [ [ -122.452934, 37.801999 ], [ -122.45282, 37.802068 ], [ -122.452796, 37.802095 ], [ -122.452693, 37.802224 ], [ -122.452613, 37.802316 ], [ -122.452533, 37.802409 ], [ -122.452483, 37.802464 ], [ -122.452402, 37.802547 ], [ -122.45228, 37.802657 ], [ -122.452157, 37.802768 ] ] } },
{ "type": "Feature", "properties": { "cls": "painted", "highway": "tertiary", "name": "Girard Road" }, "geometry": { "type": "LineString", "coordinates": [ [ -122.452528, 37.802567 ], [ -122.452581, 37.802512 ], [ -122.452707, 37.802366 ] ] } },
{ "type": "Feature", "properties": { "cls": "sharrow", "highway": "unclassified", "name": "Gorgas Avenue" }, "geometry": { "type": "LineString", "coordinates": [ [ -122.451172, 37.802369 ], [ -122.451233, 37.802407 ], [ -122.451343, 37.802465 ], [ -122.451528, 37.802554 ], [ -122.451724, 37.802648 ] ] } },
{ "type": "Feature", "properties": { "cls": "sharrow", "highway": "residential", "name": "15th Avenue" }, "geometry": { "type": "LineString", "coordinates": [ [ -122.47445, 37.787014 ], [ -122.474449, 37.787003 ], [ -122.474449, 37.786996 ] ] } },
{ "type": "Feature", "properties": { "cls": "shared", "highway": "cycleway", "name": null }, "geometry": { "type": "LineString", "coordinates": [ [ -122.473416, 37.787323 ], [ -122.47336, 37.787325 ] ] } },
{ "type": "Feature", "properties": { "cls": "shared", "highway": "cycleway", "name": "Park Boulevard Trail" }, "geometry": { "type": "LineString", "coordinates": [ [ -122.473325, 37.787327 ], [ -122.47336, 37.787325 ] ] } },
{ "type": "Feature", "properties": { "cls": "painted", "highway": "secondary", "name": "El Camino del Mar" }, "geometry": { "type": "LineString", "coordinates": [ [ -122.482335, 37.788669 ], [ -122.482366, 37.788629 ], [ -122.482402, 37.788586 ], [ -122.482418, 37.788566 ], [ -122.482437, 37.788545 ], [ -122.482448, 37.788533 ], [ -122.482487, 37.78849 ], [ -122.482537, 37.788436 ], [ -122.482588, 37.788383 ], [ -122.48264, 37.788334 ], [ -122.482704, 37.788279 ], [ -122.482757, 37.788237 ], [ -122.482815, 37.788194 ], [ -122.482879, 37.788149 ], [ -122.482942, 37.788108 ], [ -122.48301, 37.788066 ], [ -122.483079, 37.788027 ], [ -122.483148, 37.787991 ], [ -122.483223, 37.787953 ], [ -122.483298, 37.787918 ], [ -122.483361, 37.787891 ], [ -122.483438, 37.78786 ], [ -122.483509, 37.787833 ], [ -122.483595, 37.787804 ], [ -122.483665, 37.787783 ], [ -122.483742, 37.787761 ], [ -122.48382, 37.787741 ], [ -122.483903, 37.787723 ], [ -122.483981, 37.787707 ], [ -122.484062, 37.787694 ], [ -122.484138, 37.787683 ], [ -122.484164, 37.78768 ] ] } },
{ "type": "Feature", "properties": { "cls": "shared", "highway": "cycleway", "name": null }, "geometry": { "type": "LineString", "coordinates": [ [ -122.475665, 37.788686 ], [ -122.475714, 37.788657 ] ] } },
{ "type": "Feature", "properties": { "cls": "painted", "highway": "secondary", "name": "El Camino del Mar" }, "geometry": { "type": "LineString", "coordinates": [ [ -122.482276, 37.788754 ], [ -122.482304, 37.788712 ], [ -122.482335, 37.788669 ] ] } },
{ "type": "Feature", "properties": { "cls": "shared", "highway": "cycleway", "name": null }, "geometry": { "type": "LineString", "coordinates": [ [ -122.475566, 37.788732 ], [ -122.475592, 37.78872 ], [ -122.475631, 37.788702 ], [ -122.475665, 37.788686 ] ] } },
{ "type": "Feature", "properties": { "cls": "painted", "highway": "residential", "name": "Wedemeyer Street" }, "geometry": { "type": "LineString", "coordinates": [ [ -122.475572, 37.788624 ], [ -122.475572, 37.788643 ], [ -122.475572, 37.78866 ], [ -122.475575, 37.788676 ], [ -122.475582, 37.788694 ], [ -122.475592, 37.78872 ], [ -122.475597, 37.788737 ], [ -122.475601, 37.788754 ], [ -122.475608, 37.78884 ], [ -122.475612, 37.78887 ], [ -122.475616, 37.788896 ], [ -122.475631, 37.788955 ] ] } },
{ "type": "Feature", "properties": { "cls": "painted", "highway": "residential", "name": "Wedemeyer Street" }, "geometry": { "type": "LineString", "coordinates": [ [ -122.475631, 37.788955 ], [ -122.475643, 37.788927 ], [ -122.475653, 37.788894 ], [ -122.475658, 37.788866 ], [ -122.475658, 37.788839 ], [ -122.475654, 37.788773 ], [ -122.47565, 37.78875 ], [ -122.475642, 37.788728 ], [ -122.475631, 37.788702 ], [ -122.475619, 37.788678 ], [ -122.475609, 37.788662 ], [ -122.475598, 37.788647 ], [ -122.475587, 37.788638 ], [ -122.475572, 37.788624 ] ] } },
{ "type": "Feature", "properties": { "cls": "painted", "highway": "tertiary", "name": "Washington Boulevard" }, "geometry": { "type": "LineString", "coordinates": [ [ -122.461585, 37.793149 ], [ -122.461519, 37.793074 ] ] } },
{ "type": "Feature", "properties": { "cls": "painted", "highway": "living_street", "name": "Washington Boulevard" }, "geometry": { "type": "LineString", "coordinates": [ [ -122.463321, 37.794732 ], [ -122.463245, 37.794717 ], [ -122.462945, 37.794659 ], [ -122.462835, 37.794633 ], [ -122.46277, 37.794613 ], [ -122.462727, 37.7946 ], [ -122.462633, 37.794541 ], [ -122.462563, 37.794467 ], [ -122.462509, 37.794373 ], [ -122.462343, 37.794015 ], [ -122.46229, 37.793922 ], [ -122.462229, 37.793842 ], [ -122.461585, 37.793149 ] ] } },
{ "type": "Feature", "properties": { "cls": "shared", "highway": "cycleway", "name": "Park Boulevard Trail" }, "geometry": { "type": "LineString", "coordinates": [ [ -122.469172, 37.794973 ], [ -122.469068, 37.794844 ], [ -122.469018, 37.794756 ], [ -122.468975, 37.794691 ], [ -122.468929, 37.794639 ] ] } },
{ "type": "Feature", "properties": { "cls": "painted", "highway": "tertiary", "name": "Washington Boulevard" }, "geometry": { "type": "LineString", "coordinates": [ [ -122.469342, 37.79512 ], [ -122.469262, 37.795044 ], [ -122.469172, 37.794973 ] ] } },
{ "type": "Feature", "properties": { "cls": "painted", "highway": "living_street", "name": "Washington Boulevard" }, "geometry": { "type": "LineString", "coordinates": [ [ -122.469172, 37.794973 ], [ -122.469046, 37.794888 ], [ -122.468982, 37.794862 ], [ -122.468904, 37.794852 ], [ -122.468769, 37.794855 ], [ -122.468668, 37.794877 ], [ -122.468587, 37.794909 ], [ -122.468481, 37.794974 ], [ -122.468414, 37.795025 ], [ -122.468302, 37.795137 ], [ -122.468251, 37.795178 ], [ -122.468202, 37.795211 ], [ -122.468146, 37.79524 ], [ -122.468036, 37.795279 ], [ -122.467905, 37.79531 ] ] } },
{ "type": "Feature", "properties": { "cls": "painted", "highway": "living_street", "name": "Washington Boulevard" }, "geometry": { "type": "LineString", "coordinates": [ [ -122.464502, 37.795551 ], [ -122.46437, 37.79539 ], [ -122.464341, 37.795351 ], [ -122.464228, 37.795156 ], [ -122.464169, 37.795071 ], [ -122.464094, 37.794986 ], [ -122.463985, 37.79492 ], [ -122.463863, 37.794867 ], [ -122.463506, 37.794778 ], [ -122.463375, 37.794746 ], [ -122.463321, 37.794732 ] ] } },
{ "type": "Feature", "properties": { "cls": "painted", "highway": "tertiary", "name": "Park Boulevard" }, "geometry": { "type": "LineString", "coordinates": [ [ -122.469342, 37.79512 ], [ -122.469312, 37.795153 ], [ -122.469269, 37.795202 ], [ -122.469222, 37.795257 ], [ -122.469197, 37.795291 ], [ -122.469184, 37.79531 ] ] } },
{ "type": "Feature", "properties": { "cls": "painted", "highway": "tertiary", "name": "Park Boulevard" }, "geometry": { "type": "LineString", "coordinates": [ [ -122.469184, 37.79531 ], [ -122.46916, 37.795348 ], [ -122.469142, 37.795384 ], [ -122.469131, 37.79542 ], [ -122.469125, 37.795457 ], [ -122.469125, 37.795493 ], [ -122.469125, 37.795527 ] ] } },
{ "type": "Feature", "properties": { "cls": "painted", "highway": "residential", "name": "15th Avenue" }, "geometry": { "type": "LineString", "coordinates": [ [ -122.474596, 37.787833 ], [ -122.474589, 37.78774 ], [ -122.474584, 37.787679 ], [ -122.474577, 37.787631 ], [ -122.474564, 37.787584 ], [ -122.474507, 37.787411 ], [ -122.474485, 37.787343 ], [ -122.474473, 37.787302 ], [ -122.474467, 37.78726 ], [ -122.474461, 37.787211 ], [ -122.474456, 37.787101 ], [ -122.474454, 37.787079 ], [ -122.47445, 37.787014 ] ] } },
{ "type": "Feature", "properties": { "cls": "shared", "highway": "cycleway", "name": null }, "geometry": { "type": "LineString", "coordinates": [ [ -122.475714, 37.788657 ], [ -122.475877, 37.788574 ], [ -122.475901, 37.78856 ], [ -122.475927, 37.788541 ], [ -122.475948, 37.78852 ], [ -122.475959, 37.788496 ], [ -122.47597, 37.788466 ], [ -122.475975, 37.788438 ], [ -122.475967, 37.78841 ], [ -122.475954, 37.788384 ], [ -122.475686, 37.787991 ], [ -122.47563, 37.787913 ], [ -122.475563, 37.78784 ], [ -122.475515, 37.787766 ], [ -122.475453, 37.787695 ], [ -122.475345, 37.787585 ], [ -122.475219, 37.78747 ], [ -122.475092, 37.787369 ], [ -122.47505, 37.78734 ], [ -122.475016, 37.787318 ], [ -122.474976, 37.787303 ], [ -122.474936, 37.787296 ], [ -122.474893, 37.787292 ], [ -122.474847, 37.787294 ], [ -122.474805, 37.787297 ], [ -122.474765, 37.787306 ], [ -122.474731, 37.787319 ], [ -122.474642, 37.78737 ], [ -122.474612, 37.787387 ], [ -122.474549, 37.787401 ], [ -122.474507, 37.787411 ], [ -122.474473, 37.787419 ], [ -122.474372, 37.787442 ], [ -122.474361, 37.787446 ], [ -122.474325, 37.78746 ], [ -122.474282, 37.787486 ], [ -122.474149, 37.78759 ], [ -122.473944, 37.787637 ], [ -122.473889, 37.787635 ], [ -122.473774, 37.787602 ], [ -122.473731, 37.787587 ], [ -122.473678, 37.787563 ], [ -122.473605, 37.78752 ], [ -122.473554, 37.787432 ], [ -122.47351, 37.787359 ], [ -122.473465, 37.787326 ], [ -122.473431, 37.787324 ], [ -122.473416, 37.787323 ] ] } },
{ "type": "Feature", "properties": { "cls": "painted", "highway": "residential", "name": "Wedemeyer Street" }, "geometry": { "type": "LineString", "coordinates": [ [ -122.474596, 37.787833 ], [ -122.474668, 37.787826 ], [ -122.474704, 37.787824 ], [ -122.474747, 37.787823 ], [ -122.47479, 37.787824 ], [ -122.474827, 37.787827 ], [ -122.474863, 37.787833 ], [ -122.474901, 37.787841 ], [ -122.47494, 37.787853 ], [ -122.474979, 37.787868 ], [ -122.475016, 37.787886 ], [ -122.475049, 37.787906 ], [ -122.475091, 37.787936 ], [ -122.47512, 37.787963 ], [ -122.475144, 37.78799 ], [ -122.475163, 37.788012 ], [ -122.475179, 37.788035 ], [ -122.475205, 37.788072 ], [ -122.475345, 37.788276 ], [ -122.47543, 37.788401 ], [ -122.475519, 37.788532 ], [ -122.475541, 37.788566 ], [ -122.47556, 37.788599 ], [ -122.475572, 37.788624 ] ] } },
{ "type": "Feature", "properties": { "cls": "shared", "highway": "cycleway", "name": "Park Boulevard Trail" }, "geometry": { "type": "LineString", "coordinates": [ [ -122.47121, 37.790361 ], [ -122.471436, 37.790047 ], [ -122.47161, 37.789836 ], [ -122.471664, 37.789764 ], [ -122.471709, 37.789694 ], [ -122.471734, 37.789652 ], [ -122.47178, 37.789567 ], [ -122.471808, 37.789502 ], [ -122.471833, 37.789431 ], [ -122.471849, 37.789364 ], [ -122.471859, 37.789292 ], [ -122.471922, 37.788846 ], [ -122.471933, 37.788782 ], [ -122.47195, 37.788712 ], [ -122.471971, 37.788648 ], [ -122.472001, 37.788575 ], [ -122.47233, 37.787945 ], [ -122.472361, 37.78789 ], [ -122.472401, 37.787834 ], [ -122.472454, 37.787778 ], [ -122.472606, 37.787642 ], [ -122.472658, 37.787591 ], [ -122.472741, 37.787535 ], [ -122.472802, 37.7875 ], [ -122.472854, 37.787477 ], [ -122.473022, 37.787425 ], [ -122.473088, 37.7874 ], [ -122.473163, 37.787364 ], [ -122.473209, 37.787346 ], [ -122.473257, 37.787335 ], [ -122.473304, 37.787329 ], [ -122.473314, 37.787328 ], [ -122.473325, 37.787327 ] ] } },
{ "type": "Feature", "properties": { "cls": "painted", "highway": "residential", "name": "Battery Caulfield Road" }, "geometry": { "type": "LineString", "coordinates": [ [ -122.475637, 37.790597 ], [ -122.475613, 37.790637 ], [ -122.475592, 37.790672 ], [ -122.47557, 37.790706 ], [ -122.475354, 37.791035 ], [ -122.475191, 37.791279 ], [ -122.475151, 37.791349 ], [ -122.47512, 37.791419 ], [ -122.4751, 37.791478 ], [ -122.475083, 37.791536 ], [ -122.475077, 37.791593 ], [ -122.475077, 37.791643 ], [ -122.475081, 37.791701 ], [ -122.475089, 37.791756 ], [ -122.475103, 37.791814 ], [ -122.475249, 37.792325 ], [ -122.475308, 37.79253 ], [ -122.475319, 37.792583 ], [ -122.475339, 37.792684 ] ] } },
{ "type": "Feature", "properties": { "cls": "shared", "highway": "cycleway", "name": "Park Boulevard Trail" }, "geometry": { "type": "LineString", "coordinates": [ [ -122.468929, 37.794639 ], [ -122.468754, 37.794448 ], [ -122.468694, 37.794383 ], [ -122.468663, 37.79435 ], [ -122.468589, 37.794271 ], [ -122.468496, 37.794172 ], [ -122.46847, 37.794142 ], [ -122.468447, 37.794111 ], [ -122.468429, 37.794079 ], [ -122.468416, 37.794045 ], [ -122.468412, 37.79401 ], [ -122.468414, 37.793971 ], [ -122.468425, 37.793929 ], [ -122.46844, 37.793892 ], [ -122.468463, 37.793855 ], [ -122.468487, 37.793826 ], [ -122.468495, 37.793817 ], [ -122.468513, 37.793796 ], [ -122.46865, 37.793649 ], [ -122.468714, 37.79358 ], [ -122.468742, 37.793551 ], [ -122.468977, 37.793302 ], [ -122.469183, 37.793085 ], [ -122.469238, 37.79303 ], [ -122.469285, 37.792992 ], [ -122.469346, 37.792952 ], [ -122.469406, 37.792917 ], [ -122.46972, 37.792742 ], [ -122.469755, 37.792722 ], [ -122.469789, 37.792701 ], [ -122.469821, 37.792676 ], [ -122.469848, 37.79265 ], [ -122.469871, 37.792622 ], [ -122.469892, 37.792591 ], [ -122.46991, 37.792558 ], [ -122.469924, 37.792527 ], [ -122.469936, 37.792494 ], [ -122.46997, 37.792396 ], [ -122.469997, 37.792331 ], [ -122.470028, 37.792267 ], [ -122.470059, 37.792204 ], [ -122.470095, 37.792141 ], [ -122.470587, 37.791311 ], [ -122.470803, 37.790947 ], [ -122.470839, 37.790889 ], [ -122.470881, 37.790825 ], [ -122.470921, 37.790769 ], [ -122.470966, 37.790707 ], [ -122.471008, 37.790646 ], [ -122.471036, 37.790603 ], [ -122.471114, 37.790482 ], [ -122.47121, 37.790361 ] ] } },
{ "type": "Feature", "properties": { "cls": "sharrow", "highway": "residential", "name": "Battery Caulfield Road" }, "geometry": { "type": "LineString", "coordinates": [ [ -122.475339, 37.792684 ], [ -122.475347, 37.792737 ], [ -122.475357, 37.792836 ], [ -122.475362, 37.792914 ], [ -122.475363, 37.792967 ], [ -122.475361, 37.793063 ], [ -122.475339, 37.79348 ] ] } },
{ "type": "Feature", "properties": { "cls": "sharrow", "highway": "residential", "name": "Battery Caulfield Road" }, "geometry": { "type": "LineString", "coordinates": [ [ -122.475339, 37.79348 ], [ -122.475334, 37.793572 ], [ -122.475331, 37.793635 ] ] } },
{ "type": "Feature", "properties": { "cls": "painted", "highway": "living_street", "name": "Washington Boulevard" }, "geometry": { "type": "LineString", "coordinates": [ [ -122.472206, 37.7945 ], [ -122.472377, 37.794395 ], [ -122.472451, 37.794368 ], [ -122.472524, 37.794352 ], [ -122.472618, 37.794352 ], [ -122.472711, 37.794359 ], [ -122.473337, 37.794408 ], [ -122.473464, 37.794406 ], [ -122.473555, 37.794395 ], [ -122.473642, 37.79438 ], [ -122.473721, 37.794359 ], [ -122.4738, 37.794328 ], [ -122.473888, 37.794278 ], [ -122.474345, 37.794007 ], [ -122.474499, 37.793914 ], [ -122.474567, 37.793873 ], [ -122.474639, 37.793838 ], [ -122.474686, 37.793816 ], [ -122.474718, 37.793804 ], [ -122.474864, 37.793756 ], [ -122.47506, 37.793706 ], [ -122.475209, 37.793684 ], [ -122.47525, 37.793678 ], [ -122.475297, 37.793662 ], [ -122.475331, 37.793635 ] ] } },
{ "type": "Feature", "properties": { "cls": "painted", "highway": "living_street", "name": "Washington Boulevard" }, "geometry": { "type": "LineString", "coordinates": [ [ -122.46953, 37.795241 ], [ -122.469636, 37.795276 ], [ -122.469733, 37.795298 ], [ -122.469844, 37.795306 ], [ -122.469946, 37.795299 ], [ -122.470061, 37.795277 ], [ -122.470179, 37.795239 ], [ -122.47031, 37.795182 ], [ -122.470562, 37.795053 ], [ -122.470811, 37.794925 ], [ -122.470916, 37.794883 ], [ -122.471025, 37.794858 ], [ -122.471161, 37.794842 ], [ -122.471448, 37.794819 ], [ -122.471548, 37.794808 ], [ -122.471644, 37.794787 ], [ -122.471728, 37.79476 ], [ -122.47183, 37.794721 ], [ -122.471929, 37.794673 ], [ -122.472206, 37.7945 ] ] } },
{ "type": "Feature", "properties": { "cls": "painted", "highway": "residential", "name": "Wedemeyer Street" }, "geometry": { "type": "LineString", "coordinates": [ [ -122.475631, 37.788955 ], [ -122.475672, 37.78934 ], [ -122.47571, 37.789708 ], [ -122.475718, 37.789774 ], [ -122.475726, 37.789828 ] ] } },
{ "type": "Feature", "properties": { "cls": "painted", "highway": "unclassified", "name": "Bowley Street" }, "geometry": { "type": "LineString", "coordinates": [ [ -122.482104, 37.790445 ], [ -122.482183, 37.7903 ], [ -122.482234, 37.790207 ], [ -122.482257, 37.790158 ], [ -122.482282, 37.790103 ], [ -122.482305, 37.790049 ], [ -122.482323, 37.789996 ], [ -122.482337, 37.789938 ], [ -122.482345, 37.789884 ], [ -122.482366, 37.789723 ], [ -122.482381, 37.789592 ], [ -122.482388, 37.789536 ], [ -122.482446, 37.78901 ], [ -122.482447, 37.788977 ], [ -122.482445, 37.788947 ], [ -122.482439, 37.788924 ], [ -122.48243, 37.788901 ], [ -122.482416, 37.788879 ], [ -122.482399, 37.788858 ], [ -122.482378, 37.788839 ], [ -122.482366, 37.788829 ], [ -122.482276, 37.788754 ] ] } },
{ "type": "Feature", "properties": { "cls": "painted", "highway": "residential", "name": "Battery Caulfield Road" }, "geometry": { "type": "LineString", "coordinates": [ [ -122.475726, 37.789828 ], [ -122.475734, 37.789899 ], [ -122.475737, 37.78993 ], [ -122.47574, 37.789973 ], [ -122.47574, 37.790007 ], [ -122.475738, 37.790038 ], [ -122.475735, 37.790065 ], [ -122.47573, 37.79011 ], [ -122.475713, 37.790345 ], [ -122.475709, 37.790386 ], [ -122.475703, 37.790422 ], [ -122.475695, 37.790457 ], [ -122.475685, 37.790489 ], [ -122.47567, 37.790528 ], [ -122.475654, 37.790562 ], [ -122.475637, 37.790597 ] ] } },
{ "type": "Feature", "properties": { "cls": "painted", "highway": "secondary", "name": "Lincoln Boulevard" }, "geometry": { "type": "LineString", "coordinates": [ [ -122.481061, 37.792163 ], [ -122.481074, 37.79212 ], [ -122.481076, 37.792113 ], [ -122.481176, 37.79181 ], [ -122.481554, 37.790692 ], [ -122.481582, 37.790609 ], [ -122.481989, 37.789407 ], [ -122.482025, 37.789303 ], [ -122.482061, 37.7892 ], [ -122.482079, 37.789151 ], [ -122.482099, 37.789097 ], [ -122.48212, 37.789044 ], [ -122.482145, 37.78899 ], [ -122.482171, 37.788938 ], [ -122.482198, 37.788888 ], [ -122.482217, 37.788854 ], [ -122.482239, 37.788815 ], [ -122.482276, 37.788754 ] ] } },
{ "type": "Feature", "properties": { "cls": "painted", "highway": "unclassified", "name": "Bowley Street" }, "geometry": { "type": "LineString", "coordinates": [ [ -122.481763, 37.791926 ], [ -122.48185, 37.791891 ], [ -122.481916, 37.791865 ], [ -122.481947, 37.791851 ], [ -122.481978, 37.791837 ], [ -122.482007, 37.791821 ], [ -122.482035, 37.791803 ], [ -122.482062, 37.791783 ], [ -122.482086, 37.791762 ], [ -122.482107, 37.79174 ], [ -122.482128, 37.791716 ], [ -122.482147, 37.791691 ], [ -122.482163, 37.791666 ], [ -122.482177, 37.791641 ], [ -122.482191, 37.791616 ], [ -122.482201, 37.791591 ], [ -122.482206, 37.791576 ], [ -122.482211, 37.79156 ], [ -122.482217, 37.791531 ], [ -122.482223, 37.791504 ], [ -122.482225, 37.791475 ], [ -122.482226, 37.791447 ], [ -122.482226, 37.791419 ], [ -122.482225, 37.791391 ], [ -122.482223, 37.791365 ], [ -122.48222, 37.791336 ], [ -122.482215, 37.791308 ], [ -122.482208, 37.791279 ], [ -122.4822, 37.791252 ], [ -122.482191, 37.791228 ], [ -122.48218, 37.791201 ], [ -122.482168, 37.791174 ], [ -122.482155, 37.791149 ], [ -122.48214, 37.791124 ], [ -122.482107, 37.791072 ], [ -122.482075, 37.791024 ], [ -122.482048, 37.790977 ], [ -122.482028, 37.79093 ], [ -122.482011, 37.790876 ], [ -122.482, 37.790823 ], [ -122.481998, 37.79077 ], [ -122.482003, 37.79072 ], [ -122.482012, 37.790668 ], [ -122.482025, 37.790619 ], [ -122.482047, 37.790555 ], [ -122.482075, 37.790498 ], [ -122.482104, 37.790445 ] ] } },
{ "type": "Feature", "properties": { "cls": "painted", "highway": "unclassified", "name": "Bowley Street" }, "geometry": { "type": "LineString", "coordinates": [ [ -122.481061, 37.792163 ], [ -122.481085, 37.792166 ], [ -122.481107, 37.792167 ], [ -122.481131, 37.792168 ], [ -122.481157, 37.792166 ], [ -122.481174, 37.792165 ], [ -122.481202, 37.792158 ], [ -122.481222, 37.792151 ], [ -122.481424, 37.792068 ], [ -122.481763, 37.791926 ] ] } },
{ "type": "Feature", "properties": { "cls": "painted", "highway": "secondary", "name": "Lincoln Boulevard" }, "geometry": { "type": "LineString", "coordinates": [ [ -122.481012, 37.792352 ], [ -122.481018, 37.792324 ], [ -122.481027, 37.792284 ], [ -122.481043, 37.792223 ], [ -122.481061, 37.792163 ] ] } },
{ "type": "Feature", "properties": { "cls": "painted", "highway": "secondary", "name": "Lincoln Boulevard" }, "geometry": { "type": "LineString", "coordinates": [ [ -122.480715, 37.793406 ], [ -122.480765, 37.793324 ], [ -122.4808, 37.793261 ], [ -122.480829, 37.793202 ], [ -122.480853, 37.793148 ], [ -122.480876, 37.793086 ], [ -122.480895, 37.79303 ], [ -122.480912, 37.792968 ], [ -122.480927, 37.792903 ], [ -122.480939, 37.792838 ], [ -122.480949, 37.792773 ], [ -122.480976, 37.792576 ], [ -122.480988, 37.79249 ], [ -122.481001, 37.792406 ], [ -122.481006, 37.792378 ], [ -122.481012, 37.792352 ] ] } },
{ "type": "Feature", "properties": { "cls": "painted", "highway": "residential", "name": "Washington Boulevard" }, "geometry": { "type": "LineString", "coordinates": [ [ -122.475946, 37.794273 ], [ -122.475856, 37.794128 ], [ -122.475794, 37.793952 ], [ -122.475748, 37.793867 ], [ -122.475674, 37.793802 ], [ -122.475616, 37.793756 ], [ -122.475515, 37.793713 ], [ -122.475462, 37.7937 ], [ -122.475409, 37.793686 ], [ -122.475364, 37.793666 ], [ -122.475331, 37.793635 ] ] } },
{ "type": "Feature", "properties": { "cls": "painted", "highway": "residential", "name": "Washington Boulevard" }, "geometry": { "type": "LineString", "coordinates": [ [ -122.475946, 37.794273 ], [ -122.476448, 37.79468 ], [ -122.476687, 37.794868 ], [ -122.477138, 37.795151 ], [ -122.477274, 37.795256 ], [ -122.477516, 37.795496 ], [ -122.477603, 37.7956 ], [ -122.477654, 37.795705 ], [ -122.477698, 37.79582 ], [ -122.477714, 37.79589 ], [ -122.477723, 37.795963 ], [ -122.477722, 37.796025 ], [ -122.477718, 37.79607 ], [ -122.477703, 37.796124 ], [ -122.477662, 37.796191 ], [ -122.477595, 37.796262 ], [ -122.477358, 37.796471 ], [ -122.476992, 37.79683 ], [ -122.476925, 37.796908 ], [ -122.476839, 37.797021 ], [ -122.476772, 37.797162 ], [ -122.47672, 37.797309 ], [ -122.476695, 37.797435 ], [ -122.476692, 37.797495 ], [ -122.476697, 37.797558 ] ] } },
{ "type": "Feature", "properties": { "cls": "painted", "highway": "tertiary", "name": "Park Boulevard" }, "geometry": { "type": "LineString", "coordinates": [ [ -122.469125, 37.795527 ], [ -122.469134, 37.795566 ], [ -122.469142, 37.795603 ] ] } },
{ "type": "Feature", "properties": { "cls": "sharrow", "highway": "residential", "name": "Nauman Road" }, "geometry": { "type": "LineString", "coordinates": [ [ -122.464502, 37.795551 ], [ -122.464433, 37.795602 ], [ -122.464421, 37.795643 ], [ -122.464439, 37.795705 ] ] } },
{ "type": "Feature", "properties": { "cls": "painted", "highway": "living_street", "name": "Washington Boulevard" }, "geometry": { "type": "LineString", "coordinates": [ [ -122.467905, 37.79531 ], [ -122.467472, 37.795418 ], [ -122.46735, 37.795453 ], [ -122.46728, 37.795476 ], [ -122.467225, 37.795497 ], [ -122.467174, 37.795524 ], [ -122.467114, 37.79556 ], [ -122.467051, 37.795601 ], [ -122.466951, 37.795684 ], [ -122.46686, 37.795774 ], [ -122.466675, 37.795965 ], [ -122.466552, 37.796057 ], [ -122.466417, 37.796133 ], [ -122.466272, 37.796186 ], [ -122.466076, 37.796227 ], [ -122.465897, 37.79624 ], [ -122.465559, 37.796215 ], [ -122.465247, 37.79617 ], [ -122.465171, 37.796149 ], [ -122.465098, 37.796118 ], [ -122.465041, 37.796077 ], [ -122.464502, 37.795551 ] ] } },
{ "type": "Feature", "properties": { "cls": "sharrow", "highway": "residential", "name": "Nauman Road" }, "geometry": { "type": "LineString", "coordinates": [ [ -122.464439, 37.795705 ], [ -122.464502, 37.795957 ] ] } },
{ "type": "Feature", "properties": { "cls": "sharrow", "highway": "residential", "name": "Nauman Road" }, "geometry": { "type": "LineString", "coordinates": [ [ -122.464502, 37.795957 ], [ -122.464502, 37.796199 ] ] } },
{ "type": "Feature", "properties": { "cls": "sharrow", "highway": "residential", "name": "Nauman Road" }, "geometry": { "type": "LineString", "coordinates": [ [ -122.464502, 37.796199 ], [ -122.464496, 37.796419 ], [ -122.464481, 37.796541 ] ] } },
{ "type": "Feature", "properties": { "cls": "sharrow", "highway": "residential", "name": "Nauman Road" }, "geometry": { "type": "LineString", "coordinates": [ [ -122.466389, 37.796547 ], [ -122.466738, 37.796512 ] ] } },
{ "type": "Feature", "properties": { "cls": "sharrow", "highway": "residential", "name": "Nauman Road" }, "geometry": { "type": "LineString", "coordinates": [ [ -122.465259, 37.796652 ], [ -122.465534, 37.796611 ], [ -122.466389, 37.796547 ] ] } },
{ "type": "Feature", "properties": { "cls": "sharrow", "highway": "residential", "name": "Nauman Road" }, "geometry": { "type": "LineString", "coordinates": [ [ -122.464481, 37.796541 ], [ -122.464506, 37.796634 ], [ -122.464544, 37.796684 ], [ -122.464632, 37.79674 ], [ -122.464753, 37.796747 ] ] } },
{ "type": "Feature", "properties": { "cls": "sharrow", "highway": "residential", "name": "Nauman Road" }, "geometry": { "type": "LineString", "coordinates": [ [ -122.465001, 37.796714 ], [ -122.465259, 37.796652 ] ] } },
{ "type": "Feature", "properties": { "cls": "painted", "highway": "secondary", "name": "Lincoln Boulevard" }, "geometry": { "type": "LineString", "coordinates": [ [ -122.478683, 37.798812 ], [ -122.478705, 37.798766 ], [ -122.478882, 37.798402 ], [ -122.478897, 37.79837 ], [ -122.478911, 37.798341 ], [ -122.478923, 37.798309 ], [ -122.478932, 37.798277 ], [ -122.478937, 37.798246 ], [ -122.478937, 37.798214 ], [ -122.478934, 37.798181 ], [ -122.478924, 37.79815 ], [ -122.478914, 37.798119 ], [ -122.478903, 37.798086 ], [ -122.478883, 37.798032 ], [ -122.478829, 37.797898 ], [ -122.478804, 37.797836 ], [ -122.478777, 37.797772 ], [ -122.478763, 37.797742 ], [ -122.478748, 37.797711 ], [ -122.478733, 37.797681 ], [ -122.478716, 37.797651 ], [ -122.478684, 37.797591 ], [ -122.478652, 37.797531 ], [ -122.478636, 37.797498 ], [ -122.478621, 37.797462 ], [ -122.47861, 37.797424 ], [ -122.478605, 37.79738 ], [ -122.478606, 37.797343 ], [ -122.478612, 37.797305 ], [ -122.478621, 37.797273 ], [ -122.478633, 37.797241 ], [ -122.478651, 37.797209 ], [ -122.478674, 37.79718 ], [ -122.478702, 37.797152 ], [ -122.478733, 37.797127 ], [ -122.478771, 37.797104 ], [ -122.478805, 37.797086 ], [ -122.478839, 37.797069 ], [ -122.47891, 37.797036 ], [ -122.478983, 37.797002 ], [ -122.479053, 37.796969 ], [ -122.479091, 37.796952 ], [ -122.479125, 37.796933 ], [ -122.479159, 37.796914 ], [ -122.479191, 37.796893 ], [ -122.47922, 37.796871 ], [ -122.479247, 37.796846 ], [ -122.479272, 37.796821 ], [ -122.479294, 37.796795 ], [ -122.479315, 37.796767 ], [ -122.479322, 37.796756 ], [ -122.479333, 37.796739 ], [ -122.479369, 37.79668 ], [ -122.479403, 37.796619 ], [ -122.479435, 37.79656 ], [ -122.479464, 37.796504 ], [ -122.479501, 37.796428 ], [ -122.479525, 37.796379 ], [ -122.479553, 37.796317 ], [ -122.47958, 37.796255 ], [ -122.479604, 37.796191 ], [ -122.479625, 37.796126 ], [ -122.479641, 37.796064 ], [ -122.479656, 37.795999 ], [ -122.47967, 37.795932 ], [ -122.479685, 37.795868 ], [ -122.479695, 37.795836 ], [ -122.479707, 37.795804 ], [ -122.479724, 37.795772 ], [ -122.479742, 37.795744 ], [ -122.479762, 37.795721 ], [ -122.479789, 37.795693 ], [ -122.479825, 37.795666 ], [ -122.479864, 37.795643 ], [ -122.479927, 37.795609 ], [ -122.479996, 37.795572 ], [ -122.480065, 37.795535 ], [ -122.480202, 37.795461 ], [ -122.480269, 37.795424 ], [ -122.480305, 37.795404 ], [ -122.480336, 37.795385 ], [ -122.480366, 37.795364 ], [ -122.480394, 37.795341 ], [ -122.480421, 37.795315 ], [ -122.480445, 37.795288 ], [ -122.480465, 37.79526 ], [ -122.48048, 37.795231 ], [ -122.480492, 37.795199 ], [ -122.480501, 37.795169 ], [ -122.480508, 37.795136 ], [ -122.480513, 37.795104 ], [ -122.480516, 37.79507 ], [ -122.480516, 37.795038 ], [ -122.480516, 37.795004 ], [ -122.480515, 37.794972 ], [ -122.480512, 37.79494 ], [ -122.480507, 37.794907 ], [ -122.480498, 37.794843 ], [ -122.480488, 37.794777 ], [ -122.480437, 37.794448 ], [ -122.480424, 37.794375 ], [ -122.480411, 37.7943 ], [ -122.480405, 37.794267 ], [ -122.480401, 37.79423 ], [ -122.480399, 37.794194 ], [ -122.4804, 37.79416 ], [ -122.480403, 37.794126 ], [ -122.480406, 37.794095 ], [ -122.480411, 37.79406 ], [ -122.480417, 37.794028 ], [ -122.480423, 37.793996 ], [ -122.480431, 37.793962 ], [ -122.48044, 37.793929 ], [ -122.48045, 37.793897 ], [ -122.480459, 37.793866 ], [ -122.480471, 37.793834 ], [ -122.480483, 37.793802 ], [ -122.480497, 37.793771 ], [ -122.480513, 37.79374 ], [ -122.480531, 37.79371 ], [ -122.480674, 37.793472 ], [ -122.480715, 37.793406 ] ] } },
{ "type": "Feature", "properties": { "cls": "sharrow", "highway": "service", "name": "Central Magazine Road" }, "geometry": { "type": "LineString", "coordinates": [ [ -122.474635, 37.797021 ], [ -122.475076, 37.797135 ], [ -122.476029, 37.797384 ], [ -122.476618, 37.79753 ] ] } },
{ "type": "Feature", "properties": { "cls": "sharrow", "highway": "service", "name": "Central Magazine Road" }, "geometry": { "type": "LineString", "coordinates": [ [ -122.476618, 37.79753 ], [ -122.476697, 37.797558 ] ] } },
{ "type": "Feature", "properties": { "cls": "sharrow", "highway": "residential", "name": "Harrison Boulevard" }, "geometry": { "type": "LineString", "coordinates": [ [ -122.476697, 37.797558 ], [ -122.476637, 37.797602 ], [ -122.476599, 37.79763 ], [ -122.476573, 37.79766 ], [ -122.476397, 37.79804 ], [ -122.476163, 37.798543 ], [ -122.476002, 37.798874 ], [ -122.47594, 37.79899 ] ] } },
{ "type": "Feature", "properties": { "cls": "painted", "highway": "residential", "name": "Washington Boulevard" }, "geometry": { "type": "LineString", "coordinates": [ [ -122.476697, 37.797558 ], [ -122.476713, 37.797628 ], [ -122.476739, 37.797692 ], [ -122.476803, 37.797805 ], [ -122.476997, 37.798047 ], [ -122.477227, 37.798296 ], [ -122.477424, 37.798517 ], [ -122.477525, 37.798635 ], [ -122.47755, 37.798664 ], [ -122.477626, 37.798803 ], [ -122.477663, 37.798887 ], [ -122.477688, 37.798942 ], [ -122.477721, 37.799013 ], [ -122.477803, 37.799188 ] ] } },
{ "type": "Feature", "properties": { "cls": "sharrow", "highway": "residential", "name": "Kobbe Avenue" }, "geometry": { "type": "LineString", "coordinates": [ [ -122.474884, 37.798828 ], [ -122.475625, 37.798946 ], [ -122.475786, 37.798961 ], [ -122.47594, 37.79899 ] ] } },
{ "type": "Feature", "properties": { "cls": "painted", "highway": "secondary", "name": "Lincoln Boulevard" }, "geometry": { "type": "LineString", "coordinates": [ [ -122.478267, 37.800079 ], [ -122.478279, 37.800031 ], [ -122.478288, 37.799978 ], [ -122.478292, 37.799928 ], [ -122.478295, 37.799876 ], [ -122.478298, 37.799811 ], [ -122.478304, 37.79974 ], [ -122.478312, 37.799687 ], [ -122.47832, 37.799631 ], [ -122.478333, 37.799573 ], [ -122.478351, 37.799514 ], [ -122.47837, 37.799456 ], [ -122.478392, 37.799395 ], [ -122.478422, 37.79932 ], [ -122.478459, 37.799245 ], [ -122.478625, 37.798938 ], [ -122.478651, 37.798885 ], [ -122.478683, 37.798812 ] ] } },
{ "type": "Feature", "properties": { "cls": "separated", "highway": "cycleway", "name": "Washington Boulevard" }, "geometry": { "type": "LineString", "coordinates": [ [ -122.478158, 37.800316 ], [ -122.478111, 37.800282 ], [ -122.478091, 37.800254 ], [ -122.478078, 37.800191 ], [ -122.478085, 37.800077 ], [ -122.478075, 37.799924 ], [ -122.478041, 37.799759 ], [ -122.477991, 37.799589 ], [ -122.477803, 37.799188 ] ] } },
{ "type": "Feature", "properties": { "cls": "painted", "highway": "secondary", "name": "Lincoln Boulevard" }, "geometry": { "type": "LineString", "coordinates": [ [ -122.478158, 37.800316 ], [ -122.478178, 37.800285 ], [ -122.478198, 37.800251 ], [ -122.478227, 37.800191 ], [ -122.47825, 37.800131 ], [ -122.478267, 37.800079 ] ] } },
{ "type": "Feature", "properties": { "cls": "painted", "highway": "secondary", "name": "Lincoln Boulevard" }, "geometry": { "type": "LineString", "coordinates": [ [ -122.477797, 37.800752 ], [ -122.477852, 37.800681 ], [ -122.477909, 37.800613 ], [ -122.477967, 37.800549 ], [ -122.478043, 37.800462 ], [ -122.478088, 37.800408 ], [ -122.478104, 37.800389 ], [ -122.478131, 37.800353 ], [ -122.478158, 37.800316 ] ] } },
{ "type": "Feature", "properties": { "cls": "sharrow", "highway": "residential", "name": "Nauman Road" }, "geometry": { "type": "LineString", "coordinates": [ [ -122.464753, 37.796747 ], [ -122.465001, 37.796714 ] ] } },
{ "type": "Feature", "properties": { "cls": "painted", "highway": "tertiary", "name": "Park Boulevard" }, "geometry": { "type": "LineString", "coordinates": [ [ -122.468994, 37.798063 ], [ -122.468971, 37.798045 ], [ -122.4689, 37.798007 ], [ -122.46883, 37.797978 ], [ -122.468755, 37.797952 ], [ -122.468662, 37.797926 ], [ -122.46803, 37.797785 ], [ -122.467964, 37.797766 ], [ -122.467893, 37.797738 ], [ -122.467825, 37.7977 ], [ -122.467782, 37.79766 ], [ -122.467747, 37.79761 ], [ -122.467725, 37.797564 ], [ -122.46771, 37.79751 ], [ -122.467709, 37.797453 ], [ -122.467722, 37.797394 ], [ -122.46774, 37.797353 ], [ -122.467765, 37.797311 ], [ -122.467797, 37.797271 ], [ -122.467831, 37.797232 ], [ -122.467891, 37.797168 ], [ -122.468172, 37.796866 ], [ -122.468233, 37.796801 ], [ -122.468299, 37.796737 ], [ -122.468364, 37.79668 ], [ -122.468418, 37.796636 ], [ -122.468486, 37.796585 ], [ -122.468554, 37.796534 ], [ -122.468628, 37.796482 ], [ -122.468712, 37.79643 ], [ -122.46879, 37.796385 ], [ -122.46888, 37.796335 ], [ -122.468967, 37.79629 ], [ -122.469152, 37.796194 ], [ -122.469185, 37.796174 ], [ -122.469212, 37.796153 ], [ -122.469241, 37.796125 ], [ -122.469266, 37.796094 ], [ -122.469283, 37.796056 ], [ -122.469293, 37.796016 ], [ -122.469293, 37.795969 ], [ -122.469281, 37.795921 ], [ -122.469263, 37.795878 ], [ -122.469238, 37.795831 ], [ -122.469209, 37.79578 ], [ -122.469183, 37.795728 ], [ -122.469162, 37.795674 ], [ -122.469149, 37.795629 ], [ -122.469142, 37.795603 ] ] } },
{ "type": "Feature", "properties": { "cls": "painted", "highway": "residential", "name": "Hitchcock Street" }, "geometry": { "type": "LineString", "coordinates": [ [ -122.469115, 37.797899 ], [ -122.469165, 37.797947 ] ] } },
{ "type": "Feature", "properties": { "cls": "painted", "highway": "tertiary", "name": "Park Boulevard" }, "geometry": { "type": "LineString", "coordinates": [ [ -122.469149, 37.798357 ], [ -122.46913, 37.798285 ], [ -122.469109, 37.798221 ], [ -122.469079, 37.798163 ], [ -122.469039, 37.798108 ], [ -122.468994, 37.798063 ] ] } },
{ "type": "Feature", "properties": { "cls": "painted", "highway": "tertiary", "name": "Park Boulevard" }, "geometry": { "type": "LineString", "coordinates": [ [ -122.467236, 37.799609 ], [ -122.467264, 37.799541 ], [ -122.467287, 37.799493 ], [ -122.467318, 37.799443 ], [ -122.467353, 37.799402 ], [ -122.4674, 37.799363 ], [ -122.467466, 37.799321 ], [ -122.467528, 37.799287 ], [ -122.467595, 37.799259 ], [ -122.467659, 37.799237 ], [ -122.467722, 37.799221 ], [ -122.467786, 37.79921 ], [ -122.467852, 37.799205 ], [ -122.467918, 37.799205 ], [ -122.467975, 37.799212 ], [ -122.468037, 37.799225 ], [ -122.468098, 37.799242 ], [ -122.468288, 37.7993 ], [ -122.46833, 37.799312 ], [ -122.468372, 37.799322 ], [ -122.468414, 37.79933 ], [ -122.468459, 37.799334 ], [ -122.468506, 37.799334 ], [ -122.468552, 37.799329 ], [ -122.468586, 37.799322 ], [ -122.468626, 37.799312 ], [ -122.468667, 37.799298 ], [ -122.468706, 37.799278 ], [ -122.468743, 37.799255 ], [ -122.468776, 37.799228 ], [ -122.468806, 37.799199 ], [ -122.468834, 37.799168 ], [ -122.46886, 37.799137 ], [ -122.468888, 37.799102 ], [ -122.468927, 37.799052 ], [ -122.469019, 37.79893 ], [ -122.469077, 37.798851 ], [ -122.469103, 37.798811 ], [ -122.469128, 37.798768 ], [ -122.469148, 37.798722 ], [ -122.469163, 37.798675 ], [ -122.469172, 37.798628 ], [ -122.469175, 37.798582 ], [ -122.469174, 37.798532 ], [ -122.46917, 37.798482 ], [ -122.469163, 37.798434 ], [ -122.469149, 37.798357 ] ] } },
{ "type": "Feature", "properties": { "cls": "painted", "highway": "tertiary", "name": "Lincoln Boulevard" }, "geometry": { "type": "LineString", "coordinates": [ [ -122.467236, 37.799609 ], [ -122.467343, 37.799626 ], [ -122.467458, 37.799652 ], [ -122.467581, 37.799685 ], [ -122.4677, 37.799725 ], [ -122.467764, 37.799754 ], [ -122.467822, 37.79979 ], [ -122.46787, 37.799835 ], [ -122.467905, 37.799882 ], [ -122.467932, 37.799939 ], [ -122.467958, 37.800012 ], [ -122.467974, 37.800076 ], [ -122.468025, 37.800272 ], [ -122.468046, 37.800332 ], [ -122.468071, 37.800384 ], [ -122.468102, 37.800431 ], [ -122.468148, 37.800481 ], [ -122.4682, 37.800523 ], [ -122.46826, 37.80056 ], [ -122.468341, 37.800598 ], [ -122.468445, 37.80064 ], [ -122.46889, 37.800809 ], [ -122.46895, 37.800833 ], [ -122.469014, 37.800865 ], [ -122.469065, 37.800896 ], [ -122.469111, 37.80093 ], [ -122.469145, 37.800965 ] ] } },
{ "type": "Feature", "properties": { "cls": "shared", "highway": "footway", "name": "Presidio Promenade" }, "geometry": { "type": "LineString", "coordinates": [ [ -122.467045, 37.800931 ], [ -122.467098, 37.800959 ] ] } },
{ "type": "Feature", "properties": { "cls": "shared", "highway": "cycleway", "name": "Presidio Promenade" }, "geometry": { "type": "LineString", "coordinates": [ [ -122.467174, 37.800999 ], [ -122.467202, 37.801016 ], [ -122.467355, 37.801073 ], [ -122.467465, 37.801115 ], [ -122.467805, 37.801201 ], [ -122.46798, 37.801217 ], [ -122.468073, 37.801211 ], [ -122.468174, 37.801184 ], [ -122.468357, 37.801107 ], [ -122.468385, 37.801099 ], [ -122.468431, 37.801106 ], [ -122.468479, 37.801126 ], [ -122.468496, 37.801133 ] ] } },
{ "type": "Feature", "properties": { "cls": "shared", "highway": "cycleway", "name": "Presidio Promenade" }, "geometry": { "type": "LineString", "coordinates": [ [ -122.468496, 37.801133 ], [ -122.46866, 37.801238 ] ] } },
{ "type": "Feature", "properties": { "cls": "shared", "highway": "cycleway", "name": "Presidio Promenade" }, "geometry": { "type": "LineString", "coordinates": [ [ -122.464757, 37.801626 ], [ -122.464906, 37.801588 ], [ -122.464979, 37.801569 ], [ -122.465032, 37.801538 ], [ -122.465134, 37.80144 ], [ -122.465262, 37.80127 ], [ -122.465324, 37.80118 ], [ -122.46541, 37.801095 ], [ -122.465605, 37.80098 ], [ -122.465681, 37.800953 ], [ -122.465794, 37.800912 ], [ -122.465909, 37.800896 ], [ -122.466054, 37.800877 ], [ -122.466193, 37.800867 ], [ -122.466303, 37.800864 ], [ -122.466426, 37.800862 ], [ -122.466527, 37.800864 ], [ -122.466617, 37.80087 ], [ -122.4667, 37.800879 ], [ -122.466998, 37.800918 ], [ -122.467023, 37.800922 ], [ -122.467045, 37.800931 ] ] } },
{ "type": "Feature", "properties": { "cls": "painted", "highway": "residential", "name": "Washington Boulevard" }, "geometry": { "type": "LineString", "coordinates": [ [ -122.469342, 37.79512 ], [ -122.469443, 37.795196 ], [ -122.46953, 37.795241 ] ] } },
{ "type": "Feature", "properties": { "cls": "separated", "highway": "cycleway", "name": null }, "geometry": { "type": "LineString", "coordinates": [ [ -122.469184, 37.79531 ], [ -122.469286, 37.795274 ], [ -122.469364, 37.795248 ], [ -122.469441, 37.795243 ], [ -122.46953, 37.795241 ] ] } },
{ "type": "Feature", "properties": { "cls": "painted", "highway": "residential", "name": "Hitchcock Street" }, "geometry": { "type": "LineString", "coordinates": [ [ -122.473493, 37.798047 ], [ -122.47297, 37.79814 ], [ -122.472675, 37.798253 ], [ -122.472426, 37.798423 ], [ -122.471632, 37.798949 ], [ -122.471576, 37.798978 ], [ -122.471518, 37.798999 ], [ -122.47141, 37.799025 ], [ -122.471282, 37.79905 ], [ -122.471197, 37.799052 ], [ -122.471109, 37.799022 ], [ -122.471046, 37.798969 ], [ -122.471002, 37.798896 ], [ -122.470976, 37.798826 ], [ -122.470821, 37.798372 ], [ -122.470771, 37.798261 ], [ -122.470715, 37.798161 ], [ -122.470577, 37.797973 ], [ -122.470477, 37.797861 ], [ -122.470355, 37.797747 ], [ -122.470217, 37.797627 ], [ -122.470147, 37.797572 ], [ -122.470085, 37.797531 ], [ -122.470033, 37.797512 ], [ -122.469981, 37.7975 ], [ -122.469927, 37.797495 ], [ -122.469722, 37.797493 ], [ -122.469679, 37.797495 ], [ -122.469633, 37.7975 ], [ -122.469589, 37.797512 ], [ -122.469497, 37.797546 ], [ -122.469383, 37.79759 ], [ -122.469315, 37.797617 ], [ -122.469256, 37.797645 ], [ -122.469198, 37.797675 ], [ -122.469139, 37.797711 ], [ -122.469092, 37.797749 ], [ -122.469064, 37.79779 ], [ -122.469059, 37.797819 ], [ -122.469068, 37.797849 ], [ -122.469087, 37.797872 ], [ -122.469115, 37.797899 ] ] } },
{ "type": "Feature", "properties": { "cls": "painted", "highway": "residential", "name": "Hitchcock Street" }, "geometry": { "type": "LineString", "coordinates": [ [ -122.473493, 37.798047 ], [ -122.47371, 37.798058 ], [ -122.473797, 37.798071 ], [ -122.474093, 37.798151 ], [ -122.474409, 37.798286 ], [ -122.474587, 37.798353 ], [ -122.47483, 37.798416 ], [ -122.474988, 37.798434 ], [ -122.47519, 37.798457 ], [ -122.475522, 37.798456 ], [ -122.475897, 37.798482 ], [ -122.476036, 37.798512 ], [ -122.476163, 37.798543 ] ] } },
{ "type": "Feature", "properties": { "cls": "separated", "highway": "cycleway", "name": "Presidio Promenade" }, "geometry": { "type": "LineString", "coordinates": [ [ -122.46866, 37.801238 ], [ -122.468676, 37.801248 ], [ -122.468702, 37.801267 ], [ -122.468737, 37.801295 ], [ -122.46877, 37.801326 ], [ -122.468797, 37.801363 ], [ -122.468813, 37.8014 ], [ -122.468851, 37.801544 ], [ -122.468875, 37.801627 ], [ -122.468896, 37.801712 ], [ -122.468909, 37.80178 ], [ -122.468914, 37.801847 ], [ -122.468915, 37.801914 ], [ -122.468914, 37.801947 ], [ -122.468913, 37.801972 ], [ -122.468908, 37.80202 ], [ -122.468903, 37.802069 ], [ -122.468899, 37.802096 ], [ -122.468885, 37.802178 ], [ -122.468883, 37.802228 ], [ -122.468888, 37.802275 ], [ -122.468902, 37.802323 ], [ -122.468919, 37.802373 ], [ -122.468932, 37.80242 ], [ -122.468937, 37.802465 ], [ -122.468936, 37.802512 ], [ -122.468928, 37.802553 ], [ -122.468894, 37.802708 ], [ -122.468882, 37.802778 ], [ -122.468875, 37.802845 ], [ -122.468872, 37.802905 ], [ -122.468874, 37.802961 ], [ -122.468881, 37.803014 ], [ -122.4689, 37.803095 ], [ -122.468918, 37.803168 ], [ -122.468938, 37.803233 ], [ -122.468961, 37.803295 ], [ -122.468983, 37.803345 ], [ -122.468999, 37.803378 ], [ -122.469008, 37.803397 ], [ -122.469028, 37.803448 ], [ -122.469104, 37.803735 ], [ -122.469121, 37.803791 ], [ -122.469142, 37.803847 ], [ -122.469176, 37.803911 ], [ -122.469217, 37.803972 ], [ -122.469259, 37.804025 ], [ -122.469309, 37.804077 ], [ -122.469364, 37.804128 ], [ -122.469372, 37.804134 ], [ -122.469429, 37.804173 ], [ -122.469497, 37.804212 ], [ -122.469568, 37.804247 ], [ -122.469644, 37.804287 ], [ -122.469703, 37.804329 ], [ -122.469756, 37.804376 ], [ -122.469805, 37.804435 ], [ -122.469844, 37.804489 ], [ -122.469877, 37.804543 ], [ -122.469901, 37.804594 ], [ -122.469916, 37.804642 ], [ -122.469923, 37.804689 ], [ -122.46993, 37.804741 ], [ -122.469932, 37.804781 ], [ -122.469928, 37.804806 ], [ -122.469921, 37.804835 ], [ -122.469881, 37.804872 ], [ -122.469852, 37.804903 ], [ -122.46983, 37.804928 ], [ -122.469822, 37.804941 ], [ -122.469815, 37.80496 ], [ -122.469809, 37.804988 ], [ -122.469806, 37.805023 ], [ -122.469806, 37.805093 ], [ -122.469805, 37.805174 ], [ -122.469808, 37.805266 ], [ -122.469814, 37.80535 ], [ -122.469821, 37.805424 ], [ -122.469834, 37.805495 ], [ -122.469849, 37.805567 ], [ -122.469868, 37.805637 ], [ -122.46989, 37.805704 ], [ -122.469906, 37.80575 ], [ -122.469926, 37.805794 ], [ -122.469956, 37.805832 ], [ -122.469982, 37.805866 ] ] } },
{ "type": "Feature", "properties": { "cls": "painted", "highway": "tertiary", "name": "Lincoln Boulevard" }, "geometry": { "type": "LineString", "coordinates": [ [ -122.46914, 37.803493 ], [ -122.469181, 37.803591 ], [ -122.46922, 37.80371 ], [ -122.469256, 37.803806 ], [ -122.46929, 37.803878 ], [ -122.46932, 37.803933 ], [ -122.469362, 37.803986 ], [ -122.46942, 37.804038 ], [ -122.469489, 37.804091 ], [ -122.469569, 37.804144 ], [ -122.469704, 37.804226 ], [ -122.469786, 37.804287 ], [ -122.46985, 37.804352 ], [ -122.4699, 37.804418 ], [ -122.469949, 37.804492 ], [ -122.469983, 37.804565 ], [ -122.470005, 37.804636 ] ] } },
{ "type": "Feature", "properties": { "cls": "painted", "highway": "tertiary", "name": "Lincoln Boulevard" }, "geometry": { "type": "LineString", "coordinates": [ [ -122.470005, 37.804636 ], [ -122.47001, 37.804706 ], [ -122.469998, 37.804786 ], [ -122.469976, 37.804853 ], [ -122.469955, 37.804903 ] ] } },
{ "type": "Feature", "properties": { "cls": "painted", "highway": "tertiary", "name": "Lincoln Boulevard" }, "geometry": { "type": "LineString", "coordinates": [ [ -122.469955, 37.804903 ], [ -122.469919, 37.804994 ] ] } },
{ "type": "Feature", "properties": { "cls": "painted", "highway": "tertiary", "name": "Lincoln Boulevard" }, "geometry": { "type": "LineString", "coordinates": [ [ -122.469919, 37.804994 ], [ -122.469895, 37.805084 ], [ -122.469885, 37.805173 ], [ -122.469885, 37.805261 ], [ -122.46989, 37.805347 ], [ -122.469902, 37.805438 ], [ -122.469917, 37.805515 ], [ -122.469941, 37.805593 ], [ -122.469969, 37.805661 ], [ -122.470002, 37.805725 ], [ -122.470045, 37.805794 ], [ -122.470106, 37.805867 ] ] } },
{ "type": "Feature", "properties": { "cls": "painted", "highway": "tertiary", "name": "Lincoln Boulevard" }, "geometry": { "type": "LineString", "coordinates": [ [ -122.473762, 37.80663 ], [ -122.473938, 37.806578 ], [ -122.474083, 37.806525 ], [ -122.474273, 37.806424 ], [ -122.474742, 37.806116 ], [ -122.47489, 37.806015 ], [ -122.474973, 37.805955 ], [ -122.475055, 37.805882 ], [ -122.475126, 37.805807 ], [ -122.475201, 37.805723 ], [ -122.475268, 37.805641 ], [ -122.475339, 37.805552 ], [ -122.475402, 37.805466 ], [ -122.475466, 37.805355 ], [ -122.47552, 37.805238 ], [ -122.475568, 37.805099 ], [ -122.475601, 37.80496 ], [ -122.475619, 37.804847 ], [ -122.475626, 37.804782 ], [ -122.475632, 37.804718 ], [ -122.475636, 37.804654 ], [ -122.475641, 37.804516 ], [ -122.475647, 37.804415 ] ] } },
{ "type": "Feature", "properties": { "cls": "shared", "highway": "cycleway", "name": "Incinerator Road" }, "geometry": { "type": "LineString", "coordinates": [ [ -122.465909, 37.800896 ], [ -122.465871, 37.801438 ], [ -122.465883, 37.801483 ], [ -122.465841, 37.80149 ], [ -122.465779, 37.801506 ], [ -122.465699, 37.80155 ], [ -122.465661, 37.801578 ], [ -122.465598, 37.801635 ], [ -122.46558, 37.801669 ], [ -122.465573, 37.801694 ], [ -122.46556, 37.801734 ], [ -122.465564, 37.801786 ], [ -122.465578, 37.801842 ] ] } },
{ "type": "Feature", "properties": { "cls": "painted", "highway": "tertiary", "name": "Lincoln Boulevard" }, "geometry": { "type": "LineString", "coordinates": [ [ -122.469145, 37.800965 ], [ -122.469167, 37.800995 ], [ -122.469183, 37.801026 ], [ -122.469189, 37.801053 ], [ -122.469192, 37.801084 ], [ -122.46919, 37.801099 ], [ -122.469128, 37.801599 ], [ -122.469121, 37.801649 ], [ -122.469111, 37.801702 ], [ -122.469102, 37.801748 ], [ -122.469085, 37.801825 ], [ -122.469073, 37.801893 ], [ -122.469067, 37.801939 ], [ -122.469065, 37.801985 ] ] } },
{ "type": "Feature", "properties": { "cls": "shared", "highway": "cycleway", "name": null }, "geometry": { "type": "LineString", "coordinates": [ [ -122.465615, 37.801994 ], [ -122.465618, 37.802051 ], [ -122.465612, 37.802098 ], [ -122.465591, 37.802151 ], [ -122.465555, 37.802204 ], [ -122.465505, 37.802251 ], [ -122.465426, 37.802313 ], [ -122.465329, 37.802346 ], [ -122.465213, 37.80238 ], [ -122.465058, 37.802404 ], [ -122.464835, 37.802407 ], [ -122.464687, 37.802409 ], [ -122.464602, 37.802406 ], [ -122.464531, 37.802398 ], [ -122.464468, 37.802389 ], [ -122.464045, 37.802304 ], [ -122.463982, 37.802296 ], [ -122.463924, 37.802295 ], [ -122.463847, 37.802313 ], [ -122.463767, 37.802347 ], [ -122.463676, 37.802378 ], [ -122.463604, 37.802392 ], [ -122.463548, 37.802397 ], [ -122.463404, 37.802392 ], [ -122.463202, 37.802357 ], [ -122.463032, 37.802324 ], [ -122.462749, 37.802271 ], [ -122.462507, 37.802226 ], [ -122.462355, 37.802189 ], [ -122.462255, 37.802156 ], [ -122.462202, 37.802124 ], [ -122.462163, 37.802075 ], [ -122.462154, 37.80203 ], [ -122.462138, 37.801972 ], [ -122.462107, 37.801919 ], [ -122.462089, 37.801881 ], [ -122.462049, 37.801835 ], [ -122.461994, 37.801795 ], [ -122.461862, 37.801714 ], [ -122.461808, 37.801681 ], [ -122.46176, 37.801643 ], [ -122.461725, 37.801602 ], [ -122.46165, 37.801484 ], [ -122.461619, 37.801451 ], [ -122.461573, 37.801407 ], [ -122.461517, 37.80138 ], [ -122.461432, 37.801341 ] ] } },
{ "type": "Feature", "properties": { "cls": "shared", "highway": "cycleway", "name": "Incinerator Road" }, "geometry": { "type": "LineString", "coordinates": [ [ -122.465578, 37.801842 ], [ -122.465597, 37.801916 ], [ -122.465615, 37.801994 ] ] } },
{ "type": "Feature", "properties": { "cls": "painted", "highway": "tertiary", "name": "Lincoln Boulevard" }, "geometry": { "type": "LineString", "coordinates": [ [ -122.469065, 37.801985 ], [ -122.469064, 37.802081 ], [ -122.469065, 37.802183 ], [ -122.469066, 37.802271 ], [ -122.469063, 37.802372 ], [ -122.469047, 37.802464 ], [ -122.469025, 37.802552 ], [ -122.468991, 37.802668 ], [ -122.468968, 37.802763 ], [ -122.468955, 37.802874 ], [ -122.468958, 37.802974 ], [ -122.468974, 37.803079 ], [ -122.469002, 37.803184 ], [ -122.469042, 37.80329 ], [ -122.469088, 37.803389 ], [ -122.46914, 37.803493 ] ] } },
{ "type": "Feature", "properties": { "cls": "painted", "highway": "tertiary", "name": "Mason Street" }, "geometry": { "type": "LineString", "coordinates": [ [ -122.462162, 37.802977 ], [ -122.461226, 37.802873 ], [ -122.461164, 37.80287 ], [ -122.461096, 37.802874 ], [ -122.460972, 37.80288 ] ] } },
{ "type": "Feature", "properties": { "cls": "painted", "highway": "tertiary", "name": "Mason Street" }, "geometry": { "type": "LineString", "coordinates": [ [ -122.46708, 37.803597 ], [ -122.466463, 37.803497 ], [ -122.465873, 37.803402 ], [ -122.465754, 37.803384 ], [ -122.465632, 37.803369 ], [ -122.4655, 37.803354 ], [ -122.465169, 37.803316 ], [ -122.464479, 37.803237 ], [ -122.46235, 37.802999 ], [ -122.462162, 37.802977 ] ] } },
{ "type": "Feature", "properties": { "cls": "separated", "highway": "cycleway", "name": "Crissy Field Avenue" }, "geometry": { "type": "LineString", "coordinates": [ [ -122.467653, 37.803364 ], [ -122.467711, 37.803396 ], [ -122.467791, 37.803446 ], [ -122.467906, 37.803491 ], [ -122.467954, 37.803524 ] ] } },
{ "type": "Feature", "properties": { "cls": "separated", "highway": "cycleway", "name": null }, "geometry": { "type": "LineString", "coordinates": [ [ -122.467836, 37.803541 ], [ -122.467861, 37.803532 ], [ -122.467905, 37.803527 ], [ -122.467954, 37.803524 ] ] } },
{ "type": "Feature", "properties": { "cls": "painted", "highway": "tertiary", "name": "Mason Street" }, "geometry": { "type": "LineString", "coordinates": [ [ -122.46726, 37.803626 ], [ -122.46708, 37.803597 ] ] } },
{ "type": "Feature", "properties": { "cls": "sharrow", "highway": "unclassified", "name": "Gorgas Avenue" }, "geometry": { "type": "LineString", "coordinates": [ [ -122.448053, 37.80095 ], [ -122.448114, 37.800892 ], [ -122.448185, 37.800826 ], [ -122.448234, 37.800795 ], [ -122.44828, 37.800777 ], [ -122.448324, 37.80077 ], [ -122.448404, 37.800779 ], [ -122.448507, 37.800807 ] ] } },
{ "type": "Feature", "properties": { "cls": "painted", "highway": "unclassified", "name": "Gorgas Avenue" }, "geometry": { "type": "LineString", "coordinates": [ [ -122.448507, 37.800807 ], [ -122.448664, 37.800904 ], [ -122.448927, 37.801063 ] ] } },
{ "type": "Feature", "properties": { "cls": "sharrow", "highway": "unclassified", "name": "Gorgas Avenue" }, "geometry": { "type": "LineString", "coordinates": [ [ -122.448927, 37.801063 ], [ -122.449013, 37.801114 ], [ -122.449058, 37.801141 ], [ -122.449157, 37.801201 ], [ -122.449354, 37.801312 ], [ -122.449481, 37.801366 ], [ -122.449652, 37.801431 ], [ -122.449928, 37.801546 ] ] } },
{ "type": "Feature", "properties": { "cls": "sharrow", "highway": "unclassified", "name": "Gorgas Avenue" }, "geometry": { "type": "LineString", "coordinates": [ [ -122.449928, 37.801546 ], [ -122.449988, 37.801577 ], [ -122.450518, 37.801935 ], [ -122.451101, 37.802322 ], [ -122.451172, 37.802369 ] ] } },
{ "type": "Feature", "properties": { "cls": "painted", "highway": "secondary", "name": "Girard Road" }, "geometry": { "type": "LineString", "coordinates": [ [ -122.450207, 37.80401 ], [ -122.450418, 37.803933 ], [ -122.450595, 37.803866 ], [ -122.450789, 37.803786 ], [ -122.450974, 37.803692 ] ] } },
{ "type": "Feature", "properties": { "cls": "painted", "highway": "secondary", "name": "Girard Road" }, "geometry": { "type": "LineString", "coordinates": [ [ -122.450873, 37.803612 ], [ -122.450804, 37.803646 ], [ -122.450733, 37.803681 ], [ -122.450661, 37.803714 ], [ -122.45059, 37.803746 ], [ -122.450519, 37.803778 ], [ -122.450446, 37.803809 ], [ -122.450373, 37.803839 ], [ -122.4503, 37.803868 ], [ -122.450226, 37.803897 ], [ -122.450154, 37.803925 ], [ -122.450078, 37.803953 ], [ -122.450003, 37.803979 ], [ -122.449928, 37.804004 ], [ -122.449858, 37.804027 ], [ -122.449747, 37.804062 ], [ -122.449171, 37.804246 ] ] } },
{ "type": "Feature", "properties": { "cls": "painted", "highway": "secondary", "name": "Girard Road" }, "geometry": { "type": "LineString", "coordinates": [ [ -122.448972, 37.80439 ], [ -122.449036, 37.804366 ], [ -122.449052, 37.804361 ], [ -122.449112, 37.804341 ], [ -122.44919, 37.804318 ], [ -122.449267, 37.804297 ], [ -122.449421, 37.804255 ], [ -122.449578, 37.804212 ], [ -122.449731, 37.804168 ], [ -122.449885, 37.804121 ], [ -122.450047, 37.804069 ], [ -122.450207, 37.80401 ] ] } },
{ "type": "Feature", "properties": { "cls": "separated", "highway": "cycleway", "name": null }, "geometry": { "type": "LineString", "coordinates": [ [ -122.448715, 37.805061 ], [ -122.449141, 37.804962 ], [ -122.44926, 37.804939 ], [ -122.449373, 37.804918 ], [ -122.449481, 37.804899 ], [ -122.449586, 37.804882 ], [ -122.449694, 37.804865 ], [ -122.449798, 37.804849 ], [ -122.44999, 37.804823 ], [ -122.45018, 37.804797 ], [ -122.450952, 37.804701 ], [ -122.452183, 37.804543 ], [ -122.452553, 37.804496 ], [ -122.453095, 37.804424 ] ] } },
{ "type": "Feature", "properties": { "cls": "separated", "highway": "cycleway", "name": null }, "geometry": { "type": "LineString", "coordinates": [ [ -122.44851, 37.805106 ], [ -122.448545, 37.805097 ], [ -122.448715, 37.805061 ] ] } },
{ "type": "Feature", "properties": { "cls": "painted", "highway": "tertiary", "name": "Girard Road" }, "geometry": { "type": "LineString", "coordinates": [ [ -122.452289, 37.802802 ], [ -122.452401, 37.802696 ], [ -122.452528, 37.802567 ] ] } },
{ "type": "Feature", "properties": { "cls": "painted", "highway": "tertiary", "name": "Girard Road" }, "geometry": { "type": "LineString", "coordinates": [ [ -122.451804, 37.803185 ], [ -122.451948, 37.803081 ], [ -122.452062, 37.802995 ], [ -122.452142, 37.802923 ], [ -122.452155, 37.802912 ], [ -122.452289, 37.802802 ] ] } },
{ "type": "Feature", "properties": { "cls": "painted", "highway": "secondary", "name": "Girard Road" }, "geometry": { "type": "LineString", "coordinates": [ [ -122.452157, 37.802768 ], [ -122.452039, 37.802863 ], [ -122.451908, 37.802964 ], [ -122.451746, 37.803083 ], [ -122.451594, 37.803188 ], [ -122.451437, 37.803293 ] ] } },
{ "type": "Feature", "properties": { "cls": "painted", "highway": "tertiary", "name": "Halleck Street" }, "geometry": { "type": "LineString", "coordinates": [ [ -122.4546, 37.802174 ], [ -122.454576, 37.802231 ], [ -122.454203, 37.803821 ], [ -122.454194, 37.803861 ], [ -122.454187, 37.803899 ], [ -122.454184, 37.803936 ], [ -122.454184, 37.803974 ], [ -122.454186, 37.804011 ], [ -122.454192, 37.804049 ], [ -122.454198, 37.804085 ], [ -122.454209, 37.804139 ], [ -122.454226, 37.804217 ] ] } },
{ "type": "Feature", "properties": { "cls": "painted", "highway": "tertiary", "name": "Girard Road" }, "geometry": { "type": "LineString", "coordinates": [ [ -122.451418, 37.803444 ], [ -122.451469, 37.803413 ], [ -122.451638, 37.803299 ], [ -122.451804, 37.803185 ] ] } },
{ "type": "Feature", "properties": { "cls": "painted", "highway": "secondary", "name": "Girard Road" }, "geometry": { "type": "LineString", "coordinates": [ [ -122.451437, 37.803293 ], [ -122.45132, 37.803367 ], [ -122.451225, 37.803423 ], [ -122.451208, 37.803433 ], [ -122.451182, 37.803446 ] ] } },
{ "type": "Feature", "properties": { "cls": "painted", "highway": "secondary", "name": "Girard Road" }, "geometry": { "type": "LineString", "coordinates": [ [ -122.451182, 37.803446 ], [ -122.451061, 37.803513 ], [ -122.450944, 37.803577 ], [ -122.450873, 37.803612 ] ] } },
{ "type": "Feature", "properties": { "cls": "painted", "highway": "tertiary", "name": "Girard Road" }, "geometry": { "type": "LineString", "coordinates": [ [ -122.450974, 37.803692 ], [ -122.451135, 37.803605 ], [ -122.451234, 37.803549 ], [ -122.451305, 37.803509 ], [ -122.451418, 37.803444 ] ] } },
{ "type": "Feature", "properties": { "cls": "sharrow", "highway": "tertiary", "name": "Mason Street" }, "geometry": { "type": "LineString", "coordinates": [ [ -122.454226, 37.804217 ], [ -122.454122, 37.804226 ], [ -122.453974, 37.804244 ], [ -122.453858, 37.804259 ] ] } },
{ "type": "Feature", "properties": { "cls": "separated", "highway": "cycleway", "name": null }, "geometry": { "type": "LineString", "coordinates": [ [ -122.4544, 37.804264 ], [ -122.454703, 37.804218 ] ] } },
{ "type": "Feature", "properties": { "cls": "painted", "highway": "unclassified", "name": "Lincoln Boulevard" }, "geometry": { "type": "LineString", "coordinates": [ [ -122.458371, 37.80214 ], [ -122.458416, 37.802137 ], [ -122.458466, 37.802121 ], [ -122.458515, 37.802095 ], [ -122.458618, 37.802042 ] ] } },
{ "type": "Feature", "properties": { "cls": "shared", "highway": "cycleway", "name": null }, "geometry": { "type": "LineString", "coordinates": [ [ -122.458024, 37.802325 ], [ -122.457996, 37.802322 ], [ -122.457968, 37.802319 ], [ -122.45778, 37.802238 ], [ -122.457659, 37.802183 ], [ -122.45745, 37.802093 ], [ -122.457428, 37.802081 ], [ -122.457413, 37.802062 ], [ -122.457408, 37.802044 ], [ -122.457415, 37.802016 ], [ -122.457426, 37.801991 ], [ -122.457457, 37.801928 ] ] } },
{ "type": "Feature", "properties": { "cls": "shared", "highway": "cycleway", "name": null }, "geometry": { "type": "LineString", "coordinates": [ [ -122.458726, 37.802074 ], [ -122.458405, 37.802196 ], [ -122.458024, 37.802325 ] ] } },
{ "type": "Feature", "properties": { "cls": "painted", "highway": "tertiary", "name": "Mason Street" }, "geometry": { "type": "LineString", "coordinates": [ [ -122.460972, 37.80288 ], [ -122.460874, 37.802902 ], [ -122.460776, 37.80293 ], [ -122.460676, 37.802972 ], [ -122.460588, 37.803017 ], [ -122.460515, 37.803069 ], [ -122.460438, 37.803133 ], [ -122.460269, 37.803268 ], [ -122.460233, 37.803296 ], [ -122.460198, 37.803322 ], [ -122.460133, 37.803365 ], [ -122.460089, 37.803393 ], [ -122.459978, 37.803443 ], [ -122.459876, 37.803479 ], [ -122.459772, 37.803504 ] ] } },
{ "type": "Feature", "properties": { "cls": "painted", "highway": "tertiary", "name": "Mason Street" }, "geometry": { "type": "LineString", "coordinates": [ [ -122.459772, 37.803504 ], [ -122.459662, 37.803522 ], [ -122.458921, 37.803613 ] ] } },
{ "type": "Feature", "properties": { "cls": "separated", "highway": "cycleway", "name": null }, "geometry": { "type": "LineString", "coordinates": [ [ -122.454703, 37.804218 ], [ -122.455919, 37.804068 ], [ -122.457567, 37.803858 ], [ -122.458666, 37.80371 ], [ -122.458812, 37.803692 ], [ -122.458864, 37.803689 ], [ -122.458936, 37.803688 ], [ -122.458973, 37.803685 ], [ -122.459022, 37.803676 ], [ -122.459068, 37.803663 ], [ -122.459112, 37.803653 ], [ -122.459675, 37.803582 ], [ -122.459791, 37.803564 ], [ -122.459903, 37.803536 ], [ -122.460013, 37.803498 ], [ -122.460104, 37.803457 ], [ -122.460179, 37.803416 ], [ -122.460253, 37.803369 ], [ -122.460317, 37.803319 ], [ -122.46049, 37.80317 ], [ -122.46056, 37.803116 ], [ -122.460635, 37.803067 ], [ -122.460715, 37.803025 ], [ -122.460808, 37.802987 ], [ -122.460896, 37.80296 ], [ -122.460979, 37.802947 ], [ -122.461056, 37.802935 ], [ -122.461104, 37.80293 ], [ -122.461159, 37.802929 ], [ -122.461208, 37.802933 ], [ -122.4638, 37.803223 ], [ -122.465485, 37.803415 ], [ -122.465618, 37.80343 ], [ -122.465746, 37.803446 ], [ -122.465862, 37.803463 ], [ -122.466249, 37.803525 ], [ -122.466296, 37.803536 ], [ -122.466337, 37.803548 ], [ -122.466386, 37.803561 ], [ -122.466433, 37.803569 ], [ -122.466482, 37.803572 ], [ -122.466527, 37.803573 ], [ -122.466578, 37.803579 ], [ -122.467064, 37.803658 ], [ -122.467243, 37.803687 ], [ -122.46728, 37.803694 ], [ -122.467314, 37.803704 ], [ -122.467348, 37.803717 ] ] } },
{ "type": "Feature", "properties": { "cls": "painted", "highway": "tertiary", "name": "Mason Street" }, "geometry": { "type": "LineString", "coordinates": [ [ -122.458921, 37.803613 ], [ -122.458786, 37.803627 ], [ -122.458656, 37.803641 ], [ -122.458189, 37.8037 ], [ -122.458131, 37.803709 ], [ -122.457697, 37.803779 ], [ -122.457554, 37.803798 ] ] } },
{ "type": "Feature", "properties": { "cls": "painted", "highway": "tertiary", "name": "Mason Street" }, "geometry": { "type": "LineString", "coordinates": [ [ -122.457554, 37.803798 ], [ -122.457383, 37.803819 ], [ -122.455909, 37.804008 ], [ -122.45575, 37.804028 ], [ -122.454604, 37.804177 ], [ -122.454515, 37.804188 ], [ -122.45439, 37.804204 ], [ -122.454226, 37.804217 ] ] } },
{ "type": "Feature", "properties": { "cls": "shared", "highway": "cycleway", "name": "Golden Gate Promenade" }, "geometry": { "type": "LineString", "coordinates": [ [ -122.461981, 37.804677 ], [ -122.461549, 37.804696 ], [ -122.461509, 37.804698 ], [ -122.461235, 37.804691 ], [ -122.46111, 37.804672 ], [ -122.460971, 37.804652 ], [ -122.460505, 37.804725 ], [ -122.459842, 37.804812 ], [ -122.458952, 37.804928 ], [ -122.45832, 37.805008 ], [ -122.457671, 37.80509 ], [ -122.457338, 37.805132 ], [ -122.456972, 37.805179 ], [ -122.456451, 37.805247 ], [ -122.455621, 37.805355 ], [ -122.454586, 37.805488 ], [ -122.454353, 37.80552 ] ] } },
{ "type": "Feature", "properties": { "cls": "sharrow", "highway": "tertiary", "name": "Mason Street" }, "geometry": { "type": "LineString", "coordinates": [ [ -122.453858, 37.804259 ], [ -122.453605, 37.80429 ] ] } },
{ "type": "Feature", "properties": { "cls": "separated", "highway": "cycleway", "name": null }, "geometry": { "type": "LineString", "coordinates": [ [ -122.453873, 37.804332 ], [ -122.454137, 37.804297 ], [ -122.4544, 37.804264 ] ] } },
{ "type": "Feature", "properties": { "cls": "separated", "highway": "cycleway", "name": null }, "geometry": { "type": "LineString", "coordinates": [ [ -122.453614, 37.804364 ], [ -122.453873, 37.804332 ] ] } },
{ "type": "Feature", "properties": { "cls": "separated", "highway": "cycleway", "name": null }, "geometry": { "type": "LineString", "coordinates": [ [ -122.453095, 37.804424 ], [ -122.453614, 37.804364 ] ] } },
{ "type": "Feature", "properties": { "cls": "sharrow", "highway": "tertiary", "name": "Mason Street" }, "geometry": { "type": "LineString", "coordinates": [ [ -122.453605, 37.80429 ], [ -122.452168, 37.804469 ], [ -122.452049, 37.804484 ], [ -122.450935, 37.804628 ], [ -122.450168, 37.804736 ], [ -122.450143, 37.804739 ], [ -122.449782, 37.804787 ], [ -122.44957, 37.804815 ], [ -122.449348, 37.804848 ], [ -122.449118, 37.804884 ], [ -122.44887, 37.804928 ], [ -122.448694, 37.804956 ], [ -122.448601, 37.804969 ], [ -122.448503, 37.804981 ], [ -122.448495, 37.804982 ] ] } },
{ "type": "Feature", "properties": { "cls": "shared", "highway": "cycleway", "name": null }, "geometry": { "type": "LineString", "coordinates": [ [ -122.454353, 37.80552 ], [ -122.454061, 37.805558 ] ] } },
{ "type": "Feature", "properties": { "cls": "shared", "highway": "cycleway", "name": null }, "geometry": { "type": "LineString", "coordinates": [ [ -122.454061, 37.805558 ], [ -122.453947, 37.805573 ], [ -122.453613, 37.805613 ] ] } },
{ "type": "Feature", "properties": { "cls": "shared", "highway": "cycleway", "name": null }, "geometry": { "type": "LineString", "coordinates": [ [ -122.453613, 37.805613 ], [ -122.453345, 37.80564 ], [ -122.453013, 37.805675 ], [ -122.452453, 37.805748 ] ] } },
{ "type": "Feature", "properties": { "cls": "shared", "highway": "cycleway", "name": null }, "geometry": { "type": "LineString", "coordinates": [ [ -122.453613, 37.805613 ], [ -122.453304, 37.805701 ], [ -122.452923, 37.805859 ], [ -122.452671, 37.80592 ], [ -122.452463, 37.805931 ], [ -122.452259, 37.805956 ], [ -122.452002, 37.805988 ], [ -122.451739, 37.806021 ], [ -122.451492, 37.806053 ], [ -122.451227, 37.806087 ], [ -122.450965, 37.806122 ], [ -122.450727, 37.806153 ], [ -122.450459, 37.806188 ] ] } },
{ "type": "Feature", "properties": { "cls": "shared", "highway": "cycleway", "name": null }, "geometry": { "type": "LineString", "coordinates": [ [ -122.450459, 37.806188 ], [ -122.449955, 37.806254 ], [ -122.449703, 37.806288 ], [ -122.449577, 37.806304 ], [ -122.449141, 37.806463 ], [ -122.448764, 37.80651 ], [ -122.44869, 37.806514 ] ] } },
{ "type": "Feature", "properties": { "cls": "painted", "highway": "secondary", "name": "Lincoln Boulevard" }, "geometry": { "type": "LineString", "coordinates": [ [ -122.477333, 37.801643 ], [ -122.477377, 37.801567 ], [ -122.477415, 37.801494 ], [ -122.477447, 37.801423 ], [ -122.477478, 37.801347 ], [ -122.477512, 37.801256 ], [ -122.477545, 37.801174 ], [ -122.477587, 37.801085 ], [ -122.477624, 37.801016 ], [ -122.477662, 37.800952 ], [ -122.477701, 37.800888 ], [ -122.477748, 37.800819 ], [ -122.477797, 37.800752 ] ] } },
{ "type": "Feature", "properties": { "cls": "sharrow", "highway": "service", "name": "Ralston Avenue" }, "geometry": { "type": "LineString", "coordinates": [ [ -122.47581, 37.803628 ], [ -122.475573, 37.803498 ], [ -122.475569, 37.80333 ], [ -122.475569, 37.803258 ], [ -122.475571, 37.802767 ], [ -122.475572, 37.802714 ], [ -122.475574, 37.80223 ], [ -122.475574, 37.802201 ], [ -122.475569, 37.801682 ], [ -122.475573, 37.80166 ], [ -122.475606, 37.80148 ], [ -122.475691, 37.801133 ], [ -122.475697, 37.80111 ], [ -122.475715, 37.800671 ], [ -122.475673, 37.800479 ], [ -122.475595, 37.800338 ], [ -122.475576, 37.800304 ], [ -122.475418, 37.800154 ], [ -122.47527, 37.800054 ], [ -122.474991, 37.799961 ] ] } },
{ "type": "Feature", "properties": { "cls": "painted", "highway": "secondary", "name": "Lincoln Boulevard" }, "geometry": { "type": "LineString", "coordinates": [ [ -122.475647, 37.804415 ], [ -122.475649, 37.804329 ], [ -122.475651, 37.80418 ], [ -122.475655, 37.804108 ], [ -122.475665, 37.804034 ], [ -122.475679, 37.803962 ], [ -122.475696, 37.8039 ], [ -122.475715, 37.803837 ], [ -122.475737, 37.803779 ], [ -122.475759, 37.803726 ], [ -122.475782, 37.803679 ], [ -122.47581, 37.803628 ], [ -122.475855, 37.803552 ], [ -122.4759, 37.803482 ], [ -122.475951, 37.803399 ], [ -122.476033, 37.80327 ], [ -122.476077, 37.803201 ], [ -122.476138, 37.803107 ], [ -122.4765, 37.80255 ], [ -122.476541, 37.802487 ], [ -122.476589, 37.802414 ], [ -122.476639, 37.802339 ], [ -122.476698, 37.802263 ], [ -122.476766, 37.80219 ], [ -122.47683, 37.802129 ], [ -122.476901, 37.80207 ], [ -122.476987, 37.802004 ], [ -122.477066, 37.801941 ], [ -122.47713, 37.801883 ], [ -122.47719, 37.801824 ], [ -122.477241, 37.801767 ], [ -122.477289, 37.801707 ], [ -122.477333, 37.801643 ] ] } },
{ "type": "Feature", "properties": { "cls": "painted", "highway": "secondary", "name": "Merchant Road" }, "geometry": { "type": "LineString", "coordinates": [ [ -122.475647, 37.804415 ], [ -122.475761, 37.804416 ], [ -122.475812, 37.804417 ], [ -122.475859, 37.804423 ], [ -122.475916, 37.804435 ], [ -122.475971, 37.804452 ], [ -122.476024, 37.804476 ], [ -122.476079, 37.804512 ], [ -122.476132, 37.804556 ], [ -122.47618, 37.804603 ], [ -122.476215, 37.804648 ], [ -122.476247, 37.804702 ], [ -122.476272, 37.804755 ], [ -122.476288, 37.804803 ], [ -122.4763, 37.804852 ], [ -122.476306, 37.804914 ], [ -122.476304, 37.804974 ], [ -122.476297, 37.805023 ], [ -122.476285, 37.805072 ], [ -122.476265, 37.805119 ], [ -122.476239, 37.805161 ], [ -122.476167, 37.805264 ], [ -122.475977, 37.805534 ], [ -122.475942, 37.80559 ], [ -122.475912, 37.805645 ], [ -122.475886, 37.805698 ], [ -122.475867, 37.80575 ], [ -122.475858, 37.805788 ], [ -122.475853, 37.805821 ], [ -122.475835, 37.805933 ], [ -122.475831, 37.805953 ], [ -122.475827, 37.805971 ], [ -122.475821, 37.805988 ], [ -122.475815, 37.806004 ], [ -122.475807, 37.80602 ], [ -122.475798, 37.806036 ], [ -122.475788, 37.806051 ], [ -122.475777, 37.806068 ], [ -122.475766, 37.806083 ], [ -122.475747, 37.806103 ], [ -122.475717, 37.80613 ], [ -122.475683, 37.806155 ], [ -122.475652, 37.806176 ], [ -122.47559, 37.806219 ], [ -122.475421, 37.806337 ] ] } },
{ "type": "Feature", "properties": { "cls": "separated", "highway": "cycleway", "name": null }, "geometry": { "type": "LineString", "coordinates": [ [ -122.475878, 37.807828 ], [ -122.475857, 37.807842 ], [ -122.475837, 37.807853 ], [ -122.475766, 37.80789 ], [ -122.475746, 37.807899 ], [ -122.475721, 37.807906 ], [ -122.475693, 37.807909 ], [ -122.475662, 37.807907 ], [ -122.475633, 37.807899 ], [ -122.475607, 37.80789 ], [ -122.475586, 37.807878 ], [ -122.475564, 37.807861 ], [ -122.475531, 37.807831 ], [ -122.475499, 37.807805 ], [ -122.475465, 37.807779 ], [ -122.475434, 37.807757 ], [ -122.4754, 37.807735 ], [ -122.475367, 37.807714 ], [ -122.475336, 37.807695 ], [ -122.475302, 37.807678 ], [ -122.475271, 37.807665 ], [ -122.475241, 37.807653 ] ] } },
{ "type": "Feature", "properties": { "cls": "shared", "highway": "footway", "name": null }, "geometry": { "type": "LineString", "coordinates": [ [ -122.475827, 37.807787 ], [ -122.475878, 37.807828 ] ] } },
{ "type": "Feature", "properties": { "cls": "separated", "highway": "cycleway", "name": null }, "geometry": { "type": "LineString", "coordinates": [ [ -122.475934, 37.80786 ], [ -122.475878, 37.807828 ] ] } },
{ "type": "Feature", "properties": { "cls": "separated", "highway": "cycleway", "name": null }, "geometry": { "type": "LineString", "coordinates": [ [ -122.476651, 37.808 ], [ -122.476622, 37.807967 ], [ -122.476699, 37.807929 ], [ -122.47673, 37.807915 ], [ -122.476761, 37.807896 ], [ -122.476784, 37.807874 ], [ -122.476839, 37.807809 ], [ -122.476858, 37.807797 ], [ -122.47688, 37.807792 ], [ -122.476902, 37.807796 ] ] } },
{ "type": "Feature", "properties": { "cls": "separated", "highway": "path", "name": null }, "geometry": { "type": "LineString", "coordinates": [ [ -122.4763, 37.808073 ], [ -122.476229, 37.808018 ], [ -122.476148, 37.807973 ], [ -122.476079, 37.807932 ], [ -122.476003, 37.807887 ], [ -122.475957, 37.807867 ], [ -122.475934, 37.80786 ] ] } },
{ "type": "Feature", "properties": { "cls": "separated", "highway": "cycleway", "name": null }, "geometry": { "type": "LineString", "coordinates": [ [ -122.476902, 37.807796 ], [ -122.476931, 37.807809 ], [ -122.476954, 37.80783 ], [ -122.47697, 37.807854 ], [ -122.476981, 37.807883 ], [ -122.476986, 37.807915 ], [ -122.476981, 37.807948 ], [ -122.476965, 37.807979 ], [ -122.476942, 37.808009 ], [ -122.476905, 37.808041 ], [ -122.476863, 37.808067 ], [ -122.476814, 37.808088 ], [ -122.476755, 37.808112 ], [ -122.476702, 37.808138 ], [ -122.476646, 37.808169 ], [ -122.476591, 37.808201 ], [ -122.476494, 37.808266 ], [ -122.476346, 37.808352 ] ] } },
{ "type": "Feature", "properties": { "cls": "separated", "highway": "cycleway", "name": null }, "geometry": { "type": "LineString", "coordinates": [ [ -122.467557, 37.803707 ], [ -122.467577, 37.803694 ], [ -122.467777, 37.803565 ], [ -122.467814, 37.803548 ], [ -122.467836, 37.803541 ] ] } },
{ "type": "Feature", "properties": { "cls": "sharrow", "highway": "tertiary", "name": "Mason Street" }, "geometry": { "type": "LineString", "coordinates": [ [ -122.467444, 37.803697 ], [ -122.467428, 37.803686 ], [ -122.467392, 37.803666 ], [ -122.467345, 37.803647 ], [ -122.467303, 37.803635 ], [ -122.46726, 37.803626 ] ] } },
{ "type": "Feature", "properties": { "cls": "sharrow", "highway": "residential", "name": "Mason Street" }, "geometry": { "type": "LineString", "coordinates": [ [ -122.467444, 37.803697 ], [ -122.467498, 37.803746 ] ] } },
{ "type": "Feature", "properties": { "cls": "separated", "highway": "cycleway", "name": null }, "geometry": { "type": "LineString", "coordinates": [ [ -122.467498, 37.803746 ], [ -122.467557, 37.803707 ] ] } },
{ "type": "Feature", "properties": { "cls": "separated", "highway": "cycleway", "name": null }, "geometry": { "type": "LineString", "coordinates": [ [ -122.467447, 37.803779 ], [ -122.467459, 37.803772 ], [ -122.467498, 37.803746 ] ] } },
{ "type": "Feature", "properties": { "cls": "separated", "highway": "cycleway", "name": "Crissy Field Avenue" }, "geometry": { "type": "LineString", "coordinates": [ [ -122.467954, 37.803524 ], [ -122.468022, 37.80353 ], [ -122.468087, 37.803547 ], [ -122.468306, 37.803622 ], [ -122.468401, 37.803654 ], [ -122.468568, 37.803706 ], [ -122.468632, 37.803728 ], [ -122.468682, 37.803754 ], [ -122.468726, 37.803785 ], [ -122.468765, 37.803819 ], [ -122.468802, 37.80386 ], [ -122.469106, 37.80419 ], [ -122.469153, 37.804236 ], [ -122.469198, 37.804274 ], [ -122.469254, 37.804311 ], [ -122.469317, 37.804344 ], [ -122.469458, 37.804413 ], [ -122.469522, 37.804446 ], [ -122.469588, 37.804481 ], [ -122.469645, 37.804519 ], [ -122.469695, 37.804558 ], [ -122.469736, 37.804602 ], [ -122.46977, 37.804647 ], [ -122.469799, 37.804699 ], [ -122.46982, 37.80475 ], [ -122.469835, 37.804795 ], [ -122.469846, 37.804829 ], [ -122.469858, 37.804848 ], [ -122.469869, 37.80486 ], [ -122.469881, 37.804872 ], [ -122.4699, 37.804882 ], [ -122.469927, 37.804894 ], [ -122.469955, 37.804903 ] ] } },
{ "type": "Feature", "properties": { "cls": "separated", "highway": "cycleway", "name": null }, "geometry": { "type": "LineString", "coordinates": [ [ -122.467348, 37.803717 ], [ -122.467384, 37.803739 ], [ -122.467447, 37.803779 ], [ -122.467498, 37.803823 ], [ -122.467634, 37.803953 ], [ -122.467836, 37.804181 ], [ -122.468066, 37.80449 ], [ -122.468145, 37.804615 ], [ -122.468237, 37.80478 ], [ -122.468262, 37.804826 ], [ -122.468388, 37.805099 ], [ -122.468498, 37.805355 ], [ -122.46859, 37.805617 ], [ -122.468666, 37.805875 ], [ -122.468738, 37.806163 ], [ -122.468743, 37.806248 ], [ -122.468751, 37.806319 ] ] } },
{ "type": "Feature", "properties": { "cls": "sharrow", "highway": "residential", "name": "Mason Street" }, "geometry": { "type": "LineString", "coordinates": [ [ -122.467498, 37.803746 ], [ -122.467546, 37.803791 ], [ -122.467654, 37.803897 ], [ -122.467755, 37.804003 ], [ -122.467844, 37.804101 ], [ -122.467913, 37.804181 ], [ -122.467976, 37.804262 ], [ -122.468041, 37.804351 ], [ -122.468098, 37.804434 ], [ -122.468156, 37.804525 ], [ -122.468224, 37.804639 ], [ -122.468292, 37.80476 ], [ -122.468324, 37.804819 ], [ -122.468389, 37.804943 ], [ -122.468446, 37.805064 ], [ -122.468501, 37.805186 ], [ -122.468549, 37.805304 ], [ -122.468576, 37.805375 ], [ -122.468595, 37.805422 ], [ -122.468616, 37.805493 ], [ -122.468633, 37.805546 ], [ -122.468673, 37.805668 ], [ -122.468711, 37.805797 ], [ -122.468719, 37.805828 ], [ -122.468819, 37.806214 ], [ -122.46883, 37.806246 ], [ -122.468845, 37.806273 ], [ -122.468866, 37.806296 ], [ -122.468894, 37.806319 ], [ -122.468932, 37.806336 ], [ -122.468974, 37.806345 ], [ -122.469016, 37.806347 ], [ -122.469108, 37.806339 ] ] } },
{ "type": "Feature", "properties": { "cls": "shared", "highway": "cycleway", "name": "Golden Gate Promenade" }, "geometry": { "type": "LineString", "coordinates": [ [ -122.461981, 37.804677 ], [ -122.462753, 37.804631 ], [ -122.463157, 37.804607 ], [ -122.463544, 37.804593 ], [ -122.463638, 37.804591 ], [ -122.464368, 37.804584 ], [ -122.464995, 37.804628 ], [ -122.465183, 37.804638 ], [ -122.465928, 37.80477 ], [ -122.466728, 37.804937 ], [ -122.466999, 37.805099 ], [ -122.467208, 37.805226 ], [ -122.467435, 37.805364 ], [ -122.467749, 37.805576 ], [ -122.467789, 37.805602 ], [ -122.468282, 37.80594 ], [ -122.468751, 37.806319 ] ] } },
{ "type": "Feature", "properties": { "cls": "shared", "highway": "cycleway", "name": "Presidio Promenade" }, "geometry": { "type": "LineString", "coordinates": [ [ -122.469982, 37.805866 ], [ -122.470036, 37.805912 ] ] } },
{ "type": "Feature", "properties": { "cls": "painted", "highway": "tertiary", "name": "Lincoln Boulevard" }, "geometry": { "type": "LineString", "coordinates": [ [ -122.470106, 37.805867 ], [ -122.470157, 37.805913 ], [ -122.470204, 37.805947 ] ] } },
{ "type": "Feature", "properties": { "cls": "shared", "highway": "cycleway", "name": "Presidio Promenade" }, "geometry": { "type": "LineString", "coordinates": [ [ -122.470036, 37.805912 ], [ -122.470096, 37.805973 ] ] } },
{ "type": "Feature", "properties": { "cls": "painted", "highway": "tertiary", "name": "Lincoln Boulevard" }, "geometry": { "type": "LineString", "coordinates": [ [ -122.470204, 37.805947 ], [ -122.470282, 37.805989 ], [ -122.470387, 37.806037 ] ] } },
{ "type": "Feature", "properties": { "cls": "painted", "highway": "tertiary", "name": "Lincoln Boulevard" }, "geometry": { "type": "LineString", "coordinates": [ [ -122.470387, 37.806037 ], [ -122.47046, 37.806064 ], [ -122.470565, 37.8061 ], [ -122.470674, 37.806134 ], [ -122.471112, 37.80627 ], [ -122.471196, 37.806298 ], [ -122.471285, 37.806329 ], [ -122.471365, 37.806362 ], [ -122.47144, 37.806396 ], [ -122.47153, 37.806444 ], [ -122.471623, 37.806498 ], [ -122.471704, 37.806548 ], [ -122.471783, 37.806597 ], [ -122.471797, 37.806607 ], [ -122.471854, 37.806642 ], [ -122.471893, 37.806666 ], [ -122.472062, 37.80677 ], [ -122.472139, 37.806815 ], [ -122.472226, 37.806856 ], [ -122.472317, 37.806889 ], [ -122.472399, 37.806912 ] ] } },
{ "type": "Feature", "properties": { "cls": "painted", "highway": "tertiary", "name": "Lincoln Boulevard" }, "geometry": { "type": "LineString", "coordinates": [ [ -122.473451, 37.80671 ], [ -122.473521, 37.806692 ], [ -122.473762, 37.80663 ] ] } },
{ "type": "Feature", "properties": { "cls": "painted", "highway": "tertiary", "name": "Lincoln Boulevard" }, "geometry": { "type": "LineString", "coordinates": [ [ -122.473161, 37.806787 ], [ -122.473386, 37.806727 ], [ -122.473451, 37.80671 ] ] } },
{ "type": "Feature", "properties": { "cls": "painted", "highway": "tertiary", "name": "Lincoln Boulevard" }, "geometry": { "type": "LineString", "coordinates": [ [ -122.472936, 37.806853 ], [ -122.473161, 37.806787 ] ] } },
{ "type": "Feature", "properties": { "cls": "painted", "highway": "tertiary", "name": "Lincoln Boulevard" }, "geometry": { "type": "LineString", "coordinates": [ [ -122.472399, 37.806912 ], [ -122.472487, 37.806922 ], [ -122.472573, 37.80692 ], [ -122.472668, 37.80691 ], [ -122.472784, 37.806892 ], [ -122.472936, 37.806853 ] ] } },
{ "type": "Feature", "properties": { "cls": "separated", "highway": "cycleway", "name": "Presidio Promenade" }, "geometry": { "type": "LineString", "coordinates": [ [ -122.470096, 37.805973 ], [ -122.470111, 37.80599 ], [ -122.470133, 37.806013 ], [ -122.470158, 37.806032 ], [ -122.470193, 37.80605 ], [ -122.470396, 37.806145 ], [ -122.471081, 37.806468 ], [ -122.471149, 37.806502 ], [ -122.471216, 37.806538 ], [ -122.471277, 37.806579 ], [ -122.471328, 37.806619 ], [ -122.471369, 37.806656 ], [ -122.471407, 37.806706 ], [ -122.471432, 37.806751 ], [ -122.471451, 37.806798 ], [ -122.471467, 37.806849 ], [ -122.471487, 37.806901 ], [ -122.47151, 37.806948 ], [ -122.471541, 37.806996 ], [ -122.471578, 37.80704 ], [ -122.471619, 37.807083 ], [ -122.471672, 37.807126 ], [ -122.471746, 37.807181 ], [ -122.472311, 37.807551 ], [ -122.472474, 37.807657 ], [ -122.472582, 37.807718 ], [ -122.472696, 37.80777 ], [ -122.472739, 37.80779 ], [ -122.472807, 37.807812 ], [ -122.472882, 37.807822 ], [ -122.472946, 37.807823 ], [ -122.472987, 37.807817 ], [ -122.473021, 37.807811 ], [ -122.473056, 37.807799 ], [ -122.47317, 37.807754 ], [ -122.473224, 37.807732 ], [ -122.473263, 37.807717 ], [ -122.473304, 37.807708 ], [ -122.473355, 37.807703 ], [ -122.473407, 37.807708 ], [ -122.473458, 37.807719 ] ] } },
{ "type": "Feature", "properties": { "cls": "separated", "highway": "cycleway", "name": "Battery East Road" }, "geometry": { "type": "LineString", "coordinates": [ [ -122.472646, 37.807121 ], [ -122.472453, 37.806988 ], [ -122.472431, 37.806974 ], [ -122.47241, 37.806959 ], [ -122.472399, 37.806912 ] ] } },
{ "type": "Feature", "properties": { "cls": "shared", "highway": "cycleway", "name": null }, "geometry": { "type": "LineString", "coordinates": [ [ -122.470383, 37.808304 ], [ -122.470118, 37.808138 ], [ -122.469827, 37.807914 ], [ -122.469589, 37.807691 ], [ -122.469314, 37.807392 ], [ -122.469089, 37.807073 ], [ -122.469002, 37.806923 ], [ -122.468908, 37.806747 ], [ -122.468763, 37.8064 ], [ -122.468751, 37.806319 ] ] } },
{ "type": "Feature", "properties": { "cls": "separated", "highway": "cycleway", "name": "Battery East Road" }, "geometry": { "type": "LineString", "coordinates": [ [ -122.473458, 37.807719 ], [ -122.473414, 37.807685 ], [ -122.473353, 37.807639 ], [ -122.473189, 37.807501 ], [ -122.473117, 37.807442 ], [ -122.473036, 37.807378 ], [ -122.472888, 37.807273 ], [ -122.472812, 37.807229 ], [ -122.472731, 37.807178 ], [ -122.472646, 37.807121 ] ] } },
{ "type": "Feature", "properties": { "cls": "separated", "highway": "cycleway", "name": null }, "geometry": { "type": "LineString", "coordinates": [ [ -122.475241, 37.807653 ], [ -122.475214, 37.807644 ] ] } },
{ "type": "Feature", "properties": { "cls": "separated", "highway": "cycleway", "name": "Battery East Road" }, "geometry": { "type": "LineString", "coordinates": [ [ -122.475191, 37.808226 ], [ -122.475164, 37.808213 ], [ -122.475132, 37.808202 ], [ -122.475097, 37.808197 ], [ -122.47484, 37.808184 ], [ -122.474789, 37.80818 ], [ -122.474738, 37.808172 ], [ -122.474682, 37.808157 ], [ -122.47462, 37.808137 ], [ -122.474535, 37.808111 ], [ -122.474457, 37.808088 ], [ -122.474358, 37.80806 ], [ -122.474266, 37.808037 ], [ -122.474175, 37.808015 ], [ -122.474084, 37.807994 ], [ -122.473989, 37.807968 ], [ -122.473915, 37.807944 ], [ -122.473842, 37.807917 ], [ -122.473759, 37.80788 ], [ -122.473685, 37.807844 ], [ -122.473585, 37.807793 ], [ -122.473522, 37.807759 ], [ -122.473458, 37.807719 ] ] } },
{ "type": "Feature", "properties": { "cls": "separated", "highway": "cycleway", "name": "Battery East Road" }, "geometry": { "type": "LineString", "coordinates": [ [ -122.475326, 37.808431 ], [ -122.475314, 37.808392 ], [ -122.475305, 37.808364 ], [ -122.475282, 37.80832 ], [ -122.475261, 37.80829 ], [ -122.475231, 37.808256 ], [ -122.475191, 37.808226 ] ] } },
{ "type": "Feature", "properties": { "cls": "shared", "highway": "cycleway", "name": null }, "geometry": { "type": "LineString", "coordinates": [ [ -122.470762, 37.808511 ], [ -122.47068, 37.808469 ], [ -122.470496, 37.808375 ], [ -122.470383, 37.808304 ] ] } },
{ "type": "Feature", "properties": { "cls": "shared", "highway": "cycleway", "name": null }, "geometry": { "type": "LineString", "coordinates": [ [ -122.470762, 37.808511 ], [ -122.470845, 37.808552 ], [ -122.47096, 37.808595 ], [ -122.47111, 37.808643 ], [ -122.47129, 37.808705 ], [ -122.471476, 37.808742 ], [ -122.471553, 37.808749 ] ] } },
{ "type": "Feature", "properties": { "cls": "shared", "highway": "cycleway", "name": null }, "geometry": { "type": "LineString", "coordinates": [ [ -122.471553, 37.808749 ], [ -122.471712, 37.808762 ], [ -122.471879, 37.80877 ], [ -122.471955, 37.808744 ] ] } },
{ "type": "Feature", "properties": { "cls": "separated", "highway": "path", "name": null }, "geometry": { "type": "LineString", "coordinates": [ [ -122.476341, 37.808107 ], [ -122.4763, 37.808073 ] ] } },
{ "type": "Feature", "properties": { "cls": "separated", "highway": "cycleway", "name": null }, "geometry": { "type": "LineString", "coordinates": [ [ -122.476341, 37.808107 ], [ -122.476408, 37.808167 ] ] } },
{ "type": "Feature", "properties": { "cls": "separated", "highway": "cycleway", "name": null }, "geometry": { "type": "LineString", "coordinates": [ [ -122.476274, 37.808172 ], [ -122.476341, 37.808107 ] ] } },
{ "type": "Feature", "properties": { "cls": "separated", "highway": "cycleway", "name": null }, "geometry": { "type": "LineString", "coordinates": [ [ -122.476346, 37.808352 ], [ -122.476306, 37.808353 ], [ -122.476273, 37.808357 ], [ -122.476206, 37.808375 ], [ -122.476146, 37.808395 ], [ -122.476089, 37.808416 ], [ -122.476028, 37.808444 ], [ -122.476002, 37.808455 ], [ -122.475974, 37.808459 ], [ -122.475947, 37.808455 ], [ -122.475922, 37.808444 ], [ -122.475904, 37.808428 ], [ -122.475894, 37.808408 ], [ -122.475892, 37.808387 ], [ -122.475899, 37.808366 ], [ -122.475911, 37.808351 ], [ -122.475928, 37.808341 ], [ -122.475951, 37.808335 ], [ -122.476003, 37.808324 ], [ -122.476056, 37.808311 ], [ -122.476106, 37.808293 ], [ -122.476153, 37.80827 ], [ -122.476188, 37.808249 ], [ -122.47622, 37.808225 ], [ -122.476248, 37.8082 ], [ -122.476274, 37.808172 ] ] } },
{ "type": "Feature", "properties": { "cls": "separated", "highway": "cycleway", "name": null }, "geometry": { "type": "LineString", "coordinates": [ [ -122.476245, 37.808411 ], [ -122.476295, 37.808379 ], [ -122.476346, 37.808352 ] ] } },
{ "type": "Feature", "properties": { "cls": "separated", "highway": "cycleway", "name": null }, "geometry": { "type": "LineString", "coordinates": [ [ -122.475326, 37.808431 ], [ -122.475344, 37.808462 ], [ -122.475359, 37.808488 ], [ -122.475381, 37.808515 ], [ -122.475408, 37.80854 ], [ -122.475439, 37.808564 ], [ -122.475473, 37.808585 ], [ -122.47551, 37.808603 ], [ -122.475527, 37.808609 ], [ -122.475546, 37.808617 ], [ -122.475586, 37.808628 ], [ -122.475626, 37.808636 ], [ -122.475632, 37.808637 ], [ -122.475668, 37.808641 ], [ -122.475711, 37.808642 ], [ -122.475753, 37.808641 ], [ -122.475794, 37.808637 ], [ -122.475833, 37.808629 ], [ -122.475872, 37.808618 ], [ -122.475922, 37.808602 ], [ -122.475968, 37.808583 ], [ -122.476018, 37.808557 ], [ -122.47607, 37.808526 ], [ -122.476245, 37.808411 ] ] } },
{ "type": "Feature", "properties": { "cls": "shared", "highway": "cycleway", "name": "Golden Gate Bridge East Sidewalk" }, "geometry": { "type": "LineString", "coordinates": [ [ -122.476408, 37.808167 ], [ -122.476521, 37.808278 ], [ -122.476619, 37.808378 ], [ -122.476716, 37.808491 ], [ -122.476798, 37.808594 ], [ -122.476872, 37.808697 ], [ -122.476942, 37.808807 ], [ -122.477004, 37.808917 ], [ -122.477065, 37.809038 ], [ -122.477114, 37.809147 ], [ -122.47715, 37.809246 ], [ -122.477181, 37.809343 ], [ -122.477207, 37.809448 ], [ -122.477228, 37.809552 ], [ -122.477244, 37.809655 ], [ -122.477271, 37.809907 ] ] } },
{ "type": "Feature", "properties": { "cls": "shared", "highway": "cycleway", "name": "Golden Gate Bridge East Sidewalk" }, "geometry": { "type": "LineString", "coordinates": [ [ -122.477271, 37.809907 ], [ -122.477392, 37.811011 ], [ -122.477394, 37.811027 ] ] } },
{ "type": "Feature", "properties": { "cls": "separated", "highway": "cycleway", "name": "Golden Gate Bridge West Sidewalk" }, "geometry": { "type": "LineString", "coordinates": [ [ -122.477665, 37.811009 ], [ -122.477663, 37.810991 ], [ -122.477541, 37.809885 ], [ -122.477514, 37.809632 ], [ -122.477497, 37.809522 ], [ -122.477474, 37.80941 ], [ -122.477446, 37.809296 ], [ -122.477412, 37.809191 ], [ -122.477373, 37.809082 ], [ -122.477319, 37.808962 ], [ -122.477254, 37.808834 ], [ -122.477187, 37.808715 ], [ -122.477111, 37.808595 ], [ -122.477031, 37.808484 ], [ -122.476944, 37.808374 ], [ -122.476651, 37.808 ] ] } }
]
}
