{
"type": "FeatureCollection",
"name": "150-anchorage-kincaid-park",
"crs": { "type": "name", "properties": { "name": "urn:ogc:def:crs:OGC:1.3:CRS84" } },
"xy_coordinate_resolution": 1e-06,
"features": [
{ "type": "Feature", "properties": { "cls": "separated", "highway": "cycleway", "name": null }, "geometry": { "type": "LineString", "coordinates": [ [ -150.032583, 61.146476 ], [ -150.032461, 61.146433 ], [ -150.032306, 61.146364 ], [ -150.032204, 61.146346 ], [ -150.032124, 61.146324 ], [ -150.032057, 61.146269 ], [ -150.032023, 61.146225 ], [ -150.031946, 61.146174 ], [ -150.031801, 61.146167 ], [ -150.031747, 61.146227 ], [ -150.031666, 61.146308 ], [ -150.031489, 61.146336 ], [ -150.031336, 61.14631 ], [ -150.03132, 61.146305 ] ] } },
{ "type": "Feature", "properties": { "cls": "separated", "highway": "cycleway", "name": "Sand Box" }, "geometry": { "type": "LineString", "coordinates": [ [ -150.025991, 61.147181 ], [ -150.025931, 61.147142 ], [ -150.025743, 61.147014 ], [ -150.025666, 61.14688 ], [ -150.025616, 61.146631 ], [ -150.02566, 61.146543 ], [ -150.025683, 61.146495 ], [ -150.025649, 61.146456 ], [ -150.02533, 61.146399 ], [ -150.025226, 61.146306 ], [ -150.025181, 61.146203 ], [ -150.025234, 61.146132 ], [ -150.025427, 61.146071 ], [ -150.025717, 61.146107 ], [ -150.025813, 61.146094 ], [ -150.025879, 61.146058 ], [ -150.025879, 61.145926 ], [ -150.025978, 61.14582 ], [ -150.02619, 61.145832 ], [ -150.026207, 61.145752 ], [ -150.0261, 61.145704 ], [ -150.025916, 61.145626 ], [ -150.025786, 61.145581 ] ] } },
{ "type": "Feature", "properties": { "cls": "shared", "highway": "footway", "name": "Icebox" }, "geometry": { "type": "LineString", "coordinates": [ [ -150.023809, 61.146021 ], [ -150.02411, 61.145912 ], [ -150.024259, 61.14587 ], [ -150.024418, 61.145831 ], [ -150.024547, 61.145811 ], [ -150.024848, 61.145793 ], [ -150.025271, 61.145786 ], [ -150.025634, 61.145791 ], [ -150.025862, 61.1458 ], [ -150.025978, 61.14582 ], [ -150.026269, 61.145908 ], [ -150.026825, 61.146125 ], [ -150.027333, 61.146299 ], [ -150.027674, 61.146404 ], [ -150.028298, 61.146565 ], [ -150.029079, 61.146765 ], [ -150.029558, 61.146897 ], [ -150.029915, 61.14703 ], [ -150.030292, 61.147159 ], [ -150.030551, 61.147327 ] ] } },
{ "type": "Feature", "properties": { "cls": "separated", "highway": "cycleway", "name": "Lee's Train" }, "geometry": { "type": "LineString", "coordinates": [ [ -150.029751, 61.146055 ], [ -150.029907, 61.146097 ], [ -150.029988, 61.14613 ], [ -150.029987, 61.146262 ], [ -150.03006, 61.146282 ], [ -150.030138, 61.146257 ], [ -150.030183, 61.14619 ], [ -150.030192, 61.146107 ], [ -150.030231, 61.146064 ], [ -150.030327, 61.146034 ], [ -150.030467, 61.146049 ], [ -150.030581, 61.146105 ], [ -150.030591, 61.146156 ], [ -150.030449, 61.146242 ], [ -150.030233, 61.14643 ], [ -150.030088, 61.146486 ], [ -150.030085, 61.146526 ], [ -150.030176, 61.146562 ], [ -150.030304, 61.14657 ], [ -150.030408, 61.146662 ], [ -150.030533, 61.146695 ], [ -150.030678, 61.146713 ], [ -150.031063, 61.146695 ], [ -150.031236, 61.146696 ], [ -150.031366, 61.146715 ], [ -150.031447, 61.146773 ], [ -150.031453, 61.146826 ], [ -150.031407, 61.146874 ], [ -150.031277, 61.146906 ], [ -150.03134, 61.146968 ], [ -150.031527, 61.146997 ], [ -150.03164, 61.146976 ], [ -150.031714, 61.146933 ], [ -150.031782, 61.146882 ], [ -150.031874, 61.146735 ], [ -150.03194, 61.146655 ], [ -150.032046, 61.146609 ], [ -150.032211, 61.146609 ], [ -150.0324, 61.146654 ], [ -150.033733, 61.147087 ], [ -150.034204, 61.147255 ], [ -150.034911, 61.147563 ], [ -150.035188, 61.147597 ], [ -150.035459, 61.147592 ], [ -150.035667, 61.147567 ], [ -150.035833, 61.147577 ], [ -150.036113, 61.147658 ], [ -150.036521, 61.147746 ] ] } },
{ "type": "Feature", "properties": { "cls": "shared", "highway": "footway", "name": "Mize's Folly" }, "geometry": { "type": "LineString", "coordinates": [ [ -150.03016, 61.147888 ], [ -150.029978, 61.147819 ], [ -150.029223, 61.147537 ], [ -150.028828, 61.147352 ], [ -150.028454, 61.147162 ], [ -150.027921, 61.146985 ], [ -150.027385, 61.146889 ], [ -150.027084, 61.146847 ], [ -150.026743, 61.14679 ], [ -150.026517, 61.146784 ], [ -150.025963, 61.146861 ], [ -150.025666, 61.14688 ], [ -150.025087, 61.146843 ], [ -150.024435, 61.146748 ], [ -150.024282, 61.146741 ] ] } },
{ "type": "Feature", "properties": { "cls": "shared", "highway": "footway", "name": "Four Corners Connector Trail" }, "geometry": { "type": "LineString", "coordinates": [ [ -150.030551, 61.147327 ], [ -150.030621, 61.147488 ], [ -150.030627, 61.147592 ], [ -150.030547, 61.147686 ], [ -150.030385, 61.147779 ], [ -150.03016, 61.147888 ] ] } },
{ "type": "Feature", "properties": { "cls": "shared", "highway": "footway", "name": "Mize's Folly" }, "geometry": { "type": "LineString", "coordinates": [ [ -150.036363, 61.149778 ], [ -150.03602, 61.149757 ], [ -150.03509, 61.149593 ], [ -150.034797, 61.149579 ], [ -150.034114, 61.149514 ], [ -150.033812, 61.149449 ], [ -150.033577, 61.149379 ], [ -150.032695, 61.148946 ], [ -150.032107, 61.148727 ], [ -150.031376, 61.148489 ], [ -150.030724, 61.148201 ], [ -150.030628, 61.148151 ], [ -150.030344, 61.148004 ], [ -150.03016, 61.147888 ] ] } },
{ "type": "Feature", "properties": { "cls": "shared", "highway": "footway", "name": "Four Corners Connector Trail" }, "geometry": { "type": "LineString", "coordinates": [ [ -150.03016, 61.147888 ], [ -150.02995, 61.147975 ], [ -150.029721, 61.148046 ], [ -150.029595, 61.148076 ], [ -150.029526, 61.148091 ], [ -150.029321, 61.148138 ], [ -150.029233, 61.148195 ], [ -150.029194, 61.148253 ], [ -150.029211, 61.148364 ], [ -150.029307, 61.148613 ], [ -150.029332, 61.148817 ], [ -150.029347, 61.149259 ], [ -150.029009, 61.149735 ] ] } },
{ "type": "Feature", "properties": { "cls": "separated", "highway": "cycleway", "name": "Bowling Alley" }, "geometry": { "type": "LineString", "coordinates": [ [ -150.020334, 61.147846 ], [ -150.020415, 61.14781 ], [ -150.0205, 61.147785 ], [ -150.02081, 61.147829 ], [ -150.020969, 61.147781 ], [ -150.021447, 61.147479 ], [ -150.021696, 61.147389 ], [ -150.022251, 61.147288 ], [ -150.022426, 61.147275 ], [ -150.022658, 61.147289 ], [ -150.022909, 61.147283 ], [ -150.02319, 61.147244 ], [ -150.02333, 61.147239 ], [ -150.023829, 61.147343 ], [ -150.024336, 61.147493 ], [ -150.024571, 61.147528 ], [ -150.024796, 61.14754 ], [ -150.024965, 61.147533 ], [ -150.025092, 61.14751 ], [ -150.02519, 61.147466 ], [ -150.025281, 61.147379 ], [ -150.025418, 61.147302 ], [ -150.025831, 61.1472 ], [ -150.025991, 61.147181 ], [ -150.026678, 61.147228 ], [ -150.026866, 61.147147 ], [ -150.027029, 61.147125 ], [ -150.027191, 61.147217 ], [ -150.027269, 61.147367 ], [ -150.02715, 61.147519 ], [ -150.02713, 61.147582 ], [ -150.027137, 61.147673 ], [ -150.027229, 61.147762 ], [ -150.027337, 61.147733 ], [ -150.02741, 61.147669 ], [ -150.027496, 61.147659 ], [ -150.02752, 61.147734 ], [ -150.027426, 61.147806 ], [ -150.027405, 61.147853 ], [ -150.027212, 61.148039 ], [ -150.027155, 61.148142 ], [ -150.027188, 61.148258 ], [ -150.027457, 61.148595 ], [ -150.027483, 61.148943 ], [ -150.027577, 61.149026 ], [ -150.027685, 61.14905 ], [ -150.02788, 61.149039 ], [ -150.028025, 61.148989 ], [ -150.028394, 61.148782 ], [ -150.028532, 61.14873 ], [ -150.028929, 61.148679 ], [ -150.029158, 61.148633 ], [ -150.029307, 61.148613 ], [ -150.029976, 61.148577 ], [ -150.030635, 61.148644 ], [ -150.030743, 61.148669 ], [ -150.030849, 61.148717 ], [ -150.030905, 61.148777 ], [ -150.030873, 61.148864 ], [ -150.030757, 61.148999 ], [ -150.03079, 61.149073 ], [ -150.030908, 61.149184 ], [ -150.030976, 61.149333 ], [ -150.031035, 61.149379 ], [ -150.031137, 61.149403 ], [ -150.031272, 61.149394 ], [ -150.031658, 61.149248 ], [ -150.031806, 61.149235 ], [ -150.031962, 61.149287 ], [ -150.031995, 61.149375 ], [ -150.03195, 61.14945 ], [ -150.031741, 61.149629 ], [ -150.031576, 61.149845 ], [ -150.031582, 61.149913 ], [ -150.03168, 61.149975 ], [ -150.031797, 61.149994 ], [ -150.032074, 61.149981 ], [ -150.032454, 61.149909 ], [ -150.032608, 61.149843 ], [ -150.032675, 61.149759 ], [ -150.032774, 61.149685 ], [ -150.032871, 61.149649 ], [ -150.033007, 61.149628 ], [ -150.033408, 61.149619 ], [ -150.033547, 61.149629 ], [ -150.033632, 61.149654 ], [ -150.0337, 61.149726 ], [ -150.033688, 61.149777 ], [ -150.033608, 61.149844 ], [ -150.033307, 61.149961 ], [ -150.033177, 61.150045 ], [ -150.033182, 61.150107 ], [ -150.03323, 61.150151 ], [ -150.033368, 61.150199 ], [ -150.033632, 61.150208 ], [ -150.033844, 61.150167 ], [ -150.034119, 61.150025 ], [ -150.034245, 61.149997 ], [ -150.034391, 61.149987 ], [ -150.034523, 61.150002 ], [ -150.034635, 61.149976 ], [ -150.034694, 61.150017 ], [ -150.034604, 61.150049 ], [ -150.034548, 61.150115 ], [ -150.034558, 61.150141 ], [ -150.034701, 61.150165 ], [ -150.034781, 61.150269 ], [ -150.034706, 61.150303 ], [ -150.034448, 61.150321 ], [ -150.034255, 61.150366 ], [ -150.034112, 61.150451 ], [ -150.034093, 61.150491 ], [ -150.034125, 61.150621 ], [ -150.034187, 61.150681 ], [ -150.03425, 61.150709 ], [ -150.034384, 61.150735 ], [ -150.034519, 61.150748 ], [ -150.035394, 61.15084 ] ] } },
{ "type": "Feature", "properties": { "cls": "shared", "highway": "path", "name": "Moose Hill Trail" }, "geometry": { "type": "LineString", "coordinates": [ [ -150.021267, 61.15161 ], [ -150.021635, 61.151461 ], [ -150.021983, 61.151341 ], [ -150.022369, 61.151157 ], [ -150.022485, 61.15105 ], [ -150.022571, 61.150969 ], [ -150.022822, 61.150809 ], [ -150.022967, 61.150734 ], [ -150.023102, 61.150621 ], [ -150.023156, 61.150538 ], [ -150.023284, 61.150476 ], [ -150.023558, 61.150387 ], [ -150.023881, 61.150382 ], [ -150.024479, 61.150402 ], [ -150.024712, 61.150294 ], [ -150.025032, 61.150007 ], [ -150.024869, 61.149614 ], [ -150.024397, 61.149275 ], [ -150.024151, 61.149028 ], [ -150.024201, 61.148856 ], [ -150.024363, 61.148693 ], [ -150.024692, 61.148328 ], [ -150.025074, 61.14812 ], [ -150.025501, 61.147735 ], [ -150.025681, 61.147636 ], [ -150.025922, 61.147523 ], [ -150.026372, 61.147442 ], [ -150.026667, 61.14751 ], [ -150.026676, 61.14767 ], [ -150.026554, 61.147842 ], [ -150.026478, 61.148063 ], [ -150.026213, 61.148236 ], [ -150.02605, 61.148637 ], [ -150.026044, 61.148817 ], [ -150.02611, 61.148914 ], [ -150.026242, 61.148981 ], [ -150.027718, 61.149432 ], [ -150.028451, 61.149599 ], [ -150.028739, 61.149699 ], [ -150.029009, 61.149735 ] ] } },
{ "type": "Feature", "properties": { "cls": "separated", "highway": "cycleway", "name": "Sand Box" }, "geometry": { "type": "LineString", "coordinates": [ [ -150.025786, 61.145581 ], [ -150.02526, 61.145523 ], [ -150.025047, 61.145637 ], [ -150.02472, 61.145525 ], [ -150.024495, 61.145555 ], [ -150.024309, 61.145686 ], [ -150.024209, 61.145652 ], [ -150.023879, 61.145582 ], [ -150.023649, 61.145658 ], [ -150.023519, 61.145693 ], [ -150.023012, 61.145887 ], [ -150.022816, 61.145923 ], [ -150.022653, 61.145915 ], [ -150.022372, 61.145876 ], [ -150.022071, 61.14586 ], [ -150.021784, 61.145793 ], [ -150.021433, 61.145751 ], [ -150.020738, 61.145633 ], [ -150.020475, 61.145552 ], [ -150.020211, 61.145444 ], [ -150.020166, 61.145425 ], [ -150.019523, 61.145217 ], [ -150.019308, 61.145169 ], [ -150.01909, 61.1451 ], [ -150.018861, 61.145077 ], [ -150.018776, 61.145118 ], [ -150.018608, 61.145088 ], [ -150.018406, 61.144968 ], [ -150.018269, 61.144894 ], [ -150.018084, 61.144912 ], [ -150.017727, 61.144968 ], [ -150.017491, 61.145133 ], [ -150.017293, 61.145234 ], [ -150.017008, 61.14538 ], [ -150.0162, 61.145746 ], [ -150.015971, 61.145875 ], [ -150.015776, 61.145951 ], [ -150.015571, 61.145984 ], [ -150.01531, 61.146026 ] ] } },
{ "type": "Feature", "properties": { "cls": "shared", "highway": "footway", "name": "Jodphur Loop" }, "geometry": { "type": "LineString", "coordinates": [ [ -150.023809, 61.146021 ], [ -150.024233, 61.146063 ], [ -150.024458, 61.14614 ], [ -150.024593, 61.146231 ], [ -150.024686, 61.146318 ], [ -150.024704, 61.146426 ], [ -150.024664, 61.14653 ], [ -150.024491, 61.14665 ], [ -150.024282, 61.146741 ] ] } },
{ "type": "Feature", "properties": { "cls": "shared", "highway": "footway", "name": "Jodphur Loop" }, "geometry": { "type": "LineString", "coordinates": [ [ -150.017452, 61.14812 ], [ -150.017535, 61.148128 ], [ -150.017724, 61.148141 ], [ -150.01795, 61.148123 ], [ -150.018082, 61.148074 ], [ -150.018209, 61.148018 ], [ -150.018301, 61.147919 ], [ -150.018404, 61.147777 ], [ -150.01846, 61.147683 ], [ -150.018544, 61.147542 ], [ -150.018605, 61.147447 ], [ -150.018694, 61.147309 ], [ -150.018778, 61.147197 ], [ -150.01891, 61.146997 ], [ -150.018943, 61.146897 ], [ -150.018894, 61.146805 ], [ -150.018846, 61.146734 ], [ -150.018796, 61.14663 ], [ -150.018849, 61.146558 ], [ -150.019058, 61.14648 ], [ -150.019469, 61.146424 ], [ -150.019815, 61.146365 ], [ -150.020276, 61.14635 ], [ -150.020657, 61.146333 ], [ -150.020892, 61.146341 ], [ -150.021438, 61.146308 ], [ -150.021858, 61.14627 ], [ -150.022084, 61.146249 ], [ -150.022523, 61.146203 ], [ -150.022953, 61.146128 ], [ -150.023376, 61.146076 ], [ -150.023694, 61.146037 ], [ -150.023758, 61.146029 ], [ -150.023809, 61.146021 ] ] } },
{ "type": "Feature", "properties": { "cls": "shared", "highway": "path", "name": "Jodphur Loop" }, "geometry": { "type": "LineString", "coordinates": [ [ -150.024282, 61.146741 ], [ -150.023938, 61.14676 ], [ -150.023672, 61.146728 ], [ -150.023408, 61.146664 ], [ -150.023116, 61.146663 ], [ -150.022715, 61.146724 ], [ -150.022435, 61.146802 ], [ -150.022218, 61.14691 ], [ -150.021576, 61.147122 ], [ -150.020805, 61.147283 ], [ -150.0205, 61.147271 ], [ -150.020331, 61.147277 ], [ -150.020294, 61.147297 ], [ -150.020219, 61.147337 ], [ -150.020072, 61.147439 ], [ -150.019602, 61.147771 ], [ -150.019464, 61.147902 ], [ -150.019432, 61.148051 ], [ -150.019632, 61.148724 ], [ -150.019623, 61.149183 ], [ -150.019561, 61.149317 ], [ -150.019537, 61.149368 ] ] } },
{ "type": "Feature", "properties": { "cls": "separated", "highway": "cycleway", "name": "Bowling Alley" }, "geometry": { "type": "LineString", "coordinates": [ [ -150.02165, 61.15023 ], [ -150.021578, 61.150102 ], [ -150.021369, 61.149887 ], [ -150.021353, 61.149827 ], [ -150.021392, 61.149735 ], [ -150.0215, 61.149669 ], [ -150.021587, 61.14964 ], [ -150.021704, 61.149626 ], [ -150.022083, 61.149672 ], [ -150.022239, 61.14967 ], [ -150.022483, 61.149623 ], [ -150.022592, 61.149583 ], [ -150.02273, 61.149483 ], [ -150.022771, 61.149367 ], [ -150.022741, 61.149297 ], [ -150.02217, 61.148642 ], [ -150.021906, 61.148502 ], [ -150.021721, 61.148361 ], [ -150.021482, 61.148254 ], [ -150.021159, 61.148177 ], [ -150.020887, 61.148085 ], [ -150.020375, 61.147884 ], [ -150.020334, 61.147846 ] ] } },
{ "type": "Feature", "properties": { "cls": "separated", "highway": "cycleway", "name": "Kitchen Sink" }, "geometry": { "type": "LineString", "coordinates": [ [ -150.01531, 61.146026 ], [ -150.015186, 61.14604 ], [ -150.014988, 61.146063 ], [ -150.014713, 61.146095 ], [ -150.014421, 61.146105 ], [ -150.013908, 61.146199 ], [ -150.013602, 61.146223 ], [ -150.013442, 61.146258 ], [ -150.013312, 61.146321 ], [ -150.013251, 61.146369 ], [ -150.013235, 61.146382 ], [ -150.013186, 61.14652 ], [ -150.01323, 61.146624 ], [ -150.013365, 61.146754 ], [ -150.013355, 61.146941 ], [ -150.013288, 61.147138 ], [ -150.013348, 61.147218 ], [ -150.013978, 61.147544 ], [ -150.014154, 61.147553 ], [ -150.014203, 61.147606 ], [ -150.014078, 61.147691 ], [ -150.01396, 61.147768 ], [ -150.013471, 61.147897 ], [ -150.01338, 61.148031 ], [ -150.013311, 61.14805 ], [ -150.013205, 61.148066 ], [ -150.012999, 61.147984 ], [ -150.012848, 61.148033 ], [ -150.012629, 61.148077 ], [ -150.012255, 61.148081 ], [ -150.012156, 61.148144 ], [ -150.012195, 61.14824 ], [ -150.012229, 61.148371 ], [ -150.012106, 61.148573 ], [ -150.01212, 61.14866 ], [ -150.012217, 61.148822 ], [ -150.012228, 61.148962 ], [ -150.012054, 61.149018 ], [ -150.012255, 61.149139 ], [ -150.012362, 61.149321 ], [ -150.012397, 61.149471 ], [ -150.012388, 61.14955 ], [ -150.0123, 61.14971 ], [ -150.012199, 61.150126 ], [ -150.012161, 61.150264 ], [ -150.012435, 61.150298 ], [ -150.012536, 61.1504 ], [ -150.012521, 61.150454 ], [ -150.012542, 61.150534 ], [ -150.012413, 61.150884 ], [ -150.012483, 61.151275 ], [ -150.012558, 61.151475 ], [ -150.012464, 61.151614 ], [ -150.012513, 61.151667 ], [ -150.012812, 61.15167 ], [ -150.013237, 61.151708 ], [ -150.013511, 61.151814 ], [ -150.013564, 61.151844 ], [ -150.013609, 61.151913 ], [ -150.013556, 61.152037 ] ] } },
{ "type": "Feature", "properties": { "cls": "shared", "highway": "path", "name": "Moose Hill Trail" }, "geometry": { "type": "LineString", "coordinates": [ [ -150.019537, 61.149368 ], [ -150.018602, 61.14949 ], [ -150.01821, 61.149607 ], [ -150.017923, 61.149638 ], [ -150.017706, 61.149615 ], [ -150.017457, 61.149534 ], [ -150.017101, 61.149446 ], [ -150.016612, 61.149294 ], [ -150.016366, 61.149222 ], [ -150.015965, 61.149214 ], [ -150.015787, 61.149273 ], [ -150.015745, 61.14931 ], [ -150.015963, 61.149717 ] ] } },
{ "type": "Feature", "properties": { "cls": "separated", "highway": "cycleway", "name": "Bowling Alley" }, "geometry": { "type": "LineString", "coordinates": [ [ -150.023346, 61.151297 ], [ -150.023275, 61.151244 ], [ -150.023282, 61.151195 ], [ -150.023457, 61.151134 ], [ -150.023621, 61.151019 ], [ -150.023714, 61.150904 ], [ -150.023834, 61.150821 ], [ -150.023981, 61.150794 ], [ -150.024686, 61.150761 ], [ -150.024814, 61.150738 ], [ -150.024964, 61.150676 ], [ -150.025046, 61.150576 ], [ -150.025053, 61.150453 ], [ -150.025111, 61.150377 ], [ -150.025197, 61.150345 ], [ -150.025334, 61.150329 ], [ -150.025915, 61.150302 ], [ -150.026038, 61.150274 ], [ -150.026258, 61.150174 ], [ -150.026256, 61.150114 ], [ -150.026106, 61.150081 ], [ -150.025782, 61.150077 ], [ -150.025611, 61.150057 ], [ -150.02549, 61.149982 ], [ -150.025474, 61.149948 ], [ -150.025499, 61.149856 ], [ -150.025568, 61.149806 ], [ -150.025665, 61.149767 ], [ -150.025837, 61.149729 ], [ -150.025976, 61.149724 ], [ -150.026274, 61.149759 ], [ -150.026444, 61.149757 ], [ -150.026632, 61.149709 ], [ -150.026712, 61.149656 ], [ -150.026725, 61.149607 ], [ -150.026673, 61.149549 ], [ -150.026573, 61.149514 ], [ -150.026277, 61.14948 ], [ -150.026037, 61.149414 ], [ -150.025539, 61.149311 ], [ -150.025452, 61.149278 ], [ -150.025441, 61.149202 ], [ -150.025592, 61.149099 ], [ -150.025572, 61.149039 ], [ -150.025433, 61.149014 ], [ -150.025289, 61.149013 ], [ -150.025048, 61.149035 ], [ -150.024903, 61.149009 ], [ -150.024876, 61.148973 ], [ -150.024901, 61.148895 ], [ -150.024986, 61.148839 ], [ -150.025209, 61.148759 ], [ -150.025317, 61.148671 ], [ -150.025413, 61.14847 ], [ -150.025407, 61.148422 ], [ -150.025322, 61.148363 ], [ -150.02517, 61.148333 ], [ -150.024951, 61.148321 ], [ -150.024692, 61.148328 ], [ -150.024646, 61.148335 ], [ -150.02442, 61.148377 ], [ -150.024184, 61.148444 ], [ -150.023644, 61.148643 ], [ -150.023553, 61.148723 ], [ -150.023476, 61.14914 ], [ -150.023493, 61.149279 ], [ -150.023449, 61.149441 ], [ -150.023449, 61.149517 ], [ -150.023579, 61.149668 ], [ -150.023637, 61.149775 ], [ -150.023622, 61.149843 ], [ -150.023225, 61.150182 ], [ -150.023138, 61.150212 ], [ -150.022867, 61.150259 ], [ -150.022727, 61.150328 ], [ -150.022603, 61.150526 ], [ -150.022556, 61.150693 ], [ -150.022419, 61.150834 ], [ -150.021945, 61.151063 ], [ -150.021821, 61.151081 ], [ -150.021708, 61.151069 ], [ -150.021564, 61.150995 ], [ -150.021516, 61.15091 ], [ -150.021531, 61.150806 ], [ -150.021627, 61.150683 ], [ -150.021792, 61.150536 ], [ -150.021803, 61.150469 ], [ -150.021698, 61.150292 ], [ -150.02165, 61.15023 ] ] } },
{ "type": "Feature", "properties": { "cls": "separated", "highway": "cycleway", "name": "Tower Power" }, "geometry": { "type": "LineString", "coordinates": [ [ -150.021698, 61.150292 ], [ -150.021462, 61.150291 ], [ -150.021179, 61.150281 ], [ -150.020926, 61.150324 ], [ -150.020804, 61.150342 ], [ -150.020635, 61.150334 ], [ -150.020369, 61.150279 ], [ -150.020238, 61.150235 ], [ -150.020051, 61.150069 ], [ -150.019872, 61.149982 ], [ -150.019684, 61.149933 ], [ -150.019511, 61.14991 ], [ -150.01937, 61.149914 ], [ -150.01919, 61.149953 ], [ -150.018893, 61.150059 ] ] } },
{ "type": "Feature", "properties": { "cls": "shared", "highway": "path", "name": "Jodphur Loop" }, "geometry": { "type": "LineString", "coordinates": [ [ -150.019537, 61.149368 ], [ -150.019545, 61.149482 ], [ -150.019599, 61.149549 ], [ -150.01982, 61.149644 ], [ -150.020251, 61.149821 ], [ -150.020537, 61.150014 ], [ -150.020799, 61.150202 ], [ -150.020926, 61.150324 ], [ -150.020969, 61.150462 ], [ -150.021096, 61.150767 ], [ -150.021149, 61.150944 ], [ -150.021148, 61.151301 ], [ -150.021162, 61.151482 ], [ -150.021267, 61.15161 ] ] } },
{ "type": "Feature", "properties": { "cls": "shared", "highway": "footway", "name": "Four Corners Connector Trail" }, "geometry": { "type": "LineString", "coordinates": [ [ -150.029009, 61.149735 ], [ -150.028782, 61.149966 ], [ -150.027803, 61.15044 ], [ -150.027787, 61.150519 ], [ -150.027268, 61.151178 ] ] } },
{ "type": "Feature", "properties": { "cls": "shared", "highway": "path", "name": "Big Dipper" }, "geometry": { "type": "LineString", "coordinates": [ [ -150.029009, 61.149735 ], [ -150.029237, 61.149775 ], [ -150.029356, 61.149799 ], [ -150.029593, 61.150025 ], [ -150.029718, 61.150233 ], [ -150.029818, 61.150276 ], [ -150.030053, 61.150434 ], [ -150.03017, 61.150489 ], [ -150.030484, 61.150414 ], [ -150.030607, 61.150378 ], [ -150.031032, 61.150246 ], [ -150.031475, 61.1502 ], [ -150.031828, 61.150204 ], [ -150.032102, 61.15025 ], [ -150.03242, 61.150434 ], [ -150.032647, 61.150638 ], [ -150.032821, 61.150724 ], [ -150.032938, 61.150784 ], [ -150.033045, 61.150841 ], [ -150.0332, 61.151031 ], [ -150.033299, 61.151112 ], [ -150.033435, 61.151137 ], [ -150.033886, 61.151324 ], [ -150.034146, 61.151368 ], [ -150.034372, 61.151373 ], [ -150.034533, 61.151342 ], [ -150.034747, 61.15132 ] ] } },
{ "type": "Feature", "properties": { "cls": "separated", "highway": "cycleway", "name": "Bowling Alley" }, "geometry": { "type": "LineString", "coordinates": [ [ -150.023346, 61.151297 ], [ -150.023483, 61.151321 ], [ -150.02362, 61.151314 ], [ -150.023779, 61.151287 ], [ -150.024041, 61.151247 ], [ -150.024578, 61.151133 ], [ -150.024722, 61.151123 ], [ -150.024959, 61.151133 ], [ -150.025282, 61.151172 ], [ -150.025652, 61.151183 ], [ -150.025827, 61.151162 ], [ -150.026229, 61.15102 ], [ -150.02679, 61.150865 ], [ -150.026867, 61.150828 ], [ -150.026959, 61.150803 ], [ -150.026985, 61.15072 ], [ -150.026993, 61.150673 ], [ -150.027059, 61.150634 ], [ -150.027157, 61.150666 ], [ -150.027351, 61.150667 ], [ -150.027352, 61.150612 ], [ -150.027247, 61.150517 ], [ -150.027243, 61.150425 ], [ -150.027387, 61.150315 ], [ -150.027366, 61.150222 ], [ -150.027332, 61.150163 ], [ -150.027414, 61.150114 ], [ -150.027599, 61.150143 ], [ -150.027911, 61.150192 ], [ -150.028086, 61.150177 ], [ -150.028602, 61.149936 ], [ -150.028696, 61.149933 ], [ -150.028782, 61.149966 ], [ -150.028881, 61.150044 ], [ -150.028978, 61.150155 ], [ -150.029157, 61.15035 ], [ -150.029202, 61.150474 ], [ -150.02924, 61.150549 ], [ -150.029233, 61.150613 ], [ -150.02909, 61.150618 ], [ -150.028992, 61.150628 ], [ -150.028982, 61.150681 ], [ -150.029077, 61.150745 ], [ -150.029098, 61.150772 ], [ -150.029201, 61.150819 ], [ -150.029536, 61.15089 ], [ -150.030016, 61.151024 ], [ -150.030102, 61.151028 ], [ -150.030268, 61.150987 ], [ -150.030453, 61.150826 ], [ -150.031077, 61.150494 ], [ -150.031241, 61.150457 ], [ -150.031552, 61.150436 ], [ -150.031752, 61.150454 ], [ -150.031855, 61.150494 ], [ -150.031907, 61.150591 ], [ -150.031943, 61.150769 ], [ -150.032008, 61.150842 ], [ -150.032303, 61.150966 ], [ -150.032419, 61.151051 ], [ -150.032435, 61.151137 ], [ -150.032403, 61.151206 ], [ -150.032161, 61.151485 ], [ -150.03214, 61.151599 ], [ -150.032206, 61.151688 ], [ -150.032473, 61.15187 ], [ -150.032582, 61.151999 ], [ -150.032585, 61.152059 ], [ -150.032629, 61.152139 ], [ -150.03273, 61.152271 ], [ -150.032902, 61.152396 ], [ -150.033111, 61.152492 ], [ -150.033627, 61.152564 ], [ -150.034015, 61.152749 ], [ -150.034255, 61.152788 ], [ -150.03479, 61.152786 ], [ -150.035161, 61.15273 ], [ -150.035481, 61.152759 ], [ -150.036319, 61.152807 ], [ -150.036818, 61.152807 ], [ -150.036873, 61.152807 ], [ -150.037502, 61.152718 ], [ -150.037702, 61.152691 ], [ -150.037678, 61.15264 ], [ -150.037553, 61.15262 ], [ -150.037314, 61.152625 ], [ -150.036967, 61.152575 ], [ -150.036858, 61.152542 ], [ -150.03698, 61.152494 ], [ -150.037159, 61.152469 ], [ -150.03755, 61.152477 ], [ -150.037781, 61.152475 ], [ -150.03787, 61.152452 ], [ -150.037981, 61.152415 ], [ -150.038087, 61.152466 ], [ -150.037994, 61.152577 ], [ -150.038005, 61.152593 ], [ -150.038066, 61.152609 ], [ -150.038315, 61.152572 ], [ -150.038551, 61.15264 ], [ -150.038719, 61.152629 ], [ -150.03887, 61.152645 ], [ -150.038852, 61.152687 ], [ -150.038469, 61.152824 ], [ -150.038491, 61.152876 ], [ -150.038257, 61.152864 ], [ -150.038107, 61.152885 ], [ -150.038008, 61.152961 ], [ -150.038081, 61.153018 ], [ -150.038814, 61.153007 ], [ -150.039121, 61.153028 ], [ -150.039377, 61.153087 ], [ -150.039456, 61.153153 ], [ -150.039271, 61.153287 ], [ -150.039291, 61.15335 ], [ -150.03942, 61.153404 ], [ -150.039533, 61.153427 ], [ -150.039673, 61.153422 ], [ -150.040131, 61.153361 ], [ -150.040292, 61.153322 ], [ -150.040505, 61.153234 ], [ -150.040686, 61.1532 ], [ -150.040976, 61.153187 ], [ -150.041166, 61.153155 ], [ -150.04135, 61.153098 ], [ -150.04163, 61.152931 ], [ -150.041761, 61.152766 ], [ -150.041844, 61.152713 ], [ -150.041996, 61.152657 ], [ -150.041994, 61.152605 ], [ -150.041783, 61.152534 ], [ -150.041716, 61.152495 ], [ -150.041597, 61.152398 ], [ -150.041525, 61.152267 ], [ -150.041548, 61.152107 ], [ -150.041589, 61.152039 ], [ -150.041752, 61.151897 ], [ -150.041676, 61.15172 ], [ -150.041651, 61.151559 ], [ -150.041556, 61.151435 ], [ -150.041452, 61.15138 ], [ -150.041313, 61.151365 ], [ -150.041171, 61.151447 ], [ -150.041324, 61.151688 ], [ -150.041307, 61.15171 ], [ -150.041246, 61.151714 ], [ -150.041179, 61.151644 ], [ -150.041084, 61.151464 ], [ -150.04099, 61.151415 ], [ -150.040898, 61.151216 ], [ -150.04091, 61.151108 ], [ -150.040985, 61.151007 ], [ -150.041212, 61.150944 ], [ -150.041226, 61.150913 ], [ -150.041158, 61.150902 ], [ -150.040927, 61.150965 ], [ -150.040821, 61.150967 ], [ -150.040352, 61.15107 ], [ -150.040195, 61.151074 ], [ -150.040057, 61.151053 ], [ -150.03992, 61.15101 ], [ -150.039817, 61.150942 ], [ -150.039789, 61.150874 ], [ -150.039822, 61.150675 ], [ -150.039809, 61.150621 ], [ -150.039738, 61.15057 ], [ -150.039542, 61.150562 ], [ -150.039312, 61.150633 ], [ -150.039222, 61.150698 ], [ -150.039101, 61.150915 ], [ -150.039036, 61.150979 ], [ -150.038878, 61.15102 ], [ -150.038627, 61.150994 ], [ -150.038523, 61.150959 ], [ -150.038464, 61.150903 ], [ -150.03849, 61.15084 ], [ -150.038599, 61.150738 ], [ -150.038636, 61.150668 ], [ -150.038615, 61.150592 ], [ -150.03853, 61.15054 ], [ -150.038005, 61.150382 ], [ -150.037829, 61.150374 ], [ -150.03742, 61.150419 ], [ -150.037134, 61.150428 ], [ -150.036933, 61.150475 ], [ -150.036629, 61.150594 ], [ -150.0364, 61.150647 ], [ -150.035979, 61.150648 ], [ -150.035857, 61.150689 ], [ -150.035734, 61.150763 ], [ -150.035574, 61.150811 ], [ -150.035394, 61.15084 ] ] } },
{ "type": "Feature", "properties": { "cls": "shared", "highway": "path", "name": "Margaux's Loop" }, "geometry": { "type": "LineString", "coordinates": [ [ -150.027268, 61.151178 ], [ -150.02713, 61.151257 ], [ -150.02684, 61.15137 ], [ -150.026601, 61.151436 ], [ -150.025963, 61.151556 ], [ -150.025527, 61.151592 ], [ -150.024954, 61.151609 ], [ -150.024791, 61.151623 ], [ -150.024512, 61.151672 ], [ -150.024375, 61.151731 ], [ -150.024262, 61.151837 ] ] } },
{ "type": "Feature", "properties": { "cls": "shared", "highway": "footway", "name": "Margaux's Loop" }, "geometry": { "type": "LineString", "coordinates": [ [ -150.03409, 61.153342 ], [ -150.033814, 61.153261 ], [ -150.033367, 61.153154 ], [ -150.033188, 61.153091 ], [ -150.031965, 61.152548 ], [ -150.031789, 61.152454 ], [ -150.031742, 61.152308 ], [ -150.030986, 61.151818 ], [ -150.030703, 61.151542 ], [ -150.030524, 61.151592 ], [ -150.029932, 61.151472 ], [ -150.02943, 61.151416 ], [ -150.028483, 61.151358 ], [ -150.028289, 61.151311 ], [ -150.027958, 61.151222 ], [ -150.027846, 61.151183 ], [ -150.027553, 61.151158 ], [ -150.027268, 61.151178 ] ] } },
{ "type": "Feature", "properties": { "cls": "shared", "highway": "cycleway", "name": null }, "geometry": { "type": "LineString", "coordinates": [ [ -150.024296, 61.1525 ], [ -150.024443, 61.152488 ] ] } },
{ "type": "Feature", "properties": { "cls": "shared", "highway": "cycleway", "name": null }, "geometry": { "type": "LineString", "coordinates": [ [ -150.024443, 61.152488 ], [ -150.024584, 61.152473 ], [ -150.024666, 61.15246 ], [ -150.024724, 61.152446 ], [ -150.024836, 61.152408 ], [ -150.024954, 61.152346 ], [ -150.025187, 61.152195 ], [ -150.025347, 61.152112 ], [ -150.025534, 61.152039 ], [ -150.025721, 61.151986 ], [ -150.025866, 61.151958 ], [ -150.026006, 61.151936 ], [ -150.026247, 61.15191 ], [ -150.026491, 61.151893 ], [ -150.027265, 61.151851 ], [ -150.027555, 61.151838 ], [ -150.027849, 61.151839 ], [ -150.028101, 61.151855 ], [ -150.028349, 61.151877 ], [ -150.028544, 61.151907 ], [ -150.028742, 61.151949 ], [ -150.029047, 61.152018 ], [ -150.029356, 61.152116 ], [ -150.029656, 61.152237 ], [ -150.029875, 61.152351 ], [ -150.030062, 61.152488 ], [ -150.030229, 61.152628 ], [ -150.030401, 61.152779 ], [ -150.030633, 61.152975 ], [ -150.03078, 61.153058 ], [ -150.030915, 61.153134 ], [ -150.031082, 61.153199 ], [ -150.031384, 61.153287 ], [ -150.031633, 61.153364 ], [ -150.031769, 61.153436 ], [ -150.031896, 61.153508 ], [ -150.032153, 61.15372 ], [ -150.032241, 61.153802 ], [ -150.03236, 61.153891 ], [ -150.032582, 61.153999 ], [ -150.032763, 61.154063 ], [ -150.032886, 61.154099 ], [ -150.033322, 61.154195 ], [ -150.033491, 61.15425 ], [ -150.033632, 61.154309 ], [ -150.033775, 61.154367 ], [ -150.033938, 61.154424 ], [ -150.034491, 61.154558 ], [ -150.034565, 61.154574 ], [ -150.034642, 61.154584 ] ] } },
{ "type": "Feature", "properties": { "cls": "shared", "highway": "footway", "name": "Margaux's Loop" }, "geometry": { "type": "LineString", "coordinates": [ [ -150.035846, 61.153498 ], [ -150.035328, 61.153465 ], [ -150.03461, 61.15337 ], [ -150.03409, 61.153342 ] ] } },
{ "type": "Feature", "properties": { "cls": "shared", "highway": "footway", "name": "Margaux's Loop" }, "geometry": { "type": "LineString", "coordinates": [ [ -150.034561, 61.154221 ], [ -150.034674, 61.153997 ], [ -150.034676, 61.153899 ], [ -150.034653, 61.153817 ], [ -150.034534, 61.153573 ], [ -150.034384, 61.153452 ], [ -150.034236, 61.153386 ], [ -150.03409, 61.153342 ] ] } },
{ "type": "Feature", "properties": { "cls": "shared", "highway": "path", "name": null }, "geometry": { "type": "LineString", "coordinates": [ [ -150.0343, 61.154474 ], [ -150.034323, 61.154408 ], [ -150.034561, 61.154221 ] ] } },
{ "type": "Feature", "properties": { "cls": "separated", "highway": "cycleway", "name": "Tower Power" }, "geometry": { "type": "LineString", "coordinates": [ [ -150.018893, 61.150059 ], [ -150.018712, 61.150032 ], [ -150.018391, 61.149948 ], [ -150.018272, 61.14995 ], [ -150.018132, 61.150041 ], [ -150.018037, 61.150075 ], [ -150.017933, 61.150076 ], [ -150.017307, 61.150006 ], [ -150.017163, 61.149966 ], [ -150.017103, 61.149905 ], [ -150.017073, 61.149772 ], [ -150.017023, 61.149709 ], [ -150.016952, 61.149676 ], [ -150.016843, 61.149662 ], [ -150.0167, 61.149688 ], [ -150.016505, 61.149765 ], [ -150.01638, 61.149771 ], [ -150.016012, 61.149717 ], [ -150.015963, 61.149717 ], [ -150.015551, 61.149715 ], [ -150.015411, 61.149692 ], [ -150.015355, 61.149622 ], [ -150.015381, 61.149506 ], [ -150.01536, 61.149439 ], [ -150.015292, 61.149379 ], [ -150.015085, 61.149267 ], [ -150.014969, 61.149227 ], [ -150.014832, 61.14921 ], [ -150.01448, 61.149229 ], [ -150.014272, 61.149211 ], [ -150.014082, 61.149158 ], [ -150.013789, 61.149107 ], [ -150.013393, 61.149068 ], [ -150.013257, 61.149029 ], [ -150.013153, 61.149019 ], [ -150.013057, 61.149042 ], [ -150.013042, 61.149094 ], [ -150.013266, 61.149209 ], [ -150.013656, 61.149449 ], [ -150.013707, 61.149559 ], [ -150.013603, 61.149655 ], [ -150.013618, 61.149708 ], [ -150.013736, 61.149715 ], [ -150.013869, 61.149725 ], [ -150.014388, 61.149676 ], [ -150.014557, 61.149697 ], [ -150.014629, 61.149751 ], [ -150.014639, 61.149922 ], [ -150.014674, 61.149987 ], [ -150.014802, 61.150037 ], [ -150.015127, 61.150071 ], [ -150.015265, 61.15011 ], [ -150.015482, 61.150238 ], [ -150.015517, 61.150304 ], [ -150.015552, 61.150628 ], [ -150.015471, 61.150922 ], [ -150.015387, 61.150987 ], [ -150.014903, 61.151107 ], [ -150.014805, 61.151146 ], [ -150.014722, 61.151212 ], [ -150.014674, 61.151286 ], [ -150.01456, 61.151369 ], [ -150.014203, 61.15149 ], [ -150.013917, 61.151688 ], [ -150.013556, 61.152037 ] ] } },
{ "type": "Feature", "properties": { "cls": "shared", "highway": "path", "name": "Moose Hill Trail" }, "geometry": { "type": "LineString", "coordinates": [ [ -150.015963, 61.149717 ], [ -150.016173, 61.149982 ], [ -150.016329, 61.150101 ], [ -150.016616, 61.150229 ], [ -150.01698, 61.150444 ], [ -150.017102, 61.150472 ], [ -150.017437, 61.150444 ], [ -150.017683, 61.15042 ], [ -150.018211, 61.150476 ], [ -150.018433, 61.1505 ], [ -150.018897, 61.150596 ], [ -150.019289, 61.150726 ], [ -150.019717, 61.15097 ], [ -150.019874, 61.151165 ], [ -150.019963, 61.151429 ], [ -150.020069, 61.151536 ], [ -150.020198, 61.151639 ], [ -150.020363, 61.151716 ], [ -150.020457, 61.151761 ], [ -150.020629, 61.151772 ], [ -150.02097, 61.15172 ], [ -150.021267, 61.15161 ] ] } },
{ "type": "Feature", "properties": { "cls": "shared", "highway": "path", "name": "Margaux's Loop" }, "geometry": { "type": "LineString", "coordinates": [ [ -150.024262, 61.151837 ], [ -150.024262, 61.152046 ], [ -150.024261, 61.152121 ] ] } },
{ "type": "Feature", "properties": { "cls": "shared", "highway": "path", "name": "Margaux's Loop" }, "geometry": { "type": "LineString", "coordinates": [ [ -150.024261, 61.152121 ], [ -150.024286, 61.1522 ], [ -150.024358, 61.152375 ] ] } },
{ "type": "Feature", "properties": { "cls": "separated", "highway": "cycleway", "name": null }, "geometry": { "type": "LineString", "coordinates": [ [ -150.018993, 61.152436 ], [ -150.019055, 61.152376 ], [ -150.019036, 61.152347 ], [ -150.01847, 61.152029 ], [ -150.015015, 61.151998 ], [ -150.013556, 61.152037 ], [ -150.013272, 61.151986 ], [ -150.012579, 61.151956 ], [ -150.011868, 61.151849 ] ] } },
{ "type": "Feature", "properties": { "cls": "shared", "highway": "cycleway", "name": null }, "geometry": { "type": "LineString", "coordinates": [ [ -150.020251, 61.152698 ], [ -150.020481, 61.152675 ], [ -150.020962, 61.152643 ], [ -150.021433, 61.152608 ], [ -150.02167, 61.152594 ], [ -150.022233, 61.152555 ], [ -150.022481, 61.152538 ], [ -150.022882, 61.152527 ], [ -150.023324, 61.152546 ], [ -150.023523, 61.152549 ], [ -150.023745, 61.152541 ], [ -150.023953, 61.152525 ], [ -150.024296, 61.1525 ] ] } },
{ "type": "Feature", "properties": { "cls": "shared", "highway": "cycleway", "name": null }, "geometry": { "type": "LineString", "coordinates": [ [ -150.022301, 61.152751 ], [ -150.022233, 61.152555 ] ] } },
{ "type": "Feature", "properties": { "cls": "separated", "highway": "cycleway", "name": "Change of Pace" }, "geometry": { "type": "LineString", "coordinates": [ [ -150.012756, 61.152104 ], [ -150.013207, 61.152135 ], [ -150.01333, 61.152126 ], [ -150.013556, 61.152037 ], [ -150.013632, 61.152076 ], [ -150.013752, 61.152118 ], [ -150.013934, 61.152238 ], [ -150.013969, 61.152322 ], [ -150.013843, 61.152521 ], [ -150.01383, 61.1526 ], [ -150.013875, 61.152668 ], [ -150.013949, 61.152695 ], [ -150.014098, 61.152693 ], [ -150.014483, 61.15255 ], [ -150.014748, 61.152523 ], [ -150.015116, 61.152524 ], [ -150.015437, 61.15255 ], [ -150.015542, 61.152572 ], [ -150.015588, 61.152605 ], [ -150.015567, 61.152675 ], [ -150.015313, 61.152962 ], [ -150.015247, 61.153091 ], [ -150.015263, 61.153251 ], [ -150.015328, 61.15343 ], [ -150.015179, 61.153572 ], [ -150.015059, 61.1538 ], [ -150.014865, 61.153926 ], [ -150.014856, 61.153977 ], [ -150.014913, 61.154021 ], [ -150.015121, 61.154029 ], [ -150.015517, 61.154044 ], [ -150.015667, 61.154068 ], [ -150.016004, 61.153958 ], [ -150.016169, 61.153974 ], [ -150.016463, 61.153944 ], [ -150.016476, 61.154075 ], [ -150.016484, 61.154182 ], [ -150.016482, 61.1543 ], [ -150.016566, 61.154308 ], [ -150.016749, 61.154211 ], [ -150.016846, 61.154215 ], [ -150.0169, 61.154294 ], [ -150.016901, 61.15437 ], [ -150.01695, 61.154541 ], [ -150.016944, 61.154613 ], [ -150.017029, 61.154674 ] ] } },
{ "type": "Feature", "properties": { "cls": "shared", "highway": "path", "name": null }, "geometry": { "type": "LineString", "coordinates": [ [ -150.020353, 61.154443 ], [ -150.020288, 61.15436 ], [ -150.020069, 61.154295 ], [ -150.019863, 61.154264 ] ] } },
{ "type": "Feature", "properties": { "cls": "shared", "highway": "cycleway", "name": null }, "geometry": { "type": "LineString", "coordinates": [ [ -150.017363, 61.154523 ], [ -150.017261, 61.154483 ] ] } },
{ "type": "Feature", "properties": { "cls": "shared", "highway": "cycleway", "name": null }, "geometry": { "type": "LineString", "coordinates": [ [ -150.017756, 61.155092 ], [ -150.017526, 61.155031 ], [ -150.017437, 61.155002 ], [ -150.01738, 61.154986 ], [ -150.01732, 61.154958 ], [ -150.017295, 61.15493 ], [ -150.017297, 61.154904 ], [ -150.017302, 61.154862 ], [ -150.017352, 61.154778 ], [ -150.017407, 61.154711 ], [ -150.017443, 61.15466 ], [ -150.017457, 61.154607 ], [ -150.01744, 61.154565 ], [ -150.017363, 61.154523 ], [ -150.017307, 61.154512 ], [ -150.017254, 61.15451 ] ] } },
{ "type": "Feature", "properties": { "cls": "separated", "highway": "cycleway", "name": "Tower Power" }, "geometry": { "type": "MultiLineString", "coordinates": [ [ [ -150.013556, 61.152037 ], [ -150.013265, 61.151992 ], [ -150.012955, 61.151987 ], [ -150.012848, 61.152024 ], [ -150.012756, 61.152104 ], [ -150.012619, 61.152155 ], [ -150.012392, 61.152199 ], [ -150.012201, 61.152217 ], [ -150.011894, 61.152213 ], [ -150.01185, 61.152221 ] ], [ [ -150.01131, 61.154716 ], [ -150.011442, 61.154691 ], [ -150.011529, 61.154711 ], [ -150.011614, 61.154774 ], [ -150.011651, 61.154857 ], [ -150.011745, 61.155041 ], [ -150.011772, 61.155442 ], [ -150.012063, 61.156115 ], [ -150.012218, 61.156267 ], [ -150.012334, 61.156316 ], [ -150.012738, 61.156359 ], [ -150.013131, 61.156449 ], [ -150.013253, 61.156485 ], [ -150.013349, 61.156556 ], [ -150.01337, 61.156626 ], [ -150.013316, 61.156749 ], [ -150.013112, 61.156933 ], [ -150.013132, 61.157041 ], [ -150.013063, 61.157085 ], [ -150.012795, 61.15715 ], [ -150.012701, 61.157203 ], [ -150.012641, 61.157302 ], [ -150.012677, 61.157379 ], [ -150.012849, 61.157526 ], [ -150.01289, 61.157621 ], [ -150.012897, 61.157927 ], [ -150.012945, 61.158017 ], [ -150.01315, 61.158127 ], [ -150.013208, 61.15818 ], [ -150.013235, 61.158285 ], [ -150.013226, 61.158305 ] ] ] } },
{ "type": "Feature", "properties": { "cls": "shared", "highway": "path", "name": "S-Turns" }, "geometry": { "type": "LineString", "coordinates": [ [ -150.025664, 61.156508 ], [ -150.025613, 61.15652 ], [ -150.02538, 61.156542 ], [ -150.025212, 61.156551 ], [ -150.025036, 61.156538 ], [ -150.024476, 61.156397 ], [ -150.02425, 61.156333 ], [ -150.023981, 61.156294 ], [ -150.02357, 61.156299 ], [ -150.02274, 61.156358 ], [ -150.022445, 61.156354 ], [ -150.022162, 61.156353 ], [ -150.021993, 61.156412 ], [ -150.021874, 61.156508 ], [ -150.021731, 61.15656 ], [ -150.021651, 61.156571 ], [ -150.021511, 61.15655 ], [ -150.021451, 61.156489 ], [ -150.021377, 61.156361 ], [ -150.021316, 61.156273 ], [ -150.021181, 61.155912 ], [ -150.021065, 61.155612 ], [ -150.020869, 61.155353 ], [ -150.020575, 61.155159 ], [ -150.020523, 61.155085 ], [ -150.020453, 61.155026 ] ] } },
{ "type": "Feature", "properties": { "cls": "shared", "highway": "cycleway", "name": null }, "geometry": { "type": "LineString", "coordinates": [ [ -150.010704, 61.159049 ], [ -150.011045, 61.159033 ], [ -150.011423, 61.15902 ], [ -150.011646, 61.159018 ], [ -150.012064, 61.159036 ], [ -150.012364, 61.159041 ], [ -150.012536, 61.15903 ], [ -150.012702, 61.15901 ], [ -150.012931, 61.158951 ], [ -150.013493, 61.158734 ], [ -150.013874, 61.158636 ], [ -150.014312, 61.158541 ], [ -150.014647, 61.158403 ], [ -150.014925, 61.158248 ], [ -150.015075, 61.158136 ], [ -150.015203, 61.158008 ], [ -150.015396, 61.157754 ], [ -150.015459, 61.157678 ], [ -150.015494, 61.157603 ], [ -150.015527, 61.157484 ], [ -150.015534, 61.157361 ], [ -150.015514, 61.157264 ], [ -150.015483, 61.157165 ], [ -150.015368, 61.156935 ], [ -150.015327, 61.156836 ], [ -150.015309, 61.15674 ], [ -150.01532, 61.156629 ], [ -150.015362, 61.156523 ], [ -150.015416, 61.156444 ], [ -150.015481, 61.156368 ], [ -150.015733, 61.156165 ], [ -150.015971, 61.155961 ], [ -150.016347, 61.155629 ], [ -150.016433, 61.155547 ], [ -150.01651, 61.155464 ], [ -150.016576, 61.155381 ], [ -150.016669, 61.155237 ], [ -150.016744, 61.15509 ], [ -150.016919, 61.154804 ], [ -150.017029, 61.154674 ], [ -150.017164, 61.154549 ], [ -150.017212, 61.154519 ], [ -150.017254, 61.15451 ], [ -150.017261, 61.154483 ], [ -150.017271, 61.154448 ], [ -150.017661, 61.154055 ], [ -150.017875, 61.153898 ], [ -150.018129, 61.153747 ], [ -150.018253, 61.15369 ], [ -150.018383, 61.153634 ], [ -150.018589, 61.153522 ], [ -150.018705, 61.153462 ], [ -150.018859, 61.153359 ], [ -150.019437, 61.152942 ], [ -150.019566, 61.152877 ], [ -150.019714, 61.152816 ], [ -150.019868, 61.152775 ], [ -150.020036, 61.152739 ], [ -150.020171, 61.152708 ], [ -150.020251, 61.152698 ] ] } },
{ "type": "Feature", "properties": { "cls": "shared", "highway": "path", "name": "Lake Loop" }, "geometry": { "type": "LineString", "coordinates": [ [ -150.018154, 61.159218 ], [ -150.018218, 61.15916 ], [ -150.018237, 61.15911 ], [ -150.018199, 61.159047 ], [ -150.0181, 61.158997 ], [ -150.017692, 61.158852 ], [ -150.017505, 61.158766 ], [ -150.017334, 61.15864 ], [ -150.017281, 61.158537 ], [ -150.017292, 61.158449 ], [ -150.01741, 61.158309 ], [ -150.017838, 61.157963 ], [ -150.018026, 61.157841 ], [ -150.018167, 61.157656 ], [ -150.018209, 61.157376 ], [ -150.01833, 61.157147 ], [ -150.018535, 61.156969 ], [ -150.018556, 61.156833 ], [ -150.018146, 61.15659 ], [ -150.017742, 61.156508 ], [ -150.017622, 61.1563 ], [ -150.017855, 61.156112 ], [ -150.018238, 61.155996 ], [ -150.01845, 61.155781 ], [ -150.018436, 61.155385 ], [ -150.018554, 61.155294 ], [ -150.018783, 61.155107 ] ] } },
{ "type": "Feature", "properties": { "cls": "separated", "highway": "cycleway", "name": "Hanging Chad" }, "geometry": { "type": "LineString", "coordinates": [ [ -150.019757, 61.156593 ], [ -150.019823, 61.156679 ], [ -150.01993, 61.156754 ], [ -150.020195, 61.156867 ], [ -150.020413, 61.156986 ], [ -150.020722, 61.157203 ], [ -150.021084, 61.157396 ], [ -150.021149, 61.157446 ], [ -150.021218, 61.157463 ], [ -150.021355, 61.157463 ], [ -150.021815, 61.157593 ], [ -150.02217, 61.157843 ], [ -150.022188, 61.157903 ], [ -150.022155, 61.157934 ], [ -150.021878, 61.158045 ], [ -150.021759, 61.158135 ], [ -150.021733, 61.158179 ], [ -150.021781, 61.158223 ], [ -150.0221, 61.158297 ], [ -150.022146, 61.158346 ], [ -150.022139, 61.158397 ], [ -150.021967, 61.158597 ], [ -150.021891, 61.158645 ], [ -150.021676, 61.158755 ], [ -150.021648, 61.158785 ], [ -150.021655, 61.158817 ], [ -150.021714, 61.158835 ], [ -150.021841, 61.158835 ], [ -150.021937, 61.158837 ], [ -150.021988, 61.15888 ], [ -150.021926, 61.158943 ], [ -150.021809, 61.158983 ], [ -150.021724, 61.159005 ], [ -150.021693, 61.159047 ], [ -150.021734, 61.159091 ], [ -150.021805, 61.159109 ], [ -150.021922, 61.159101 ], [ -150.022025, 61.159046 ], [ -150.022683, 61.158816 ], [ -150.022806, 61.158741 ], [ -150.023014, 61.158484 ], [ -150.023186, 61.158324 ], [ -150.02322, 61.158271 ], [ -150.023285, 61.158171 ], [ -150.02332, 61.157922 ], [ -150.023267, 61.15781 ], [ -150.022991, 61.157615 ], [ -150.022906, 61.157516 ], [ -150.022769, 61.157259 ], [ -150.022671, 61.157199 ], [ -150.022561, 61.157171 ], [ -150.02171, 61.157122 ], [ -150.021606, 61.157107 ], [ -150.021464, 61.157056 ], [ -150.021343, 61.156948 ], [ -150.021329, 61.156865 ], [ -150.021477, 61.156723 ], [ -150.021466, 61.156688 ], [ -150.021459, 61.156665 ], [ -150.021264, 61.156719 ], [ -150.020786, 61.156518 ], [ -150.020559, 61.15638 ], [ -150.020395, 61.156211 ], [ -150.020363, 61.156092 ], [ -150.020396, 61.155969 ], [ -150.020365, 61.155704 ], [ -150.02039, 61.155481 ] ] } },
{ "type": "Feature", "properties": { "cls": "separated", "highway": "cycleway", "name": "Tower Power" }, "geometry": { "type": "LineString", "coordinates": [ [ -150.013226, 61.158305 ], [ -150.013206, 61.158353 ] ] } },
{ "type": "Feature", "properties": { "cls": "separated", "highway": "cycleway", "name": "Tower Power" }, "geometry": { "type": "LineString", "coordinates": [ [ -150.013206, 61.158353 ], [ -150.013137, 61.158415 ], [ -150.013022, 61.158474 ], [ -150.012605, 61.158649 ], [ -150.012428, 61.158689 ], [ -150.011964, 61.158694 ], [ -150.011825, 61.158708 ], [ -150.011787, 61.158723 ], [ -150.011726, 61.158747 ], [ -150.011687, 61.158812 ], [ -150.011691, 61.158922 ], [ -150.011646, 61.159018 ], [ -150.011605, 61.159108 ] ] } },
{ "type": "Feature", "properties": { "cls": "shared", "highway": "cycleway", "name": null }, "geometry": { "type": "LineString", "coordinates": [ [ -150.034875, 61.154585 ], [ -150.034865, 61.154556 ], [ -150.034854, 61.154529 ], [ -150.034824, 61.154512 ], [ -150.034779, 61.154507 ], [ -150.034748, 61.154506 ], [ -150.034717, 61.154512 ], [ -150.03468, 61.154537 ], [ -150.03466, 61.154562 ], [ -150.034642, 61.154584 ] ] } },
{ "type": "Feature", "properties": { "cls": "shared", "highway": "path", "name": null }, "geometry": { "type": "LineString", "coordinates": [ [ -150.03416, 61.154638 ], [ -150.0343, 61.154474 ] ] } },
{ "type": "Feature", "properties": { "cls": "shared", "highway": "path", "name": null }, "geometry": { "type": "LineString", "coordinates": [ [ -150.033863, 61.154963 ], [ -150.033892, 61.154855 ], [ -150.034152, 61.15465 ], [ -150.03416, 61.154638 ] ] } },
{ "type": "Feature", "properties": { "cls": "separated", "highway": "cycleway", "name": "Evolution" }, "geometry": { "type": "LineString", "coordinates": [ [ -150.025901, 61.153853 ], [ -150.026002, 61.153775 ], [ -150.026081, 61.153741 ], [ -150.026231, 61.153751 ], [ -150.02628, 61.153834 ], [ -150.026457, 61.153889 ], [ -150.026548, 61.154017 ], [ -150.026703, 61.153992 ], [ -150.026811, 61.153911 ], [ -150.026959, 61.153876 ], [ -150.027046, 61.153931 ], [ -150.026858, 61.154067 ], [ -150.026599, 61.154122 ], [ -150.026213, 61.15442 ], [ -150.026033, 61.154653 ], [ -150.025868, 61.154792 ], [ -150.025242, 61.155188 ], [ -150.025143, 61.155311 ], [ -150.025086, 61.155739 ], [ -150.025047, 61.155815 ], [ -150.024943, 61.155895 ], [ -150.024844, 61.155932 ], [ -150.024673, 61.155949 ], [ -150.024529, 61.155934 ], [ -150.024037, 61.155809 ], [ -150.02322, 61.15551 ], [ -150.02284, 61.155425 ], [ -150.022706, 61.15538 ], [ -150.022606, 61.155321 ], [ -150.022472, 61.155181 ], [ -150.022468, 61.155089 ] ] } },
{ "type": "Feature", "properties": { "cls": "shared", "highway": "path", "name": "Margaux's Loop" }, "geometry": { "type": "LineString", "coordinates": [ [ -150.028975, 61.153208 ], [ -150.028996, 61.153214 ], [ -150.02956, 61.153561 ], [ -150.030472, 61.154081 ], [ -150.031212, 61.154536 ], [ -150.031711, 61.154842 ], [ -150.032811, 61.155515 ], [ -150.033438, 61.156131 ], [ -150.033846, 61.156491 ], [ -150.034274, 61.156624 ], [ -150.034613, 61.156729 ], [ -150.034667, 61.156735 ], [ -150.035238, 61.156806 ], [ -150.035428, 61.156829 ], [ -150.03553, 61.156842 ], [ -150.035707, 61.156863 ], [ -150.036096, 61.156854 ], [ -150.036311, 61.156849 ] ] } },
{ "type": "Feature", "properties": { "cls": "shared", "highway": "path", "name": null }, "geometry": { "type": "LineString", "coordinates": [ [ -150.032811, 61.155515 ], [ -150.033545, 61.155233 ], [ -150.033863, 61.154963 ] ] } },
{ "type": "Feature", "properties": { "cls": "shared", "highway": "path", "name": null }, "geometry": { "type": "LineString", "coordinates": [ [ -150.033863, 61.154963 ], [ -150.033813, 61.155202 ], [ -150.033978, 61.155379 ], [ -150.034186, 61.155525 ], [ -150.034388, 61.155665 ], [ -150.034585, 61.155834 ], [ -150.034727, 61.156016 ], [ -150.034858, 61.156187 ], [ -150.035053, 61.156303 ], [ -150.035189, 61.156412 ], [ -150.035285, 61.156501 ], [ -150.035345, 61.156598 ], [ -150.035359, 61.156668 ], [ -150.035238, 61.156806 ] ] } },
{ "type": "Feature", "properties": { "cls": "shared", "highway": "path", "name": "Easy Street" }, "geometry": { "type": "LineString", "coordinates": [ [ -150.034013, 61.158408 ], [ -150.033867, 61.158357 ], [ -150.033038, 61.158283 ], [ -150.032017, 61.158123 ], [ -150.031795, 61.158035 ], [ -150.031681, 61.157944 ], [ -150.031598, 61.157741 ], [ -150.031598, 61.157687 ], [ -150.031607, 61.157625 ], [ -150.031632, 61.157562 ], [ -150.03161, 61.157484 ], [ -150.031601, 61.157384 ], [ -150.031658, 61.157299 ], [ -150.031759, 61.157184 ], [ -150.031921, 61.157032 ], [ -150.0319, 61.156808 ], [ -150.03175, 61.15659 ], [ -150.031684, 61.15646 ], [ -150.03166, 61.156272 ], [ -150.031768, 61.15604 ], [ -150.031883, 61.155931 ], [ -150.031924, 61.155864 ], [ -150.031913, 61.155779 ], [ -150.031799, 61.155691 ], [ -150.031616, 61.155634 ], [ -150.031428, 61.155644 ], [ -150.031247, 61.155697 ], [ -150.031173, 61.15578 ], [ -150.031061, 61.155864 ], [ -150.030926, 61.155918 ], [ -150.030708, 61.155962 ], [ -150.03041, 61.155974 ], [ -150.030263, 61.155947 ], [ -150.030094, 61.15588 ], [ -150.029992, 61.155809 ], [ -150.029849, 61.155665 ], [ -150.02946, 61.155346 ], [ -150.029358, 61.155233 ], [ -150.029136, 61.154778 ], [ -150.028909, 61.154456 ], [ -150.028738, 61.154036 ], [ -150.02873, 61.153794 ], [ -150.028625, 61.153623 ] ] } },
{ "type": "Feature", "properties": { "cls": "separated", "highway": "cycleway", "name": "Old School" }, "geometry": { "type": "LineString", "coordinates": [ [ -150.030096, 61.154642 ], [ -150.030187, 61.154734 ], [ -150.03023, 61.154837 ], [ -150.030247, 61.155145 ], [ -150.030194, 61.15541 ], [ -150.0302, 61.155479 ], [ -150.030299, 61.155629 ], [ -150.03037, 61.155688 ], [ -150.030465, 61.155724 ], [ -150.031102, 61.155793 ], [ -150.031173, 61.15578 ], [ -150.031308, 61.155884 ], [ -150.031296, 61.155956 ], [ -150.03121, 61.156012 ], [ -150.031125, 61.156068 ], [ -150.030785, 61.156138 ], [ -150.030599, 61.156253 ], [ -150.030272, 61.156581 ], [ -150.030107, 61.156664 ], [ -150.030108, 61.156761 ], [ -150.030188, 61.156872 ], [ -150.030245, 61.15695 ], [ -150.030384, 61.157044 ], [ -150.030231, 61.157129 ], [ -150.03014, 61.157188 ], [ -150.029455, 61.157462 ], [ -150.029105, 61.157666 ], [ -150.02879, 61.157936 ], [ -150.028716, 61.158053 ], [ -150.02869, 61.158169 ], [ -150.02867, 61.158254 ], [ -150.028677, 61.15832 ], [ -150.028753, 61.158387 ], [ -150.029277, 61.158616 ], [ -150.029441, 61.158669 ], [ -150.030102, 61.158733 ], [ -150.030358, 61.158799 ], [ -150.030508, 61.158817 ], [ -150.030655, 61.158803 ], [ -150.031032, 61.158675 ], [ -150.031116, 61.158628 ], [ -150.031131, 61.158539 ], [ -150.031076, 61.158357 ], [ -150.031138, 61.158248 ], [ -150.031198, 61.158238 ], [ -150.031245, 61.158183 ], [ -150.031027, 61.158083 ], [ -150.030957, 61.157966 ], [ -150.031021, 61.157869 ], [ -150.031405, 61.157641 ], [ -150.031632, 61.157562 ], [ -150.031971, 61.157438 ], [ -150.032106, 61.157415 ], [ -150.032378, 61.157401 ], [ -150.032742, 61.15732 ], [ -150.033077, 61.157351 ], [ -150.033219, 61.157348 ], [ -150.033597, 61.157272 ] ] } },
{ "type": "Feature", "properties": { "cls": "separated", "highway": "cycleway", "name": "Candy Mountain" }, "geometry": { "type": "LineString", "coordinates": [ [ -150.030245, 61.15695 ], [ -150.030037, 61.156871 ], [ -150.029849, 61.156765 ], [ -150.029736, 61.156597 ], [ -150.029596, 61.15648 ], [ -150.029557, 61.156421 ], [ -150.029435, 61.15641 ], [ -150.029206, 61.156485 ], [ -150.02898, 61.156579 ], [ -150.028823, 61.156675 ], [ -150.028711, 61.156788 ], [ -150.028509, 61.157038 ], [ -150.028366, 61.157301 ], [ -150.02813, 61.157598 ], [ -150.028051, 61.157648 ], [ -150.027921, 61.157656 ], [ -150.027813, 61.157624 ], [ -150.027535, 61.157456 ], [ -150.027506, 61.157367 ], [ -150.02756, 61.157247 ], [ -150.027564, 61.157151 ], [ -150.027548, 61.157019 ], [ -150.027468, 61.156846 ], [ -150.027453, 61.156707 ], [ -150.027503, 61.156614 ], [ -150.027818, 61.156283 ], [ -150.028002, 61.156155 ], [ -150.028021, 61.156053 ], [ -150.027957, 61.155991 ], [ -150.027815, 61.155963 ], [ -150.027683, 61.155999 ], [ -150.027214, 61.156194 ], [ -150.027043, 61.156307 ], [ -150.026788, 61.156541 ], [ -150.026487, 61.156717 ], [ -150.02638, 61.156808 ], [ -150.026367, 61.156936 ], [ -150.026428, 61.157028 ], [ -150.026806, 61.157394 ], [ -150.026815, 61.157415 ], [ -150.026929, 61.157694 ], [ -150.027042, 61.157971 ], [ -150.027133, 61.158057 ], [ -150.027195, 61.15805 ], [ -150.02724, 61.158025 ], [ -150.027291, 61.15795 ], [ -150.027321, 61.157923 ], [ -150.027393, 61.157928 ], [ -150.027404, 61.157976 ], [ -150.027439, 61.158018 ], [ -150.027565, 61.158232 ], [ -150.027792, 61.158435 ], [ -150.027791, 61.158495 ], [ -150.027732, 61.158543 ], [ -150.027507, 61.158646 ], [ -150.027442, 61.158705 ], [ -150.027432, 61.158765 ], [ -150.027516, 61.158902 ], [ -150.027611, 61.158977 ], [ -150.027736, 61.159007 ], [ -150.027856, 61.158988 ], [ -150.028067, 61.1589 ], [ -150.028474, 61.158816 ], [ -150.028734, 61.158736 ], [ -150.028908, 61.158709 ], [ -150.029441, 61.158669 ] ] } },
{ "type": "Feature", "properties": { "cls": "shared", "highway": "path", "name": "World Cup" }, "geometry": { "type": "LineString", "coordinates": [ [ -150.034398, 61.158616 ], [ -150.034013, 61.158408 ] ] } },
{ "type": "Feature", "properties": { "cls": "separated", "highway": "cycleway", "name": "QFB" }, "geometry": { "type": "LineString", "coordinates": [ [ -150.036858, 61.147722 ], [ -150.037137, 61.147673 ], [ -150.037439, 61.147683 ], [ -150.037576, 61.147647 ], [ -150.0377, 61.147587 ], [ -150.037817, 61.147583 ], [ -150.038033, 61.147648 ], [ -150.038255, 61.147613 ], [ -150.038418, 61.147613 ], [ -150.038476, 61.147658 ], [ -150.038526, 61.147772 ], [ -150.038629, 61.147771 ], [ -150.038854, 61.147721 ], [ -150.039085, 61.147706 ], [ -150.039218, 61.147736 ], [ -150.039522, 61.147889 ] ] } },
{ "type": "Feature", "properties": { "cls": "separated", "highway": "cycleway", "name": "C$ Express" }, "geometry": { "type": "LineString", "coordinates": [ [ -150.025786, 61.145581 ], [ -150.02598, 61.145457 ], [ -150.026188, 61.145406 ], [ -150.026455, 61.145501 ], [ -150.026763, 61.145649 ], [ -150.026917, 61.145694 ], [ -150.027405, 61.145779 ], [ -150.027796, 61.145933 ], [ -150.027912, 61.14595 ], [ -150.028113, 61.14595 ], [ -150.028529, 61.145892 ], [ -150.028671, 61.145887 ], [ -150.028789, 61.145904 ], [ -150.028889, 61.145949 ], [ -150.029036, 61.146122 ], [ -150.0292, 61.146172 ], [ -150.029325, 61.146183 ], [ -150.029474, 61.146164 ], [ -150.02965, 61.146086 ], [ -150.029751, 61.146055 ], [ -150.029799, 61.145945 ], [ -150.029888, 61.145915 ], [ -150.030096, 61.145841 ], [ -150.030523, 61.145823 ], [ -150.030602, 61.145809 ], [ -150.030627, 61.14578 ], [ -150.030572, 61.145689 ], [ -150.030429, 61.145541 ], [ -150.030281, 61.145458 ], [ -150.030181, 61.145425 ], [ -150.030169, 61.145391 ], [ -150.030177, 61.145358 ], [ -150.030215, 61.145343 ], [ -150.030265, 61.14534 ], [ -150.030396, 61.145421 ], [ -150.030566, 61.145516 ], [ -150.030751, 61.145654 ], [ -150.030995, 61.14579 ], [ -150.031069, 61.145812 ], [ -150.031113, 61.145815 ], [ -150.031302, 61.14577 ], [ -150.031419, 61.145782 ], [ -150.031572, 61.145846 ], [ -150.031608, 61.145888 ], [ -150.031607, 61.145984 ], [ -150.031648, 61.146016 ], [ -150.031821, 61.146034 ], [ -150.031947, 61.146051 ], [ -150.032007, 61.146043 ], [ -150.032165, 61.145978 ], [ -150.03219, 61.145951 ], [ -150.032253, 61.145944 ], [ -150.03227, 61.145953 ], [ -150.032325, 61.145982 ], [ -150.032358, 61.146012 ], [ -150.032429, 61.146085 ], [ -150.032433, 61.146284 ], [ -150.032489, 61.146421 ], [ -150.032583, 61.146476 ], [ -150.032588, 61.146479 ], [ -150.033135, 61.146624 ], [ -150.033578, 61.146692 ], [ -150.033827, 61.146769 ], [ -150.034258, 61.146881 ], [ -150.034785, 61.147071 ], [ -150.035064, 61.147109 ], [ -150.03528, 61.147119 ], [ -150.035785, 61.147068 ], [ -150.035878, 61.147057 ], [ -150.036024, 61.147087 ], [ -150.036296, 61.147175 ], [ -150.036416, 61.147182 ], [ -150.036656, 61.147132 ], [ -150.036776, 61.147073 ], [ -150.036773, 61.146982 ], [ -150.036726, 61.146945 ], [ -150.036745, 61.146904 ], [ -150.036804, 61.14686 ], [ -150.036905, 61.146872 ], [ -150.037, 61.146933 ], [ -150.037131, 61.147021 ], [ -150.037393, 61.147263 ], [ -150.037417, 61.147348 ], [ -150.037378, 61.147397 ], [ -150.037328, 61.14745 ], [ -150.037236, 61.147491 ], [ -150.037011, 61.14752 ], [ -150.036722, 61.147504 ], [ -150.036569, 61.147516 ], [ -150.036487, 61.147544 ], [ -150.036404, 61.147621 ], [ -150.036402, 61.147689 ], [ -150.036521, 61.147746 ], [ -150.036667, 61.14775 ], [ -150.036858, 61.147722 ], [ -150.03697, 61.147706 ], [ -150.037213, 61.147697 ], [ -150.037574, 61.147727 ], [ -150.038024, 61.147729 ], [ -150.038236, 61.147747 ], [ -150.038701, 61.147848 ], [ -150.03889, 61.147868 ], [ -150.039522, 61.147889 ], [ -150.039615, 61.147892 ], [ -150.039996, 61.147809 ], [ -150.040094, 61.147769 ], [ -150.040114, 61.147735 ], [ -150.040073, 61.147627 ], [ -150.040147, 61.147559 ], [ -150.040282, 61.14755 ], [ -150.040545, 61.147592 ], [ -150.040748, 61.147646 ], [ -150.041, 61.147749 ], [ -150.041113, 61.147819 ], [ -150.041179, 61.147866 ], [ -150.041252, 61.147914 ], [ -150.041699, 61.148066 ], [ -150.042238, 61.148428 ], [ -150.042428, 61.148655 ], [ -150.04262, 61.148818 ], [ -150.0427, 61.148886 ], [ -150.04295, 61.149028 ], [ -150.043367, 61.149309 ], [ -150.043658, 61.149446 ], [ -150.044034, 61.149687 ], [ -150.044515, 61.149897 ], [ -150.044729, 61.149964 ], [ -150.044883, 61.149979 ], [ -150.045293, 61.149951 ], [ -150.045418, 61.149976 ], [ -150.045497, 61.15003 ], [ -150.045593, 61.150146 ], [ -150.045968, 61.150411 ], [ -150.046396, 61.15058 ], [ -150.046513, 61.150654 ], [ -150.04654, 61.150721 ], [ -150.046495, 61.150849 ], [ -150.046488, 61.15087 ], [ -150.046517, 61.15094 ], [ -150.046585, 61.150977 ], [ -150.047041, 61.151084 ], [ -150.047117, 61.151121 ], [ -150.047142, 61.151295 ] ] } },
{ "type": "Feature", "properties": { "cls": "shared", "highway": "footway", "name": "Icebox" }, "geometry": { "type": "LineString", "coordinates": [ [ -150.030551, 61.147327 ], [ -150.030804, 61.147414 ], [ -150.03096, 61.147483 ], [ -150.031381, 61.147639 ], [ -150.03217, 61.147857 ], [ -150.032597, 61.147921 ], [ -150.032888, 61.147914 ], [ -150.033382, 61.147842 ], [ -150.033628, 61.14782 ], [ -150.033869, 61.147824 ], [ -150.034115, 61.147879 ], [ -150.034271, 61.147948 ], [ -150.034455, 61.148038 ], [ -150.034708, 61.148265 ], [ -150.034852, 61.148367 ], [ -150.034999, 61.148432 ], [ -150.035268, 61.14848 ], [ -150.035549, 61.14856 ], [ -150.036056, 61.148755 ], [ -150.036223, 61.148825 ], [ -150.036421, 61.148942 ], [ -150.036607, 61.149001 ], [ -150.036764, 61.149045 ], [ -150.036902, 61.14905 ], [ -150.037062, 61.14904 ], [ -150.037197, 61.148998 ], [ -150.037445, 61.148881 ], [ -150.0376, 61.148815 ], [ -150.037943, 61.148781 ], [ -150.038302, 61.148748 ], [ -150.038709, 61.148706 ], [ -150.038964, 61.148654 ], [ -150.039136, 61.148602 ], [ -150.039396, 61.1485 ], [ -150.039704, 61.148345 ], [ -150.039858, 61.148244 ], [ -150.040029, 61.148065 ], [ -150.040212, 61.147948 ], [ -150.040432, 61.147936 ], [ -150.040633, 61.147926 ], [ -150.040865, 61.147936 ], [ -150.040945, 61.14796 ], [ -150.04117, 61.148027 ], [ -150.041294, 61.148183 ], [ -150.041228, 61.148292 ], [ -150.041023, 61.148393 ], [ -150.040904, 61.148519 ], [ -150.040785, 61.14867 ], [ -150.040681, 61.1488 ], [ -150.040609, 61.148935 ], [ -150.040477, 61.149092 ], [ -150.040418, 61.14924 ], [ -150.040434, 61.149372 ], [ -150.040476, 61.149471 ], [ -150.04052, 61.149586 ], [ -150.040656, 61.149782 ], [ -150.040765, 61.149908 ], [ -150.040873, 61.149998 ], [ -150.041045, 61.150101 ], [ -150.041153, 61.15016 ], [ -150.041302, 61.150209 ], [ -150.041464, 61.150209 ], [ -150.041606, 61.150193 ], [ -150.041746, 61.150151 ], [ -150.04192, 61.150105 ], [ -150.042047, 61.150087 ], [ -150.042323, 61.150086 ], [ -150.042586, 61.150073 ], [ -150.042814, 61.150053 ], [ -150.042974, 61.150004 ], [ -150.043164, 61.149955 ], [ -150.043289, 61.149923 ], [ -150.043493, 61.149902 ], [ -150.043697, 61.149901 ], [ -150.043862, 61.149947 ], [ -150.04396, 61.150018 ], [ -150.043898, 61.150092 ], [ -150.043726, 61.150159 ], [ -150.043583, 61.150216 ], [ -150.04341, 61.150291 ], [ -150.043225, 61.150372 ], [ -150.043055, 61.150438 ], [ -150.042863, 61.150501 ], [ -150.042694, 61.150584 ], [ -150.042584, 61.150671 ], [ -150.042598, 61.150731 ], [ -150.042646, 61.150773 ], [ -150.042775, 61.150782 ], [ -150.04287, 61.15073 ], [ -150.043026, 61.150649 ], [ -150.043223, 61.15057 ], [ -150.043475, 61.150545 ], [ -150.043726, 61.150565 ], [ -150.044011, 61.150563 ], [ -150.044165, 61.150562 ], [ -150.044346, 61.150556 ], [ -150.044671, 61.150542 ], [ -150.044978, 61.150502 ], [ -150.045208, 61.150502 ], [ -150.045491, 61.150546 ], [ -150.045639, 61.150588 ], [ -150.046032, 61.15076 ], [ -150.046282, 61.15085 ] ] } },
{ "type": "Feature", "properties": { "cls": "shared", "highway": "footway", "name": "Mize's Folly" }, "geometry": { "type": "LineString", "coordinates": [ [ -150.036764, 61.149045 ], [ -150.036809, 61.149134 ], [ -150.036986, 61.149325 ], [ -150.037009, 61.149395 ], [ -150.036974, 61.149573 ], [ -150.036881, 61.149696 ], [ -150.03674, 61.149759 ], [ -150.036636, 61.149775 ], [ -150.036363, 61.149778 ] ] } },
{ "type": "Feature", "properties": { "cls": "shared", "highway": "footway", "name": "Mize's Folly" }, "geometry": { "type": "LineString", "coordinates": [ [ -150.043348, 61.151815 ], [ -150.042508, 61.151766 ], [ -150.04198, 61.151552 ], [ -150.041537, 61.151207 ], [ -150.041443, 61.151018 ], [ -150.041472, 61.150736 ], [ -150.041273, 61.150565 ], [ -150.040675, 61.150387 ], [ -150.039708, 61.150189 ], [ -150.039106, 61.150089 ], [ -150.038691, 61.150008 ], [ -150.038359, 61.150015 ], [ -150.0379, 61.15 ], [ -150.037145, 61.149923 ], [ -150.036782, 61.149867 ], [ -150.036363, 61.149778 ] ] } },
{ "type": "Feature", "properties": { "cls": "shared", "highway": "footway", "name": "Icebox" }, "geometry": { "type": "LineString", "coordinates": [ [ -150.046282, 61.15085 ], [ -150.046327, 61.15093 ], [ -150.046308, 61.151012 ], [ -150.046253, 61.151084 ], [ -150.046063, 61.151206 ], [ -150.045804, 61.151336 ], [ -150.045614, 61.151436 ], [ -150.045505, 61.151479 ], [ -150.045323, 61.151525 ], [ -150.044982, 61.1516 ], [ -150.044386, 61.151725 ] ] } },
{ "type": "Feature", "properties": { "cls": "shared", "highway": "path", "name": "Stairway to Heaven" }, "geometry": { "type": "LineString", "coordinates": [ [ -150.034747, 61.15132 ], [ -150.035231, 61.15127 ], [ -150.035623, 61.151198 ], [ -150.035771, 61.151168 ], [ -150.036089, 61.15098 ], [ -150.03633, 61.150901 ], [ -150.036721, 61.150807 ], [ -150.036899, 61.150828 ], [ -150.03726, 61.15086 ], [ -150.037585, 61.150934 ], [ -150.037806, 61.151027 ], [ -150.038015, 61.151138 ], [ -150.038264, 61.151303 ], [ -150.038652, 61.151409 ], [ -150.039033, 61.151418 ], [ -150.039625, 61.15137 ], [ -150.040065, 61.151362 ], [ -150.040403, 61.151367 ], [ -150.040659, 61.151415 ], [ -150.04075, 61.151459 ], [ -150.040857, 61.151519 ], [ -150.041029, 61.151664 ], [ -150.04112, 61.151801 ], [ -150.041179, 61.151954 ], [ -150.041254, 61.152127 ], [ -150.041327, 61.15227 ], [ -150.041426, 61.152354 ], [ -150.041597, 61.152398 ] ] } },
{ "type": "Feature", "properties": { "cls": "shared", "highway": "path", "name": "Mize's Folly" }, "geometry": { "type": "LineString", "coordinates": [ [ -150.044386, 61.151725 ], [ -150.043677, 61.151798 ], [ -150.043574, 61.151803 ], [ -150.043348, 61.151815 ] ] } },
{ "type": "Feature", "properties": { "cls": "shared", "highway": "footway", "name": null }, "geometry": { "type": "LineString", "coordinates": [ [ -150.043348, 61.151815 ], [ -150.042479, 61.151881 ], [ -150.041983, 61.151997 ], [ -150.041622, 61.152257 ], [ -150.041597, 61.152398 ] ] } },
{ "type": "Feature", "properties": { "cls": "shared", "highway": "path", "name": "Compression" }, "geometry": { "type": "LineString", "coordinates": [ [ -150.041287, 61.152485 ], [ -150.041081, 61.152386 ], [ -150.040757, 61.152152 ], [ -150.040632, 61.152086 ], [ -150.04047, 61.152015 ], [ -150.040356, 61.151975 ], [ -150.040162, 61.151959 ], [ -150.039699, 61.151941 ], [ -150.039189, 61.151934 ], [ -150.038469, 61.151923 ], [ -150.038012, 61.151954 ], [ -150.037614, 61.151993 ], [ -150.037247, 61.152012 ], [ -150.036886, 61.151986 ], [ -150.036442, 61.151954 ], [ -150.036171, 61.151937 ], [ -150.03582, 61.151957 ], [ -150.035488, 61.151952 ], [ -150.035167, 61.151942 ], [ -150.034979, 61.151942 ] ] } },
{ "type": "Feature", "properties": { "cls": "shared", "highway": "footway", "name": null }, "geometry": { "type": "LineString", "coordinates": [ [ -150.049351, 61.150868 ], [ -150.04898, 61.150707 ], [ -150.048849, 61.150631 ], [ -150.04784, 61.149889 ], [ -150.047486, 61.149535 ], [ -150.046883, 61.149188 ], [ -150.046466, 61.148904 ], [ -150.046354, 61.148861 ], [ -150.045943, 61.148808 ] ] } },
{ "type": "Feature", "properties": { "cls": "separated", "highway": "cycleway", "name": "Mighty Bike" }, "geometry": { "type": "LineString", "coordinates": [ [ -150.041996, 61.152657 ], [ -150.042213, 61.152802 ], [ -150.042575, 61.152973 ], [ -150.042687, 61.153092 ], [ -150.042728, 61.153216 ], [ -150.042783, 61.153266 ], [ -150.04293, 61.153303 ], [ -150.04305, 61.153309 ], [ -150.043219, 61.153299 ], [ -150.043392, 61.153257 ], [ -150.043771, 61.153114 ], [ -150.043871, 61.153053 ], [ -150.043949, 61.152965 ], [ -150.043961, 61.15288 ], [ -150.043907, 61.152751 ], [ -150.043893, 61.152577 ], [ -150.04389, 61.152548 ], [ -150.043964, 61.152485 ], [ -150.044232, 61.152448 ], [ -150.044345, 61.152414 ], [ -150.044389, 61.152379 ], [ -150.044443, 61.152258 ], [ -150.044542, 61.152199 ], [ -150.044807, 61.152162 ], [ -150.045098, 61.152093 ], [ -150.045297, 61.152072 ], [ -150.045602, 61.152079 ], [ -150.045717, 61.152069 ], [ -150.045808, 61.152022 ], [ -150.045822, 61.151968 ], [ -150.045624, 61.151849 ], [ -150.045509, 61.151809 ], [ -150.045477, 61.151782 ], [ -150.045505, 61.151774 ], [ -150.045622, 61.151774 ], [ -150.045633, 61.151751 ], [ -150.045531, 61.151725 ], [ -150.045522, 61.151703 ], [ -150.045563, 61.151692 ], [ -150.045738, 61.151727 ], [ -150.045769, 61.151697 ], [ -150.045668, 61.151626 ], [ -150.045731, 61.151596 ], [ -150.0459, 61.151464 ], [ -150.04602, 61.151399 ], [ -150.046526, 61.151221 ], [ -150.046713, 61.151192 ], [ -150.046894, 61.151191 ], [ -150.047142, 61.151295 ], [ -150.04725, 61.151387 ], [ -150.047335, 61.151464 ], [ -150.047529, 61.151491 ], [ -150.048011, 61.151564 ], [ -150.048096, 61.151596 ], [ -150.048169, 61.151653 ], [ -150.048183, 61.151783 ], [ -150.04814, 61.151997 ], [ -150.048151, 61.152086 ], [ -150.04838, 61.152403 ], [ -150.048407, 61.15256 ], [ -150.048539, 61.152744 ], [ -150.048622, 61.152973 ], [ -150.048768, 61.15307 ], [ -150.048982, 61.153134 ], [ -150.049319, 61.153201 ], [ -150.049599, 61.153221 ], [ -150.05051, 61.153152 ] ] } },
{ "type": "Feature", "properties": { "cls": "shared", "highway": "footway", "name": "Mize's Folly" }, "geometry": { "type": "LineString", "coordinates": [ [ -150.048323, 61.153315 ], [ -150.048117, 61.153203 ], [ -150.048038, 61.153122 ], [ -150.047949, 61.15292 ], [ -150.047926, 61.152796 ], [ -150.047964, 61.152456 ], [ -150.047885, 61.15229 ], [ -150.047786, 61.152195 ], [ -150.047593, 61.152099 ], [ -150.04744, 61.152048 ], [ -150.047218, 61.151964 ], [ -150.046988, 61.15193 ], [ -150.046654, 61.151928 ], [ -150.046267, 61.151942 ], [ -150.04596, 61.151958 ], [ -150.045822, 61.151968 ], [ -150.045524, 61.151904 ], [ -150.045245, 61.15187 ], [ -150.044849, 61.151822 ], [ -150.044386, 61.151725 ] ] } },
{ "type": "Feature", "properties": { "cls": "shared", "highway": "cycleway", "name": null }, "geometry": { "type": "LineString", "coordinates": [ [ -150.050064, 61.153832 ], [ -150.050198, 61.153752 ], [ -150.05051, 61.153569 ], [ -150.050659, 61.153475 ], [ -150.05083, 61.153388 ], [ -150.050931, 61.153351 ], [ -150.051037, 61.15332 ], [ -150.051201, 61.15329 ], [ -150.051286, 61.15328 ], [ -150.051373, 61.153271 ], [ -150.05141, 61.153267 ], [ -150.051525, 61.153242 ], [ -150.051877, 61.153146 ], [ -150.052512, 61.153 ], [ -150.052643, 61.152977 ], [ -150.052769, 61.152963 ], [ -150.052873, 61.152956 ], [ -150.052982, 61.152954 ], [ -150.053261, 61.152954 ], [ -150.05337, 61.152956 ], [ -150.053482, 61.152962 ], [ -150.053578, 61.152971 ], [ -150.053668, 61.152985 ], [ -150.053748, 61.152997 ], [ -150.053844, 61.153011 ], [ -150.054152, 61.153081 ], [ -150.054285, 61.153122 ], [ -150.054424, 61.153174 ], [ -150.054644, 61.15326 ], [ -150.054833, 61.153337 ] ] } },
{ "type": "Feature", "properties": { "cls": "shared", "highway": "cycleway", "name": "Raspberry Multi-Use" }, "geometry": { "type": "LineString", "coordinates": [ [ -150.057183, 61.153691 ], [ -150.057066, 61.153696 ], [ -150.05695, 61.153696 ], [ -150.056815, 61.153682 ], [ -150.056675, 61.153663 ], [ -150.056505, 61.153629 ], [ -150.055982, 61.153509 ], [ -150.055811, 61.153473 ], [ -150.055745, 61.153461 ], [ -150.055458, 61.15342 ], [ -150.055314, 61.153399 ], [ -150.055186, 61.153382 ], [ -150.055072, 61.153364 ], [ -150.054937, 61.153341 ], [ -150.054833, 61.153337 ] ] } },
{ "type": "Feature", "properties": { "cls": "separated", "highway": "cycleway", "name": null }, "geometry": { "type": "LineString", "coordinates": [ [ -150.054833, 61.153337 ], [ -150.054858, 61.153375 ], [ -150.055007, 61.15343 ], [ -150.055171, 61.153523 ], [ -150.055284, 61.153632 ], [ -150.055296, 61.153651 ], [ -150.055328, 61.153737 ] ] } },
{ "type": "Feature", "properties": { "cls": "shared", "highway": "path", "name": null }, "geometry": { "type": "LineString", "coordinates": [ [ -150.048599, 61.153492 ], [ -150.048415, 61.153566 ], [ -150.048293, 61.153832 ], [ -150.04815, 61.154024 ], [ -150.047975, 61.154117 ], [ -150.047752, 61.154127 ], [ -150.047241, 61.154093 ], [ -150.046853, 61.154103 ], [ -150.046537, 61.154226 ], [ -150.046323, 61.15425 ], [ -150.046236, 61.154245 ], [ -150.045972, 61.154231 ] ] } },
{ "type": "Feature", "properties": { "cls": "shared", "highway": "footway", "name": "Green Loop" }, "geometry": { "type": "LineString", "coordinates": [ [ -150.046086, 61.154954 ], [ -150.046069, 61.154916 ], [ -150.046012, 61.154828 ], [ -150.046016, 61.154673 ] ] } },
{ "type": "Feature", "properties": { "cls": "shared", "highway": "footway", "name": "Green Loop" }, "geometry": { "type": "LineString", "coordinates": [ [ -150.047842, 61.154988 ], [ -150.047879, 61.154953 ], [ -150.04786, 61.154907 ], [ -150.047804, 61.154854 ] ] } },
{ "type": "Feature", "properties": { "cls": "shared", "highway": "footway", "name": "Green Loop" }, "geometry": { "type": "LineString", "coordinates": [ [ -150.047804, 61.154854 ], [ -150.047721, 61.154828 ], [ -150.047549, 61.154824 ], [ -150.047426, 61.154829 ], [ -150.047316, 61.154854 ], [ -150.047152, 61.154903 ], [ -150.047056, 61.154944 ], [ -150.04693, 61.154977 ], [ -150.046774, 61.154993 ], [ -150.046635, 61.155001 ], [ -150.046514, 61.155001 ], [ -150.04638, 61.154996 ], [ -150.04624, 61.154981 ], [ -150.046149, 61.154967 ], [ -150.046086, 61.154954 ] ] } },
{ "type": "Feature", "properties": { "cls": "shared", "highway": "footway", "name": "Stairway to Heaven" }, "geometry": { "type": "LineString", "coordinates": [ [ -150.041597, 61.152398 ], [ -150.042376, 61.15231 ], [ -150.042685, 61.152305 ], [ -150.042934, 61.152349 ], [ -150.043119, 61.152504 ], [ -150.043148, 61.152508 ], [ -150.043544, 61.152567 ], [ -150.043893, 61.152577 ] ] } },
{ "type": "Feature", "properties": { "cls": "separated", "highway": "cycleway", "name": "Toilet Bowl" }, "geometry": { "type": "LineString", "coordinates": [ [ -150.038491, 61.152876 ], [ -150.038931, 61.152863 ], [ -150.039469, 61.152789 ], [ -150.040254, 61.152598 ], [ -150.040818, 61.152572 ], [ -150.040831, 61.15253 ], [ -150.040684, 61.152528 ], [ -150.040601, 61.152435 ], [ -150.040457, 61.15245 ], [ -150.04035, 61.152389 ], [ -150.040272, 61.152379 ], [ -150.040081, 61.152447 ], [ -150.039871, 61.152487 ], [ -150.039575, 61.152582 ], [ -150.03945, 61.152601 ], [ -150.039416, 61.152514 ], [ -150.039678, 61.152346 ], [ -150.039733, 61.152312 ], [ -150.039708, 61.152265 ], [ -150.039578, 61.1523 ], [ -150.039404, 61.152409 ], [ -150.039322, 61.152417 ], [ -150.039271, 61.152383 ], [ -150.039312, 61.152266 ], [ -150.039312, 61.152166 ], [ -150.03922, 61.152087 ], [ -150.039041, 61.152062 ], [ -150.038884, 61.152059 ], [ -150.03889, 61.152114 ], [ -150.039133, 61.152195 ], [ -150.039027, 61.152244 ], [ -150.038915, 61.152259 ], [ -150.038697, 61.152145 ], [ -150.038752, 61.152042 ], [ -150.038669, 61.152018 ], [ -150.038581, 61.152021 ], [ -150.038466, 61.152128 ], [ -150.038284, 61.152163 ], [ -150.037763, 61.152182 ], [ -150.03727, 61.152161 ], [ -150.037106, 61.152177 ], [ -150.037075, 61.152234 ], [ -150.037499, 61.152333 ], [ -150.037672, 61.152324 ], [ -150.037784, 61.152341 ], [ -150.037797, 61.152412 ], [ -150.037781, 61.152475 ] ] } },
{ "type": "Feature", "properties": { "cls": "shared", "highway": "footway", "name": "Stairway to Heaven" }, "geometry": { "type": "LineString", "coordinates": [ [ -150.043893, 61.152577 ], [ -150.044042, 61.152577 ], [ -150.044275, 61.152576 ], [ -150.044451, 61.152589 ], [ -150.044718, 61.152585 ], [ -150.045057, 61.152558 ], [ -150.045424, 61.152547 ], [ -150.04568, 61.152651 ], [ -150.045725, 61.152768 ], [ -150.045618, 61.152856 ] ] } },
{ "type": "Feature", "properties": { "cls": "shared", "highway": "path", "name": "Compression" }, "geometry": { "type": "LineString", "coordinates": [ [ -150.034979, 61.151942 ], [ -150.035013, 61.152058 ], [ -150.035116, 61.152176 ], [ -150.035235, 61.152251 ], [ -150.035492, 61.152385 ], [ -150.035849, 61.152515 ], [ -150.036873, 61.152807 ], [ -150.03738, 61.152845 ], [ -150.037491, 61.152887 ], [ -150.037518, 61.152958 ], [ -150.037531, 61.153009 ], [ -150.037483, 61.153102 ], [ -150.03734, 61.153185 ], [ -150.036806, 61.153273 ], [ -150.036452, 61.153433 ] ] } },
{ "type": "Feature", "properties": { "cls": "shared", "highway": "footway", "name": null }, "geometry": { "type": "LineString", "coordinates": [ [ -150.043422, 61.153483 ], [ -150.043233, 61.153413 ], [ -150.043073, 61.153327 ], [ -150.04305, 61.153309 ], [ -150.042972, 61.153244 ], [ -150.042815, 61.153062 ], [ -150.042708, 61.15292 ], [ -150.042689, 61.152872 ], [ -150.042754, 61.152828 ], [ -150.043156, 61.152729 ], [ -150.043687, 61.152643 ], [ -150.043893, 61.152577 ] ] } },
{ "type": "Feature", "properties": { "cls": "shared", "highway": "footway", "name": null }, "geometry": { "type": "LineString", "coordinates": [ [ -150.041287, 61.152485 ], [ -150.041228, 61.1526 ], [ -150.041171, 61.152676 ], [ -150.041078, 61.152732 ], [ -150.040942, 61.152783 ], [ -150.040735, 61.152804 ], [ -150.040492, 61.15278 ], [ -150.04032, 61.152773 ], [ -150.040177, 61.152787 ], [ -150.040055, 61.152814 ], [ -150.040005, 61.15287 ], [ -150.039934, 61.153039 ], [ -150.039884, 61.153163 ], [ -150.039798, 61.153249 ], [ -150.039681, 61.153311 ], [ -150.03942, 61.153404 ], [ -150.039236, 61.153484 ] ] } },
{ "type": "Feature", "properties": { "cls": "shared", "highway": "footway", "name": "Margaux's Loop" }, "geometry": { "type": "LineString", "coordinates": [ [ -150.045618, 61.152856 ], [ -150.045325, 61.152853 ], [ -150.04522, 61.152854 ], [ -150.045038, 61.15286 ], [ -150.044729, 61.152919 ], [ -150.044529, 61.152997 ], [ -150.044245, 61.153171 ], [ -150.043827, 61.153347 ], [ -150.043422, 61.153483 ], [ -150.042819, 61.153621 ], [ -150.042643, 61.153649 ], [ -150.042178, 61.153752 ], [ -150.041873, 61.153805 ], [ -150.041491, 61.153829 ], [ -150.041242, 61.153861 ], [ -150.041001, 61.153876 ], [ -150.040707, 61.153888 ], [ -150.04045, 61.153887 ], [ -150.040114, 61.153842 ], [ -150.039918, 61.153795 ], [ -150.039483, 61.153618 ], [ -150.0394, 61.153563 ], [ -150.039236, 61.153484 ] ] } },
{ "type": "Feature", "properties": { "cls": "shared", "highway": "footway", "name": "Margaux's Loop" }, "geometry": { "type": "LineString", "coordinates": [ [ -150.035846, 61.153498 ], [ -150.035723, 61.153538 ], [ -150.035553, 61.153632 ], [ -150.035326, 61.153883 ], [ -150.035184, 61.153986 ], [ -150.035129, 61.154007 ], [ -150.034935, 61.154079 ], [ -150.034561, 61.154221 ] ] } },
{ "type": "Feature", "properties": { "cls": "shared", "highway": "cycleway", "name": null }, "geometry": { "type": "LineString", "coordinates": [ [ -150.034642, 61.154584 ], [ -150.034743, 61.154591 ], [ -150.034875, 61.154585 ], [ -150.035029, 61.154562 ], [ -150.035343, 61.154502 ], [ -150.035573, 61.154475 ], [ -150.035738, 61.154466 ], [ -150.03607, 61.154477 ], [ -150.03636, 61.154504 ], [ -150.037159, 61.154597 ], [ -150.037764, 61.154667 ], [ -150.037961, 61.154683 ], [ -150.038291, 61.154686 ], [ -150.038733, 61.154663 ], [ -150.038971, 61.154641 ], [ -150.039199, 61.154605 ], [ -150.039504, 61.154546 ], [ -150.04012, 61.154426 ], [ -150.04072, 61.154308 ], [ -150.040961, 61.154247 ], [ -150.041064, 61.154208 ], [ -150.041246, 61.154115 ], [ -150.041475, 61.15403 ], [ -150.041633, 61.153988 ], [ -150.041809, 61.153957 ], [ -150.041956, 61.153941 ], [ -150.042195, 61.153924 ], [ -150.042801, 61.153892 ], [ -150.04312, 61.153874 ], [ -150.043326, 61.153875 ], [ -150.043421, 61.153883 ], [ -150.043508, 61.153903 ], [ -150.043615, 61.153946 ], [ -150.043701, 61.153991 ], [ -150.043832, 61.154092 ], [ -150.044033, 61.154204 ], [ -150.044219, 61.154278 ], [ -150.044353, 61.154321 ], [ -150.044496, 61.154356 ], [ -150.044658, 61.154386 ], [ -150.044811, 61.154407 ], [ -150.045091, 61.154433 ], [ -150.045287, 61.154442 ], [ -150.045483, 61.154445 ], [ -150.046088, 61.154464 ], [ -150.046786, 61.154479 ], [ -150.047046, 61.154486 ], [ -150.047303, 61.154484 ], [ -150.047672, 61.154469 ], [ -150.047977, 61.154443 ], [ -150.048205, 61.154412 ], [ -150.048422, 61.154378 ], [ -150.048624, 61.15434 ], [ -150.048863, 61.154287 ], [ -150.049086, 61.154229 ], [ -150.049267, 61.154174 ], [ -150.049438, 61.154115 ], [ -150.049673, 61.154024 ], [ -150.049838, 61.15395 ], [ -150.050064, 61.153832 ] ] } },
{ "type": "Feature", "properties": { "cls": "shared", "highway": "path", "name": null }, "geometry": { "type": "LineString", "coordinates": [ [ -150.045657, 61.154924 ], [ -150.045697, 61.154918 ], [ -150.045745, 61.154913 ], [ -150.045882, 61.154847 ], [ -150.046016, 61.154673 ] ] } },
{ "type": "Feature", "properties": { "cls": "shared", "highway": "footway", "name": "Green Loop" }, "geometry": { "type": "LineString", "coordinates": [ [ -150.046086, 61.154954 ], [ -150.045993, 61.15494 ], [ -150.045869, 61.154925 ], [ -150.045814, 61.154918 ], [ -150.045745, 61.154913 ] ] } },
{ "type": "Feature", "properties": { "cls": "shared", "highway": "footway", "name": "Green Loop" }, "geometry": { "type": "LineString", "coordinates": [ [ -150.047842, 61.154988 ], [ -150.04793, 61.154999 ], [ -150.048011, 61.155032 ], [ -150.048249, 61.155153 ] ] } },
{ "type": "Feature", "properties": { "cls": "shared", "highway": "footway", "name": "Green Loop" }, "geometry": { "type": "LineString", "coordinates": [ [ -150.046334, 61.155204 ], [ -150.046577, 61.155133 ], [ -150.046689, 61.155093 ], [ -150.046813, 61.155059 ], [ -150.046924, 61.155052 ], [ -150.047091, 61.155039 ], [ -150.047222, 61.155039 ], [ -150.047346, 61.155043 ], [ -150.047496, 61.155041 ], [ -150.047595, 61.15503 ], [ -150.047692, 61.155018 ], [ -150.047842, 61.154988 ] ] } },
{ "type": "Feature", "properties": { "cls": "shared", "highway": "footway", "name": "Green Loop" }, "geometry": { "type": "LineString", "coordinates": [ [ -150.046334, 61.155204 ], [ -150.046285, 61.155176 ], [ -150.046209, 61.155159 ], [ -150.046153, 61.155139 ], [ -150.04612, 61.155105 ], [ -150.046074, 61.155045 ], [ -150.046071, 61.154986 ], [ -150.046086, 61.154954 ] ] } },
{ "type": "Feature", "properties": { "cls": "shared", "highway": "footway", "name": "Green Loop" }, "geometry": { "type": "LineString", "coordinates": [ [ -150.050897, 61.155278 ], [ -150.050755, 61.155375 ], [ -150.050642, 61.155409 ], [ -150.0504, 61.15544 ], [ -150.050057, 61.155448 ], [ -150.049703, 61.155432 ], [ -150.049092, 61.155344 ], [ -150.0487, 61.155254 ], [ -150.048375, 61.155131 ], [ -150.048158, 61.155018 ], [ -150.047995, 61.154931 ], [ -150.047906, 61.154881 ], [ -150.047804, 61.154854 ] ] } },
{ "type": "Feature", "properties": { "cls": "shared", "highway": "footway", "name": "Green Loop" }, "geometry": { "type": "LineString", "coordinates": [ [ -150.048249, 61.155153 ], [ -150.048359, 61.155208 ], [ -150.048467, 61.155263 ], [ -150.048618, 61.155321 ], [ -150.048784, 61.155355 ] ] } },
{ "type": "Feature", "properties": { "cls": "shared", "highway": "cycleway", "name": "Tony Knowles Coastal Trail" }, "geometry": { "type": "MultiLineString", "coordinates": [ [ [ -150.06926, 61.158618 ], [ -150.069233, 61.158542 ], [ -150.069227, 61.158468 ], [ -150.069252, 61.158379 ], [ -150.069309, 61.158296 ] ], [ [ -150.06927, 61.155282 ], [ -150.06876, 61.155253 ], [ -150.068649, 61.155253 ], [ -150.068543, 61.155259 ], [ -150.068308, 61.155287 ], [ -150.067981, 61.155341 ], [ -150.067869, 61.15535 ], [ -150.067735, 61.155359 ], [ -150.067608, 61.155358 ], [ -150.067443, 61.155347 ], [ -150.06721, 61.15531 ], [ -150.066868, 61.155257 ], [ -150.066755, 61.15524 ], [ -150.066625, 61.155234 ], [ -150.066544, 61.155236 ], [ -150.066464, 61.155245 ], [ -150.06636, 61.15526 ], [ -150.066269, 61.155281 ], [ -150.065939, 61.155417 ], [ -150.065592, 61.155547 ], [ -150.06537, 61.155645 ], [ -150.065266, 61.15571 ], [ -150.065197, 61.155762 ], [ -150.065144, 61.155819 ], [ -150.065097, 61.15589 ], [ -150.065062, 61.155961 ], [ -150.064985, 61.156132 ], [ -150.064889, 61.156302 ], [ -150.064797, 61.156435 ], [ -150.064699, 61.156566 ], [ -150.064672, 61.156618 ], [ -150.064627, 61.156799 ], [ -150.064581, 61.156862 ], [ -150.064431, 61.156978 ], [ -150.064383, 61.157027 ], [ -150.064361, 61.157079 ], [ -150.064357, 61.157231 ], [ -150.064323, 61.157308 ], [ -150.064292, 61.157357 ], [ -150.064259, 61.15739 ], [ -150.064166, 61.157478 ], [ -150.064124, 61.157507 ], [ -150.064078, 61.157533 ], [ -150.064022, 61.157552 ], [ -150.063958, 61.157571 ], [ -150.06386, 61.157592 ], [ -150.063766, 61.157601 ], [ -150.063681, 61.157602 ], [ -150.063352, 61.157591 ], [ -150.062859, 61.157561 ], [ -150.062763, 61.157551 ], [ -150.062689, 61.157535 ], [ -150.062597, 61.157503 ], [ -150.06253, 61.157472 ], [ -150.062473, 61.157439 ], [ -150.062406, 61.157382 ], [ -150.062372, 61.157341 ], [ -150.062347, 61.157298 ], [ -150.062281, 61.157001 ], [ -150.062245, 61.156929 ], [ -150.062096, 61.156754 ], [ -150.061971, 61.1566 ], [ -150.061966, 61.156545 ], [ -150.061976, 61.156493 ], [ -150.061998, 61.15644 ], [ -150.062068, 61.156357 ], [ -150.062244, 61.156165 ], [ -150.062435, 61.155894 ], [ -150.062516, 61.155814 ], [ -150.062594, 61.155753 ], [ -150.062663, 61.155714 ], [ -150.062813, 61.155648 ], [ -150.062928, 61.155591 ], [ -150.063019, 61.155524 ], [ -150.063066, 61.15547 ], [ -150.063098, 61.155412 ], [ -150.063123, 61.155279 ], [ -150.063143, 61.155145 ], [ -150.063179, 61.155053 ], [ -150.06323, 61.154965 ], [ -150.063479, 61.154688 ], [ -150.063522, 61.154642 ], [ -150.063554, 61.1546 ], [ -150.063571, 61.154559 ], [ -150.063567, 61.154495 ], [ -150.063554, 61.154456 ], [ -150.063518, 61.154421 ], [ -150.063419, 61.154365 ], [ -150.06301, 61.154183 ], [ -150.062816, 61.154087 ], [ -150.0626, 61.153983 ], [ -150.062514, 61.153953 ], [ -150.062406, 61.153929 ], [ -150.062319, 61.153918 ], [ -150.062225, 61.153914 ], [ -150.062074, 61.153918 ], [ -150.061931, 61.15393 ], [ -150.061788, 61.153949 ], [ -150.061649, 61.153974 ], [ -150.061387, 61.154025 ], [ -150.061125, 61.154083 ], [ -150.060862, 61.154146 ], [ -150.060607, 61.154206 ], [ -150.060504, 61.154227 ], [ -150.060399, 61.154238 ], [ -150.060253, 61.15424 ], [ -150.060107, 61.154234 ], [ -150.059968, 61.15422 ], [ -150.059699, 61.154179 ], [ -150.059458, 61.154133 ], [ -150.059255, 61.154078 ], [ -150.059069, 61.154019 ], [ -150.058964, 61.153972 ], [ -150.058898, 61.153921 ], [ -150.058865, 61.153872 ], [ -150.058848, 61.15381 ], [ -150.058849, 61.153734 ], [ -150.058866, 61.153638 ], [ -150.058849, 61.153597 ], [ -150.058819, 61.153565 ], [ -150.058765, 61.153536 ], [ -150.058693, 61.153513 ], [ -150.058569, 61.153498 ], [ -150.058384, 61.153493 ], [ -150.058229, 61.1535 ], [ -150.058085, 61.15352 ], [ -150.057819, 61.153585 ], [ -150.057559, 61.153643 ], [ -150.057424, 61.153666 ], [ -150.057297, 61.153682 ], [ -150.057183, 61.153691 ] ] ] } },
{ "type": "Feature", "properties": { "cls": "shared", "highway": "footway", "name": null }, "geometry": { "type": "LineString", "coordinates": [ [ -150.046034, 61.156517 ], [ -150.046349, 61.156322 ], [ -150.046608, 61.156136 ], [ -150.047147, 61.155624 ], [ -150.047261, 61.155554 ], [ -150.047576, 61.155454 ], [ -150.047852, 61.155387 ], [ -150.047981, 61.155338 ], [ -150.048107, 61.155282 ], [ -150.048185, 61.155242 ], [ -150.048308, 61.155199 ] ] } },
{ "type": "Feature", "properties": { "cls": "shared", "highway": "footway", "name": "Green Loop" }, "geometry": { "type": "LineString", "coordinates": [ [ -150.049192, 61.156613 ], [ -150.049031, 61.156622 ], [ -150.048498, 61.156748 ], [ -150.047862, 61.156965 ], [ -150.047682, 61.157005 ], [ -150.046916, 61.157066 ], [ -150.046621, 61.157052 ], [ -150.046523, 61.157036 ], [ -150.046398, 61.157016 ], [ -150.046205, 61.156921 ], [ -150.04606, 61.156796 ], [ -150.045994, 61.156649 ], [ -150.046034, 61.156517 ], [ -150.046385, 61.156078 ], [ -150.046425, 61.155992 ], [ -150.046491, 61.155577 ], [ -150.046457, 61.155503 ], [ -150.046441, 61.15544 ], [ -150.046392, 61.155373 ], [ -150.046376, 61.155294 ], [ -150.046334, 61.155204 ] ] } },
{ "type": "Feature", "properties": { "cls": "shared", "highway": "path", "name": "Lower Roller Coaster" }, "geometry": { "type": "LineString", "coordinates": [ [ -150.045778, 61.158015 ], [ -150.04598, 61.157911 ], [ -150.046094, 61.157845 ], [ -150.046364, 61.157593 ], [ -150.046528, 61.157497 ], [ -150.046719, 61.157428 ], [ -150.046949, 61.157402 ], [ -150.047559, 61.157399 ], [ -150.048848, 61.157336 ], [ -150.049251, 61.157273 ], [ -150.04944, 61.157218 ], [ -150.04972, 61.157117 ] ] } },
{ "type": "Feature", "properties": { "cls": "shared", "highway": "path", "name": null }, "geometry": { "type": "LineString", "coordinates": [ [ -150.045473, 61.156991 ], [ -150.04554, 61.156886 ], [ -150.04557, 61.156577 ], [ -150.045741, 61.155863 ], [ -150.045604, 61.155327 ], [ -150.045585, 61.155049 ], [ -150.045601, 61.154994 ], [ -150.045617, 61.154955 ], [ -150.045657, 61.154924 ] ] } },
{ "type": "Feature", "properties": { "cls": "shared", "highway": "path", "name": null }, "geometry": { "type": "LineString", "coordinates": [ [ -150.035428, 61.156829 ], [ -150.035703, 61.156171 ], [ -150.035845, 61.15594 ], [ -150.035846, 61.155776 ], [ -150.035798, 61.155662 ], [ -150.03574, 61.155597 ], [ -150.035542, 61.15548 ], [ -150.0353, 61.155417 ], [ -150.03476, 61.155323 ], [ -150.034181, 61.155171 ], [ -150.034001, 61.155096 ], [ -150.033863, 61.154963 ] ] } },
{ "type": "Feature", "properties": { "cls": "shared", "highway": "path", "name": "World Cup" }, "geometry": { "type": "LineString", "coordinates": [ [ -150.03549, 61.157057 ], [ -150.035434, 61.157029 ], [ -150.035388, 61.156973 ], [ -150.035404, 61.156928 ], [ -150.035477, 61.156872 ], [ -150.03553, 61.156842 ] ] } },
{ "type": "Feature", "properties": { "cls": "shared", "highway": "path", "name": "World Cup" }, "geometry": { "type": "LineString", "coordinates": [ [ -150.034667, 61.156735 ], [ -150.034723, 61.156806 ], [ -150.034761, 61.156919 ], [ -150.034809, 61.157061 ], [ -150.034806, 61.15722 ], [ -150.034822, 61.157341 ], [ -150.034819, 61.157421 ] ] } },
{ "type": "Feature", "properties": { "cls": "shared", "highway": "path", "name": null }, "geometry": { "type": "LineString", "coordinates": [ [ -150.045473, 61.156991 ], [ -150.045088, 61.157418 ], [ -150.045024, 61.157547 ], [ -150.045016, 61.157731 ], [ -150.045264, 61.157834 ], [ -150.045393, 61.157908 ], [ -150.045778, 61.158015 ] ] } },
{ "type": "Feature", "properties": { "cls": "shared", "highway": "path", "name": null }, "geometry": { "type": "LineString", "coordinates": [ [ -150.045473, 61.156991 ], [ -150.045079, 61.157134 ], [ -150.044894, 61.157324 ], [ -150.044555, 61.157448 ], [ -150.044484, 61.157534 ], [ -150.044261, 61.15771 ], [ -150.043992, 61.157906 ], [ -150.043709, 61.158003 ], [ -150.043419, 61.158088 ], [ -150.042966, 61.158116 ], [ -150.042767, 61.158128 ], [ -150.042498, 61.158155 ], [ -150.042212, 61.158172 ], [ -150.041922, 61.158205 ], [ -150.041723, 61.158244 ] ] } },
{ "type": "Feature", "properties": { "cls": "shared", "highway": "path", "name": "Margaux's Loop" }, "geometry": { "type": "LineString", "coordinates": [ [ -150.036311, 61.156849 ], [ -150.036609, 61.156845 ], [ -150.036753, 61.156852 ], [ -150.036886, 61.156859 ], [ -150.037079, 61.156886 ], [ -150.037645, 61.157069 ], [ -150.038332, 61.157156 ], [ -150.038799, 61.157294 ], [ -150.038921, 61.157347 ], [ -150.039239, 61.157605 ], [ -150.039311, 61.157711 ], [ -150.03947, 61.158123 ], [ -150.039567, 61.158239 ], [ -150.039651, 61.158297 ], [ -150.039777, 61.158345 ], [ -150.040033, 61.158394 ], [ -150.040375, 61.158427 ], [ -150.04084, 61.158385 ], [ -150.041415, 61.15827 ], [ -150.041681, 61.158243 ], [ -150.041723, 61.158244 ], [ -150.041866, 61.158246 ], [ -150.042095, 61.158279 ], [ -150.042249, 61.158329 ], [ -150.042901, 61.158588 ], [ -150.043116, 61.15864 ], [ -150.043536, 61.158712 ] ] } },
{ "type": "Feature", "properties": { "cls": "separated", "highway": "cycleway", "name": "Middle Earth" }, "geometry": { "type": "LineString", "coordinates": [ [ -150.017756, 61.155092 ], [ -150.017976, 61.155047 ], [ -150.018139, 61.155074 ], [ -150.018216, 61.155104 ], [ -150.018232, 61.15514 ], [ -150.018182, 61.15522 ], [ -150.018061, 61.155564 ], [ -150.017938, 61.155767 ], [ -150.01778, 61.155877 ], [ -150.017357, 61.156078 ], [ -150.017194, 61.156183 ], [ -150.017161, 61.156252 ], [ -150.017177, 61.156484 ], [ -150.017239, 61.156556 ], [ -150.017366, 61.156621 ], [ -150.017646, 61.156724 ], [ -150.017751, 61.156785 ], [ -150.017976, 61.157 ], [ -150.018, 61.157058 ], [ -150.01798, 61.157116 ], [ -150.017882, 61.157223 ], [ -150.017802, 61.157467 ], [ -150.017848, 61.15767 ], [ -150.017985, 61.157815 ], [ -150.018026, 61.157841 ], [ -150.018073, 61.157872 ], [ -150.018202, 61.157914 ], [ -150.018338, 61.157917 ], [ -150.018644, 61.157868 ], [ -150.018793, 61.1579 ], [ -150.019028, 61.158093 ], [ -150.019249, 61.158325 ], [ -150.019269, 61.1584 ], [ -150.019211, 61.158509 ], [ -150.019248, 61.158567 ], [ -150.019352, 61.15859 ], [ -150.019546, 61.158572 ], [ -150.01963, 61.158524 ], [ -150.01968, 61.158448 ], [ -150.019781, 61.15837 ], [ -150.019951, 61.158318 ], [ -150.020064, 61.158264 ], [ -150.020119, 61.158182 ], [ -150.020198, 61.15792 ], [ -150.020194, 61.157852 ], [ -150.02003, 61.157572 ], [ -150.01987, 61.157415 ], [ -150.019727, 61.157365 ], [ -150.019311, 61.157303 ], [ -150.019159, 61.157229 ], [ -150.018987, 61.157093 ], [ -150.018918, 61.156949 ], [ -150.018929, 61.156599 ], [ -150.018994, 61.156521 ], [ -150.019171, 61.156465 ], [ -150.019348, 61.156467 ], [ -150.019422, 61.15649 ], [ -150.019757, 61.156593 ], [ -150.019869, 61.156575 ], [ -150.019915, 61.156514 ], [ -150.019908, 61.15632 ], [ -150.02004, 61.155846 ], [ -150.020326, 61.155609 ], [ -150.02039, 61.155481 ], [ -150.020428, 61.15525 ], [ -150.020443, 61.155161 ], [ -150.020575, 61.155159 ], [ -150.020881, 61.155185 ], [ -150.021136, 61.155115 ], [ -150.021424, 61.155142 ], [ -150.0217, 61.155257 ], [ -150.021847, 61.155286 ], [ -150.021969, 61.155282 ], [ -150.022097, 61.155251 ], [ -150.022246, 61.155173 ], [ -150.022141, 61.155076 ], [ -150.02215, 61.155022 ], [ -150.022271, 61.155022 ], [ -150.022468, 61.155089 ], [ -150.022983, 61.155209 ], [ -150.024031, 61.155353 ], [ -150.024272, 61.155358 ], [ -150.024379, 61.155329 ], [ -150.024479, 61.155276 ], [ -150.024907, 61.154975 ], [ -150.025165, 61.154691 ], [ -150.025303, 61.154494 ], [ -150.025384, 61.154436 ], [ -150.025681, 61.154332 ], [ -150.025857, 61.154233 ], [ -150.0259, 61.154151 ], [ -150.025833, 61.153998 ], [ -150.025842, 61.153921 ], [ -150.025901, 61.153853 ], [ -150.025974, 61.153769 ], [ -150.026031, 61.153743 ], [ -150.026118, 61.153704 ], [ -150.026416, 61.153662 ], [ -150.026895, 61.153647 ], [ -150.027621, 61.15356 ], [ -150.028062, 61.153546 ], [ -150.028845, 61.153409 ], [ -150.028939, 61.153411 ], [ -150.029041, 61.153476 ], [ -150.029119, 61.153607 ], [ -150.029373, 61.153813 ], [ -150.029989, 61.154552 ], [ -150.030096, 61.154642 ], [ -150.03025, 61.154699 ], [ -150.030415, 61.154761 ], [ -150.03062, 61.154864 ], [ -150.031079, 61.155011 ], [ -150.031245, 61.155092 ], [ -150.031543, 61.155388 ], [ -150.031678, 61.155459 ], [ -150.032295, 61.155613 ], [ -150.032461, 61.155708 ], [ -150.032555, 61.155804 ], [ -150.032571, 61.155908 ], [ -150.032527, 61.155976 ], [ -150.032294, 61.156113 ], [ -150.032196, 61.156199 ], [ -150.032224, 61.156274 ], [ -150.03231, 61.156333 ], [ -150.032599, 61.156471 ], [ -150.032731, 61.156653 ], [ -150.032794, 61.156715 ], [ -150.032974, 61.156815 ], [ -150.033066, 61.15691 ], [ -150.033155, 61.157091 ], [ -150.033335, 61.157235 ], [ -150.033452, 61.157272 ], [ -150.033597, 61.157272 ], [ -150.033771, 61.157272 ], [ -150.033948, 61.157288 ], [ -150.034254, 61.157346 ], [ -150.034477, 61.157407 ], [ -150.034724, 61.157437 ], [ -150.034798, 61.157436 ], [ -150.034945, 61.157434 ], [ -150.035231, 61.157404 ], [ -150.035897, 61.15729 ], [ -150.036371, 61.157266 ], [ -150.036725, 61.15718 ], [ -150.036772, 61.157167 ], [ -150.036877, 61.157168 ], [ -150.036964, 61.157169 ], [ -150.037218, 61.157223 ], [ -150.037531, 61.157331 ], [ -150.037957, 61.157398 ], [ -150.038079, 61.15745 ], [ -150.03819, 61.15758 ], [ -150.038231, 61.157711 ], [ -150.038418, 61.158025 ], [ -150.038481, 61.158228 ], [ -150.038553, 61.158306 ], [ -150.038656, 61.158354 ], [ -150.038755, 61.158374 ], [ -150.039181, 61.158421 ], [ -150.039988, 61.158588 ], [ -150.040448, 61.158644 ], [ -150.041396, 61.158606 ], [ -150.041552, 61.158633 ], [ -150.041719, 61.158769 ], [ -150.041836, 61.158812 ], [ -150.041939, 61.158815 ], [ -150.042394, 61.158734 ], [ -150.042535, 61.158722 ], [ -150.042724, 61.158743 ], [ -150.043054, 61.158874 ], [ -150.043131, 61.158896 ], [ -150.043457, 61.158995 ], [ -150.043655, 61.159005 ], [ -150.043716, 61.159 ], [ -150.044055, 61.158974 ], [ -150.044293, 61.158977 ], [ -150.044584, 61.159004 ], [ -150.044822, 61.159002 ], [ -150.044956, 61.158978 ], [ -150.045037, 61.158945 ], [ -150.045108, 61.158875 ], [ -150.045095, 61.158653 ], [ -150.045129, 61.158579 ], [ -150.045231, 61.15852 ], [ -150.045624, 61.158426 ], [ -150.046002, 61.158244 ], [ -150.046224, 61.158183 ], [ -150.046428, 61.158144 ], [ -150.046962, 61.158088 ], [ -150.047148, 61.158051 ], [ -150.047458, 61.157956 ], [ -150.048051, 61.157812 ], [ -150.048301, 61.15772 ], [ -150.048482, 61.157691 ], [ -150.049096, 61.157743 ], [ -150.049251, 61.157726 ], [ -150.049498, 61.157652 ], [ -150.049668, 61.157642 ], [ -150.0498, 61.15767 ], [ -150.049847, 61.157695 ], [ -150.050145, 61.157856 ], [ -150.050309, 61.157912 ], [ -150.050805, 61.158 ], [ -150.050935, 61.158041 ], [ -150.050996, 61.158109 ], [ -150.050998, 61.158274 ], [ -150.05094, 61.158393 ], [ -150.05091, 61.158457 ], [ -150.050991, 61.158546 ], [ -150.051172, 61.158535 ], [ -150.051765, 61.158431 ], [ -150.052217, 61.158317 ], [ -150.05245, 61.158382 ], [ -150.052436, 61.158481 ], [ -150.052064, 61.158542 ], [ -150.051774, 61.158643 ], [ -150.051084, 61.15876 ], [ -150.050482, 61.158941 ], [ -150.050385, 61.15898 ], [ -150.050289, 61.159053 ], [ -150.050134, 61.15928 ], [ -150.050022, 61.159592 ], [ -150.050059, 61.15974 ], [ -150.050165, 61.159851 ], [ -150.050343, 61.159958 ], [ -150.050405, 61.160017 ], [ -150.050602, 61.160272 ], [ -150.050623, 61.160727 ], [ -150.050735, 61.160909 ], [ -150.050701, 61.160983 ], [ -150.05054, 61.16112 ], [ -150.050523, 61.16119 ], [ -150.050572, 61.161509 ], [ -150.05053, 61.161631 ], [ -150.050435, 61.161724 ], [ -150.05029, 61.161793 ], [ -150.049902, 61.161891 ], [ -150.049758, 61.161952 ], [ -150.049405, 61.16221 ], [ -150.049368, 61.162359 ], [ -150.049416, 61.162498 ], [ -150.049495, 61.162596 ], [ -150.049661, 61.162699 ], [ -150.049907, 61.162788 ], [ -150.050079, 61.162638 ], [ -150.050323, 61.162598 ], [ -150.050645, 61.16265 ], [ -150.051138, 61.162556 ], [ -150.051417, 61.162473 ], [ -150.051752, 61.162379 ], [ -150.052085, 61.162369 ], [ -150.052383, 61.162567 ], [ -150.052572, 61.162611 ], [ -150.052851, 61.162677 ], [ -150.052898, 61.162587 ], [ -150.052683, 61.162411 ], [ -150.052555, 61.162339 ], [ -150.052833, 61.162153 ], [ -150.052962, 61.161904 ], [ -150.053107, 61.161885 ], [ -150.053434, 61.161842 ], [ -150.053992, 61.161801 ], [ -150.054293, 61.162029 ], [ -150.054614, 61.162111 ], [ -150.055086, 61.162122 ], [ -150.055473, 61.162225 ], [ -150.055902, 61.16207 ], [ -150.05646, 61.161687 ], [ -150.056739, 61.161263 ], [ -150.057275, 61.1609 ], [ -150.057683, 61.160642 ], [ -150.058219, 61.160414 ], [ -150.058541, 61.160124 ], [ -150.058992, 61.16001 ], [ -150.059228, 61.159814 ], [ -150.059421, 61.159472 ], [ -150.059571, 61.159296 ], [ -150.059764, 61.159348 ], [ -150.059743, 61.159617 ], [ -150.059614, 61.159845 ], [ -150.059571, 61.159984 ], [ -150.059893, 61.15999 ], [ -150.060098, 61.159959 ], [ -150.060247, 61.159938 ], [ -150.060344, 61.159731 ], [ -150.060537, 61.159539 ], [ -150.061041, 61.159379 ], [ -150.061642, 61.159218 ], [ -150.061717, 61.159027 ], [ -150.062167, 61.158867 ], [ -150.062285, 61.158792 ], [ -150.062554, 61.158623 ], [ -150.062854, 61.158452 ], [ -150.063401, 61.158359 ], [ -150.064227, 61.158101 ], [ -150.064463, 61.157883 ], [ -150.064624, 61.157655 ], [ -150.065161, 61.157583 ], [ -150.065494, 61.157402 ], [ -150.065494, 61.157128 ], [ -150.065446, 61.15692 ], [ -150.065468, 61.156729 ], [ -150.065622, 61.156541 ], [ -150.065576, 61.156434 ], [ -150.065654, 61.156367 ], [ -150.065837, 61.156284 ], [ -150.065955, 61.15601 ], [ -150.066588, 61.15602 ], [ -150.067586, 61.15559 ], [ -150.068369, 61.155606 ], [ -150.06897, 61.15559 ], [ -150.069275, 61.155667 ] ] } },
{ "type": "Feature", "properties": { "cls": "separated", "highway": "cycleway", "name": "Second Breakfast" }, "geometry": { "type": "LineString", "coordinates": [ [ -150.037218, 61.157223 ], [ -150.037464, 61.157362 ], [ -150.037487, 61.157427 ], [ -150.03738, 61.157859 ], [ -150.037392, 61.157956 ], [ -150.037461, 61.158085 ], [ -150.037763, 61.158439 ], [ -150.037845, 61.158498 ], [ -150.038412, 61.158793 ], [ -150.038414, 61.158856 ], [ -150.038553, 61.158903 ], [ -150.038693, 61.158846 ], [ -150.038768, 61.158737 ], [ -150.038879, 61.158675 ], [ -150.039054, 61.158652 ], [ -150.039307, 61.15866 ], [ -150.03987, 61.158759 ], [ -150.040388, 61.158782 ], [ -150.040937, 61.158864 ], [ -150.041092, 61.158904 ], [ -150.041354, 61.159035 ], [ -150.041443, 61.159063 ], [ -150.042012, 61.159116 ], [ -150.042249, 61.159124 ], [ -150.042466, 61.159122 ], [ -150.042743, 61.159084 ], [ -150.043131, 61.158896 ] ] } },
{ "type": "Feature", "properties": { "cls": "shared", "highway": "path", "name": "Margaux's Loop" }, "geometry": { "type": "LineString", "coordinates": [ [ -150.043536, 61.158712 ], [ -150.044109, 61.158694 ], [ -150.044373, 61.158665 ], [ -150.044729, 61.158574 ], [ -150.044907, 61.158463 ], [ -150.045027, 61.158379 ], [ -150.045098, 61.158287 ], [ -150.045173, 61.158252 ], [ -150.045264, 61.158186 ], [ -150.045423, 61.158112 ], [ -150.045778, 61.158015 ] ] } },
{ "type": "Feature", "properties": { "cls": "shared", "highway": "path", "name": "Elliot's Climb" }, "geometry": { "type": "LineString", "coordinates": [ [ -150.044056, 61.159261 ], [ -150.04355, 61.159345 ], [ -150.043321, 61.159375 ], [ -150.042662, 61.15942 ], [ -150.042368, 61.159408 ], [ -150.042038, 61.159353 ], [ -150.041706, 61.159277 ], [ -150.041585, 61.159251 ], [ -150.041349, 61.159222 ], [ -150.041104, 61.159142 ], [ -150.040885, 61.159087 ], [ -150.040717, 61.159041 ], [ -150.040332, 61.159018 ], [ -150.0398, 61.159037 ], [ -150.039364, 61.159081 ], [ -150.039129, 61.15908 ], [ -150.03882, 61.159053 ], [ -150.038636, 61.159036 ], [ -150.038418, 61.159045 ], [ -150.038153, 61.158992 ], [ -150.03801, 61.15899 ], [ -150.037906, 61.158972 ], [ -150.037278, 61.158785 ], [ -150.037058, 61.158681 ], [ -150.036938, 61.158627 ] ] } },
{ "type": "Feature", "properties": { "cls": "separated", "highway": "cycleway", "name": null }, "geometry": { "type": "LineString", "coordinates": [ [ -150.069313, 61.158608 ], [ -150.06926, 61.158618 ] ] } },
{ "type": "Feature", "properties": { "cls": "shared", "highway": "path", "name": "Elliot's Climb" }, "geometry": { "type": "LineString", "coordinates": [ [ -150.050998, 61.158274 ], [ -150.050759, 61.158278 ], [ -150.050408, 61.158282 ], [ -150.050132, 61.158271 ], [ -150.049992, 61.15825 ], [ -150.049864, 61.158216 ], [ -150.049648, 61.158097 ], [ -150.049521, 61.158048 ], [ -150.049369, 61.158021 ], [ -150.049077, 61.158017 ], [ -150.04888, 61.158034 ], [ -150.048744, 61.158059 ], [ -150.048398, 61.158162 ], [ -150.047986, 61.158238 ], [ -150.047862, 61.158274 ], [ -150.047757, 61.158322 ], [ -150.046951, 61.158834 ], [ -150.046759, 61.15893 ], [ -150.046555, 61.159006 ], [ -150.046374, 61.159049 ], [ -150.046199, 61.159076 ], [ -150.045216, 61.159133 ], [ -150.045068, 61.159129 ], [ -150.044814, 61.159171 ], [ -150.044604, 61.15918 ], [ -150.044482, 61.159197 ], [ -150.044227, 61.159233 ], [ -150.044056, 61.159261 ] ] } },
{ "type": "Feature", "properties": { "cls": "shared", "highway": "path", "name": "Mize Loop" }, "geometry": { "type": "LineString", "coordinates": [ [ -150.045967, 61.161799 ], [ -150.045808, 61.161757 ], [ -150.045567, 61.161648 ], [ -150.045355, 61.161523 ], [ -150.045232, 61.161406 ], [ -150.045241, 61.161286 ], [ -150.04541, 61.16117 ], [ -150.045768, 61.161013 ], [ -150.045883, 61.160968 ], [ -150.046063, 61.160927 ], [ -150.046356, 61.160919 ], [ -150.047793, 61.160978 ], [ -150.048083, 61.160959 ], [ -150.048527, 61.160895 ], [ -150.048834, 61.160834 ], [ -150.049063, 61.160765 ], [ -150.04919, 61.160671 ], [ -150.049394, 61.160271 ], [ -150.049432, 61.16013 ], [ -150.049409, 61.16008 ], [ -150.049301, 61.160002 ], [ -150.049161, 61.159959 ], [ -150.04902, 61.159944 ], [ -150.048893, 61.159951 ], [ -150.048377, 61.160049 ], [ -150.048053, 61.160076 ], [ -150.047799, 61.160069 ], [ -150.047597, 61.160032 ], [ -150.047498, 61.159983 ], [ -150.047394, 61.159869 ], [ -150.047366, 61.159782 ], [ -150.04752, 61.159377 ], [ -150.047571, 61.159313 ], [ -150.047751, 61.159229 ], [ -150.047938, 61.159193 ], [ -150.048435, 61.15918 ], [ -150.048656, 61.159137 ], [ -150.048841, 61.15908 ], [ -150.048964, 61.159018 ], [ -150.049129, 61.15886 ], [ -150.049373, 61.158707 ], [ -150.04954, 61.158655 ], [ -150.049896, 61.15861 ], [ -150.05034, 61.158526 ], [ -150.050757, 61.158377 ], [ -150.050865, 61.158326 ], [ -150.050998, 61.158274 ] ] } },
{ "type": "Feature", "properties": { "cls": "shared", "highway": "path", "name": "Mize Loop" }, "geometry": { "type": "LineString", "coordinates": [ [ -150.04753, 61.161949 ], [ -150.047797, 61.161957 ], [ -150.048082, 61.16192 ], [ -150.048254, 61.161839 ], [ -150.04894, 61.161344 ], [ -150.049866, 61.161009 ], [ -150.050096, 61.160924 ], [ -150.050256, 61.160819 ], [ -150.050287, 61.16071 ], [ -150.050259, 61.160523 ], [ -150.050213, 61.160386 ], [ -150.050176, 61.160203 ], [ -150.050225, 61.160109 ], [ -150.050343, 61.159958 ], [ -150.050389, 61.159899 ], [ -150.050475, 61.159834 ], [ -150.050658, 61.159776 ], [ -150.05085, 61.159758 ], [ -150.05129, 61.159822 ], [ -150.051486, 61.159829 ], [ -150.05206, 61.159761 ], [ -150.052502, 61.159737 ], [ -150.053294, 61.159772 ], [ -150.054335, 61.159732 ], [ -150.054628, 61.159741 ], [ -150.054886, 61.159822 ] ] } },
{ "type": "Feature", "properties": { "cls": "separated", "highway": "cycleway", "name": "Northwest Passage" }, "geometry": { "type": "LineString", "coordinates": [ [ -150.052572, 61.162611 ], [ -150.052255, 61.162592 ], [ -150.052068, 61.162678 ], [ -150.052162, 61.162748 ], [ -150.05266, 61.162768 ], [ -150.052817, 61.16275 ], [ -150.053113, 61.162789 ], [ -150.053241, 61.16268 ], [ -150.053324, 61.162675 ], [ -150.053613, 61.16272 ], [ -150.053722, 61.16268 ], [ -150.053705, 61.162627 ], [ -150.053855, 61.1625 ], [ -150.053976, 61.162457 ], [ -150.054138, 61.162465 ], [ -150.054473, 61.162613 ], [ -150.054649, 61.162624 ], [ -150.054739, 61.162587 ], [ -150.0549, 61.162458 ], [ -150.05499, 61.16243 ], [ -150.055529, 61.16243 ], [ -150.055763, 61.162407 ], [ -150.05597, 61.16237 ], [ -150.056643, 61.162169 ], [ -150.056965, 61.161974 ], [ -150.057182, 61.161797 ], [ -150.057243, 61.161723 ], [ -150.05733, 61.161513 ], [ -150.057393, 61.161439 ], [ -150.058049, 61.160924 ], [ -150.058558, 61.160646 ], [ -150.058911, 61.160374 ], [ -150.058997, 61.160319 ], [ -150.059124, 61.160269 ], [ -150.059639, 61.160105 ], [ -150.059826, 61.16008 ], [ -150.060291, 61.160071 ], [ -150.060363, 61.160037 ], [ -150.060318, 61.159995 ], [ -150.060098, 61.159959 ] ] } },
{ "type": "Feature", "properties": { "cls": "shared", "highway": "path", "name": "Mize Loop" }, "geometry": { "type": "LineString", "coordinates": [ [ -150.04753, 61.161949 ], [ -150.047178, 61.161844 ], [ -150.046888, 61.161772 ], [ -150.046592, 61.161746 ], [ -150.045967, 61.161799 ] ] } },
{ "type": "Feature", "properties": { "cls": "separated", "highway": "cycleway", "name": "Gravity" }, "geometry": { "type": "LineString", "coordinates": [ [ -150.052085, 61.162369 ], [ -150.052253, 61.162371 ], [ -150.052451, 61.162327 ], [ -150.052704, 61.162071 ], [ -150.052908, 61.161836 ], [ -150.053002, 61.161788 ], [ -150.053164, 61.161756 ], [ -150.053191, 61.161815 ], [ -150.053107, 61.161885 ] ] } },
{ "type": "Feature", "properties": { "cls": "shared", "highway": "cycleway", "name": "Tony Knowles Coastal Trail" }, "geometry": { "type": "GeometryCollection", "geometries": [ { "type": "LineString", "coordinates": [ [ -150.06926, 61.158618 ], [ -150.069315, 61.158781 ] ] }, { "type": "LineString", "coordinates": [ [ -150.069292, 61.159657 ], [ -150.069161, 61.159837 ], [ -150.068919, 61.160096 ], [ -150.068871, 61.160299 ], [ -150.068568, 61.16056 ], [ -150.068471, 61.160852 ], [ -150.068412, 61.161044 ], [ -150.068427, 61.161211 ], [ -150.068378, 61.161392 ], [ -150.067912, 61.162318 ], [ -150.067864, 61.162457 ], [ -150.067863, 61.162541 ], [ -150.067875, 61.162837 ], [ -150.067767, 61.162989 ], [ -150.067629, 61.163155 ], [ -150.067364, 61.163398 ], [ -150.067331, 61.163493 ], [ -150.067298, 61.163561 ], [ -150.067172, 61.163708 ], [ -150.067013, 61.163822 ], [ -150.066844, 61.16393 ], [ -150.066778, 61.164002 ], [ -150.066748, 61.164136 ], [ -150.066709, 61.164285 ], [ -150.066624, 61.164443 ], [ -150.066507, 61.164604 ], [ -150.066437, 61.164737 ], [ -150.066426, 61.164815 ], [ -150.066423, 61.164852 ], [ -150.066403, 61.164885 ], [ -150.066356, 61.164928 ], [ -150.066294, 61.164968 ], [ -150.066209, 61.165019 ], [ -150.066126, 61.165051 ], [ -150.065988, 61.165096 ], [ -150.065963, 61.165106 ], [ -150.065876, 61.16514 ], [ -150.06578, 61.165183 ], [ -150.06556, 61.165339 ], [ -150.065246, 61.165541 ], [ -150.065097, 61.165624 ], [ -150.064944, 61.165697 ], [ -150.064651, 61.165826 ], [ -150.064341, 61.165949 ], [ -150.063721, 61.166194 ], [ -150.06361, 61.166251 ], [ -150.06355, 61.166298 ], [ -150.063536, 61.166327 ], [ -150.063529, 61.166353 ], [ -150.063543, 61.166423 ], [ -150.063538, 61.166497 ], [ -150.063523, 61.166526 ], [ -150.063501, 61.166559 ], [ -150.063448, 61.16659 ], [ -150.063234, 61.166684 ], [ -150.062897, 61.166774 ], [ -150.062779, 61.166809 ], [ -150.062417, 61.166946 ], [ -150.062315, 61.166974 ], [ -150.062189, 61.166991 ], [ -150.061995, 61.166998 ], [ -150.061838, 61.16701 ], [ -150.061694, 61.167029 ], [ -150.061526, 61.167059 ], [ -150.061351, 61.167097 ], [ -150.06101, 61.167178 ], [ -150.060689, 61.167277 ], [ -150.060204, 61.167463 ] ] }, { "type": "Point", "coordinates": [ -150.069301, 61.159318 ] } ] } },
{ "type": "Feature", "properties": { "cls": "shared", "highway": "path", "name": "Arlene's Way" }, "geometry": { "type": "LineString", "coordinates": [ [ -150.051491, 61.166144 ], [ -150.05151, 61.166027 ], [ -150.05155, 61.16592 ], [ -150.051568, 61.165837 ], [ -150.051599, 61.165503 ], [ -150.051593, 61.165407 ], [ -150.051584, 61.165261 ], [ -150.051556, 61.165193 ], [ -150.05143, 61.165095 ], [ -150.051014, 61.164892 ], [ -150.050458, 61.16467 ], [ -150.050178, 61.164528 ], [ -150.049997, 61.164393 ], [ -150.049877, 61.164272 ], [ -150.049669, 61.163966 ], [ -150.049628, 61.163804 ], [ -150.049445, 61.16367 ], [ -150.049158, 61.163574 ], [ -150.04875, 61.163469 ], [ -150.048606, 61.163402 ], [ -150.048245, 61.163019 ], [ -150.04811, 61.162926 ], [ -150.047777, 61.162746 ], [ -150.047429, 61.16235 ], [ -150.047319, 61.162234 ], [ -150.047269, 61.162175 ], [ -150.047293, 61.162116 ], [ -150.047407, 61.162021 ], [ -150.04753, 61.161949 ] ] } },
{ "type": "Feature", "properties": { "cls": "shared", "highway": "path", "name": "Arlene's Way" }, "geometry": { "type": "MultiLineString", "coordinates": [ [ [ -150.045967, 61.161799 ], [ -150.046167, 61.161873 ], [ -150.046306, 61.162014 ], [ -150.046299, 61.162224 ], [ -150.046446, 61.162399 ], [ -150.046689, 61.162549 ], [ -150.046877, 61.162682 ], [ -150.046882, 61.162812 ], [ -150.046864, 61.162946 ] ], [ [ -150.048345, 61.164532 ], [ -150.0486, 61.164565 ], [ -150.048778, 61.164609 ], [ -150.048873, 61.164667 ], [ -150.049067, 61.164814 ], [ -150.049193, 61.164912 ], [ -150.049345, 61.165033 ], [ -150.049451, 61.165145 ], [ -150.049564, 61.165257 ], [ -150.049677, 61.165364 ], [ -150.049883, 61.165451 ], [ -150.050185, 61.165554 ], [ -150.050458, 61.165614 ], [ -150.050652, 61.165685 ], [ -150.050799, 61.165824 ], [ -150.050867, 61.16599 ], [ -150.050817, 61.166146 ], [ -150.050714, 61.166278 ], [ -150.050586, 61.166398 ], [ -150.050375, 61.166523 ], [ -150.050259, 61.166584 ] ], [ [ -150.05095, 61.167323 ], [ -150.051028, 61.167266 ], [ -150.051135, 61.167171 ], [ -150.051254, 61.167069 ], [ -150.051462, 61.166874 ], [ -150.051516, 61.166751 ], [ -150.051554, 61.166689 ] ] ] } },
{ "type": "Feature", "properties": { "cls": "shared", "highway": "path", "name": "Arlene's Way" }, "geometry": { "type": "LineString", "coordinates": [ [ -150.051593, 61.165407 ], [ -150.05149, 61.165478 ], [ -150.051308, 61.16552 ], [ -150.05111, 61.165549 ], [ -150.050919, 61.165567 ], [ -150.05069, 61.16558 ], [ -150.050555, 61.165579 ], [ -150.050372, 61.165566 ], [ -150.050185, 61.165554 ] ] } }
]
}
